Location_ID,Province,District,Address
1,Cần Thơ,Phường Ninh Kiều,512 Pasteur
2,Cà Mau,Phường Cà Mau,382 Cách Mạng Tháng Tám
3,TP. Hồ Chí Minh,Phường Bình Thạnh,401 Võ Văn Kiệt
4,Tây Ninh,Phường Trảng Bàng,298 Nguyễn Trãi
5,Cần Thơ,Phường Bình Thủy,3 Phạm Văn Đồng
6,TP. Hồ Chí Minh,Phường Tân Bình,592 Nguyễn Trãi
7,Cà Mau,Xã Đầm Dơi,510 Lý Thường Kiệt
8,Đồng Nai,Phường Biên Hòa,116 Trần Hưng Đạo
9,Tây Ninh,Xã Châu Thành,206 Nguyễn Trãi
10,Đồng Nai,Phường Long Khánh,80 Nam Kỳ Khởi Nghĩa
11,Cà Mau,Xã U Minh,295 Võ Văn Kiệt
12,Đồng Nai,Xã Định Quán,81 Trần Hưng Đạo
13,Cà Mau,Phường Cà Mau,139 Lý Thường Kiệt
14,Vĩnh Long,Xã Mang Thít,493 Cách Mạng Tháng Tám
15,TP. Hồ Chí Minh,Phường Bến Thành,363 Nguyễn Huệ
16,TP. Hồ Chí Minh,Phường Tân Bình,63 3 Tháng 2
17,Cần Thơ,Phường Thốt Nốt,595 Điện Biên Phủ
18,Cần Thơ,Phường Ninh Kiều,253 Điện Biên Phủ
19,Đồng Nai,Xã Nhơn Trạch,488 Nguyễn Trãi
20,An Giang,Xã Phú Tân,588 Nguyễn Huệ
21,TP. Hồ Chí Minh,Phường Bình Thạnh,412 Điện Biên Phủ
22,An Giang,Xã Chợ Mới,247 Phạm Văn Đồng
23,Cần Thơ,Phường Ninh Kiều,95 Điện Biên Phủ
24,TP. Hồ Chí Minh,Phường Bến Thành,57 3 Tháng 2
25,TP. Hồ Chí Minh,Phường Bến Thành,471 Nam Kỳ Khởi Nghĩa
26,Tây Ninh,Xã Châu Thành,102 Nguyễn Huệ
27,TP. Hồ Chí Minh,Phường Chợ Lớn,123 Nguyễn Văn Cừ
28,Đồng Nai,Phường Trấn Biên,454 Trần Hưng Đạo
29,An Giang,Phường Châu Đốc,341 Hai Bà Trưng
30,TP. Hồ Chí Minh,Phường Thủ Đức,381 Pasteur
31,Tây Ninh,Phường Tây Ninh,199 Pasteur
32,Cà Mau,Xã Ngọc Hiển,238 Nguyễn Trãi
33,Đồng Nai,Xã Long Thành,421 Điện Biên Phủ
34,An Giang,Xã Tịnh Biên,267 Lý Thường Kiệt
35,Tây Ninh,Phường Trảng Bàng,57 Hai Bà Trưng
36,TP. Hồ Chí Minh,Phường Thủ Đức,590 3 Tháng 2
37,An Giang,Xã Tri Tôn,23 Cách Mạng Tháng Tám
38,Cần Thơ,Phường Thốt Nốt,303 Nguyễn Huệ
39,An Giang,Phường Châu Đốc,572 Nam Kỳ Khởi Nghĩa
40,Cà Mau,Xã U Minh,434 Nam Kỳ Khởi Nghĩa
41,An Giang,Xã Tịnh Biên,468 Lý Thường Kiệt
42,TP. Hồ Chí Minh,Phường Tân Định,144 Nguyễn Huệ
43,TP. Hồ Chí Minh,Phường Tân Bình,137 Nguyễn Trãi
44,Đồng Nai,Phường Trấn Biên,54 Cách Mạng Tháng Tám
45,An Giang,Phường Long Xuyên,444 Pasteur
46,An Giang,Phường Châu Đốc,119 Nguyễn Trãi
47,TP. Hồ Chí Minh,Phường Tân Định,516 Quang Trung
48,Cà Mau,Xã U Minh,364 Phạm Văn Đồng
49,TP. Hồ Chí Minh,Phường Tân Định,198 3 Tháng 2
50,An Giang,Phường Châu Đốc,529 Võ Văn Kiệt
51,An Giang,Xã Phú Tân,234 Võ Văn Kiệt
52,Đồng Nai,Phường Trấn Biên,326 Cách Mạng Tháng Tám
53,TP. Hồ Chí Minh,Phường Bến Thành,188 Nguyễn Văn Cừ
54,Cà Mau,Xã Trần Văn Thời,503 3 Tháng 2
55,Cần Thơ,Phường Cái Răng,360 Hai Bà Trưng
56,TP. Hồ Chí Minh,Phường An Khánh,265 Lý Thường Kiệt
57,Đồng Tháp,Phường Cao Lãnh,230 Điện Biên Phủ
58,Vĩnh Long,Xã Bình Minh,375 Võ Văn Kiệt
59,Đồng Tháp,Phường Hồng Ngự,433 Điện Biên Phủ
60,Tây Ninh,Xã Dương Minh Châu,395 Nam Kỳ Khởi Nghĩa
61,TP. Hồ Chí Minh,Phường An Khánh,17 Cách Mạng Tháng Tám
62,Cần Thơ,Phường Ô Môn,309 3 Tháng 2
63,TP. Hồ Chí Minh,Phường Bến Thành,300 Lý Thường Kiệt
64,Cà Mau,Xã Ngọc Hiển,154 3 Tháng 2
65,An Giang,Phường Long Xuyên,465 3 Tháng 2
66,Đồng Nai,Phường Biên Hòa,287 Phạm Văn Đồng
67,Đồng Nai,Phường Long Khánh,281 Võ Văn Kiệt
68,Đồng Nai,Phường Biên Hòa,274 Lê Lợi
69,TP. Hồ Chí Minh,Phường Chợ Lớn,286 Lê Lợi
70,TP. Hồ Chí Minh,Phường Sài Gòn,400 Cách Mạng Tháng Tám
71,Cần Thơ,Phường Ninh Kiều,415 Điện Biên Phủ
72,An Giang,Xã Chợ Mới,461 Nguyễn Văn Cừ
73,TP. Hồ Chí Minh,Phường Thủ Đức,391 Hai Bà Trưng
74,TP. Hồ Chí Minh,Phường Bình Thạnh,513 Nguyễn Huệ
75,TP. Hồ Chí Minh,Phường Sài Gòn,358 Hai Bà Trưng
76,An Giang,Phường Long Xuyên,158 Nguyễn Văn Cừ
77,Tây Ninh,Phường Tây Ninh,211 Trần Hưng Đạo
78,Đồng Tháp,Phường Cao Lãnh,434 Nguyễn Huệ
79,Cần Thơ,Phường Thốt Nốt,113 Nguyễn Văn Cừ
80,Vĩnh Long,Xã Trà Ôn,260 3 Tháng 2
81,Vĩnh Long,Xã Long Hồ,283 Nguyễn Văn Cừ
82,Tây Ninh,Xã Châu Thành,442 Cách Mạng Tháng Tám
83,An Giang,Phường Châu Đốc,400 Trần Hưng Đạo
84,TP. Hồ Chí Minh,Phường Tân Bình,190 Võ Văn Kiệt
85,Đồng Nai,Xã Nhơn Trạch,294 Hai Bà Trưng
86,Đồng Nai,Phường Biên Hòa,537 Hai Bà Trưng
87,Cần Thơ,Phường Bình Thủy,491 Phạm Văn Đồng
88,Đồng Tháp,Phường Sa Đéc,337 Hai Bà Trưng
89,An Giang,Phường Long Xuyên,36 Nguyễn Huệ
90,TP. Hồ Chí Minh,Phường Tân Định,488 Nguyễn Huệ
91,Đồng Nai,Phường Long Khánh,110 Lý Thường Kiệt
92,Cà Mau,Xã Trần Văn Thời,522 Nguyễn Huệ
93,Tây Ninh,Xã Tân Biên,281 Nam Kỳ Khởi Nghĩa
94,Đồng Nai,Xã Long Thành,571 Cách Mạng Tháng Tám
95,An Giang,Xã Tịnh Biên,38 Nguyễn Trãi
96,Đồng Nai,Xã Nhơn Trạch,204 Hai Bà Trưng
97,TP. Hồ Chí Minh,Phường Chợ Lớn,485 Trần Hưng Đạo
98,TP. Hồ Chí Minh,Phường An Khánh,116 Cách Mạng Tháng Tám
99,Cà Mau,Xã Trần Văn Thời,172 Võ Văn Kiệt
100,Đồng Nai,Xã Nhơn Trạch,596 Cách Mạng Tháng Tám
101,Đồng Nai,Phường Long Khánh,409 Nam Kỳ Khởi Nghĩa
102,Vĩnh Long,Xã Mang Thít,477 Cách Mạng Tháng Tám
103,Cà Mau,Xã Đầm Dơi,454 Trần Hưng Đạo
104,TP. Hồ Chí Minh,Phường Bến Thành,17 Võ Văn Kiệt
105,An Giang,Xã Tri Tôn,267 Điện Biên Phủ
106,Đồng Nai,Phường Long Khánh,214 Phạm Văn Đồng
107,Cà Mau,Xã Trần Văn Thời,292 Quang Trung
108,Đồng Nai,Phường Trấn Biên,61 3 Tháng 2
109,Đồng Nai,Xã Long Thành,86 Nam Kỳ Khởi Nghĩa
110,Cần Thơ,Phường Bình Thủy,69 Cách Mạng Tháng Tám
111,TP. Hồ Chí Minh,Phường Tân Bình,204 Quang Trung
112,Đồng Nai,Phường Trấn Biên,499 Nguyễn Văn Cừ
113,Đồng Tháp,Xã Tháp Mười,35 Cách Mạng Tháng Tám
114,Vĩnh Long,Xã Long Hồ,44 Hai Bà Trưng
115,An Giang,Phường Châu Đốc,236 Nguyễn Huệ
116,Vĩnh Long,Xã Mang Thít,494 Lê Lợi
117,Đồng Tháp,Xã Lấp Vò,318 Pasteur
118,Vĩnh Long,Xã Trà Ôn,27 3 Tháng 2
119,Cần Thơ,Phường Cái Răng,141 Điện Biên Phủ
120,Cần Thơ,Phường Thốt Nốt,389 Lý Thường Kiệt
121,Đồng Tháp,Xã Lai Vung,81 Trần Hưng Đạo
122,Đồng Nai,Phường Biên Hòa,492 Trần Hưng Đạo
123,TP. Hồ Chí Minh,Phường Bình Thạnh,387 Pasteur
124,Vĩnh Long,Xã Tam Bình,95 Nguyễn Trãi
125,TP. Hồ Chí Minh,Phường Sài Gòn,318 Trần Hưng Đạo
126,TP. Hồ Chí Minh,Phường Tân Bình,588 Nguyễn Huệ
127,TP. Hồ Chí Minh,Phường Bình Thạnh,589 Trần Hưng Đạo
128,Đồng Nai,Phường Trấn Biên,596 Lê Lợi
129,Tây Ninh,Xã Châu Thành,159 3 Tháng 2
130,TP. Hồ Chí Minh,Phường Bến Thành,214 Nguyễn Trãi
131,Đồng Nai,Xã Định Quán,189 Lê Lợi
132,Đồng Nai,Xã Định Quán,403 Phạm Văn Đồng
133,Đồng Tháp,Xã Tháp Mười,11 Hai Bà Trưng
134,Đồng Nai,Xã Định Quán,188 Lê Lợi
135,An Giang,Phường Long Xuyên,239 Lê Lợi
136,Đồng Nai,Xã Long Thành,564 Nam Kỳ Khởi Nghĩa
137,TP. Hồ Chí Minh,Phường Thủ Đức,509 Nguyễn Huệ
138,Cần Thơ,Phường Bình Thủy,182 Phạm Văn Đồng
139,Đồng Nai,Xã Nhơn Trạch,312 Võ Văn Kiệt
140,TP. Hồ Chí Minh,Phường Chợ Lớn,573 Điện Biên Phủ
141,Cà Mau,Xã Trần Văn Thời,182 Lý Thường Kiệt
142,TP. Hồ Chí Minh,Phường Chợ Lớn,189 3 Tháng 2
143,TP. Hồ Chí Minh,Phường Tân Định,125 Nam Kỳ Khởi Nghĩa
144,TP. Hồ Chí Minh,Phường Chợ Lớn,88 Nam Kỳ Khởi Nghĩa
145,Vĩnh Long,Xã Trà Ôn,21 Pasteur
146,Tây Ninh,Xã Tân Biên,434 Pasteur
147,Vĩnh Long,Phường Vĩnh Long,36 Lý Thường Kiệt
148,Cà Mau,Xã Đầm Dơi,503 Lý Thường Kiệt
149,Vĩnh Long,Xã Bình Minh,195 3 Tháng 2
150,Vĩnh Long,Xã Trà Ôn,434 Cách Mạng Tháng Tám
151,Đồng Nai,Xã Định Quán,53 Điện Biên Phủ
152,Cà Mau,Phường Cà Mau,580 Lý Thường Kiệt
153,TP. Hồ Chí Minh,Phường Tân Bình,107 Hai Bà Trưng
154,TP. Hồ Chí Minh,Phường Tân Bình,541 Nguyễn Huệ
155,Cà Mau,Xã Trần Văn Thời,50 Hai Bà Trưng
156,Đồng Nai,Xã Định Quán,98 Lê Lợi
157,Đồng Tháp,Xã Lấp Vò,294 Lý Thường Kiệt
158,Đồng Tháp,Xã Tháp Mười,470 Hai Bà Trưng
159,Đồng Tháp,Xã Tháp Mười,280 Phạm Văn Đồng
160,Tây Ninh,Xã Châu Thành,99 Quang Trung
161,TP. Hồ Chí Minh,Phường Chợ Lớn,508 Quang Trung
162,Tây Ninh,Phường Tây Ninh,313 Pasteur
163,TP. Hồ Chí Minh,Phường Bình Thạnh,476 3 Tháng 2
164,TP. Hồ Chí Minh,Phường Tân Bình,413 Hai Bà Trưng
165,TP. Hồ Chí Minh,Phường Tân Bình,599 Phạm Văn Đồng
166,Đồng Nai,Phường Long Khánh,322 Lý Thường Kiệt
167,Tây Ninh,Xã Tân Biên,544 Quang Trung
168,TP. Hồ Chí Minh,Phường Thủ Đức,328 Lê Lợi
169,An Giang,Phường Châu Đốc,397 Lê Lợi
170,TP. Hồ Chí Minh,Phường Bến Thành,519 Cách Mạng Tháng Tám
171,TP. Hồ Chí Minh,Phường Bình Thạnh,299 Nguyễn Văn Cừ
172,Đồng Nai,Xã Long Thành,440 Nam Kỳ Khởi Nghĩa
173,Tây Ninh,Xã Gò Dầu,457 Võ Văn Kiệt
174,An Giang,Phường Long Xuyên,99 Điện Biên Phủ
175,Đồng Nai,Phường Long Khánh,225 Cách Mạng Tháng Tám
176,Đồng Nai,Xã Long Thành,67 Nguyễn Văn Cừ
177,Đồng Tháp,Phường Sa Đéc,448 Pasteur
178,Cà Mau,Phường Cà Mau,449 Nguyễn Văn Cừ
179,Cần Thơ,Phường Thốt Nốt,328 Nguyễn Văn Cừ
180,Cần Thơ,Phường Cái Răng,175 Điện Biên Phủ
181,Cần Thơ,Xã Phong Điền,480 Cách Mạng Tháng Tám
182,TP. Hồ Chí Minh,Phường Bến Thành,511 Phạm Văn Đồng
183,Đồng Nai,Phường Long Khánh,152 Cách Mạng Tháng Tám
184,Đồng Tháp,Phường Cao Lãnh,403 Nguyễn Trãi
185,TP. Hồ Chí Minh,Phường Tân Bình,414 Phạm Văn Đồng
186,Đồng Tháp,Xã Lai Vung,382 Nam Kỳ Khởi Nghĩa
187,Vĩnh Long,Phường Vĩnh Long,208 Quang Trung
188,TP. Hồ Chí Minh,Phường Thủ Đức,341 Nguyễn Trãi
189,TP. Hồ Chí Minh,Phường Bến Thành,7 Nguyễn Trãi
190,Cần Thơ,Phường Thốt Nốt,529 Nguyễn Trãi
191,An Giang,Xã Chợ Mới,474 Quang Trung
192,Vĩnh Long,Xã Tam Bình,314 Nam Kỳ Khởi Nghĩa
193,Cà Mau,Phường Cà Mau,366 Nguyễn Văn Cừ
194,TP. Hồ Chí Minh,Phường Bình Thạnh,240 Phạm Văn Đồng
195,Đồng Tháp,Phường Sa Đéc,567 Điện Biên Phủ
196,Đồng Nai,Phường Trấn Biên,252 Phạm Văn Đồng
197,Cần Thơ,Phường Cái Răng,463 Phạm Văn Đồng
198,Vĩnh Long,Xã Bình Minh,593 Quang Trung
199,TP. Hồ Chí Minh,Phường Tân Định,240 Pasteur
200,TP. Hồ Chí Minh,Phường Tân Bình,259 Nguyễn Trãi
201,Đồng Nai,Xã Nhơn Trạch,556 Nguyễn Trãi
202,Đồng Tháp,Xã Tháp Mười,510 Nguyễn Văn Cừ
203,Đồng Nai,Phường Trấn Biên,501 Nam Kỳ Khởi Nghĩa
204,Đồng Nai,Xã Nhơn Trạch,124 Võ Văn Kiệt
205,An Giang,Xã Tịnh Biên,115 Nguyễn Huệ
206,An Giang,Xã Chợ Mới,445 Phạm Văn Đồng
207,Đồng Nai,Xã Nhơn Trạch,594 Điện Biên Phủ
208,Tây Ninh,Xã Dương Minh Châu,368 Nam Kỳ Khởi Nghĩa
209,Đồng Nai,Xã Định Quán,449 Phạm Văn Đồng
210,Cần Thơ,Xã Phong Điền,558 Nam Kỳ Khởi Nghĩa
211,TP. Hồ Chí Minh,Phường Bến Thành,69 Trần Hưng Đạo
212,TP. Hồ Chí Minh,Phường Sài Gòn,438 Nguyễn Văn Cừ
213,TP. Hồ Chí Minh,Phường Bình Thạnh,451 Hai Bà Trưng
214,Đồng Nai,Xã Định Quán,471 Nguyễn Huệ
215,TP. Hồ Chí Minh,Phường Tân Định,132 Nguyễn Huệ
216,Vĩnh Long,Xã Bình Minh,462 Hai Bà Trưng
217,TP. Hồ Chí Minh,Phường Bình Thạnh,311 Cách Mạng Tháng Tám
218,Đồng Tháp,Phường Sa Đéc,336 Lê Lợi
219,Vĩnh Long,Xã Tam Bình,300 Lê Lợi
220,TP. Hồ Chí Minh,Phường Bình Thạnh,503 Lý Thường Kiệt
221,Đồng Nai,Xã Định Quán,154 Pasteur
222,Vĩnh Long,Xã Trà Ôn,142 Nam Kỳ Khởi Nghĩa
223,Tây Ninh,Xã Tân Biên,131 Quang Trung
224,An Giang,Phường Châu Đốc,167 Lý Thường Kiệt
225,Tây Ninh,Phường Tây Ninh,404 Phạm Văn Đồng
226,Vĩnh Long,Phường Vĩnh Long,383 Phạm Văn Đồng
227,TP. Hồ Chí Minh,Phường Thủ Đức,480 Nguyễn Huệ
228,Vĩnh Long,Xã Mang Thít,94 Pasteur
229,TP. Hồ Chí Minh,Phường Tân Bình,473 Pasteur
230,Đồng Tháp,Xã Lấp Vò,43 Điện Biên Phủ
231,Vĩnh Long,Phường Vĩnh Long,14 Hai Bà Trưng
232,Đồng Tháp,Xã Tháp Mười,109 Nam Kỳ Khởi Nghĩa
233,Cần Thơ,Phường Ninh Kiều,67 Pasteur
234,Cà Mau,Xã Trần Văn Thời,491 Lê Lợi
235,Tây Ninh,Xã Dương Minh Châu,89 Pasteur
236,Đồng Nai,Xã Định Quán,164 Quang Trung
237,Đồng Nai,Xã Định Quán,207 Quang Trung
238,An Giang,Xã Phú Tân,295 3 Tháng 2
239,TP. Hồ Chí Minh,Phường Bình Thạnh,19 Trần Hưng Đạo
240,TP. Hồ Chí Minh,Phường Tân Định,226 Lê Lợi
241,Cần Thơ,Xã Phong Điền,29 Trần Hưng Đạo
242,TP. Hồ Chí Minh,Phường Thủ Đức,148 Điện Biên Phủ
243,Vĩnh Long,Xã Trà Ôn,529 Nguyễn Văn Cừ
244,Cần Thơ,Phường Cái Răng,290 Lý Thường Kiệt
245,TP. Hồ Chí Minh,Phường An Khánh,46 Nam Kỳ Khởi Nghĩa
246,Cà Mau,Xã Năm Căn,523 Nguyễn Trãi
247,Tây Ninh,Phường Tây Ninh,301 Hai Bà Trưng
248,An Giang,Xã Chợ Mới,478 Nguyễn Huệ
249,Đồng Nai,Xã Nhơn Trạch,186 Quang Trung
250,TP. Hồ Chí Minh,Phường Tân Bình,122 Pasteur
251,TP. Hồ Chí Minh,Phường Bến Thành,168 Quang Trung
252,Tây Ninh,Xã Dương Minh Châu,22 Nguyễn Văn Cừ
253,Đồng Nai,Xã Định Quán,132 Nam Kỳ Khởi Nghĩa
254,Đồng Nai,Phường Trấn Biên,573 Điện Biên Phủ
255,TP. Hồ Chí Minh,Phường Chợ Lớn,406 3 Tháng 2
256,TP. Hồ Chí Minh,Phường Tân Định,18 Nguyễn Trãi
257,Cần Thơ,Phường Ô Môn,144 Quang Trung
258,Vĩnh Long,Xã Tam Bình,497 Lý Thường Kiệt
259,Đồng Nai,Phường Long Khánh,181 Nguyễn Trãi
260,Đồng Nai,Phường Biên Hòa,220 Pasteur
261,Đồng Nai,Phường Long Khánh,92 Quang Trung
262,Đồng Tháp,Xã Lai Vung,354 Nguyễn Văn Cừ
263,An Giang,Xã Tịnh Biên,418 3 Tháng 2
264,TP. Hồ Chí Minh,Phường Bình Thạnh,314 Cách Mạng Tháng Tám
265,Vĩnh Long,Xã Mang Thít,576 Trần Hưng Đạo
266,Đồng Nai,Xã Long Thành,411 Quang Trung
267,Tây Ninh,Xã Tân Biên,353 Điện Biên Phủ
268,Tây Ninh,Xã Dương Minh Châu,530 Phạm Văn Đồng
269,Vĩnh Long,Phường Vĩnh Long,466 Nguyễn Trãi
270,TP. Hồ Chí Minh,Phường Chợ Lớn,579 Nam Kỳ Khởi Nghĩa
271,Tây Ninh,Phường Trảng Bàng,384 Nguyễn Huệ
272,TP. Hồ Chí Minh,Phường Chợ Lớn,327 Pasteur
273,An Giang,Phường Long Xuyên,226 Võ Văn Kiệt
274,TP. Hồ Chí Minh,Phường Tân Bình,181 Hai Bà Trưng
275,TP. Hồ Chí Minh,Phường An Khánh,534 Nguyễn Văn Cừ
276,Đồng Tháp,Xã Lai Vung,334 Lê Lợi
277,An Giang,Phường Châu Đốc,511 Nguyễn Trãi
278,An Giang,Phường Long Xuyên,125 3 Tháng 2
279,Cà Mau,Xã Đầm Dơi,89 Cách Mạng Tháng Tám
280,TP. Hồ Chí Minh,Phường Chợ Lớn,420 Võ Văn Kiệt
281,Tây Ninh,Phường Tây Ninh,216 3 Tháng 2
282,An Giang,Phường Châu Đốc,553 Điện Biên Phủ
283,Đồng Nai,Phường Biên Hòa,279 Nguyễn Huệ
284,TP. Hồ Chí Minh,Phường Chợ Lớn,544 Lý Thường Kiệt
285,Tây Ninh,Phường Tây Ninh,356 Trần Hưng Đạo
286,TP. Hồ Chí Minh,Phường Chợ Lớn,156 Trần Hưng Đạo
287,TP. Hồ Chí Minh,Phường Tân Bình,574 Nguyễn Huệ
288,An Giang,Xã Tri Tôn,339 Nguyễn Huệ
289,TP. Hồ Chí Minh,Phường Thủ Đức,311 Nguyễn Huệ
290,Vĩnh Long,Xã Mang Thít,227 Nguyễn Trãi
291,TP. Hồ Chí Minh,Phường Tân Định,212 Điện Biên Phủ
292,Đồng Nai,Xã Long Thành,488 Lê Lợi
293,Cần Thơ,Phường Ninh Kiều,300 Nam Kỳ Khởi Nghĩa
294,Đồng Tháp,Xã Lấp Vò,434 3 Tháng 2
295,Vĩnh Long,Xã Trà Ôn,475 Pasteur
296,TP. Hồ Chí Minh,Phường Tân Định,177 Nguyễn Trãi
297,TP. Hồ Chí Minh,Phường Bến Thành,444 Nguyễn Trãi
298,TP. Hồ Chí Minh,Phường Tân Định,408 Hai Bà Trưng
299,TP. Hồ Chí Minh,Phường Chợ Lớn,37 Nam Kỳ Khởi Nghĩa
300,Vĩnh Long,Xã Mang Thít,281 Trần Hưng Đạo
301,Đồng Nai,Xã Nhơn Trạch,139 Lý Thường Kiệt
302,Cà Mau,Phường Cà Mau,535 3 Tháng 2
303,TP. Hồ Chí Minh,Phường Sài Gòn,423 Pasteur
304,Vĩnh Long,Xã Trà Ôn,562 Phạm Văn Đồng
305,An Giang,Phường Long Xuyên,296 Trần Hưng Đạo
306,TP. Hồ Chí Minh,Phường Thủ Đức,556 Lê Lợi
307,Đồng Tháp,Xã Lấp Vò,540 Quang Trung
308,TP. Hồ Chí Minh,Phường Bến Thành,559 Điện Biên Phủ
309,TP. Hồ Chí Minh,Phường Bình Thạnh,597 Quang Trung
310,TP. Hồ Chí Minh,Phường Sài Gòn,181 Lê Lợi
311,TP. Hồ Chí Minh,Phường Chợ Lớn,402 3 Tháng 2
312,TP. Hồ Chí Minh,Phường Thủ Đức,238 Trần Hưng Đạo
313,TP. Hồ Chí Minh,Phường Sài Gòn,280 Nam Kỳ Khởi Nghĩa
314,TP. Hồ Chí Minh,Phường Chợ Lớn,448 Điện Biên Phủ
315,An Giang,Xã Tịnh Biên,411 Quang Trung
316,An Giang,Xã Chợ Mới,401 Quang Trung
317,Đồng Nai,Xã Nhơn Trạch,461 Lê Lợi
318,Đồng Nai,Xã Long Thành,538 Điện Biên Phủ
319,An Giang,Xã Chợ Mới,201 Cách Mạng Tháng Tám
320,Vĩnh Long,Xã Mang Thít,101 Lê Lợi
321,Tây Ninh,Phường Tây Ninh,213 Trần Hưng Đạo
322,Đồng Tháp,Phường Hồng Ngự,523 Lê Lợi
323,TP. Hồ Chí Minh,Phường Chợ Lớn,559 Nguyễn Trãi
324,TP. Hồ Chí Minh,Phường Bến Thành,2 Quang Trung
325,TP. Hồ Chí Minh,Phường Thủ Đức,257 Pasteur
326,TP. Hồ Chí Minh,Phường Sài Gòn,309 Hai Bà Trưng
327,TP. Hồ Chí Minh,Phường Thủ Đức,440 Pasteur
328,TP. Hồ Chí Minh,Phường Sài Gòn,95 Điện Biên Phủ
329,Cà Mau,Phường Cà Mau,182 Quang Trung
330,Vĩnh Long,Xã Trà Ôn,110 Cách Mạng Tháng Tám
331,An Giang,Xã Chợ Mới,555 Điện Biên Phủ
332,Cần Thơ,Phường Thốt Nốt,560 3 Tháng 2
333,Cần Thơ,Phường Cái Răng,62 Trần Hưng Đạo
334,Đồng Nai,Phường Trấn Biên,377 Phạm Văn Đồng
335,TP. Hồ Chí Minh,Phường Thủ Đức,124 Nam Kỳ Khởi Nghĩa
336,Đồng Tháp,Phường Cao Lãnh,316 Pasteur
337,Cần Thơ,Xã Phong Điền,216 Pasteur
338,TP. Hồ Chí Minh,Phường Bình Thạnh,308 Nguyễn Trãi
339,Đồng Tháp,Xã Lai Vung,332 Nam Kỳ Khởi Nghĩa
340,TP. Hồ Chí Minh,Phường Thủ Đức,528 Trần Hưng Đạo
341,TP. Hồ Chí Minh,Phường An Khánh,306 Cách Mạng Tháng Tám
342,Đồng Nai,Xã Long Thành,388 Lý Thường Kiệt
343,Đồng Nai,Xã Nhơn Trạch,437 Cách Mạng Tháng Tám
344,Cà Mau,Xã Đầm Dơi,392 Lý Thường Kiệt
345,TP. Hồ Chí Minh,Phường Thủ Đức,359 Quang Trung
346,Đồng Nai,Xã Nhơn Trạch,101 Quang Trung
347,Đồng Nai,Phường Trấn Biên,419 Lý Thường Kiệt
348,Cần Thơ,Phường Cái Răng,55 Pasteur
349,An Giang,Phường Châu Đốc,105 Nguyễn Văn Cừ
350,TP. Hồ Chí Minh,Phường An Khánh,570 Lê Lợi
351,Tây Ninh,Xã Dương Minh Châu,296 Nam Kỳ Khởi Nghĩa
352,Tây Ninh,Phường Trảng Bàng,232 Lý Thường Kiệt
353,Vĩnh Long,Xã Bình Minh,37 Nam Kỳ Khởi Nghĩa
354,Đồng Tháp,Phường Sa Đéc,32 Quang Trung
355,Vĩnh Long,Xã Trà Ôn,482 Lê Lợi
356,TP. Hồ Chí Minh,Phường Bình Thạnh,377 Điện Biên Phủ
357,TP. Hồ Chí Minh,Phường Tân Bình,254 Trần Hưng Đạo
358,TP. Hồ Chí Minh,Phường Tân Bình,232 Quang Trung
359,Đồng Tháp,Phường Sa Đéc,389 Lý Thường Kiệt
360,TP. Hồ Chí Minh,Phường Bình Thạnh,308 Nam Kỳ Khởi Nghĩa
361,Đồng Nai,Phường Long Khánh,216 Nguyễn Huệ
362,TP. Hồ Chí Minh,Phường Thủ Đức,591 Nguyễn Trãi
363,Cần Thơ,Phường Thốt Nốt,97 Nguyễn Văn Cừ
364,TP. Hồ Chí Minh,Phường Bình Thạnh,139 Quang Trung
365,Vĩnh Long,Xã Trà Ôn,168 Điện Biên Phủ
366,An Giang,Xã Tịnh Biên,205 Pasteur
367,Đồng Nai,Phường Trấn Biên,544 Hai Bà Trưng
368,TP. Hồ Chí Minh,Phường An Khánh,60 Nguyễn Huệ
369,TP. Hồ Chí Minh,Phường Thủ Đức,408 Trần Hưng Đạo
370,Cần Thơ,Phường Thốt Nốt,557 Nam Kỳ Khởi Nghĩa
371,An Giang,Xã Phú Tân,366 Nguyễn Trãi
372,An Giang,Xã Tri Tôn,389 Điện Biên Phủ
373,Cà Mau,Xã Đầm Dơi,280 Võ Văn Kiệt
374,Tây Ninh,Xã Châu Thành,344 Lê Lợi
375,Đồng Tháp,Xã Lấp Vò,65 Cách Mạng Tháng Tám
376,Đồng Nai,Xã Nhơn Trạch,366 Quang Trung
377,Cần Thơ,Phường Ô Môn,169 3 Tháng 2
378,Vĩnh Long,Xã Trà Ôn,382 Pasteur
379,Cà Mau,Xã Năm Căn,520 Nguyễn Trãi
380,Vĩnh Long,Xã Long Hồ,68 Pasteur
381,Đồng Nai,Phường Biên Hòa,308 Hai Bà Trưng
382,Đồng Nai,Phường Trấn Biên,112 Nguyễn Huệ
383,TP. Hồ Chí Minh,Phường An Khánh,410 Lê Lợi
384,Cà Mau,Xã Ngọc Hiển,265 Lý Thường Kiệt
385,Vĩnh Long,Xã Mang Thít,104 Nguyễn Huệ
386,Đồng Nai,Xã Định Quán,157 Điện Biên Phủ
387,Cần Thơ,Phường Cái Răng,253 Cách Mạng Tháng Tám
388,TP. Hồ Chí Minh,Phường Sài Gòn,99 Cách Mạng Tháng Tám
389,Vĩnh Long,Xã Trà Ôn,411 Lý Thường Kiệt
390,TP. Hồ Chí Minh,Phường Bình Thạnh,232 Quang Trung
391,Đồng Nai,Xã Nhơn Trạch,515 Phạm Văn Đồng
392,Đồng Nai,Phường Long Khánh,487 Điện Biên Phủ
393,TP. Hồ Chí Minh,Phường Thủ Đức,521 Trần Hưng Đạo
394,TP. Hồ Chí Minh,Phường Bến Thành,317 Phạm Văn Đồng
395,Đồng Nai,Xã Nhơn Trạch,104 Điện Biên Phủ
396,TP. Hồ Chí Minh,Phường Chợ Lớn,485 Phạm Văn Đồng
397,Đồng Nai,Xã Định Quán,465 Pasteur
398,Đồng Nai,Xã Long Thành,497 Nguyễn Huệ
399,Đồng Nai,Phường Biên Hòa,162 Pasteur
400,Đồng Nai,Phường Trấn Biên,88 Pasteur
401,Cà Mau,Phường Cà Mau,100 Lý Thường Kiệt
402,TP. Hồ Chí Minh,Phường Bến Thành,126 Nam Kỳ Khởi Nghĩa
403,Cà Mau,Xã Đầm Dơi,364 Nam Kỳ Khởi Nghĩa
404,Tây Ninh,Xã Dương Minh Châu,349 Phạm Văn Đồng
405,Đồng Tháp,Xã Tháp Mười,462 Lý Thường Kiệt
406,TP. Hồ Chí Minh,Phường Sài Gòn,566 Nguyễn Văn Cừ
407,TP. Hồ Chí Minh,Phường Bến Thành,212 Điện Biên Phủ
408,TP. Hồ Chí Minh,Phường Tân Định,528 Phạm Văn Đồng
409,Đồng Nai,Phường Trấn Biên,235 Nguyễn Văn Cừ
410,TP. Hồ Chí Minh,Phường An Khánh,292 Võ Văn Kiệt
411,Cần Thơ,Phường Bình Thủy,73 Nam Kỳ Khởi Nghĩa
412,TP. Hồ Chí Minh,Phường An Khánh,77 Pasteur
413,Cần Thơ,Phường Bình Thủy,194 Phạm Văn Đồng
414,Tây Ninh,Xã Dương Minh Châu,447 Điện Biên Phủ
415,Cà Mau,Phường Cà Mau,438 Quang Trung
416,TP. Hồ Chí Minh,Phường Chợ Lớn,91 Hai Bà Trưng
417,TP. Hồ Chí Minh,Phường Thủ Đức,87 Phạm Văn Đồng
418,Đồng Nai,Xã Định Quán,88 Nguyễn Văn Cừ
419,Cà Mau,Xã Ngọc Hiển,119 Nguyễn Trãi
420,Cần Thơ,Xã Phong Điền,60 Lê Lợi
421,Tây Ninh,Phường Tây Ninh,492 Cách Mạng Tháng Tám
422,Cần Thơ,Xã Phong Điền,129 Cách Mạng Tháng Tám
423,An Giang,Xã Chợ Mới,461 Lê Lợi
424,TP. Hồ Chí Minh,Phường Thủ Đức,534 Lý Thường Kiệt
425,Cần Thơ,Xã Phong Điền,518 Điện Biên Phủ
426,TP. Hồ Chí Minh,Phường An Khánh,4 Lý Thường Kiệt
427,TP. Hồ Chí Minh,Phường Bình Thạnh,536 Nguyễn Huệ
428,TP. Hồ Chí Minh,Phường An Khánh,14 Nguyễn Huệ
429,Cà Mau,Xã Đầm Dơi,515 Cách Mạng Tháng Tám
430,Cần Thơ,Phường Ninh Kiều,421 Quang Trung
431,TP. Hồ Chí Minh,Phường Bình Thạnh,598 Quang Trung
432,TP. Hồ Chí Minh,Phường Bến Thành,292 Hai Bà Trưng
433,Đồng Tháp,Xã Lấp Vò,565 Cách Mạng Tháng Tám
434,Đồng Nai,Xã Nhơn Trạch,446 Cách Mạng Tháng Tám
435,Vĩnh Long,Xã Mang Thít,38 Nguyễn Trãi
436,Vĩnh Long,Xã Bình Minh,63 Võ Văn Kiệt
437,TP. Hồ Chí Minh,Phường Bến Thành,118 Điện Biên Phủ
438,TP. Hồ Chí Minh,Phường Tân Bình,299 Lê Lợi
439,Đồng Tháp,Xã Lấp Vò,472 Điện Biên Phủ
440,TP. Hồ Chí Minh,Phường An Khánh,199 Lý Thường Kiệt
441,Vĩnh Long,Xã Bình Minh,190 Hai Bà Trưng
442,Cần Thơ,Phường Bình Thủy,493 Nguyễn Văn Cừ
443,Đồng Nai,Xã Nhơn Trạch,1 Lý Thường Kiệt
444,Đồng Nai,Xã Nhơn Trạch,129 Điện Biên Phủ
445,TP. Hồ Chí Minh,Phường Chợ Lớn,576 Nguyễn Huệ
446,TP. Hồ Chí Minh,Phường Chợ Lớn,351 Nguyễn Văn Cừ
447,TP. Hồ Chí Minh,Phường Tân Bình,294 Quang Trung
448,Đồng Tháp,Phường Sa Đéc,420 Pasteur
449,Đồng Nai,Xã Long Thành,81 Lý Thường Kiệt
450,An Giang,Xã Tri Tôn,498 Lê Lợi
451,Tây Ninh,Xã Gò Dầu,160 Phạm Văn Đồng
452,TP. Hồ Chí Minh,Phường Tân Định,361 Võ Văn Kiệt
453,Vĩnh Long,Phường Vĩnh Long,349 Võ Văn Kiệt
454,Tây Ninh,Phường Trảng Bàng,82 Lê Lợi
455,TP. Hồ Chí Minh,Phường Tân Định,396 Nguyễn Huệ
456,Cà Mau,Xã Đầm Dơi,260 Nguyễn Trãi
457,TP. Hồ Chí Minh,Phường Bến Thành,408 Lê Lợi
458,TP. Hồ Chí Minh,Phường Sài Gòn,288 Lý Thường Kiệt
459,Cần Thơ,Phường Ô Môn,175 Võ Văn Kiệt
460,Đồng Tháp,Phường Sa Đéc,207 Quang Trung
461,TP. Hồ Chí Minh,Phường Tân Định,121 Nam Kỳ Khởi Nghĩa
462,Vĩnh Long,Xã Mang Thít,155 Võ Văn Kiệt
463,Cà Mau,Xã Trần Văn Thời,59 Pasteur
464,Đồng Nai,Phường Trấn Biên,131 Võ Văn Kiệt
465,Cần Thơ,Phường Thốt Nốt,424 Nguyễn Trãi
466,TP. Hồ Chí Minh,Phường Sài Gòn,460 Lý Thường Kiệt
467,An Giang,Phường Long Xuyên,258 Trần Hưng Đạo
468,Tây Ninh,Xã Tân Biên,114 Võ Văn Kiệt
469,Vĩnh Long,Xã Mang Thít,210 Lý Thường Kiệt
470,An Giang,Xã Tri Tôn,385 Nguyễn Văn Cừ
471,Vĩnh Long,Xã Long Hồ,417 Pasteur
472,Đồng Tháp,Xã Lai Vung,286 Điện Biên Phủ
473,Đồng Tháp,Xã Lấp Vò,184 Lý Thường Kiệt
474,TP. Hồ Chí Minh,Phường Sài Gòn,316 Lý Thường Kiệt
475,Tây Ninh,Xã Dương Minh Châu,399 Nam Kỳ Khởi Nghĩa
476,Đồng Tháp,Xã Lấp Vò,437 Trần Hưng Đạo
477,Đồng Tháp,Phường Cao Lãnh,554 Cách Mạng Tháng Tám
478,TP. Hồ Chí Minh,Phường Tân Bình,8 Võ Văn Kiệt
479,Đồng Nai,Xã Long Thành,383 Hai Bà Trưng
480,Cà Mau,Phường Cà Mau,390 Cách Mạng Tháng Tám
481,TP. Hồ Chí Minh,Phường Bình Thạnh,312 Nguyễn Huệ
482,Vĩnh Long,Phường Vĩnh Long,54 Nguyễn Huệ
483,Cần Thơ,Phường Ô Môn,167 Lê Lợi
484,Đồng Tháp,Phường Cao Lãnh,348 Hai Bà Trưng
485,TP. Hồ Chí Minh,Phường Bến Thành,365 Cách Mạng Tháng Tám
486,TP. Hồ Chí Minh,Phường Thủ Đức,255 Trần Hưng Đạo
487,Cần Thơ,Xã Phong Điền,231 Nam Kỳ Khởi Nghĩa
488,Đồng Tháp,Phường Cao Lãnh,452 Nguyễn Huệ
489,Đồng Nai,Phường Long Khánh,142 Hai Bà Trưng
490,Đồng Nai,Xã Long Thành,68 3 Tháng 2
491,Cà Mau,Xã Đầm Dơi,422 Võ Văn Kiệt
492,TP. Hồ Chí Minh,Phường Tân Bình,379 Hai Bà Trưng
493,TP. Hồ Chí Minh,Phường Tân Bình,57 Nguyễn Trãi
494,Đồng Tháp,Xã Lấp Vò,285 Cách Mạng Tháng Tám
495,Đồng Nai,Xã Long Thành,457 Phạm Văn Đồng
496,Cà Mau,Phường Cà Mau,458 Nguyễn Văn Cừ
497,TP. Hồ Chí Minh,Phường Thủ Đức,357 Nguyễn Văn Cừ
498,TP. Hồ Chí Minh,Phường Bến Thành,11 Nguyễn Huệ
499,Tây Ninh,Phường Trảng Bàng,535 Điện Biên Phủ
500,TP. Hồ Chí Minh,Phường Thủ Đức,513 Lê Lợi
501,Đồng Nai,Xã Long Thành,91 Cách Mạng Tháng Tám
502,TP. Hồ Chí Minh,Phường Sài Gòn,396 Quang Trung
503,TP. Hồ Chí Minh,Phường Bến Thành,124 Điện Biên Phủ
504,Đồng Tháp,Phường Cao Lãnh,297 Nguyễn Trãi
505,Đồng Nai,Xã Định Quán,496 Nguyễn Huệ
506,TP. Hồ Chí Minh,Phường Bến Thành,257 Nam Kỳ Khởi Nghĩa
507,Cà Mau,Xã Năm Căn,519 Lý Thường Kiệt
508,TP. Hồ Chí Minh,Phường Thủ Đức,6 Lê Lợi
509,TP. Hồ Chí Minh,Phường Thủ Đức,448 Nguyễn Huệ
510,An Giang,Phường Long Xuyên,477 Lê Lợi
511,TP. Hồ Chí Minh,Phường Sài Gòn,228 Pasteur
512,Đồng Nai,Xã Định Quán,51 Võ Văn Kiệt
513,TP. Hồ Chí Minh,Phường Chợ Lớn,185 Phạm Văn Đồng
514,An Giang,Xã Phú Tân,166 Võ Văn Kiệt
515,Đồng Nai,Xã Nhơn Trạch,206 Trần Hưng Đạo
516,Vĩnh Long,Xã Trà Ôn,551 Nguyễn Văn Cừ
517,Vĩnh Long,Xã Bình Minh,265 Lý Thường Kiệt
518,Đồng Nai,Phường Long Khánh,44 Cách Mạng Tháng Tám
519,TP. Hồ Chí Minh,Phường Chợ Lớn,480 3 Tháng 2
520,TP. Hồ Chí Minh,Phường Chợ Lớn,494 Nguyễn Trãi
521,Tây Ninh,Xã Gò Dầu,15 Điện Biên Phủ
522,TP. Hồ Chí Minh,Phường Sài Gòn,115 Cách Mạng Tháng Tám
523,An Giang,Xã Tịnh Biên,478 Nguyễn Văn Cừ
524,TP. Hồ Chí Minh,Phường Thủ Đức,300 Cách Mạng Tháng Tám
525,TP. Hồ Chí Minh,Phường An Khánh,419 Nam Kỳ Khởi Nghĩa
526,An Giang,Xã Tri Tôn,288 Điện Biên Phủ
527,TP. Hồ Chí Minh,Phường Tân Định,231 Hai Bà Trưng
528,TP. Hồ Chí Minh,Phường Bình Thạnh,479 Nguyễn Văn Cừ
529,Đồng Tháp,Xã Lấp Vò,211 Nguyễn Huệ
530,TP. Hồ Chí Minh,Phường Chợ Lớn,534 Hai Bà Trưng
531,TP. Hồ Chí Minh,Phường Thủ Đức,555 Hai Bà Trưng
532,An Giang,Xã Phú Tân,8 Nguyễn Trãi
533,An Giang,Xã Chợ Mới,514 Phạm Văn Đồng
534,Đồng Tháp,Xã Tháp Mười,489 Nguyễn Trãi
535,An Giang,Phường Châu Đốc,216 Nam Kỳ Khởi Nghĩa
536,Vĩnh Long,Xã Trà Ôn,124 Nam Kỳ Khởi Nghĩa
537,Cà Mau,Xã Đầm Dơi,345 3 Tháng 2
538,Tây Ninh,Xã Gò Dầu,28 Lý Thường Kiệt
539,TP. Hồ Chí Minh,Phường Tân Bình,425 Nam Kỳ Khởi Nghĩa
540,TP. Hồ Chí Minh,Phường Thủ Đức,202 Võ Văn Kiệt
541,An Giang,Xã Tịnh Biên,543 Điện Biên Phủ
542,Tây Ninh,Xã Châu Thành,370 3 Tháng 2
543,Đồng Nai,Xã Nhơn Trạch,447 Trần Hưng Đạo
544,Cần Thơ,Phường Ô Môn,376 Quang Trung
545,Đồng Nai,Xã Định Quán,444 Nguyễn Huệ
546,Cần Thơ,Phường Thốt Nốt,468 Hai Bà Trưng
547,Cà Mau,Xã Ngọc Hiển,294 Nguyễn Huệ
548,Tây Ninh,Xã Dương Minh Châu,590 Võ Văn Kiệt
549,TP. Hồ Chí Minh,Phường Bến Thành,549 Hai Bà Trưng
550,TP. Hồ Chí Minh,Phường Thủ Đức,7 Quang Trung
551,Cần Thơ,Phường Cái Răng,501 Nguyễn Trãi
552,An Giang,Phường Long Xuyên,210 Lê Lợi
553,Đồng Tháp,Xã Tháp Mười,505 Hai Bà Trưng
554,Tây Ninh,Xã Tân Biên,191 Nam Kỳ Khởi Nghĩa
555,An Giang,Phường Long Xuyên,489 Nam Kỳ Khởi Nghĩa
556,Tây Ninh,Xã Gò Dầu,404 Võ Văn Kiệt
557,TP. Hồ Chí Minh,Phường Chợ Lớn,591 Nguyễn Huệ
558,Tây Ninh,Xã Tân Biên,313 Nam Kỳ Khởi Nghĩa
559,TP. Hồ Chí Minh,Phường Thủ Đức,464 Nguyễn Trãi
560,Đồng Tháp,Xã Tháp Mười,565 Nguyễn Huệ
561,TP. Hồ Chí Minh,Phường An Khánh,163 Cách Mạng Tháng Tám
562,An Giang,Phường Châu Đốc,36 Phạm Văn Đồng
563,TP. Hồ Chí Minh,Phường Bến Thành,260 Điện Biên Phủ
564,Đồng Nai,Phường Long Khánh,149 Nguyễn Trãi
565,TP. Hồ Chí Minh,Phường Sài Gòn,398 Lý Thường Kiệt
566,TP. Hồ Chí Minh,Phường Tân Định,319 3 Tháng 2
567,TP. Hồ Chí Minh,Phường Sài Gòn,373 Pasteur
568,TP. Hồ Chí Minh,Phường Bình Thạnh,25 Nguyễn Văn Cừ
569,Đồng Nai,Xã Định Quán,127 Nguyễn Trãi
570,An Giang,Phường Long Xuyên,331 Trần Hưng Đạo
571,TP. Hồ Chí Minh,Phường Bình Thạnh,156 3 Tháng 2
572,Vĩnh Long,Xã Tam Bình,34 Nam Kỳ Khởi Nghĩa
573,Vĩnh Long,Xã Mang Thít,554 Nguyễn Huệ
574,Đồng Nai,Xã Long Thành,131 3 Tháng 2
575,TP. Hồ Chí Minh,Phường Sài Gòn,503 Lê Lợi
576,Đồng Nai,Xã Định Quán,342 Lê Lợi
577,Đồng Nai,Phường Long Khánh,29 Phạm Văn Đồng
578,Đồng Tháp,Phường Cao Lãnh,334 Quang Trung
579,Đồng Nai,Xã Long Thành,128 Trần Hưng Đạo
580,TP. Hồ Chí Minh,Phường Sài Gòn,295 Pasteur
581,An Giang,Phường Châu Đốc,554 Nguyễn Văn Cừ
582,Cần Thơ,Phường Ô Môn,534 3 Tháng 2
583,TP. Hồ Chí Minh,Phường An Khánh,136 Võ Văn Kiệt
584,Đồng Tháp,Xã Tháp Mười,429 Nguyễn Huệ
585,Vĩnh Long,Xã Tam Bình,21 Võ Văn Kiệt
586,An Giang,Phường Long Xuyên,144 Cách Mạng Tháng Tám
587,TP. Hồ Chí Minh,Phường Bình Thạnh,265 Lê Lợi
588,TP. Hồ Chí Minh,Phường Tân Định,113 3 Tháng 2
589,Đồng Tháp,Phường Sa Đéc,348 Nguyễn Huệ
590,Đồng Nai,Xã Long Thành,289 Cách Mạng Tháng Tám
591,TP. Hồ Chí Minh,Phường Thủ Đức,144 Nguyễn Trãi
592,TP. Hồ Chí Minh,Phường Sài Gòn,427 Hai Bà Trưng
593,Tây Ninh,Phường Tây Ninh,524 Pasteur
594,TP. Hồ Chí Minh,Phường Bình Thạnh,224 Võ Văn Kiệt
595,An Giang,Xã Phú Tân,328 Lê Lợi
596,Cần Thơ,Phường Bình Thủy,500 Trần Hưng Đạo
597,Đồng Nai,Xã Nhơn Trạch,11 Hai Bà Trưng
598,Cần Thơ,Phường Ô Môn,372 Pasteur
599,TP. Hồ Chí Minh,Phường Tân Định,386 Nguyễn Văn Cừ
600,Cần Thơ,Phường Cái Răng,154 Phạm Văn Đồng
601,TP. Hồ Chí Minh,Phường An Khánh,146 3 Tháng 2
602,TP. Hồ Chí Minh,Phường Bình Thạnh,482 Lê Lợi
603,Đồng Nai,Phường Long Khánh,436 Nguyễn Trãi
604,Tây Ninh,Xã Châu Thành,467 Trần Hưng Đạo
605,Cà Mau,Phường Cà Mau,55 Điện Biên Phủ
606,Đồng Nai,Phường Long Khánh,544 Pasteur
607,TP. Hồ Chí Minh,Phường Bến Thành,349 Nguyễn Trãi
608,Đồng Tháp,Phường Sa Đéc,588 Nguyễn Huệ
609,TP. Hồ Chí Minh,Phường Bình Thạnh,580 Quang Trung
610,An Giang,Xã Tri Tôn,295 Nguyễn Huệ
611,Tây Ninh,Xã Tân Biên,513 Điện Biên Phủ
612,TP. Hồ Chí Minh,Phường Chợ Lớn,165 Lê Lợi
613,TP. Hồ Chí Minh,Phường Chợ Lớn,173 Hai Bà Trưng
614,Cà Mau,Xã Trần Văn Thời,485 Pasteur
615,Tây Ninh,Phường Tây Ninh,500 Nguyễn Huệ
616,TP. Hồ Chí Minh,Phường Tân Định,128 Điện Biên Phủ
617,TP. Hồ Chí Minh,Phường Sài Gòn,194 Phạm Văn Đồng
618,An Giang,Phường Châu Đốc,213 Nguyễn Huệ
619,TP. Hồ Chí Minh,Phường Tân Định,66 3 Tháng 2
620,Đồng Tháp,Xã Tháp Mười,217 Nam Kỳ Khởi Nghĩa
621,TP. Hồ Chí Minh,Phường Bến Thành,436 Pasteur
622,Đồng Nai,Xã Định Quán,52 Võ Văn Kiệt
623,TP. Hồ Chí Minh,Phường Tân Định,147 Quang Trung
624,Đồng Nai,Xã Định Quán,207 Nguyễn Huệ
625,An Giang,Phường Long Xuyên,582 Điện Biên Phủ
626,TP. Hồ Chí Minh,Phường Sài Gòn,466 Pasteur
627,TP. Hồ Chí Minh,Phường An Khánh,275 Võ Văn Kiệt
628,TP. Hồ Chí Minh,Phường Sài Gòn,182 Lê Lợi
629,TP. Hồ Chí Minh,Phường Tân Định,398 Cách Mạng Tháng Tám
630,TP. Hồ Chí Minh,Phường Sài Gòn,70 Cách Mạng Tháng Tám
631,TP. Hồ Chí Minh,Phường Bến Thành,408 Nguyễn Trãi
632,Vĩnh Long,Phường Vĩnh Long,526 Quang Trung
633,TP. Hồ Chí Minh,Phường Bình Thạnh,188 Cách Mạng Tháng Tám
634,TP. Hồ Chí Minh,Phường Thủ Đức,558 Trần Hưng Đạo
635,Tây Ninh,Xã Tân Biên,573 Võ Văn Kiệt
636,Cà Mau,Xã Năm Căn,172 Nguyễn Trãi
637,Đồng Nai,Phường Long Khánh,330 Hai Bà Trưng
638,TP. Hồ Chí Minh,Phường Bình Thạnh,487 Điện Biên Phủ
639,Đồng Tháp,Phường Sa Đéc,599 Điện Biên Phủ
640,Tây Ninh,Phường Tây Ninh,551 Lê Lợi
641,Tây Ninh,Xã Tân Biên,71 Trần Hưng Đạo
642,An Giang,Xã Phú Tân,48 Điện Biên Phủ
643,Cà Mau,Xã Năm Căn,419 Trần Hưng Đạo
644,TP. Hồ Chí Minh,Phường Thủ Đức,375 3 Tháng 2
645,An Giang,Phường Long Xuyên,541 Điện Biên Phủ
646,TP. Hồ Chí Minh,Phường Thủ Đức,362 Hai Bà Trưng
647,TP. Hồ Chí Minh,Phường Thủ Đức,577 Hai Bà Trưng
648,TP. Hồ Chí Minh,Phường Bình Thạnh,228 Cách Mạng Tháng Tám
649,Cà Mau,Xã Trần Văn Thời,210 Quang Trung
650,TP. Hồ Chí Minh,Phường Chợ Lớn,230 3 Tháng 2
651,Vĩnh Long,Xã Bình Minh,30 Điện Biên Phủ
652,An Giang,Xã Phú Tân,191 Hai Bà Trưng
653,TP. Hồ Chí Minh,Phường Tân Bình,348 Nguyễn Trãi
654,Cà Mau,Xã Năm Căn,506 Nguyễn Văn Cừ
655,TP. Hồ Chí Minh,Phường Bình Thạnh,20 Quang Trung
656,An Giang,Xã Chợ Mới,243 Hai Bà Trưng
657,Cà Mau,Xã Đầm Dơi,590 Trần Hưng Đạo
658,TP. Hồ Chí Minh,Phường Thủ Đức,168 3 Tháng 2
659,TP. Hồ Chí Minh,Phường Tân Định,404 Điện Biên Phủ
660,Vĩnh Long,Xã Mang Thít,173 Điện Biên Phủ
661,TP. Hồ Chí Minh,Phường An Khánh,201 Lý Thường Kiệt
662,Đồng Nai,Phường Trấn Biên,424 Lý Thường Kiệt
663,Vĩnh Long,Xã Tam Bình,271 Phạm Văn Đồng
664,Vĩnh Long,Xã Tam Bình,67 Pasteur
665,Cần Thơ,Phường Bình Thủy,136 Nguyễn Văn Cừ
666,Cà Mau,Xã Ngọc Hiển,520 Phạm Văn Đồng
667,Cà Mau,Xã Đầm Dơi,320 Trần Hưng Đạo
668,TP. Hồ Chí Minh,Phường Chợ Lớn,409 Điện Biên Phủ
669,TP. Hồ Chí Minh,Phường Sài Gòn,516 Điện Biên Phủ
670,An Giang,Xã Tịnh Biên,494 Nguyễn Trãi
671,Cần Thơ,Xã Phong Điền,393 Pasteur
672,Đồng Nai,Xã Long Thành,249 Nam Kỳ Khởi Nghĩa
673,Cần Thơ,Xã Phong Điền,118 Nguyễn Văn Cừ
674,Vĩnh Long,Xã Mang Thít,2 Nguyễn Văn Cừ
675,TP. Hồ Chí Minh,Phường Tân Định,567 Lý Thường Kiệt
676,Đồng Nai,Phường Trấn Biên,373 Nguyễn Trãi
677,TP. Hồ Chí Minh,Phường Tân Định,63 Cách Mạng Tháng Tám
678,Cà Mau,Xã Ngọc Hiển,424 Phạm Văn Đồng
679,An Giang,Xã Tịnh Biên,141 Quang Trung
680,Đồng Tháp,Xã Tháp Mười,5 Nam Kỳ Khởi Nghĩa
681,Tây Ninh,Xã Tân Biên,226 Nam Kỳ Khởi Nghĩa
682,Đồng Nai,Phường Trấn Biên,233 Cách Mạng Tháng Tám
683,Đồng Nai,Xã Nhơn Trạch,108 Nam Kỳ Khởi Nghĩa
684,Đồng Nai,Phường Biên Hòa,111 Lê Lợi
685,Tây Ninh,Phường Tây Ninh,436 Nguyễn Huệ
686,Tây Ninh,Xã Châu Thành,54 Nguyễn Trãi
687,TP. Hồ Chí Minh,Phường Tân Định,299 Võ Văn Kiệt
688,TP. Hồ Chí Minh,Phường Tân Định,407 Lý Thường Kiệt
689,Tây Ninh,Xã Dương Minh Châu,34 Nguyễn Huệ
690,TP. Hồ Chí Minh,Phường Chợ Lớn,511 Điện Biên Phủ
691,Tây Ninh,Phường Tây Ninh,568 Hai Bà Trưng
692,Cần Thơ,Phường Thốt Nốt,185 Võ Văn Kiệt
693,TP. Hồ Chí Minh,Phường Bến Thành,22 Lý Thường Kiệt
694,Tây Ninh,Xã Gò Dầu,345 Lý Thường Kiệt
695,TP. Hồ Chí Minh,Phường Tân Định,270 Lý Thường Kiệt
696,TP. Hồ Chí Minh,Phường An Khánh,154 Điện Biên Phủ
697,TP. Hồ Chí Minh,Phường Tân Bình,385 Hai Bà Trưng
698,TP. Hồ Chí Minh,Phường An Khánh,479 Cách Mạng Tháng Tám
699,TP. Hồ Chí Minh,Phường Tân Bình,452 Nguyễn Huệ
700,TP. Hồ Chí Minh,Phường Bến Thành,345 Nguyễn Văn Cừ
701,TP. Hồ Chí Minh,Phường Chợ Lớn,313 Pasteur
702,Cần Thơ,Phường Bình Thủy,335 Hai Bà Trưng
703,Cà Mau,Phường Cà Mau,531 Võ Văn Kiệt
704,TP. Hồ Chí Minh,Phường Sài Gòn,291 Điện Biên Phủ
705,TP. Hồ Chí Minh,Phường Bình Thạnh,368 Nam Kỳ Khởi Nghĩa
706,Đồng Nai,Phường Biên Hòa,405 Lý Thường Kiệt
707,TP. Hồ Chí Minh,Phường Thủ Đức,361 Cách Mạng Tháng Tám
708,Đồng Tháp,Xã Tháp Mười,102 Cách Mạng Tháng Tám
709,Vĩnh Long,Xã Mang Thít,313 Nguyễn Huệ
710,Tây Ninh,Phường Tây Ninh,513 Trần Hưng Đạo
711,TP. Hồ Chí Minh,Phường Bình Thạnh,217 3 Tháng 2
712,Cần Thơ,Phường Thốt Nốt,207 Trần Hưng Đạo
713,Vĩnh Long,Xã Long Hồ,541 Nguyễn Văn Cừ
714,Tây Ninh,Xã Tân Biên,448 Võ Văn Kiệt
715,An Giang,Phường Long Xuyên,561 Lê Lợi
716,An Giang,Xã Tri Tôn,99 Nam Kỳ Khởi Nghĩa
717,Đồng Tháp,Phường Cao Lãnh,484 Nguyễn Huệ
718,TP. Hồ Chí Minh,Phường Bến Thành,102 Lý Thường Kiệt
719,TP. Hồ Chí Minh,Phường Tân Định,576 Pasteur
720,Cà Mau,Xã Ngọc Hiển,59 3 Tháng 2
721,Đồng Nai,Xã Nhơn Trạch,399 Pasteur
722,Cần Thơ,Xã Phong Điền,126 Nguyễn Văn Cừ
723,Cà Mau,Phường Cà Mau,357 Trần Hưng Đạo
724,Đồng Tháp,Phường Sa Đéc,510 Hai Bà Trưng
725,An Giang,Phường Long Xuyên,525 Nguyễn Huệ
726,An Giang,Xã Tịnh Biên,79 Nguyễn Trãi
727,TP. Hồ Chí Minh,Phường Tân Định,368 3 Tháng 2
728,Đồng Tháp,Phường Sa Đéc,24 Hai Bà Trưng
729,TP. Hồ Chí Minh,Phường Sài Gòn,265 Pasteur
730,Cần Thơ,Phường Thốt Nốt,247 Pasteur
731,Cần Thơ,Phường Ô Môn,74 Điện Biên Phủ
732,An Giang,Xã Phú Tân,347 Phạm Văn Đồng
733,An Giang,Phường Châu Đốc,411 Phạm Văn Đồng
734,Tây Ninh,Xã Tân Biên,595 Lê Lợi
735,TP. Hồ Chí Minh,Phường Sài Gòn,83 Lê Lợi
736,TP. Hồ Chí Minh,Phường Tân Định,257 Trần Hưng Đạo
737,TP. Hồ Chí Minh,Phường Bến Thành,542 Võ Văn Kiệt
738,Vĩnh Long,Xã Long Hồ,459 Nguyễn Huệ
739,Cà Mau,Xã Ngọc Hiển,71 Trần Hưng Đạo
740,Tây Ninh,Xã Châu Thành,254 Hai Bà Trưng
741,Vĩnh Long,Phường Vĩnh Long,80 Lý Thường Kiệt
742,Cần Thơ,Phường Thốt Nốt,290 3 Tháng 2
743,TP. Hồ Chí Minh,Phường Chợ Lớn,97 Võ Văn Kiệt
744,Đồng Nai,Phường Biên Hòa,480 Hai Bà Trưng
745,Vĩnh Long,Xã Mang Thít,478 Võ Văn Kiệt
746,An Giang,Xã Phú Tân,500 3 Tháng 2
747,Vĩnh Long,Phường Vĩnh Long,327 Nguyễn Văn Cừ
748,Đồng Tháp,Phường Sa Đéc,506 Lê Lợi
749,Cà Mau,Xã Ngọc Hiển,393 Lý Thường Kiệt
750,Cần Thơ,Phường Bình Thủy,342 Lê Lợi
751,TP. Hồ Chí Minh,Phường An Khánh,579 Nguyễn Văn Cừ
752,TP. Hồ Chí Minh,Phường An Khánh,399 Phạm Văn Đồng
753,Vĩnh Long,Xã Bình Minh,494 Nam Kỳ Khởi Nghĩa
754,An Giang,Xã Chợ Mới,562 Nguyễn Văn Cừ
755,TP. Hồ Chí Minh,Phường Chợ Lớn,286 Võ Văn Kiệt
756,Cà Mau,Phường Cà Mau,523 Lê Lợi
757,An Giang,Xã Tịnh Biên,309 Nguyễn Trãi
758,TP. Hồ Chí Minh,Phường Thủ Đức,525 Quang Trung
759,Cà Mau,Xã Trần Văn Thời,135 Nam Kỳ Khởi Nghĩa
760,TP. Hồ Chí Minh,Phường Sài Gòn,273 Lê Lợi
761,Đồng Nai,Phường Biên Hòa,99 Nguyễn Văn Cừ
762,TP. Hồ Chí Minh,Phường Thủ Đức,264 Võ Văn Kiệt
763,Tây Ninh,Phường Tây Ninh,236 Trần Hưng Đạo
764,Đồng Nai,Phường Long Khánh,6 Điện Biên Phủ
765,Tây Ninh,Xã Châu Thành,287 Lý Thường Kiệt
766,Đồng Nai,Phường Biên Hòa,379 Lý Thường Kiệt
767,An Giang,Xã Chợ Mới,329 Nguyễn Trãi
768,Đồng Tháp,Xã Tháp Mười,196 Phạm Văn Đồng
769,TP. Hồ Chí Minh,Phường An Khánh,597 Điện Biên Phủ
770,TP. Hồ Chí Minh,Phường Thủ Đức,323 Quang Trung
771,Đồng Nai,Phường Long Khánh,366 Nguyễn Văn Cừ
772,Cần Thơ,Phường Ninh Kiều,417 Cách Mạng Tháng Tám
773,Tây Ninh,Xã Dương Minh Châu,338 Điện Biên Phủ
774,TP. Hồ Chí Minh,Phường Tân Bình,229 Pasteur
775,Cà Mau,Xã Năm Căn,150 Cách Mạng Tháng Tám
776,TP. Hồ Chí Minh,Phường Sài Gòn,560 Lý Thường Kiệt
777,Cà Mau,Xã Đầm Dơi,214 Pasteur
778,Đồng Tháp,Xã Lai Vung,26 Nguyễn Trãi
779,Đồng Nai,Phường Biên Hòa,356 Lê Lợi
780,An Giang,Phường Long Xuyên,251 Nam Kỳ Khởi Nghĩa
781,An Giang,Xã Chợ Mới,97 Điện Biên Phủ
782,Vĩnh Long,Phường Vĩnh Long,246 Điện Biên Phủ
783,TP. Hồ Chí Minh,Phường Tân Định,224 Lý Thường Kiệt
784,TP. Hồ Chí Minh,Phường Chợ Lớn,88 Quang Trung
785,TP. Hồ Chí Minh,Phường Sài Gòn,565 Pasteur
786,Tây Ninh,Xã Châu Thành,35 Điện Biên Phủ
787,Vĩnh Long,Xã Trà Ôn,271 Cách Mạng Tháng Tám
788,Tây Ninh,Xã Châu Thành,244 3 Tháng 2
789,Đồng Nai,Phường Long Khánh,104 Nguyễn Trãi
790,An Giang,Phường Long Xuyên,18 Nam Kỳ Khởi Nghĩa
791,An Giang,Xã Phú Tân,596 Phạm Văn Đồng
792,TP. Hồ Chí Minh,Phường Tân Bình,25 Quang Trung
793,Cà Mau,Xã Năm Căn,427 Lý Thường Kiệt
794,Tây Ninh,Xã Châu Thành,201 Nguyễn Văn Cừ
795,TP. Hồ Chí Minh,Phường Tân Bình,421 Lý Thường Kiệt
796,Cần Thơ,Phường Ô Môn,444 Lý Thường Kiệt
797,Cần Thơ,Phường Thốt Nốt,225 Lý Thường Kiệt
798,Cần Thơ,Xã Phong Điền,275 Lý Thường Kiệt
799,Tây Ninh,Xã Dương Minh Châu,246 Cách Mạng Tháng Tám
800,Đồng Tháp,Phường Sa Đéc,55 Nguyễn Văn Cừ
801,Tây Ninh,Phường Trảng Bàng,136 Cách Mạng Tháng Tám
802,TP. Hồ Chí Minh,Phường Tân Định,157 Lý Thường Kiệt
803,Cần Thơ,Xã Phong Điền,346 Pasteur
804,Cần Thơ,Phường Bình Thủy,281 Võ Văn Kiệt
805,Vĩnh Long,Xã Mang Thít,362 3 Tháng 2
806,Đồng Nai,Phường Long Khánh,252 3 Tháng 2
807,Đồng Tháp,Phường Sa Đéc,522 Võ Văn Kiệt
808,TP. Hồ Chí Minh,Phường An Khánh,401 Cách Mạng Tháng Tám
809,TP. Hồ Chí Minh,Phường Chợ Lớn,282 Nguyễn Trãi
810,Đồng Tháp,Phường Sa Đéc,89 Pasteur
811,Cà Mau,Xã Trần Văn Thời,523 Lê Lợi
812,Tây Ninh,Xã Châu Thành,309 Trần Hưng Đạo
813,TP. Hồ Chí Minh,Phường Tân Định,28 Cách Mạng Tháng Tám
814,Cần Thơ,Phường Bình Thủy,585 Điện Biên Phủ
815,Tây Ninh,Phường Trảng Bàng,126 Quang Trung
816,TP. Hồ Chí Minh,Phường Thủ Đức,161 3 Tháng 2
817,Cần Thơ,Phường Cái Răng,486 Phạm Văn Đồng
818,Đồng Nai,Phường Biên Hòa,533 Nguyễn Trãi
819,Đồng Nai,Phường Trấn Biên,598 Nguyễn Trãi
820,Cà Mau,Xã Ngọc Hiển,183 Cách Mạng Tháng Tám
821,Cần Thơ,Phường Ô Môn,290 Nguyễn Văn Cừ
822,Đồng Tháp,Phường Sa Đéc,310 Pasteur
823,TP. Hồ Chí Minh,Phường Sài Gòn,283 Lê Lợi
824,Đồng Nai,Phường Long Khánh,186 Pasteur
825,Cà Mau,Xã Trần Văn Thời,358 Cách Mạng Tháng Tám
826,TP. Hồ Chí Minh,Phường Tân Bình,466 Điện Biên Phủ
827,Đồng Nai,Xã Long Thành,427 Nguyễn Trãi
828,Đồng Tháp,Phường Sa Đéc,379 Nguyễn Huệ
829,Tây Ninh,Xã Châu Thành,348 Võ Văn Kiệt
830,Vĩnh Long,Phường Vĩnh Long,435 Điện Biên Phủ
831,Đồng Tháp,Phường Sa Đéc,163 Điện Biên Phủ
832,TP. Hồ Chí Minh,Phường Tân Định,448 Điện Biên Phủ
833,Đồng Tháp,Xã Lấp Vò,349 Trần Hưng Đạo
834,Tây Ninh,Xã Tân Biên,578 Nguyễn Trãi
835,TP. Hồ Chí Minh,Phường Bến Thành,296 Hai Bà Trưng
836,TP. Hồ Chí Minh,Phường Thủ Đức,239 Lê Lợi
837,TP. Hồ Chí Minh,Phường Tân Bình,136 Cách Mạng Tháng Tám
838,TP. Hồ Chí Minh,Phường Tân Bình,174 Nguyễn Huệ
839,Cần Thơ,Phường Bình Thủy,469 Trần Hưng Đạo
840,Đồng Tháp,Xã Lai Vung,309 Pasteur
841,Đồng Tháp,Xã Lấp Vò,155 Nguyễn Huệ
842,An Giang,Xã Chợ Mới,472 Nguyễn Trãi
843,TP. Hồ Chí Minh,Phường Thủ Đức,327 Điện Biên Phủ
844,TP. Hồ Chí Minh,Phường Sài Gòn,224 Hai Bà Trưng
845,Đồng Nai,Phường Long Khánh,116 Lê Lợi
846,TP. Hồ Chí Minh,Phường Bình Thạnh,402 Cách Mạng Tháng Tám
847,TP. Hồ Chí Minh,Phường Chợ Lớn,71 Nguyễn Huệ
848,TP. Hồ Chí Minh,Phường Bến Thành,94 Quang Trung
849,Cà Mau,Phường Cà Mau,208 3 Tháng 2
850,TP. Hồ Chí Minh,Phường Tân Bình,143 Hai Bà Trưng
851,Vĩnh Long,Xã Bình Minh,16 Nguyễn Trãi
852,Cần Thơ,Phường Bình Thủy,139 Võ Văn Kiệt
853,TP. Hồ Chí Minh,Phường Tân Bình,340 Nam Kỳ Khởi Nghĩa
854,An Giang,Phường Châu Đốc,383 Lý Thường Kiệt
855,TP. Hồ Chí Minh,Phường Tân Bình,492 Cách Mạng Tháng Tám
856,Đồng Tháp,Xã Lấp Vò,332 Nam Kỳ Khởi Nghĩa
857,TP. Hồ Chí Minh,Phường Bến Thành,108 Nguyễn Trãi
858,Đồng Tháp,Phường Cao Lãnh,2 Lê Lợi
859,An Giang,Xã Phú Tân,18 Phạm Văn Đồng
860,Cà Mau,Xã Ngọc Hiển,39 3 Tháng 2
861,Đồng Nai,Phường Biên Hòa,135 Pasteur
862,Đồng Tháp,Xã Lai Vung,216 Cách Mạng Tháng Tám
863,Tây Ninh,Xã Châu Thành,350 Lê Lợi
864,Vĩnh Long,Xã Bình Minh,463 Điện Biên Phủ
865,Cà Mau,Phường Cà Mau,142 Lê Lợi
866,Tây Ninh,Xã Gò Dầu,504 Lý Thường Kiệt
867,TP. Hồ Chí Minh,Phường Bình Thạnh,142 Nguyễn Văn Cừ
868,Tây Ninh,Phường Tây Ninh,135 Lý Thường Kiệt
869,Vĩnh Long,Phường Vĩnh Long,507 Lý Thường Kiệt
870,Đồng Nai,Phường Trấn Biên,340 Lê Lợi
871,Tây Ninh,Xã Gò Dầu,308 Pasteur
872,Tây Ninh,Xã Châu Thành,532 Lê Lợi
873,Đồng Nai,Phường Trấn Biên,401 Hai Bà Trưng
874,TP. Hồ Chí Minh,Phường Bình Thạnh,119 Phạm Văn Đồng
875,Vĩnh Long,Xã Trà Ôn,460 Nguyễn Huệ
876,TP. Hồ Chí Minh,Phường Bến Thành,252 3 Tháng 2
877,TP. Hồ Chí Minh,Phường Tân Bình,35 Quang Trung
878,Đồng Nai,Xã Long Thành,340 Võ Văn Kiệt
879,Đồng Tháp,Xã Tháp Mười,112 3 Tháng 2
880,Đồng Tháp,Xã Lấp Vò,363 Nguyễn Trãi
881,An Giang,Xã Tri Tôn,92 3 Tháng 2
882,Đồng Tháp,Xã Tháp Mười,502 Nguyễn Huệ
883,Cà Mau,Xã Năm Căn,373 Pasteur
884,TP. Hồ Chí Minh,Phường Tân Bình,594 Trần Hưng Đạo
885,TP. Hồ Chí Minh,Phường Tân Định,228 Nguyễn Văn Cừ
886,Đồng Nai,Phường Long Khánh,121 Quang Trung
887,TP. Hồ Chí Minh,Phường An Khánh,238 Lý Thường Kiệt
888,Tây Ninh,Xã Tân Biên,280 Nguyễn Văn Cừ
889,Đồng Tháp,Xã Lấp Vò,135 Hai Bà Trưng
890,Cần Thơ,Phường Cái Răng,271 Phạm Văn Đồng
891,Đồng Nai,Xã Nhơn Trạch,202 Phạm Văn Đồng
892,Đồng Nai,Phường Trấn Biên,553 Điện Biên Phủ
893,TP. Hồ Chí Minh,Phường An Khánh,5 Phạm Văn Đồng
894,TP. Hồ Chí Minh,Phường Sài Gòn,290 Điện Biên Phủ
895,TP. Hồ Chí Minh,Phường Tân Định,125 Lý Thường Kiệt
896,TP. Hồ Chí Minh,Phường Chợ Lớn,471 Pasteur
897,TP. Hồ Chí Minh,Phường Bình Thạnh,483 Điện Biên Phủ
898,TP. Hồ Chí Minh,Phường An Khánh,351 Nguyễn Trãi
899,Đồng Nai,Phường Biên Hòa,90 Quang Trung
900,Cần Thơ,Phường Ninh Kiều,289 Trần Hưng Đạo
901,Cà Mau,Xã Trần Văn Thời,339 Võ Văn Kiệt
902,Vĩnh Long,Xã Bình Minh,456 Trần Hưng Đạo
903,Đồng Tháp,Xã Lai Vung,227 Quang Trung
904,Tây Ninh,Phường Trảng Bàng,46 Võ Văn Kiệt
905,TP. Hồ Chí Minh,Phường Tân Định,434 3 Tháng 2
906,TP. Hồ Chí Minh,Phường Tân Bình,286 Trần Hưng Đạo
907,TP. Hồ Chí Minh,Phường Thủ Đức,528 Quang Trung
908,TP. Hồ Chí Minh,Phường Chợ Lớn,155 Nam Kỳ Khởi Nghĩa
909,TP. Hồ Chí Minh,Phường Thủ Đức,192 Lê Lợi
910,TP. Hồ Chí Minh,Phường Tân Bình,398 Lê Lợi
911,Đồng Tháp,Phường Sa Đéc,315 Lê Lợi
912,TP. Hồ Chí Minh,Phường Tân Bình,517 Điện Biên Phủ
913,An Giang,Phường Long Xuyên,91 Trần Hưng Đạo
914,TP. Hồ Chí Minh,Phường Chợ Lớn,335 Quang Trung
915,TP. Hồ Chí Minh,Phường An Khánh,132 Trần Hưng Đạo
916,Cần Thơ,Xã Phong Điền,123 Võ Văn Kiệt
917,An Giang,Xã Phú Tân,179 Phạm Văn Đồng
918,Cần Thơ,Xã Phong Điền,151 Pasteur
919,Đồng Nai,Xã Định Quán,70 Nguyễn Huệ
920,TP. Hồ Chí Minh,Phường Tân Định,578 3 Tháng 2
921,Đồng Nai,Phường Long Khánh,150 Nam Kỳ Khởi Nghĩa
922,TP. Hồ Chí Minh,Phường Tân Bình,393 Nguyễn Trãi
923,Đồng Tháp,Phường Cao Lãnh,37 Phạm Văn Đồng
924,Cà Mau,Xã U Minh,403 3 Tháng 2
925,TP. Hồ Chí Minh,Phường An Khánh,483 Trần Hưng Đạo
926,TP. Hồ Chí Minh,Phường Tân Bình,43 Pasteur
927,TP. Hồ Chí Minh,Phường Bến Thành,443 Võ Văn Kiệt
928,An Giang,Phường Châu Đốc,593 Trần Hưng Đạo
929,An Giang,Xã Chợ Mới,542 Pasteur
930,Đồng Tháp,Xã Tháp Mười,452 Pasteur
931,An Giang,Xã Phú Tân,157 Quang Trung
932,Đồng Nai,Xã Long Thành,594 Phạm Văn Đồng
933,Đồng Tháp,Phường Sa Đéc,286 Pasteur
934,Cần Thơ,Phường Ninh Kiều,349 Quang Trung
935,TP. Hồ Chí Minh,Phường Sài Gòn,597 Nam Kỳ Khởi Nghĩa
936,Cần Thơ,Phường Bình Thủy,396 Phạm Văn Đồng
937,Tây Ninh,Phường Tây Ninh,572 Điện Biên Phủ
938,TP. Hồ Chí Minh,Phường An Khánh,224 Phạm Văn Đồng
939,Đồng Tháp,Xã Lấp Vò,436 Nguyễn Văn Cừ
940,TP. Hồ Chí Minh,Phường Sài Gòn,460 Cách Mạng Tháng Tám
941,Cần Thơ,Phường Ninh Kiều,110 Nguyễn Văn Cừ
942,TP. Hồ Chí Minh,Phường Thủ Đức,304 Điện Biên Phủ
943,Đồng Tháp,Xã Tháp Mười,385 Hai Bà Trưng
944,TP. Hồ Chí Minh,Phường Tân Định,545 Võ Văn Kiệt
945,Cà Mau,Xã Trần Văn Thời,553 Quang Trung
946,TP. Hồ Chí Minh,Phường An Khánh,112 Trần Hưng Đạo
947,Đồng Nai,Phường Trấn Biên,556 Cách Mạng Tháng Tám
948,Tây Ninh,Xã Tân Biên,136 Pasteur
949,Vĩnh Long,Xã Mang Thít,88 Quang Trung
950,Đồng Tháp,Phường Hồng Ngự,414 Võ Văn Kiệt
951,TP. Hồ Chí Minh,Phường An Khánh,227 Điện Biên Phủ
952,Đồng Nai,Xã Nhơn Trạch,371 Điện Biên Phủ
953,An Giang,Xã Chợ Mới,74 Nguyễn Huệ
954,TP. Hồ Chí Minh,Phường An Khánh,144 Trần Hưng Đạo
955,TP. Hồ Chí Minh,Phường Chợ Lớn,568 Lý Thường Kiệt
956,TP. Hồ Chí Minh,Phường Sài Gòn,12 Phạm Văn Đồng
957,Vĩnh Long,Xã Mang Thít,341 Trần Hưng Đạo
958,TP. Hồ Chí Minh,Phường Tân Định,54 3 Tháng 2
959,Đồng Tháp,Xã Lai Vung,33 Lê Lợi
960,Đồng Tháp,Phường Cao Lãnh,125 Hai Bà Trưng
961,TP. Hồ Chí Minh,Phường Tân Bình,486 Nguyễn Trãi
962,An Giang,Xã Tịnh Biên,105 Phạm Văn Đồng
963,Vĩnh Long,Xã Mang Thít,358 Lê Lợi
964,Đồng Tháp,Xã Tháp Mười,379 Nguyễn Trãi
965,Đồng Tháp,Xã Lai Vung,141 Nam Kỳ Khởi Nghĩa
966,TP. Hồ Chí Minh,Phường An Khánh,67 Võ Văn Kiệt
967,Đồng Nai,Phường Long Khánh,259 3 Tháng 2
968,Cần Thơ,Phường Ô Môn,273 Võ Văn Kiệt
969,Vĩnh Long,Xã Bình Minh,318 Quang Trung
970,Đồng Tháp,Xã Tháp Mười,575 Phạm Văn Đồng
971,TP. Hồ Chí Minh,Phường Sài Gòn,545 Nguyễn Huệ
972,TP. Hồ Chí Minh,Phường Sài Gòn,208 Điện Biên Phủ
973,TP. Hồ Chí Minh,Phường Bến Thành,480 Lý Thường Kiệt
974,TP. Hồ Chí Minh,Phường Thủ Đức,224 Điện Biên Phủ
975,TP. Hồ Chí Minh,Phường Bình Thạnh,295 Điện Biên Phủ
976,Đồng Nai,Phường Long Khánh,378 3 Tháng 2
977,Vĩnh Long,Xã Bình Minh,195 Pasteur
978,An Giang,Phường Long Xuyên,337 Hai Bà Trưng
979,TP. Hồ Chí Minh,Phường Thủ Đức,335 Võ Văn Kiệt
980,Đồng Tháp,Xã Lai Vung,352 Lê Lợi
981,TP. Hồ Chí Minh,Phường Tân Định,81 Lê Lợi
982,TP. Hồ Chí Minh,Phường Thủ Đức,445 Quang Trung
983,Đồng Nai,Phường Trấn Biên,102 Nguyễn Văn Cừ
984,Đồng Nai,Phường Biên Hòa,318 Quang Trung
985,TP. Hồ Chí Minh,Phường Bến Thành,288 Cách Mạng Tháng Tám
986,TP. Hồ Chí Minh,Phường Thủ Đức,583 3 Tháng 2
987,Cần Thơ,Phường Bình Thủy,91 3 Tháng 2
988,Cần Thơ,Phường Ninh Kiều,16 Nam Kỳ Khởi Nghĩa
989,TP. Hồ Chí Minh,Phường Tân Bình,316 Hai Bà Trưng
990,Vĩnh Long,Xã Trà Ôn,52 Trần Hưng Đạo
991,Vĩnh Long,Xã Trà Ôn,309 Pasteur
992,Đồng Nai,Phường Biên Hòa,277 Nguyễn Văn Cừ
993,Đồng Tháp,Phường Cao Lãnh,530 Nam Kỳ Khởi Nghĩa
994,Đồng Nai,Phường Biên Hòa,557 Nguyễn Văn Cừ
995,Cần Thơ,Phường Cái Răng,59 Lý Thường Kiệt
996,Tây Ninh,Xã Châu Thành,369 3 Tháng 2
997,Vĩnh Long,Xã Trà Ôn,13 Trần Hưng Đạo
998,Cà Mau,Phường Cà Mau,273 Trần Hưng Đạo
999,TP. Hồ Chí Minh,Phường Sài Gòn,98 Võ Văn Kiệt
1000,An Giang,Phường Long Xuyên,365 Nguyễn Huệ
1001,TP. Hồ Chí Minh,Phường Bến Thành,394 Hai Bà Trưng
1002,TP. Hồ Chí Minh,Phường Tân Bình,388 Lý Thường Kiệt
1003,TP. Hồ Chí Minh,Phường Thủ Đức,404 Phạm Văn Đồng
1004,Cần Thơ,Phường Thốt Nốt,538 Pasteur
1005,Cần Thơ,Phường Thốt Nốt,269 Nguyễn Trãi
1006,Cà Mau,Xã U Minh,247 Nguyễn Văn Cừ
1007,Cần Thơ,Phường Thốt Nốt,117 Nguyễn Trãi
1008,Vĩnh Long,Xã Bình Minh,142 Nguyễn Trãi
1009,Tây Ninh,Xã Gò Dầu,401 Nguyễn Văn Cừ
1010,Tây Ninh,Xã Tân Biên,262 Hai Bà Trưng
1011,TP. Hồ Chí Minh,Phường Sài Gòn,383 Lê Lợi
1012,TP. Hồ Chí Minh,Phường An Khánh,422 Nguyễn Huệ
1013,Cần Thơ,Phường Thốt Nốt,325 Nguyễn Trãi
1014,Đồng Tháp,Phường Sa Đéc,338 Lý Thường Kiệt
1015,Đồng Tháp,Xã Lấp Vò,78 Cách Mạng Tháng Tám
1016,TP. Hồ Chí Minh,Phường Chợ Lớn,525 Pasteur
1017,TP. Hồ Chí Minh,Phường An Khánh,66 Phạm Văn Đồng
1018,Cà Mau,Xã Trần Văn Thời,25 Điện Biên Phủ
1019,Tây Ninh,Xã Gò Dầu,558 Hai Bà Trưng
1020,Vĩnh Long,Xã Long Hồ,49 Quang Trung
1021,TP. Hồ Chí Minh,Phường Tân Bình,203 Quang Trung
1022,Đồng Tháp,Xã Tháp Mười,543 Pasteur
1023,Đồng Tháp,Phường Hồng Ngự,128 Pasteur
1024,TP. Hồ Chí Minh,Phường Tân Định,321 Nam Kỳ Khởi Nghĩa
1025,Cà Mau,Xã Trần Văn Thời,261 Quang Trung
1026,An Giang,Phường Châu Đốc,88 Lý Thường Kiệt
1027,Đồng Tháp,Xã Lấp Vò,439 3 Tháng 2
1028,TP. Hồ Chí Minh,Phường Chợ Lớn,375 Nguyễn Trãi
1029,TP. Hồ Chí Minh,Phường Bình Thạnh,522 Cách Mạng Tháng Tám
1030,TP. Hồ Chí Minh,Phường Thủ Đức,444 Lý Thường Kiệt
1031,TP. Hồ Chí Minh,Phường Tân Bình,541 Quang Trung
1032,TP. Hồ Chí Minh,Phường Bình Thạnh,209 Pasteur
1033,Vĩnh Long,Xã Bình Minh,524 Trần Hưng Đạo
1034,Cà Mau,Phường Cà Mau,179 Pasteur
1035,An Giang,Xã Chợ Mới,452 Quang Trung
1036,Vĩnh Long,Phường Vĩnh Long,10 Nguyễn Trãi
1037,Cà Mau,Xã Ngọc Hiển,413 Pasteur
1038,Cần Thơ,Phường Bình Thủy,566 Lê Lợi
1039,Vĩnh Long,Xã Tam Bình,78 Võ Văn Kiệt
1040,TP. Hồ Chí Minh,Phường Thủ Đức,290 Điện Biên Phủ
1041,Đồng Nai,Xã Nhơn Trạch,291 3 Tháng 2
1042,Vĩnh Long,Xã Long Hồ,437 Lý Thường Kiệt
1043,Cần Thơ,Phường Cái Răng,485 Cách Mạng Tháng Tám
1044,Đồng Nai,Xã Nhơn Trạch,20 Lý Thường Kiệt
1045,TP. Hồ Chí Minh,Phường Tân Bình,571 Cách Mạng Tháng Tám
1046,Tây Ninh,Xã Tân Biên,184 Quang Trung
1047,Vĩnh Long,Xã Bình Minh,70 Nguyễn Trãi
1048,Cần Thơ,Xã Phong Điền,320 Phạm Văn Đồng
1049,Vĩnh Long,Xã Bình Minh,172 Lý Thường Kiệt
1050,Đồng Tháp,Xã Lấp Vò,540 Lê Lợi
1051,Vĩnh Long,Xã Bình Minh,530 Lý Thường Kiệt
1052,TP. Hồ Chí Minh,Phường Thủ Đức,576 Nguyễn Trãi
1053,TP. Hồ Chí Minh,Phường Bến Thành,360 Phạm Văn Đồng
1054,Vĩnh Long,Xã Long Hồ,443 Lý Thường Kiệt
1055,TP. Hồ Chí Minh,Phường Bến Thành,408 Lý Thường Kiệt
1056,Cần Thơ,Phường Bình Thủy,498 Cách Mạng Tháng Tám
1057,TP. Hồ Chí Minh,Phường Tân Bình,154 Võ Văn Kiệt
1058,TP. Hồ Chí Minh,Phường Tân Bình,403 Nguyễn Trãi
1059,Cà Mau,Xã Năm Căn,481 Phạm Văn Đồng
1060,TP. Hồ Chí Minh,Phường Bến Thành,171 Lê Lợi
1061,TP. Hồ Chí Minh,Phường Thủ Đức,227 Nguyễn Huệ
1062,Cần Thơ,Phường Ô Môn,260 Nguyễn Trãi
1063,TP. Hồ Chí Minh,Phường Tân Định,450 Trần Hưng Đạo
1064,Đồng Nai,Phường Long Khánh,388 Nam Kỳ Khởi Nghĩa
1065,An Giang,Xã Chợ Mới,456 Điện Biên Phủ
1066,Cần Thơ,Xã Phong Điền,167 Phạm Văn Đồng
1067,TP. Hồ Chí Minh,Phường Sài Gòn,48 Hai Bà Trưng
1068,Đồng Tháp,Xã Tháp Mười,258 Nguyễn Huệ
1069,Đồng Nai,Xã Nhơn Trạch,397 Lý Thường Kiệt
1070,TP. Hồ Chí Minh,Phường Tân Bình,67 Điện Biên Phủ
1071,Tây Ninh,Phường Trảng Bàng,155 Hai Bà Trưng
1072,TP. Hồ Chí Minh,Phường An Khánh,445 Nam Kỳ Khởi Nghĩa
1073,TP. Hồ Chí Minh,Phường Tân Bình,170 3 Tháng 2
1074,TP. Hồ Chí Minh,Phường Sài Gòn,8 Nguyễn Văn Cừ
1075,Vĩnh Long,Xã Trà Ôn,591 Nguyễn Văn Cừ
1076,Cà Mau,Xã Đầm Dơi,427 Hai Bà Trưng
1077,Tây Ninh,Xã Dương Minh Châu,78 Hai Bà Trưng
1078,Cần Thơ,Phường Ô Môn,482 Lê Lợi
1079,TP. Hồ Chí Minh,Phường Bến Thành,99 Hai Bà Trưng
1080,Đồng Tháp,Phường Cao Lãnh,190 Nguyễn Văn Cừ
1081,Cà Mau,Xã Đầm Dơi,228 Nguyễn Huệ
1082,Đồng Tháp,Phường Sa Đéc,116 Lý Thường Kiệt
1083,Vĩnh Long,Phường Vĩnh Long,77 Nam Kỳ Khởi Nghĩa
1084,TP. Hồ Chí Minh,Phường An Khánh,236 Nguyễn Trãi
1085,TP. Hồ Chí Minh,Phường Sài Gòn,469 Phạm Văn Đồng
1086,Cần Thơ,Phường Ninh Kiều,64 Võ Văn Kiệt
1087,An Giang,Phường Long Xuyên,125 Hai Bà Trưng
1088,TP. Hồ Chí Minh,Phường Tân Bình,57 Pasteur
1089,Cần Thơ,Phường Bình Thủy,228 Nguyễn Huệ
1090,Đồng Nai,Phường Biên Hòa,142 Phạm Văn Đồng
1091,Đồng Tháp,Phường Sa Đéc,65 Nguyễn Trãi
1092,Cần Thơ,Phường Ninh Kiều,190 Trần Hưng Đạo
1093,Cần Thơ,Phường Cái Răng,232 Lý Thường Kiệt
1094,Cần Thơ,Phường Ninh Kiều,540 Nguyễn Trãi
1095,TP. Hồ Chí Minh,Phường Bến Thành,122 Nguyễn Huệ
1096,Đồng Nai,Xã Long Thành,367 Trần Hưng Đạo
1097,Đồng Tháp,Xã Lấp Vò,591 3 Tháng 2
1098,An Giang,Xã Tịnh Biên,291 Lê Lợi
1099,Đồng Tháp,Phường Cao Lãnh,375 Nguyễn Văn Cừ
1100,TP. Hồ Chí Minh,Phường Chợ Lớn,129 Nam Kỳ Khởi Nghĩa
1101,An Giang,Xã Tịnh Biên,115 3 Tháng 2
1102,TP. Hồ Chí Minh,Phường Bình Thạnh,298 3 Tháng 2
1103,Vĩnh Long,Xã Bình Minh,257 Hai Bà Trưng
1104,TP. Hồ Chí Minh,Phường Sài Gòn,408 Phạm Văn Đồng
1105,Cần Thơ,Xã Phong Điền,203 Lê Lợi
1106,TP. Hồ Chí Minh,Phường Tân Định,7 Nam Kỳ Khởi Nghĩa
1107,TP. Hồ Chí Minh,Phường Tân Bình,300 Điện Biên Phủ
1108,Vĩnh Long,Xã Long Hồ,20 Nguyễn Văn Cừ
1109,Đồng Tháp,Phường Sa Đéc,352 Lê Lợi
1110,TP. Hồ Chí Minh,Phường Tân Bình,381 Cách Mạng Tháng Tám
1111,TP. Hồ Chí Minh,Phường Chợ Lớn,286 Phạm Văn Đồng
1112,TP. Hồ Chí Minh,Phường An Khánh,231 Quang Trung
1113,An Giang,Xã Chợ Mới,570 Lê Lợi
1114,TP. Hồ Chí Minh,Phường An Khánh,133 Lê Lợi
1115,Tây Ninh,Xã Dương Minh Châu,525 Phạm Văn Đồng
1116,TP. Hồ Chí Minh,Phường Tân Định,326 Nam Kỳ Khởi Nghĩa
1117,Vĩnh Long,Xã Tam Bình,370 Nguyễn Huệ
1118,Vĩnh Long,Phường Vĩnh Long,436 3 Tháng 2
1119,Tây Ninh,Xã Tân Biên,60 Nguyễn Trãi
1120,TP. Hồ Chí Minh,Phường Sài Gòn,496 3 Tháng 2
1121,TP. Hồ Chí Minh,Phường Bình Thạnh,59 Phạm Văn Đồng
1122,Đồng Nai,Xã Nhơn Trạch,25 Lý Thường Kiệt
1123,Cần Thơ,Phường Cái Răng,18 Điện Biên Phủ
1124,An Giang,Xã Tri Tôn,129 Nguyễn Huệ
1125,Đồng Tháp,Xã Lai Vung,214 Lý Thường Kiệt
1126,An Giang,Xã Tri Tôn,513 Nguyễn Trãi
1127,TP. Hồ Chí Minh,Phường Bến Thành,474 Lý Thường Kiệt
1128,Đồng Nai,Phường Long Khánh,468 Nguyễn Văn Cừ
1129,An Giang,Xã Tri Tôn,539 Lý Thường Kiệt
1130,TP. Hồ Chí Minh,Phường Sài Gòn,393 Quang Trung
1131,Vĩnh Long,Xã Bình Minh,143 Điện Biên Phủ
1132,TP. Hồ Chí Minh,Phường Bến Thành,338 Võ Văn Kiệt
1133,Tây Ninh,Phường Tây Ninh,300 Trần Hưng Đạo
1134,Cần Thơ,Phường Ninh Kiều,554 Võ Văn Kiệt
1135,Cần Thơ,Xã Phong Điền,261 Trần Hưng Đạo
1136,TP. Hồ Chí Minh,Phường Tân Bình,87 Nguyễn Huệ
1137,Đồng Nai,Phường Biên Hòa,190 Phạm Văn Đồng
1138,Vĩnh Long,Xã Long Hồ,381 Lê Lợi
1139,Cần Thơ,Phường Ô Môn,501 Lý Thường Kiệt
1140,Vĩnh Long,Phường Vĩnh Long,575 Hai Bà Trưng
1141,Cà Mau,Xã Trần Văn Thời,246 Quang Trung
1142,TP. Hồ Chí Minh,Phường An Khánh,331 Điện Biên Phủ
1143,TP. Hồ Chí Minh,Phường Tân Định,64 3 Tháng 2
1144,Cà Mau,Xã Trần Văn Thời,109 Nguyễn Văn Cừ
1145,Đồng Nai,Xã Nhơn Trạch,413 Lê Lợi
1146,Tây Ninh,Phường Trảng Bàng,106 Nguyễn Trãi
1147,An Giang,Xã Tịnh Biên,354 Nguyễn Trãi
1148,TP. Hồ Chí Minh,Phường Tân Bình,331 Pasteur
1149,Đồng Tháp,Phường Cao Lãnh,554 Quang Trung
1150,TP. Hồ Chí Minh,Phường Bến Thành,323 Phạm Văn Đồng
1151,TP. Hồ Chí Minh,Phường An Khánh,391 Hai Bà Trưng
1152,Vĩnh Long,Xã Long Hồ,62 Hai Bà Trưng
1153,TP. Hồ Chí Minh,Phường Tân Định,327 Lý Thường Kiệt
1154,Đồng Tháp,Xã Tháp Mười,7 Nguyễn Huệ
1155,TP. Hồ Chí Minh,Phường Sài Gòn,220 Nam Kỳ Khởi Nghĩa
1156,Đồng Nai,Phường Long Khánh,223 Võ Văn Kiệt
1157,TP. Hồ Chí Minh,Phường Chợ Lớn,499 Pasteur
1158,TP. Hồ Chí Minh,Phường Sài Gòn,9 3 Tháng 2
1159,Cần Thơ,Xã Phong Điền,311 Lê Lợi
1160,An Giang,Phường Long Xuyên,192 Trần Hưng Đạo
1161,TP. Hồ Chí Minh,Phường Thủ Đức,425 Phạm Văn Đồng
1162,TP. Hồ Chí Minh,Phường Sài Gòn,317 Võ Văn Kiệt
1163,Cà Mau,Phường Cà Mau,277 Nguyễn Trãi
1164,TP. Hồ Chí Minh,Phường Bình Thạnh,476 Nam Kỳ Khởi Nghĩa
1165,Cà Mau,Xã Đầm Dơi,427 Lý Thường Kiệt
1166,TP. Hồ Chí Minh,Phường Tân Bình,482 Hai Bà Trưng
1167,Vĩnh Long,Xã Tam Bình,280 Điện Biên Phủ
1168,Vĩnh Long,Xã Trà Ôn,503 Điện Biên Phủ
1169,Tây Ninh,Xã Tân Biên,296 Nguyễn Trãi
1170,An Giang,Xã Tịnh Biên,348 Cách Mạng Tháng Tám
1171,Cần Thơ,Phường Ninh Kiều,302 Phạm Văn Đồng
1172,Cần Thơ,Phường Bình Thủy,99 Pasteur
1173,TP. Hồ Chí Minh,Phường Sài Gòn,90 Trần Hưng Đạo
1174,TP. Hồ Chí Minh,Phường Bến Thành,146 Nguyễn Huệ
1175,TP. Hồ Chí Minh,Phường Bình Thạnh,533 Quang Trung
1176,TP. Hồ Chí Minh,Phường Chợ Lớn,289 3 Tháng 2
1177,Vĩnh Long,Xã Bình Minh,93 Nguyễn Văn Cừ
1178,Cà Mau,Phường Cà Mau,51 Võ Văn Kiệt
1179,Đồng Nai,Phường Trấn Biên,333 3 Tháng 2
1180,Đồng Tháp,Phường Sa Đéc,119 Trần Hưng Đạo
1181,Vĩnh Long,Xã Bình Minh,566 Lê Lợi
1182,TP. Hồ Chí Minh,Phường An Khánh,434 Điện Biên Phủ
1183,Đồng Nai,Xã Định Quán,531 Hai Bà Trưng
1184,TP. Hồ Chí Minh,Phường Sài Gòn,201 3 Tháng 2
1185,Tây Ninh,Xã Dương Minh Châu,571 Phạm Văn Đồng
1186,Đồng Nai,Phường Trấn Biên,549 Nguyễn Văn Cừ
1187,Vĩnh Long,Xã Long Hồ,90 Nguyễn Văn Cừ
1188,Đồng Tháp,Xã Lấp Vò,145 Nguyễn Văn Cừ
1189,Vĩnh Long,Xã Tam Bình,541 Điện Biên Phủ
1190,TP. Hồ Chí Minh,Phường An Khánh,20 Nam Kỳ Khởi Nghĩa
1191,Đồng Nai,Xã Định Quán,344 Lê Lợi
1192,Tây Ninh,Xã Gò Dầu,215 3 Tháng 2
1193,Đồng Nai,Xã Định Quán,183 Pasteur
1194,TP. Hồ Chí Minh,Phường Tân Bình,542 Quang Trung
1195,Đồng Nai,Phường Long Khánh,433 Trần Hưng Đạo
1196,Cần Thơ,Phường Ninh Kiều,587 Lý Thường Kiệt
1197,Cần Thơ,Phường Thốt Nốt,499 Võ Văn Kiệt
1198,Cần Thơ,Phường Ô Môn,184 Phạm Văn Đồng
1199,An Giang,Phường Long Xuyên,270 Nguyễn Huệ
1200,Tây Ninh,Xã Châu Thành,304 Nguyễn Huệ
1201,TP. Hồ Chí Minh,Phường Thủ Đức,483 Hai Bà Trưng
1202,Đồng Nai,Phường Biên Hòa,495 Hai Bà Trưng
1203,Đồng Nai,Xã Nhơn Trạch,294 Nguyễn Trãi
1204,Vĩnh Long,Xã Tam Bình,221 3 Tháng 2
1205,Tây Ninh,Phường Tây Ninh,176 Lê Lợi
1206,Cà Mau,Xã U Minh,240 Quang Trung
1207,Cần Thơ,Phường Thốt Nốt,569 Pasteur
1208,Đồng Nai,Xã Nhơn Trạch,53 Quang Trung
1209,TP. Hồ Chí Minh,Phường Bến Thành,482 Trần Hưng Đạo
1210,Vĩnh Long,Xã Long Hồ,421 Lê Lợi
1211,An Giang,Phường Châu Đốc,50 Cách Mạng Tháng Tám
1212,Đồng Tháp,Xã Lai Vung,84 Điện Biên Phủ
1213,Đồng Tháp,Phường Sa Đéc,363 Quang Trung
1214,Cà Mau,Phường Cà Mau,363 Lê Lợi
1215,TP. Hồ Chí Minh,Phường Bình Thạnh,362 3 Tháng 2
1216,TP. Hồ Chí Minh,Phường Thủ Đức,485 Nam Kỳ Khởi Nghĩa
1217,Cần Thơ,Phường Ô Môn,62 Cách Mạng Tháng Tám
1218,Đồng Tháp,Xã Lấp Vò,282 Quang Trung
1219,Đồng Tháp,Xã Lai Vung,177 Nguyễn Huệ
1220,Cần Thơ,Phường Thốt Nốt,561 Phạm Văn Đồng
1221,TP. Hồ Chí Minh,Phường Chợ Lớn,581 Hai Bà Trưng
1222,Tây Ninh,Xã Gò Dầu,153 3 Tháng 2
1223,Cần Thơ,Phường Cái Răng,99 Nguyễn Trãi
1224,Vĩnh Long,Xã Trà Ôn,111 Cách Mạng Tháng Tám
1225,TP. Hồ Chí Minh,Phường Bình Thạnh,368 Nguyễn Văn Cừ
1226,TP. Hồ Chí Minh,Phường Sài Gòn,45 Nguyễn Huệ
1227,TP. Hồ Chí Minh,Phường Thủ Đức,588 Hai Bà Trưng
1228,Cần Thơ,Phường Cái Răng,329 Nguyễn Văn Cừ
1229,An Giang,Xã Phú Tân,447 Trần Hưng Đạo
1230,TP. Hồ Chí Minh,Phường Chợ Lớn,445 Cách Mạng Tháng Tám
1231,Cà Mau,Phường Cà Mau,393 Quang Trung
1232,Cần Thơ,Phường Ô Môn,508 Quang Trung
1233,Cần Thơ,Phường Ninh Kiều,368 Trần Hưng Đạo
1234,An Giang,Xã Phú Tân,562 3 Tháng 2
1235,Đồng Tháp,Xã Lấp Vò,115 Pasteur
1236,TP. Hồ Chí Minh,Phường Bình Thạnh,99 Cách Mạng Tháng Tám
1237,Cà Mau,Xã U Minh,542 Trần Hưng Đạo
1238,An Giang,Phường Châu Đốc,107 Lý Thường Kiệt
1239,Đồng Nai,Xã Long Thành,376 Nguyễn Trãi
1240,An Giang,Xã Tịnh Biên,357 3 Tháng 2
1241,Cần Thơ,Phường Bình Thủy,347 Nguyễn Văn Cừ
1242,An Giang,Xã Tri Tôn,545 Phạm Văn Đồng
1243,TP. Hồ Chí Minh,Phường Bến Thành,584 Nguyễn Huệ
1244,TP. Hồ Chí Minh,Phường Bến Thành,152 Nguyễn Trãi
1245,Vĩnh Long,Xã Long Hồ,478 Phạm Văn Đồng
1246,TP. Hồ Chí Minh,Phường Tân Bình,87 Cách Mạng Tháng Tám
1247,Vĩnh Long,Xã Tam Bình,28 Pasteur
1248,An Giang,Xã Tịnh Biên,305 Hai Bà Trưng
1249,Vĩnh Long,Xã Tam Bình,241 Nam Kỳ Khởi Nghĩa
1250,Đồng Tháp,Phường Sa Đéc,23 Lý Thường Kiệt
1251,An Giang,Xã Tri Tôn,585 Trần Hưng Đạo
1252,An Giang,Xã Phú Tân,510 Nguyễn Trãi
1253,TP. Hồ Chí Minh,Phường Bến Thành,569 Nguyễn Văn Cừ
1254,TP. Hồ Chí Minh,Phường Tân Bình,102 Quang Trung
1255,Đồng Nai,Phường Trấn Biên,297 Quang Trung
1256,Vĩnh Long,Xã Trà Ôn,89 Phạm Văn Đồng
1257,Cần Thơ,Phường Thốt Nốt,359 Lê Lợi
1258,Tây Ninh,Phường Tây Ninh,63 Nguyễn Trãi
1259,Đồng Nai,Xã Định Quán,337 Cách Mạng Tháng Tám
1260,TP. Hồ Chí Minh,Phường Bình Thạnh,221 Lê Lợi
1261,An Giang,Xã Phú Tân,533 Nguyễn Trãi
1262,TP. Hồ Chí Minh,Phường Thủ Đức,497 Trần Hưng Đạo
1263,Vĩnh Long,Xã Bình Minh,104 Nguyễn Huệ
1264,Cà Mau,Xã Ngọc Hiển,425 Điện Biên Phủ
1265,Cần Thơ,Phường Ninh Kiều,550 Nam Kỳ Khởi Nghĩa
1266,Cần Thơ,Phường Cái Răng,284 Nam Kỳ Khởi Nghĩa
1267,TP. Hồ Chí Minh,Phường Tân Bình,512 Quang Trung
1268,Vĩnh Long,Xã Trà Ôn,143 3 Tháng 2
1269,Đồng Tháp,Xã Tháp Mười,331 Nguyễn Trãi
1270,An Giang,Phường Châu Đốc,458 Điện Biên Phủ
1271,TP. Hồ Chí Minh,Phường Tân Bình,105 Cách Mạng Tháng Tám
1272,Đồng Tháp,Phường Sa Đéc,196 Nguyễn Huệ
1273,Đồng Nai,Phường Long Khánh,367 Nguyễn Huệ
1274,Đồng Nai,Phường Trấn Biên,217 Nam Kỳ Khởi Nghĩa
1275,TP. Hồ Chí Minh,Phường Chợ Lớn,161 Quang Trung
1276,Cà Mau,Xã U Minh,516 3 Tháng 2
1277,Đồng Tháp,Xã Lấp Vò,447 Lý Thường Kiệt
1278,TP. Hồ Chí Minh,Phường Tân Định,144 Nguyễn Văn Cừ
1279,An Giang,Xã Phú Tân,493 Lê Lợi
1280,TP. Hồ Chí Minh,Phường Tân Định,412 Nguyễn Trãi
1281,Tây Ninh,Xã Gò Dầu,270 Cách Mạng Tháng Tám
1282,Tây Ninh,Phường Tây Ninh,250 Trần Hưng Đạo
1283,TP. Hồ Chí Minh,Phường Tân Định,96 Lý Thường Kiệt
1284,TP. Hồ Chí Minh,Phường Tân Bình,412 Hai Bà Trưng
1285,Vĩnh Long,Xã Long Hồ,14 Nguyễn Văn Cừ
1286,An Giang,Xã Tri Tôn,370 Pasteur
1287,Tây Ninh,Xã Dương Minh Châu,38 Hai Bà Trưng
1288,Cần Thơ,Phường Thốt Nốt,302 Nguyễn Văn Cừ
1289,Đồng Nai,Phường Biên Hòa,383 Nam Kỳ Khởi Nghĩa
1290,TP. Hồ Chí Minh,Phường Sài Gòn,149 Nguyễn Huệ
1291,Cà Mau,Xã Năm Căn,417 Nguyễn Huệ
1292,Đồng Tháp,Xã Tháp Mười,310 Trần Hưng Đạo
1293,TP. Hồ Chí Minh,Phường Sài Gòn,329 Trần Hưng Đạo
1294,Cà Mau,Xã Đầm Dơi,591 Trần Hưng Đạo
1295,Đồng Tháp,Xã Lai Vung,350 Lê Lợi
1296,An Giang,Phường Châu Đốc,490 Pasteur
1297,Cà Mau,Xã Trần Văn Thời,223 Phạm Văn Đồng
1298,An Giang,Xã Tri Tôn,367 Lê Lợi
1299,Cần Thơ,Phường Cái Răng,24 Cách Mạng Tháng Tám
1300,TP. Hồ Chí Minh,Phường An Khánh,60 Điện Biên Phủ
1301,TP. Hồ Chí Minh,Phường Thủ Đức,514 3 Tháng 2
1302,Đồng Tháp,Phường Cao Lãnh,416 Cách Mạng Tháng Tám
1303,Tây Ninh,Phường Tây Ninh,339 Lê Lợi
1304,TP. Hồ Chí Minh,Phường Tân Bình,332 Lý Thường Kiệt
1305,Cần Thơ,Phường Bình Thủy,159 Nguyễn Văn Cừ
1306,An Giang,Phường Châu Đốc,357 Quang Trung
1307,TP. Hồ Chí Minh,Phường Bến Thành,62 Quang Trung
1308,Đồng Nai,Phường Trấn Biên,511 Trần Hưng Đạo
1309,Cần Thơ,Phường Thốt Nốt,75 Nam Kỳ Khởi Nghĩa
1310,Tây Ninh,Xã Tân Biên,250 Nam Kỳ Khởi Nghĩa
1311,TP. Hồ Chí Minh,Phường Tân Định,313 Võ Văn Kiệt
1312,An Giang,Phường Châu Đốc,460 Quang Trung
1313,Đồng Nai,Xã Long Thành,485 Phạm Văn Đồng
1314,Tây Ninh,Xã Châu Thành,370 Trần Hưng Đạo
1315,Đồng Tháp,Xã Lấp Vò,38 Quang Trung
1316,Cần Thơ,Phường Ninh Kiều,170 Quang Trung
1317,TP. Hồ Chí Minh,Phường An Khánh,90 Nam Kỳ Khởi Nghĩa
1318,An Giang,Phường Châu Đốc,197 Võ Văn Kiệt
1319,TP. Hồ Chí Minh,Phường Thủ Đức,71 Quang Trung
1320,Đồng Nai,Xã Định Quán,58 Lý Thường Kiệt
1321,Cần Thơ,Xã Phong Điền,599 Trần Hưng Đạo
1322,TP. Hồ Chí Minh,Phường Bình Thạnh,46 Lê Lợi
1323,TP. Hồ Chí Minh,Phường Tân Định,535 Điện Biên Phủ
1324,Vĩnh Long,Xã Trà Ôn,243 Pasteur
1325,An Giang,Xã Tịnh Biên,469 Lý Thường Kiệt
1326,Cần Thơ,Xã Phong Điền,135 Nam Kỳ Khởi Nghĩa
1327,TP. Hồ Chí Minh,Phường Tân Định,379 Nguyễn Huệ
1328,An Giang,Xã Chợ Mới,507 Pasteur
1329,TP. Hồ Chí Minh,Phường Bến Thành,140 3 Tháng 2
1330,TP. Hồ Chí Minh,Phường Tân Định,448 Cách Mạng Tháng Tám
1331,Vĩnh Long,Xã Trà Ôn,111 Lý Thường Kiệt
1332,Vĩnh Long,Xã Tam Bình,334 Hai Bà Trưng
1333,Vĩnh Long,Xã Bình Minh,391 Lê Lợi
1334,Cần Thơ,Xã Phong Điền,41 Nguyễn Huệ
1335,Đồng Tháp,Phường Cao Lãnh,113 Lê Lợi
1336,TP. Hồ Chí Minh,Phường Chợ Lớn,151 Nguyễn Văn Cừ
1337,TP. Hồ Chí Minh,Phường Tân Bình,517 Cách Mạng Tháng Tám
1338,TP. Hồ Chí Minh,Phường An Khánh,45 Trần Hưng Đạo
1339,Tây Ninh,Xã Tân Biên,478 Quang Trung
1340,TP. Hồ Chí Minh,Phường Sài Gòn,476 Võ Văn Kiệt
1341,TP. Hồ Chí Minh,Phường Bến Thành,578 Võ Văn Kiệt
1342,Tây Ninh,Xã Châu Thành,297 Nguyễn Văn Cừ
1343,Đồng Nai,Xã Long Thành,288 Lê Lợi
1344,TP. Hồ Chí Minh,Phường Tân Định,281 Cách Mạng Tháng Tám
1345,TP. Hồ Chí Minh,Phường Bình Thạnh,519 Lê Lợi
1346,Đồng Tháp,Phường Cao Lãnh,358 Lý Thường Kiệt
1347,Đồng Nai,Phường Long Khánh,285 Nguyễn Trãi
1348,Cần Thơ,Phường Bình Thủy,403 Võ Văn Kiệt
1349,Tây Ninh,Xã Gò Dầu,84 Nguyễn Văn Cừ
1350,TP. Hồ Chí Minh,Phường Thủ Đức,412 Trần Hưng Đạo
1351,Đồng Nai,Xã Nhơn Trạch,244 Điện Biên Phủ
1352,TP. Hồ Chí Minh,Phường Bình Thạnh,404 Trần Hưng Đạo
1353,An Giang,Phường Long Xuyên,397 Trần Hưng Đạo
1354,TP. Hồ Chí Minh,Phường Bến Thành,318 Điện Biên Phủ
1355,Vĩnh Long,Xã Trà Ôn,569 Phạm Văn Đồng
1356,Đồng Tháp,Xã Lai Vung,462 Cách Mạng Tháng Tám
1357,TP. Hồ Chí Minh,Phường Bến Thành,143 Lê Lợi
1358,TP. Hồ Chí Minh,Phường Chợ Lớn,215 3 Tháng 2
1359,Đồng Tháp,Phường Hồng Ngự,288 Nguyễn Huệ
1360,Cần Thơ,Xã Phong Điền,70 Trần Hưng Đạo
1361,TP. Hồ Chí Minh,Phường An Khánh,240 Phạm Văn Đồng
1362,TP. Hồ Chí Minh,Phường An Khánh,147 Nam Kỳ Khởi Nghĩa
1363,Cần Thơ,Xã Phong Điền,291 Phạm Văn Đồng
1364,Cần Thơ,Phường Ô Môn,407 Trần Hưng Đạo
1365,TP. Hồ Chí Minh,Phường Bến Thành,77 Nguyễn Trãi
1366,Đồng Nai,Phường Biên Hòa,107 Lê Lợi
1367,TP. Hồ Chí Minh,Phường Sài Gòn,528 Phạm Văn Đồng
1368,An Giang,Xã Chợ Mới,406 Lý Thường Kiệt
1369,Vĩnh Long,Phường Vĩnh Long,216 Pasteur
1370,Vĩnh Long,Xã Long Hồ,311 Nam Kỳ Khởi Nghĩa
1371,Đồng Tháp,Xã Lai Vung,253 Nguyễn Văn Cừ
1372,Tây Ninh,Xã Gò Dầu,444 Nguyễn Văn Cừ
1373,TP. Hồ Chí Minh,Phường Tân Bình,276 Lê Lợi
1374,Tây Ninh,Phường Tây Ninh,394 Điện Biên Phủ
1375,Cần Thơ,Xã Phong Điền,322 Nguyễn Trãi
1376,TP. Hồ Chí Minh,Phường Tân Bình,489 Lý Thường Kiệt
1377,An Giang,Xã Tịnh Biên,544 Lý Thường Kiệt
1378,TP. Hồ Chí Minh,Phường Thủ Đức,318 Pasteur
1379,Đồng Tháp,Xã Lai Vung,85 Phạm Văn Đồng
1380,TP. Hồ Chí Minh,Phường Tân Bình,432 Nam Kỳ Khởi Nghĩa
1381,Tây Ninh,Phường Tây Ninh,8 Võ Văn Kiệt
1382,TP. Hồ Chí Minh,Phường Tân Định,522 Điện Biên Phủ
1383,Đồng Nai,Phường Trấn Biên,283 Trần Hưng Đạo
1384,An Giang,Xã Tịnh Biên,79 Lý Thường Kiệt
1385,Đồng Nai,Phường Biên Hòa,88 Trần Hưng Đạo
1386,Vĩnh Long,Xã Trà Ôn,560 Hai Bà Trưng
1387,Cần Thơ,Phường Ninh Kiều,373 Nguyễn Trãi
1388,TP. Hồ Chí Minh,Phường Chợ Lớn,324 Nguyễn Huệ
1389,Tây Ninh,Phường Tây Ninh,72 3 Tháng 2
1390,Đồng Nai,Xã Nhơn Trạch,293 Trần Hưng Đạo
1391,TP. Hồ Chí Minh,Phường Bến Thành,416 Điện Biên Phủ
1392,TP. Hồ Chí Minh,Phường Thủ Đức,504 Điện Biên Phủ
1393,Đồng Nai,Xã Nhơn Trạch,303 Lý Thường Kiệt
1394,An Giang,Phường Châu Đốc,136 Nguyễn Trãi
1395,Đồng Tháp,Phường Sa Đéc,126 Nam Kỳ Khởi Nghĩa
1396,Cà Mau,Xã U Minh,412 Nam Kỳ Khởi Nghĩa
1397,Cần Thơ,Phường Ô Môn,392 Phạm Văn Đồng
1398,Cần Thơ,Phường Cái Răng,460 Nguyễn Huệ
1399,Cần Thơ,Phường Ô Môn,586 Quang Trung
1400,Đồng Nai,Xã Định Quán,138 Điện Biên Phủ
1401,Đồng Tháp,Xã Lai Vung,555 Hai Bà Trưng
1402,An Giang,Xã Phú Tân,245 Lý Thường Kiệt
1403,An Giang,Phường Châu Đốc,215 3 Tháng 2
1404,TP. Hồ Chí Minh,Phường Bến Thành,194 Lê Lợi
1405,Cần Thơ,Xã Phong Điền,347 Nam Kỳ Khởi Nghĩa
1406,Vĩnh Long,Xã Long Hồ,125 Lê Lợi
1407,Đồng Tháp,Xã Tháp Mười,229 Nguyễn Văn Cừ
1408,Vĩnh Long,Xã Trà Ôn,560 Phạm Văn Đồng
1409,TP. Hồ Chí Minh,Phường An Khánh,422 Lê Lợi
1410,TP. Hồ Chí Minh,Phường Thủ Đức,404 Hai Bà Trưng
1411,Đồng Nai,Phường Biên Hòa,255 Trần Hưng Đạo
1412,Cần Thơ,Phường Thốt Nốt,89 Nguyễn Văn Cừ
1413,TP. Hồ Chí Minh,Phường Thủ Đức,205 Quang Trung
1414,Tây Ninh,Xã Châu Thành,436 Nguyễn Trãi
1415,Đồng Tháp,Xã Tháp Mười,401 Cách Mạng Tháng Tám
1416,TP. Hồ Chí Minh,Phường Tân Bình,298 Nguyễn Trãi
1417,Đồng Nai,Phường Trấn Biên,97 3 Tháng 2
1418,Đồng Tháp,Xã Tháp Mười,541 Phạm Văn Đồng
1419,TP. Hồ Chí Minh,Phường Sài Gòn,50 Pasteur
1420,Tây Ninh,Xã Dương Minh Châu,135 Hai Bà Trưng
1421,Cần Thơ,Xã Phong Điền,38 Hai Bà Trưng
1422,Tây Ninh,Xã Gò Dầu,103 Nguyễn Trãi
1423,Cần Thơ,Phường Thốt Nốt,539 Võ Văn Kiệt
1424,An Giang,Xã Chợ Mới,204 Nam Kỳ Khởi Nghĩa
1425,TP. Hồ Chí Minh,Phường Thủ Đức,337 Lý Thường Kiệt
1426,TP. Hồ Chí Minh,Phường Thủ Đức,369 Cách Mạng Tháng Tám
1427,An Giang,Phường Long Xuyên,2 Pasteur
1428,Tây Ninh,Xã Châu Thành,139 Nguyễn Trãi
1429,Tây Ninh,Xã Dương Minh Châu,210 Võ Văn Kiệt
1430,An Giang,Phường Long Xuyên,54 Quang Trung
1431,An Giang,Xã Phú Tân,366 Phạm Văn Đồng
1432,Vĩnh Long,Xã Long Hồ,236 Phạm Văn Đồng
1433,TP. Hồ Chí Minh,Phường Thủ Đức,535 Hai Bà Trưng
1434,Đồng Nai,Phường Biên Hòa,256 Nguyễn Huệ
1435,Cà Mau,Xã Năm Căn,401 Lê Lợi
1436,TP. Hồ Chí Minh,Phường Thủ Đức,162 3 Tháng 2
1437,Vĩnh Long,Xã Bình Minh,342 Điện Biên Phủ
1438,Cần Thơ,Xã Phong Điền,200 Pasteur
1439,Đồng Nai,Phường Long Khánh,75 Nguyễn Văn Cừ
1440,Tây Ninh,Xã Gò Dầu,339 3 Tháng 2
1441,TP. Hồ Chí Minh,Phường Tân Bình,412 Quang Trung
1442,TP. Hồ Chí Minh,Phường Thủ Đức,61 Nguyễn Trãi
1443,TP. Hồ Chí Minh,Phường Sài Gòn,581 Nguyễn Trãi
1444,An Giang,Phường Long Xuyên,451 Cách Mạng Tháng Tám
1445,Cần Thơ,Xã Phong Điền,450 Lê Lợi
1446,An Giang,Xã Phú Tân,457 Phạm Văn Đồng
1447,Đồng Nai,Xã Định Quán,396 Nguyễn Trãi
1448,Đồng Nai,Xã Nhơn Trạch,491 Trần Hưng Đạo
1449,Đồng Nai,Xã Định Quán,302 3 Tháng 2
1450,Cần Thơ,Phường Thốt Nốt,266 Trần Hưng Đạo
1451,Cần Thơ,Phường Bình Thủy,333 Pasteur
1452,Tây Ninh,Phường Trảng Bàng,437 Võ Văn Kiệt
1453,TP. Hồ Chí Minh,Phường Chợ Lớn,126 Lê Lợi
1454,TP. Hồ Chí Minh,Phường Thủ Đức,541 Nam Kỳ Khởi Nghĩa
1455,Đồng Nai,Xã Long Thành,1 Cách Mạng Tháng Tám
1456,TP. Hồ Chí Minh,Phường Chợ Lớn,382 Trần Hưng Đạo
1457,Vĩnh Long,Xã Mang Thít,481 Võ Văn Kiệt
1458,Cần Thơ,Xã Phong Điền,147 Lê Lợi
1459,TP. Hồ Chí Minh,Phường Tân Bình,269 Cách Mạng Tháng Tám
1460,An Giang,Xã Chợ Mới,399 Pasteur
1461,Vĩnh Long,Xã Bình Minh,535 Võ Văn Kiệt
1462,An Giang,Xã Tịnh Biên,165 Hai Bà Trưng
1463,Vĩnh Long,Xã Trà Ôn,516 Nguyễn Huệ
1464,TP. Hồ Chí Minh,Phường An Khánh,30 Lý Thường Kiệt
1465,TP. Hồ Chí Minh,Phường An Khánh,404 Nam Kỳ Khởi Nghĩa
1466,TP. Hồ Chí Minh,Phường Tân Bình,408 Quang Trung
1467,Đồng Tháp,Phường Cao Lãnh,209 Hai Bà Trưng
1468,Cà Mau,Xã Trần Văn Thời,361 Lý Thường Kiệt
1469,TP. Hồ Chí Minh,Phường Bến Thành,93 Điện Biên Phủ
1470,TP. Hồ Chí Minh,Phường An Khánh,483 Pasteur
1471,An Giang,Xã Tri Tôn,236 Trần Hưng Đạo
1472,TP. Hồ Chí Minh,Phường An Khánh,173 Nam Kỳ Khởi Nghĩa
1473,TP. Hồ Chí Minh,Phường Thủ Đức,109 Nguyễn Huệ
1474,TP. Hồ Chí Minh,Phường Chợ Lớn,494 Nguyễn Huệ
1475,An Giang,Phường Châu Đốc,315 Võ Văn Kiệt
1476,TP. Hồ Chí Minh,Phường Bình Thạnh,185 Cách Mạng Tháng Tám
1477,Cần Thơ,Phường Ô Môn,447 Lý Thường Kiệt
1478,Đồng Tháp,Phường Sa Đéc,538 Lê Lợi
1479,TP. Hồ Chí Minh,Phường Sài Gòn,465 Nguyễn Văn Cừ
1480,TP. Hồ Chí Minh,Phường Tân Định,85 Võ Văn Kiệt
1481,Đồng Nai,Xã Long Thành,154 Pasteur
1482,Đồng Nai,Phường Trấn Biên,136 Pasteur
1483,An Giang,Xã Tri Tôn,492 Lý Thường Kiệt
1484,Đồng Nai,Xã Định Quán,322 Trần Hưng Đạo
1485,An Giang,Xã Phú Tân,155 Nguyễn Trãi
1486,Vĩnh Long,Xã Trà Ôn,55 Phạm Văn Đồng
1487,Đồng Nai,Xã Long Thành,463 Cách Mạng Tháng Tám
1488,Đồng Tháp,Xã Lấp Vò,64 Võ Văn Kiệt
1489,Cà Mau,Phường Cà Mau,245 3 Tháng 2
1490,An Giang,Xã Tri Tôn,216 Nguyễn Trãi
1491,Cần Thơ,Phường Thốt Nốt,528 Phạm Văn Đồng
1492,Đồng Tháp,Phường Sa Đéc,515 Điện Biên Phủ
1493,TP. Hồ Chí Minh,Phường Tân Định,576 Phạm Văn Đồng
1494,Đồng Nai,Phường Biên Hòa,147 Pasteur
1495,Đồng Nai,Xã Nhơn Trạch,489 3 Tháng 2
1496,Đồng Nai,Xã Long Thành,352 Trần Hưng Đạo
1497,TP. Hồ Chí Minh,Phường Chợ Lớn,184 Phạm Văn Đồng
1498,Đồng Nai,Phường Biên Hòa,177 Nam Kỳ Khởi Nghĩa
1499,Cần Thơ,Phường Bình Thủy,344 Hai Bà Trưng
1500,Cần Thơ,Phường Ninh Kiều,378 Pasteur
1501,Đồng Tháp,Xã Lai Vung,152 Lê Lợi
1502,Cà Mau,Xã Năm Căn,380 Nam Kỳ Khởi Nghĩa
1503,Đồng Tháp,Xã Tháp Mười,77 Nguyễn Huệ
1504,TP. Hồ Chí Minh,Phường Bình Thạnh,289 Nguyễn Văn Cừ
1505,Cà Mau,Xã Đầm Dơi,157 Lê Lợi
1506,Vĩnh Long,Xã Trà Ôn,363 Cách Mạng Tháng Tám
1507,TP. Hồ Chí Minh,Phường Tân Bình,394 Pasteur
1508,Đồng Nai,Phường Long Khánh,399 Điện Biên Phủ
1509,TP. Hồ Chí Minh,Phường Thủ Đức,351 Lý Thường Kiệt
1510,TP. Hồ Chí Minh,Phường An Khánh,46 Phạm Văn Đồng
1511,Cà Mau,Phường Cà Mau,150 Điện Biên Phủ
1512,TP. Hồ Chí Minh,Phường Bình Thạnh,95 Lê Lợi
1513,TP. Hồ Chí Minh,Phường Thủ Đức,505 Nam Kỳ Khởi Nghĩa
1514,An Giang,Phường Long Xuyên,273 Cách Mạng Tháng Tám
1515,Tây Ninh,Xã Châu Thành,380 Cách Mạng Tháng Tám
1516,Cà Mau,Xã U Minh,378 Nguyễn Trãi
1517,Vĩnh Long,Xã Trà Ôn,569 Lê Lợi
1518,Vĩnh Long,Xã Trà Ôn,316 Nam Kỳ Khởi Nghĩa
1519,Đồng Tháp,Xã Lấp Vò,345 Nguyễn Trãi
1520,Đồng Nai,Phường Biên Hòa,30 Pasteur
1521,Cần Thơ,Phường Ninh Kiều,90 3 Tháng 2
1522,TP. Hồ Chí Minh,Phường Thủ Đức,558 Nguyễn Trãi
1523,Cà Mau,Xã Đầm Dơi,116 Nguyễn Trãi
1524,Cần Thơ,Phường Cái Răng,257 Phạm Văn Đồng
1525,Cà Mau,Xã Năm Căn,594 Nguyễn Văn Cừ
1526,Vĩnh Long,Phường Vĩnh Long,2 Trần Hưng Đạo
1527,TP. Hồ Chí Minh,Phường Thủ Đức,33 Võ Văn Kiệt
1528,Tây Ninh,Phường Trảng Bàng,228 Lý Thường Kiệt
1529,Đồng Tháp,Xã Lai Vung,221 3 Tháng 2
1530,Vĩnh Long,Xã Tam Bình,457 Lý Thường Kiệt
1531,An Giang,Xã Tịnh Biên,429 Nguyễn Văn Cừ
1532,TP. Hồ Chí Minh,Phường Chợ Lớn,456 Quang Trung
1533,Cà Mau,Xã Năm Căn,265 Pasteur
1534,Đồng Tháp,Xã Lấp Vò,473 Lý Thường Kiệt
1535,Đồng Nai,Phường Trấn Biên,77 Phạm Văn Đồng
1536,TP. Hồ Chí Minh,Phường Tân Bình,264 Nam Kỳ Khởi Nghĩa
1537,Cà Mau,Phường Cà Mau,78 Trần Hưng Đạo
1538,TP. Hồ Chí Minh,Phường Thủ Đức,69 Trần Hưng Đạo
1539,Đồng Nai,Xã Long Thành,117 Nguyễn Trãi
1540,Cần Thơ,Phường Bình Thủy,112 Pasteur
1541,Cần Thơ,Phường Ninh Kiều,427 Điện Biên Phủ
1542,Đồng Nai,Xã Định Quán,114 Lý Thường Kiệt
1543,An Giang,Xã Chợ Mới,306 Trần Hưng Đạo
1544,Đồng Nai,Phường Trấn Biên,321 Trần Hưng Đạo
1545,Tây Ninh,Xã Dương Minh Châu,153 Pasteur
1546,An Giang,Xã Chợ Mới,408 Quang Trung
1547,Đồng Nai,Xã Định Quán,363 Pasteur
1548,Tây Ninh,Xã Tân Biên,481 Võ Văn Kiệt
1549,TP. Hồ Chí Minh,Phường Sài Gòn,306 Phạm Văn Đồng
1550,Vĩnh Long,Phường Vĩnh Long,384 Điện Biên Phủ
1551,Đồng Nai,Xã Long Thành,157 Quang Trung
1552,Đồng Tháp,Xã Lấp Vò,347 Cách Mạng Tháng Tám
1553,Tây Ninh,Xã Gò Dầu,228 Nguyễn Trãi
1554,Đồng Tháp,Xã Lai Vung,134 Điện Biên Phủ
1555,Đồng Tháp,Phường Cao Lãnh,161 Điện Biên Phủ
1556,TP. Hồ Chí Minh,Phường Bình Thạnh,450 Hai Bà Trưng
1557,Đồng Tháp,Xã Lai Vung,100 Điện Biên Phủ
1558,Đồng Nai,Xã Định Quán,520 Phạm Văn Đồng
1559,An Giang,Xã Chợ Mới,239 Lý Thường Kiệt
1560,TP. Hồ Chí Minh,Phường Chợ Lớn,296 Phạm Văn Đồng
1561,Vĩnh Long,Xã Tam Bình,576 Lê Lợi
1562,TP. Hồ Chí Minh,Phường An Khánh,387 Trần Hưng Đạo
1563,Tây Ninh,Xã Tân Biên,15 Võ Văn Kiệt
1564,Vĩnh Long,Xã Tam Bình,404 Quang Trung
1565,TP. Hồ Chí Minh,Phường Sài Gòn,149 Cách Mạng Tháng Tám
1566,Vĩnh Long,Xã Long Hồ,250 Lê Lợi
1567,Đồng Tháp,Xã Tháp Mười,59 Nguyễn Huệ
1568,Đồng Tháp,Phường Hồng Ngự,384 3 Tháng 2
1569,TP. Hồ Chí Minh,Phường Tân Bình,286 Quang Trung
1570,Cần Thơ,Phường Cái Răng,517 Hai Bà Trưng
1571,TP. Hồ Chí Minh,Phường Sài Gòn,154 Nam Kỳ Khởi Nghĩa
1572,Tây Ninh,Phường Trảng Bàng,312 Lý Thường Kiệt
1573,Cà Mau,Xã Trần Văn Thời,540 3 Tháng 2
1574,Đồng Tháp,Phường Sa Đéc,412 Phạm Văn Đồng
1575,TP. Hồ Chí Minh,Phường Tân Định,112 Lê Lợi
1576,TP. Hồ Chí Minh,Phường Bình Thạnh,204 Quang Trung
1577,Tây Ninh,Phường Tây Ninh,487 Lê Lợi
1578,TP. Hồ Chí Minh,Phường Tân Định,427 Pasteur
1579,Cần Thơ,Xã Phong Điền,40 Hai Bà Trưng
1580,Đồng Tháp,Phường Sa Đéc,147 Nguyễn Trãi
1581,Vĩnh Long,Xã Tam Bình,140 Nguyễn Trãi
1582,TP. Hồ Chí Minh,Phường Tân Bình,503 Trần Hưng Đạo
1583,Đồng Nai,Phường Trấn Biên,321 Lê Lợi
1584,TP. Hồ Chí Minh,Phường An Khánh,396 Nguyễn Trãi
1585,Vĩnh Long,Xã Tam Bình,165 Cách Mạng Tháng Tám
1586,Cà Mau,Xã U Minh,17 Pasteur
1587,TP. Hồ Chí Minh,Phường Thủ Đức,225 3 Tháng 2
1588,Đồng Nai,Phường Trấn Biên,533 Nam Kỳ Khởi Nghĩa
1589,Đồng Nai,Xã Định Quán,363 Quang Trung
1590,Đồng Nai,Xã Nhơn Trạch,235 Phạm Văn Đồng
1591,An Giang,Xã Chợ Mới,6 Lê Lợi
1592,TP. Hồ Chí Minh,Phường Bến Thành,460 Phạm Văn Đồng
1593,TP. Hồ Chí Minh,Phường Tân Bình,591 Pasteur
1594,Đồng Tháp,Xã Lai Vung,439 Nguyễn Huệ
1595,TP. Hồ Chí Minh,Phường Bến Thành,374 Quang Trung
1596,Cà Mau,Xã Trần Văn Thời,544 Hai Bà Trưng
1597,Đồng Tháp,Xã Lấp Vò,468 Nguyễn Huệ
1598,Vĩnh Long,Phường Vĩnh Long,32 Hai Bà Trưng
1599,TP. Hồ Chí Minh,Phường Tân Định,580 Nam Kỳ Khởi Nghĩa
1600,Đồng Nai,Phường Biên Hòa,74 Nguyễn Huệ
1601,TP. Hồ Chí Minh,Phường An Khánh,510 Quang Trung
1602,Cần Thơ,Phường Cái Răng,299 Nguyễn Huệ
1603,Đồng Nai,Xã Long Thành,295 Hai Bà Trưng
1604,Tây Ninh,Phường Trảng Bàng,518 Hai Bà Trưng
1605,Cần Thơ,Phường Cái Răng,196 Phạm Văn Đồng
1606,Cần Thơ,Phường Thốt Nốt,500 Điện Biên Phủ
1607,TP. Hồ Chí Minh,Phường An Khánh,258 Hai Bà Trưng
1608,Cà Mau,Phường Cà Mau,254 Nguyễn Văn Cừ
1609,TP. Hồ Chí Minh,Phường Bình Thạnh,19 Quang Trung
1610,Đồng Nai,Phường Biên Hòa,169 Trần Hưng Đạo
1611,TP. Hồ Chí Minh,Phường Tân Định,21 Pasteur
1612,TP. Hồ Chí Minh,Phường Tân Bình,463 Lê Lợi
1613,TP. Hồ Chí Minh,Phường Tân Bình,341 Pasteur
1614,Đồng Nai,Phường Long Khánh,145 Cách Mạng Tháng Tám
1615,TP. Hồ Chí Minh,Phường Chợ Lớn,316 Trần Hưng Đạo
1616,An Giang,Xã Tri Tôn,549 Võ Văn Kiệt
1617,TP. Hồ Chí Minh,Phường Chợ Lớn,333 3 Tháng 2
1618,Đồng Nai,Phường Trấn Biên,36 3 Tháng 2
1619,TP. Hồ Chí Minh,Phường Tân Định,375 Hai Bà Trưng
1620,TP. Hồ Chí Minh,Phường Chợ Lớn,552 Phạm Văn Đồng
1621,TP. Hồ Chí Minh,Phường Bến Thành,448 Quang Trung
1622,TP. Hồ Chí Minh,Phường Sài Gòn,67 3 Tháng 2
1623,Tây Ninh,Xã Châu Thành,530 Võ Văn Kiệt
1624,TP. Hồ Chí Minh,Phường Tân Định,173 Lê Lợi
1625,TP. Hồ Chí Minh,Phường Chợ Lớn,518 3 Tháng 2
1626,Tây Ninh,Phường Trảng Bàng,67 Trần Hưng Đạo
1627,Đồng Tháp,Xã Lai Vung,76 Lê Lợi
1628,Cần Thơ,Phường Ô Môn,488 Nguyễn Trãi
1629,TP. Hồ Chí Minh,Phường Tân Bình,150 Lý Thường Kiệt
1630,TP. Hồ Chí Minh,Phường Chợ Lớn,533 Trần Hưng Đạo
1631,Cần Thơ,Phường Ô Môn,573 3 Tháng 2
1632,Cà Mau,Xã Đầm Dơi,240 Lê Lợi
1633,TP. Hồ Chí Minh,Phường Sài Gòn,13 Nam Kỳ Khởi Nghĩa
1634,TP. Hồ Chí Minh,Phường Tân Bình,433 Nguyễn Trãi
1635,Đồng Nai,Phường Trấn Biên,124 Cách Mạng Tháng Tám
1636,Cà Mau,Xã Trần Văn Thời,341 3 Tháng 2
1637,TP. Hồ Chí Minh,Phường Bến Thành,399 Nguyễn Huệ
1638,TP. Hồ Chí Minh,Phường Thủ Đức,203 Lý Thường Kiệt
1639,Đồng Nai,Xã Nhơn Trạch,224 Phạm Văn Đồng
1640,An Giang,Phường Châu Đốc,330 Võ Văn Kiệt
1641,TP. Hồ Chí Minh,Phường Chợ Lớn,452 Hai Bà Trưng
1642,Đồng Nai,Phường Long Khánh,441 Quang Trung
1643,Cà Mau,Xã Trần Văn Thời,351 Điện Biên Phủ
1644,Cần Thơ,Phường Ô Môn,412 3 Tháng 2
1645,Đồng Tháp,Phường Cao Lãnh,222 Nguyễn Huệ
1646,Cần Thơ,Phường Thốt Nốt,565 3 Tháng 2
1647,TP. Hồ Chí Minh,Phường Chợ Lớn,259 Nguyễn Huệ
1648,Cần Thơ,Phường Thốt Nốt,516 Pasteur
1649,Vĩnh Long,Xã Tam Bình,89 Cách Mạng Tháng Tám
1650,Đồng Nai,Xã Định Quán,4 Nguyễn Huệ
1651,TP. Hồ Chí Minh,Phường Sài Gòn,394 Lý Thường Kiệt
1652,TP. Hồ Chí Minh,Phường Bình Thạnh,550 Nguyễn Huệ
1653,Cà Mau,Xã Ngọc Hiển,205 Võ Văn Kiệt
1654,Tây Ninh,Phường Trảng Bàng,110 Lý Thường Kiệt
1655,An Giang,Xã Tri Tôn,24 Nam Kỳ Khởi Nghĩa
1656,Cà Mau,Xã Đầm Dơi,69 Quang Trung
1657,TP. Hồ Chí Minh,Phường Chợ Lớn,262 Điện Biên Phủ
1658,Vĩnh Long,Phường Vĩnh Long,237 Võ Văn Kiệt
1659,Cà Mau,Xã U Minh,331 Nguyễn Huệ
1660,An Giang,Phường Châu Đốc,531 Lê Lợi
1661,TP. Hồ Chí Minh,Phường Chợ Lớn,288 Nguyễn Văn Cừ
1662,Cần Thơ,Phường Ninh Kiều,535 Nam Kỳ Khởi Nghĩa
1663,TP. Hồ Chí Minh,Phường Bình Thạnh,207 Hai Bà Trưng
1664,An Giang,Phường Long Xuyên,541 Lý Thường Kiệt
1665,TP. Hồ Chí Minh,Phường Chợ Lớn,302 Hai Bà Trưng
1666,TP. Hồ Chí Minh,Phường Bến Thành,138 Lý Thường Kiệt
1667,TP. Hồ Chí Minh,Phường An Khánh,72 Hai Bà Trưng
1668,Vĩnh Long,Xã Tam Bình,189 Nam Kỳ Khởi Nghĩa
1669,Vĩnh Long,Xã Tam Bình,556 Lý Thường Kiệt
1670,TP. Hồ Chí Minh,Phường Chợ Lớn,89 Điện Biên Phủ
1671,Vĩnh Long,Xã Mang Thít,93 Trần Hưng Đạo
1672,An Giang,Phường Châu Đốc,189 Võ Văn Kiệt
1673,Cần Thơ,Phường Bình Thủy,71 3 Tháng 2
1674,Vĩnh Long,Xã Trà Ôn,312 Nguyễn Huệ
1675,TP. Hồ Chí Minh,Phường An Khánh,237 Lý Thường Kiệt
1676,Đồng Nai,Phường Long Khánh,42 Hai Bà Trưng
1677,Cần Thơ,Phường Bình Thủy,336 Trần Hưng Đạo
1678,TP. Hồ Chí Minh,Phường Bến Thành,402 Điện Biên Phủ
1679,TP. Hồ Chí Minh,Phường Chợ Lớn,541 Phạm Văn Đồng
1680,Vĩnh Long,Xã Bình Minh,433 Cách Mạng Tháng Tám
1681,Đồng Tháp,Phường Cao Lãnh,568 3 Tháng 2
1682,Đồng Nai,Phường Biên Hòa,400 Nguyễn Trãi
1683,An Giang,Xã Chợ Mới,522 Lê Lợi
1684,Cần Thơ,Phường Cái Răng,281 Điện Biên Phủ
1685,Đồng Nai,Phường Biên Hòa,520 Nguyễn Trãi
1686,Đồng Nai,Phường Long Khánh,227 Nguyễn Huệ
1687,TP. Hồ Chí Minh,Phường Bình Thạnh,170 3 Tháng 2
1688,Đồng Tháp,Phường Hồng Ngự,423 Nguyễn Trãi
1689,TP. Hồ Chí Minh,Phường Tân Bình,453 Võ Văn Kiệt
1690,Cần Thơ,Phường Thốt Nốt,263 Cách Mạng Tháng Tám
1691,An Giang,Xã Tri Tôn,380 Nguyễn Trãi
1692,Cà Mau,Xã Đầm Dơi,396 Quang Trung
1693,TP. Hồ Chí Minh,Phường Bến Thành,460 Quang Trung
1694,Vĩnh Long,Xã Trà Ôn,491 Lý Thường Kiệt
1695,TP. Hồ Chí Minh,Phường Sài Gòn,228 Nguyễn Văn Cừ
1696,Đồng Nai,Xã Long Thành,509 Nam Kỳ Khởi Nghĩa
1697,TP. Hồ Chí Minh,Phường Chợ Lớn,366 Nguyễn Huệ
1698,Vĩnh Long,Xã Bình Minh,481 Nam Kỳ Khởi Nghĩa
1699,TP. Hồ Chí Minh,Phường An Khánh,188 Lê Lợi
1700,Vĩnh Long,Xã Mang Thít,289 Nam Kỳ Khởi Nghĩa
1701,Đồng Tháp,Phường Hồng Ngự,555 Nguyễn Huệ
1702,TP. Hồ Chí Minh,Phường Bình Thạnh,212 Điện Biên Phủ
1703,Cần Thơ,Phường Ô Môn,25 Nam Kỳ Khởi Nghĩa
1704,TP. Hồ Chí Minh,Phường Chợ Lớn,166 Pasteur
1705,An Giang,Xã Phú Tân,311 Hai Bà Trưng
1706,Cà Mau,Xã Đầm Dơi,566 Phạm Văn Đồng
1707,An Giang,Xã Tịnh Biên,181 Nam Kỳ Khởi Nghĩa
1708,Đồng Nai,Xã Định Quán,438 Lý Thường Kiệt
1709,TP. Hồ Chí Minh,Phường Sài Gòn,242 Trần Hưng Đạo
1710,Đồng Tháp,Xã Lấp Vò,152 Quang Trung
1711,Đồng Nai,Phường Long Khánh,391 Trần Hưng Đạo
1712,TP. Hồ Chí Minh,Phường Sài Gòn,275 Trần Hưng Đạo
1713,Vĩnh Long,Xã Trà Ôn,102 Hai Bà Trưng
1714,Cần Thơ,Phường Bình Thủy,433 Nguyễn Huệ
1715,TP. Hồ Chí Minh,Phường Bến Thành,538 Lê Lợi
1716,TP. Hồ Chí Minh,Phường Tân Định,482 Trần Hưng Đạo
1717,Đồng Tháp,Xã Lấp Vò,390 Quang Trung
1718,Đồng Nai,Phường Biên Hòa,309 Lê Lợi
1719,TP. Hồ Chí Minh,Phường Chợ Lớn,226 Nguyễn Huệ
1720,Đồng Tháp,Xã Lai Vung,529 Phạm Văn Đồng
1721,Đồng Tháp,Xã Tháp Mười,52 Pasteur
1722,TP. Hồ Chí Minh,Phường Tân Định,10 Phạm Văn Đồng
1723,Tây Ninh,Xã Tân Biên,566 Điện Biên Phủ
1724,TP. Hồ Chí Minh,Phường Thủ Đức,34 Nguyễn Văn Cừ
1725,Vĩnh Long,Xã Mang Thít,301 Điện Biên Phủ
1726,Đồng Tháp,Xã Lai Vung,317 Pasteur
1727,Đồng Nai,Xã Nhơn Trạch,352 Cách Mạng Tháng Tám
1728,Cần Thơ,Phường Thốt Nốt,390 Hai Bà Trưng
1729,An Giang,Phường Châu Đốc,346 Pasteur
1730,Đồng Tháp,Phường Hồng Ngự,27 Võ Văn Kiệt
1731,TP. Hồ Chí Minh,Phường Chợ Lớn,593 Quang Trung
1732,Tây Ninh,Xã Tân Biên,138 Quang Trung
1733,Đồng Tháp,Phường Sa Đéc,489 Cách Mạng Tháng Tám
1734,TP. Hồ Chí Minh,Phường Thủ Đức,539 Nguyễn Huệ
1735,TP. Hồ Chí Minh,Phường Sài Gòn,84 Nguyễn Trãi
1736,Cần Thơ,Phường Ninh Kiều,302 Pasteur
1737,Tây Ninh,Xã Tân Biên,245 Lý Thường Kiệt
1738,TP. Hồ Chí Minh,Phường An Khánh,19 Lê Lợi
1739,An Giang,Xã Chợ Mới,471 Nguyễn Huệ
1740,Vĩnh Long,Xã Bình Minh,576 Hai Bà Trưng
1741,Đồng Nai,Xã Nhơn Trạch,344 3 Tháng 2
1742,Đồng Nai,Xã Định Quán,269 Lý Thường Kiệt
1743,Đồng Nai,Xã Định Quán,61 Pasteur
1744,Đồng Nai,Phường Biên Hòa,580 Nguyễn Huệ
1745,An Giang,Phường Long Xuyên,566 Trần Hưng Đạo
1746,An Giang,Xã Tri Tôn,118 Lý Thường Kiệt
1747,Đồng Nai,Xã Nhơn Trạch,495 3 Tháng 2
1748,Tây Ninh,Xã Tân Biên,67 Trần Hưng Đạo
1749,Tây Ninh,Phường Tây Ninh,150 Nguyễn Trãi
1750,Đồng Nai,Xã Nhơn Trạch,544 Nguyễn Văn Cừ
1751,Cần Thơ,Phường Ô Môn,467 Nguyễn Văn Cừ
1752,Cần Thơ,Phường Thốt Nốt,94 3 Tháng 2
1753,An Giang,Xã Phú Tân,556 Nam Kỳ Khởi Nghĩa
1754,Vĩnh Long,Xã Bình Minh,542 Nguyễn Trãi
1755,Vĩnh Long,Xã Tam Bình,5 Quang Trung
1756,TP. Hồ Chí Minh,Phường Bình Thạnh,547 Lý Thường Kiệt
1757,Cần Thơ,Phường Thốt Nốt,579 3 Tháng 2
1758,TP. Hồ Chí Minh,Phường Thủ Đức,111 Lê Lợi
1759,Đồng Nai,Xã Nhơn Trạch,326 Hai Bà Trưng
1760,TP. Hồ Chí Minh,Phường Chợ Lớn,330 Trần Hưng Đạo
1761,TP. Hồ Chí Minh,Phường Bến Thành,115 Võ Văn Kiệt
1762,TP. Hồ Chí Minh,Phường Tân Định,311 Trần Hưng Đạo
1763,TP. Hồ Chí Minh,Phường Bình Thạnh,413 Lý Thường Kiệt
1764,Cà Mau,Xã Ngọc Hiển,514 Lê Lợi
1765,Vĩnh Long,Xã Bình Minh,4 Nguyễn Huệ
1766,TP. Hồ Chí Minh,Phường Chợ Lớn,226 Trần Hưng Đạo
1767,Cà Mau,Phường Cà Mau,63 Pasteur
1768,An Giang,Xã Phú Tân,408 Võ Văn Kiệt
1769,Cần Thơ,Xã Phong Điền,583 Quang Trung
1770,Cà Mau,Xã Năm Căn,457 Phạm Văn Đồng
1771,TP. Hồ Chí Minh,Phường Thủ Đức,4 Hai Bà Trưng
1772,Đồng Nai,Phường Biên Hòa,202 Nguyễn Trãi
1773,TP. Hồ Chí Minh,Phường Bình Thạnh,341 Phạm Văn Đồng
1774,Cà Mau,Xã Đầm Dơi,249 Nguyễn Văn Cừ
1775,Cần Thơ,Xã Phong Điền,177 Nguyễn Văn Cừ
1776,Đồng Nai,Phường Long Khánh,124 3 Tháng 2
1777,Đồng Tháp,Xã Tháp Mười,491 Pasteur
1778,Đồng Tháp,Phường Cao Lãnh,25 Điện Biên Phủ
1779,TP. Hồ Chí Minh,Phường Tân Bình,456 Võ Văn Kiệt
1780,Cần Thơ,Phường Ninh Kiều,472 Pasteur
1781,An Giang,Xã Phú Tân,576 Nguyễn Huệ
1782,Đồng Nai,Phường Long Khánh,419 Nguyễn Văn Cừ
1783,TP. Hồ Chí Minh,Phường Bến Thành,129 Phạm Văn Đồng
1784,Cần Thơ,Phường Bình Thủy,576 Nam Kỳ Khởi Nghĩa
1785,Đồng Tháp,Xã Lấp Vò,23 Nam Kỳ Khởi Nghĩa
1786,Đồng Nai,Xã Long Thành,323 Điện Biên Phủ
1787,Cần Thơ,Phường Bình Thủy,8 3 Tháng 2
1788,Đồng Tháp,Xã Tháp Mười,5 Cách Mạng Tháng Tám
1789,TP. Hồ Chí Minh,Phường Thủ Đức,465 Pasteur
1790,Cà Mau,Xã Ngọc Hiển,570 Võ Văn Kiệt
1791,Đồng Tháp,Phường Sa Đéc,421 Trần Hưng Đạo
1792,Đồng Nai,Xã Định Quán,9 Pasteur
1793,TP. Hồ Chí Minh,Phường Thủ Đức,593 3 Tháng 2
1794,Cần Thơ,Xã Phong Điền,197 Pasteur
1795,Đồng Nai,Xã Định Quán,273 Võ Văn Kiệt
1796,Tây Ninh,Xã Châu Thành,196 Pasteur
1797,Đồng Tháp,Phường Sa Đéc,79 Nguyễn Huệ
1798,Đồng Tháp,Xã Lấp Vò,476 Nguyễn Huệ
1799,Cần Thơ,Phường Ninh Kiều,155 Điện Biên Phủ
1800,Cà Mau,Xã Ngọc Hiển,201 Pasteur
1801,Đồng Nai,Xã Định Quán,252 Lê Lợi
1802,TP. Hồ Chí Minh,Phường Thủ Đức,284 Pasteur
1803,Tây Ninh,Xã Gò Dầu,481 Lê Lợi
1804,TP. Hồ Chí Minh,Phường An Khánh,34 Quang Trung
1805,TP. Hồ Chí Minh,Phường Thủ Đức,476 Nguyễn Văn Cừ
1806,Cần Thơ,Phường Ô Môn,247 Nguyễn Huệ
1807,Đồng Tháp,Xã Lấp Vò,587 Quang Trung
1808,Đồng Nai,Phường Trấn Biên,262 Nguyễn Văn Cừ
1809,Cần Thơ,Phường Ô Môn,209 Pasteur
1810,An Giang,Phường Long Xuyên,4 Võ Văn Kiệt
1811,Cà Mau,Xã Năm Căn,549 Nam Kỳ Khởi Nghĩa
1812,Vĩnh Long,Xã Long Hồ,127 Nam Kỳ Khởi Nghĩa
1813,TP. Hồ Chí Minh,Phường Bình Thạnh,346 Nguyễn Trãi
1814,Vĩnh Long,Xã Mang Thít,296 Quang Trung
1815,Đồng Tháp,Xã Tháp Mười,4 Lý Thường Kiệt
1816,TP. Hồ Chí Minh,Phường Tân Định,416 Nguyễn Văn Cừ
1817,TP. Hồ Chí Minh,Phường An Khánh,117 Võ Văn Kiệt
1818,Đồng Nai,Phường Long Khánh,169 Nguyễn Văn Cừ
1819,Đồng Nai,Xã Nhơn Trạch,264 Nguyễn Huệ
1820,Vĩnh Long,Phường Vĩnh Long,64 Nguyễn Huệ
1821,Đồng Nai,Xã Nhơn Trạch,151 Lý Thường Kiệt
1822,An Giang,Xã Tri Tôn,314 Trần Hưng Đạo
1823,Cần Thơ,Phường Ô Môn,435 Lý Thường Kiệt
1824,Cà Mau,Phường Cà Mau,262 Hai Bà Trưng
1825,Cần Thơ,Phường Ô Môn,81 Phạm Văn Đồng
1826,Vĩnh Long,Xã Mang Thít,103 Pasteur
1827,TP. Hồ Chí Minh,Phường Tân Định,586 Hai Bà Trưng
1828,Cần Thơ,Phường Thốt Nốt,478 Võ Văn Kiệt
1829,Cần Thơ,Phường Bình Thủy,48 Lê Lợi
1830,TP. Hồ Chí Minh,Phường Chợ Lớn,58 Trần Hưng Đạo
1831,An Giang,Phường Long Xuyên,228 Cách Mạng Tháng Tám
1832,TP. Hồ Chí Minh,Phường Bình Thạnh,64 Phạm Văn Đồng
1833,An Giang,Phường Long Xuyên,443 3 Tháng 2
1834,An Giang,Xã Tri Tôn,331 Nguyễn Huệ
1835,Vĩnh Long,Xã Mang Thít,491 Nguyễn Trãi
1836,Cà Mau,Xã Đầm Dơi,598 3 Tháng 2
1837,Đồng Nai,Xã Long Thành,527 Lý Thường Kiệt
1838,Tây Ninh,Xã Châu Thành,321 Cách Mạng Tháng Tám
1839,Cần Thơ,Xã Phong Điền,5 3 Tháng 2
1840,Đồng Nai,Phường Long Khánh,289 Cách Mạng Tháng Tám
1841,TP. Hồ Chí Minh,Phường Tân Định,183 Pasteur
1842,Vĩnh Long,Xã Mang Thít,287 Lê Lợi
1843,Tây Ninh,Xã Dương Minh Châu,347 Phạm Văn Đồng
1844,TP. Hồ Chí Minh,Phường Tân Định,247 Pasteur
1845,Cần Thơ,Phường Cái Răng,386 Lê Lợi
1846,Cần Thơ,Phường Thốt Nốt,104 Trần Hưng Đạo
1847,Cần Thơ,Phường Ô Môn,148 Nguyễn Trãi
1848,Tây Ninh,Phường Trảng Bàng,310 Nguyễn Huệ
1849,Đồng Nai,Phường Trấn Biên,88 3 Tháng 2
1850,Đồng Nai,Xã Long Thành,316 Nguyễn Văn Cừ
1851,Đồng Tháp,Phường Hồng Ngự,82 Võ Văn Kiệt
1852,Cà Mau,Xã Trần Văn Thời,278 Nguyễn Văn Cừ
1853,Đồng Tháp,Xã Lấp Vò,352 Võ Văn Kiệt
1854,Đồng Nai,Phường Biên Hòa,582 Quang Trung
1855,Đồng Tháp,Phường Sa Đéc,228 Nguyễn Trãi
1856,Đồng Nai,Phường Long Khánh,475 Hai Bà Trưng
1857,TP. Hồ Chí Minh,Phường Bến Thành,237 Phạm Văn Đồng
1858,TP. Hồ Chí Minh,Phường Tân Định,163 Điện Biên Phủ
1859,Cà Mau,Xã Ngọc Hiển,520 Lê Lợi
1860,Đồng Tháp,Phường Sa Đéc,152 Hai Bà Trưng
1861,TP. Hồ Chí Minh,Phường Tân Định,20 Trần Hưng Đạo
1862,TP. Hồ Chí Minh,Phường Bến Thành,50 Nam Kỳ Khởi Nghĩa
1863,Đồng Tháp,Phường Hồng Ngự,235 Pasteur
1864,Vĩnh Long,Xã Long Hồ,335 Điện Biên Phủ
1865,Vĩnh Long,Xã Mang Thít,12 Điện Biên Phủ
1866,TP. Hồ Chí Minh,Phường Thủ Đức,381 Quang Trung
1867,Cần Thơ,Xã Phong Điền,66 Nguyễn Văn Cừ
1868,TP. Hồ Chí Minh,Phường Sài Gòn,580 Nguyễn Văn Cừ
1869,TP. Hồ Chí Minh,Phường Tân Bình,329 3 Tháng 2
1870,An Giang,Phường Châu Đốc,575 Cách Mạng Tháng Tám
1871,An Giang,Xã Chợ Mới,185 Trần Hưng Đạo
1872,TP. Hồ Chí Minh,Phường Chợ Lớn,450 Võ Văn Kiệt
1873,TP. Hồ Chí Minh,Phường Bình Thạnh,80 Quang Trung
1874,TP. Hồ Chí Minh,Phường Bình Thạnh,596 Nguyễn Huệ
1875,An Giang,Phường Long Xuyên,326 Lý Thường Kiệt
1876,TP. Hồ Chí Minh,Phường An Khánh,572 Hai Bà Trưng
1877,Đồng Nai,Xã Long Thành,221 Điện Biên Phủ
1878,Tây Ninh,Xã Gò Dầu,371 Võ Văn Kiệt
1879,Đồng Nai,Phường Biên Hòa,76 Hai Bà Trưng
1880,Đồng Nai,Xã Long Thành,512 Phạm Văn Đồng
1881,Đồng Nai,Phường Long Khánh,124 Võ Văn Kiệt
1882,TP. Hồ Chí Minh,Phường Chợ Lớn,536 Cách Mạng Tháng Tám
1883,TP. Hồ Chí Minh,Phường Chợ Lớn,512 Nam Kỳ Khởi Nghĩa
1884,TP. Hồ Chí Minh,Phường Tân Định,555 Pasteur
1885,Vĩnh Long,Xã Tam Bình,243 Điện Biên Phủ
1886,TP. Hồ Chí Minh,Phường An Khánh,322 Nguyễn Văn Cừ
1887,Cà Mau,Xã Năm Căn,504 Trần Hưng Đạo
1888,Tây Ninh,Phường Tây Ninh,388 Hai Bà Trưng
1889,Cà Mau,Xã U Minh,106 Hai Bà Trưng
1890,TP. Hồ Chí Minh,Phường Tân Bình,6 3 Tháng 2
1891,Vĩnh Long,Xã Tam Bình,386 Quang Trung
1892,Cần Thơ,Phường Thốt Nốt,285 Hai Bà Trưng
1893,Cần Thơ,Phường Bình Thủy,286 Pasteur
1894,Vĩnh Long,Xã Trà Ôn,339 3 Tháng 2
1895,TP. Hồ Chí Minh,Phường Tân Bình,252 Nguyễn Văn Cừ
1896,Đồng Nai,Phường Long Khánh,445 Nguyễn Huệ
1897,TP. Hồ Chí Minh,Phường Bình Thạnh,81 Lê Lợi
1898,Vĩnh Long,Xã Mang Thít,528 3 Tháng 2
1899,Đồng Tháp,Xã Lấp Vò,113 Nguyễn Trãi
1900,Đồng Nai,Xã Nhơn Trạch,133 Điện Biên Phủ
1901,Cà Mau,Phường Cà Mau,66 Điện Biên Phủ
1902,Cà Mau,Xã Trần Văn Thời,200 Võ Văn Kiệt
1903,Đồng Tháp,Xã Lấp Vò,101 Võ Văn Kiệt
1904,TP. Hồ Chí Minh,Phường Sài Gòn,86 Lê Lợi
1905,TP. Hồ Chí Minh,Phường Bình Thạnh,190 Quang Trung
1906,Cà Mau,Xã Trần Văn Thời,211 Phạm Văn Đồng
1907,An Giang,Xã Tri Tôn,568 Điện Biên Phủ
1908,TP. Hồ Chí Minh,Phường Bình Thạnh,565 Lê Lợi
1909,TP. Hồ Chí Minh,Phường Bình Thạnh,247 Nam Kỳ Khởi Nghĩa
1910,Cần Thơ,Phường Thốt Nốt,166 Lý Thường Kiệt
1911,Cần Thơ,Phường Bình Thủy,582 Lý Thường Kiệt
1912,TP. Hồ Chí Minh,Phường An Khánh,230 Điện Biên Phủ
1913,Cà Mau,Xã Đầm Dơi,173 Cách Mạng Tháng Tám
1914,Tây Ninh,Xã Tân Biên,218 3 Tháng 2
1915,TP. Hồ Chí Minh,Phường Thủ Đức,207 Trần Hưng Đạo
1916,TP. Hồ Chí Minh,Phường An Khánh,569 Quang Trung
1917,Cà Mau,Xã Trần Văn Thời,414 3 Tháng 2
1918,Đồng Tháp,Xã Tháp Mười,2 Hai Bà Trưng
1919,Vĩnh Long,Phường Vĩnh Long,466 Điện Biên Phủ
1920,Vĩnh Long,Phường Vĩnh Long,329 3 Tháng 2
1921,TP. Hồ Chí Minh,Phường Bến Thành,2 Trần Hưng Đạo
1922,Cà Mau,Phường Cà Mau,123 Trần Hưng Đạo
1923,Cà Mau,Xã Trần Văn Thời,296 Nam Kỳ Khởi Nghĩa
1924,TP. Hồ Chí Minh,Phường Sài Gòn,406 Nguyễn Văn Cừ
1925,TP. Hồ Chí Minh,Phường Thủ Đức,490 Phạm Văn Đồng
1926,TP. Hồ Chí Minh,Phường Sài Gòn,380 3 Tháng 2
1927,Cần Thơ,Phường Bình Thủy,35 3 Tháng 2
1928,Cần Thơ,Phường Thốt Nốt,391 Lý Thường Kiệt
1929,Đồng Tháp,Phường Sa Đéc,592 Hai Bà Trưng
1930,TP. Hồ Chí Minh,Phường An Khánh,551 Nguyễn Trãi
1931,Cần Thơ,Phường Thốt Nốt,320 Nguyễn Văn Cừ
1932,Tây Ninh,Phường Tây Ninh,58 Nguyễn Văn Cừ
1933,Đồng Nai,Xã Định Quán,286 Pasteur
1934,Cần Thơ,Phường Bình Thủy,299 Hai Bà Trưng
1935,Đồng Tháp,Xã Lấp Vò,327 Pasteur
1936,Cà Mau,Xã Ngọc Hiển,504 Võ Văn Kiệt
1937,TP. Hồ Chí Minh,Phường Sài Gòn,425 3 Tháng 2
1938,TP. Hồ Chí Minh,Phường Sài Gòn,345 Nguyễn Trãi
1939,Vĩnh Long,Xã Long Hồ,597 Cách Mạng Tháng Tám
1940,Vĩnh Long,Xã Mang Thít,339 Pasteur
1941,Cà Mau,Xã U Minh,499 Quang Trung
1942,TP. Hồ Chí Minh,Phường Thủ Đức,289 Trần Hưng Đạo
1943,Vĩnh Long,Xã Long Hồ,477 Trần Hưng Đạo
1944,Cà Mau,Xã Ngọc Hiển,540 Trần Hưng Đạo
1945,Vĩnh Long,Xã Trà Ôn,399 Nguyễn Văn Cừ
1946,Tây Ninh,Phường Tây Ninh,555 Quang Trung
1947,Đồng Tháp,Phường Hồng Ngự,473 Nam Kỳ Khởi Nghĩa
1948,Tây Ninh,Xã Tân Biên,583 Điện Biên Phủ
1949,TP. Hồ Chí Minh,Phường An Khánh,233 Võ Văn Kiệt
1950,Đồng Nai,Phường Trấn Biên,461 Pasteur
1951,Đồng Nai,Xã Định Quán,592 Nguyễn Huệ
1952,Tây Ninh,Xã Gò Dầu,438 Pasteur
1953,An Giang,Xã Tri Tôn,254 Trần Hưng Đạo
1954,An Giang,Xã Chợ Mới,235 Nguyễn Văn Cừ
1955,Cần Thơ,Phường Ninh Kiều,9 Nguyễn Huệ
1956,TP. Hồ Chí Minh,Phường An Khánh,589 Hai Bà Trưng
1957,Đồng Tháp,Xã Tháp Mười,62 Lê Lợi
1958,TP. Hồ Chí Minh,Phường An Khánh,212 Quang Trung
1959,TP. Hồ Chí Minh,Phường Bến Thành,275 Võ Văn Kiệt
1960,An Giang,Xã Chợ Mới,381 Phạm Văn Đồng
1961,TP. Hồ Chí Minh,Phường Chợ Lớn,305 Phạm Văn Đồng
1962,Đồng Nai,Phường Trấn Biên,168 3 Tháng 2
1963,Cà Mau,Xã Ngọc Hiển,508 Nam Kỳ Khởi Nghĩa
1964,Cà Mau,Phường Cà Mau,292 Điện Biên Phủ
1965,Đồng Nai,Xã Định Quán,85 Quang Trung
1966,Đồng Nai,Xã Định Quán,94 Nguyễn Văn Cừ
1967,TP. Hồ Chí Minh,Phường Chợ Lớn,161 Trần Hưng Đạo
1968,TP. Hồ Chí Minh,Phường Thủ Đức,558 Pasteur
1969,Cà Mau,Xã Trần Văn Thời,541 Nam Kỳ Khởi Nghĩa
1970,Vĩnh Long,Xã Mang Thít,362 Nguyễn Huệ
1971,TP. Hồ Chí Minh,Phường Tân Định,340 Phạm Văn Đồng
1972,Cà Mau,Xã Năm Căn,9 Điện Biên Phủ
1973,Tây Ninh,Xã Gò Dầu,184 Pasteur
1974,TP. Hồ Chí Minh,Phường Tân Định,77 Cách Mạng Tháng Tám
1975,Đồng Tháp,Phường Cao Lãnh,538 Lê Lợi
1976,Cần Thơ,Xã Phong Điền,576 Điện Biên Phủ
1977,Đồng Nai,Phường Biên Hòa,342 Nguyễn Huệ
1978,Tây Ninh,Xã Gò Dầu,413 Lê Lợi
1979,TP. Hồ Chí Minh,Phường Chợ Lớn,176 Lý Thường Kiệt
1980,Đồng Nai,Xã Nhơn Trạch,266 Võ Văn Kiệt
1981,Tây Ninh,Phường Tây Ninh,103 Quang Trung
1982,An Giang,Xã Tịnh Biên,467 Cách Mạng Tháng Tám
1983,TP. Hồ Chí Minh,Phường Tân Định,586 Nam Kỳ Khởi Nghĩa
1984,Cà Mau,Xã Năm Căn,418 Lê Lợi
1985,Vĩnh Long,Xã Long Hồ,40 Cách Mạng Tháng Tám
1986,TP. Hồ Chí Minh,Phường Tân Bình,107 Nguyễn Văn Cừ
1987,An Giang,Xã Chợ Mới,434 Nam Kỳ Khởi Nghĩa
1988,An Giang,Xã Chợ Mới,592 Lê Lợi
1989,TP. Hồ Chí Minh,Phường Bến Thành,143 Nguyễn Văn Cừ
1990,TP. Hồ Chí Minh,Phường Chợ Lớn,184 Trần Hưng Đạo
1991,Vĩnh Long,Xã Mang Thít,525 Lê Lợi
1992,Đồng Tháp,Phường Hồng Ngự,502 Võ Văn Kiệt
1993,Tây Ninh,Xã Dương Minh Châu,427 Quang Trung
1994,Vĩnh Long,Xã Mang Thít,21 Võ Văn Kiệt
1995,An Giang,Xã Phú Tân,220 Nguyễn Huệ
1996,An Giang,Phường Long Xuyên,39 Nguyễn Huệ
1997,Cần Thơ,Xã Phong Điền,389 Trần Hưng Đạo
1998,TP. Hồ Chí Minh,Phường Tân Định,460 Nam Kỳ Khởi Nghĩa
1999,Cần Thơ,Phường Ô Môn,141 Cách Mạng Tháng Tám
2000,Đồng Nai,Xã Long Thành,521 Lý Thường Kiệt
2001,TP. Hồ Chí Minh,Phường Tân Định,160 Trần Hưng Đạo
2002,TP. Hồ Chí Minh,Phường Tân Định,210 Pasteur
2003,An Giang,Xã Phú Tân,518 Lý Thường Kiệt
2004,Cần Thơ,Phường Ô Môn,549 Pasteur
2005,Cà Mau,Xã Năm Căn,184 Võ Văn Kiệt
2006,An Giang,Phường Châu Đốc,581 Cách Mạng Tháng Tám
2007,An Giang,Xã Tịnh Biên,161 Nguyễn Văn Cừ
2008,Cần Thơ,Phường Thốt Nốt,453 Hai Bà Trưng
2009,Đồng Nai,Phường Long Khánh,267 Pasteur
2010,Vĩnh Long,Xã Mang Thít,79 Cách Mạng Tháng Tám
2011,Đồng Nai,Xã Định Quán,578 Nguyễn Văn Cừ
2012,Đồng Nai,Phường Trấn Biên,256 Lê Lợi
2013,Cần Thơ,Phường Ô Môn,51 Nguyễn Văn Cừ
2014,Đồng Tháp,Phường Cao Lãnh,408 Điện Biên Phủ
2015,Cà Mau,Xã Đầm Dơi,124 Lê Lợi
2016,TP. Hồ Chí Minh,Phường Chợ Lớn,449 Trần Hưng Đạo
2017,Cần Thơ,Phường Ô Môn,550 Nguyễn Văn Cừ
2018,Tây Ninh,Phường Tây Ninh,255 Quang Trung
2019,Vĩnh Long,Xã Mang Thít,377 Điện Biên Phủ
2020,TP. Hồ Chí Minh,Phường Tân Bình,111 Điện Biên Phủ
2021,TP. Hồ Chí Minh,Phường Thủ Đức,513 Phạm Văn Đồng
2022,Đồng Nai,Phường Long Khánh,30 Trần Hưng Đạo
2023,An Giang,Xã Tri Tôn,255 Lê Lợi
2024,TP. Hồ Chí Minh,Phường Bến Thành,99 Điện Biên Phủ
2025,Cần Thơ,Phường Ô Môn,363 Quang Trung
2026,Vĩnh Long,Xã Trà Ôn,82 Pasteur
2027,Cần Thơ,Phường Cái Răng,144 Nguyễn Trãi
2028,Đồng Nai,Xã Nhơn Trạch,335 Nguyễn Văn Cừ
2029,TP. Hồ Chí Minh,Phường Bến Thành,256 Hai Bà Trưng
2030,Cà Mau,Xã Năm Căn,559 Phạm Văn Đồng
2031,TP. Hồ Chí Minh,Phường An Khánh,173 Quang Trung
2032,Cần Thơ,Phường Cái Răng,420 Võ Văn Kiệt
2033,TP. Hồ Chí Minh,Phường Sài Gòn,1 Cách Mạng Tháng Tám
2034,Vĩnh Long,Xã Mang Thít,505 Trần Hưng Đạo
2035,TP. Hồ Chí Minh,Phường Sài Gòn,101 Hai Bà Trưng
2036,Cần Thơ,Phường Ô Môn,71 Nam Kỳ Khởi Nghĩa
2037,An Giang,Xã Chợ Mới,332 Hai Bà Trưng
2038,Đồng Tháp,Xã Tháp Mười,440 Điện Biên Phủ
2039,TP. Hồ Chí Minh,Phường Sài Gòn,385 Cách Mạng Tháng Tám
2040,Đồng Tháp,Phường Cao Lãnh,29 Nguyễn Huệ
2041,TP. Hồ Chí Minh,Phường Thủ Đức,325 Quang Trung
2042,TP. Hồ Chí Minh,Phường Bình Thạnh,314 Quang Trung
2043,An Giang,Xã Chợ Mới,100 Quang Trung
2044,Đồng Nai,Xã Long Thành,260 3 Tháng 2
2045,An Giang,Xã Tịnh Biên,25 Trần Hưng Đạo
2046,Đồng Nai,Xã Nhơn Trạch,487 Hai Bà Trưng
2047,Đồng Nai,Phường Long Khánh,369 Lý Thường Kiệt
2048,Cà Mau,Xã Ngọc Hiển,340 Nguyễn Huệ
2049,TP. Hồ Chí Minh,Phường Thủ Đức,555 3 Tháng 2
2050,An Giang,Phường Long Xuyên,214 Võ Văn Kiệt
2051,TP. Hồ Chí Minh,Phường Bình Thạnh,488 Nguyễn Huệ
2052,An Giang,Xã Chợ Mới,144 Trần Hưng Đạo
2053,Cà Mau,Phường Cà Mau,593 Phạm Văn Đồng
2054,Tây Ninh,Phường Trảng Bàng,313 Nguyễn Trãi
2055,Vĩnh Long,Xã Bình Minh,11 Điện Biên Phủ
2056,Cần Thơ,Phường Ninh Kiều,265 Lý Thường Kiệt
2057,Cà Mau,Xã Năm Căn,8 Lê Lợi
2058,TP. Hồ Chí Minh,Phường Tân Định,235 Võ Văn Kiệt
2059,Cà Mau,Xã Năm Căn,306 Quang Trung
2060,Cà Mau,Xã Đầm Dơi,192 Lê Lợi
2061,Đồng Nai,Xã Nhơn Trạch,7 Nguyễn Trãi
2062,TP. Hồ Chí Minh,Phường Tân Định,539 Nguyễn Văn Cừ
2063,TP. Hồ Chí Minh,Phường An Khánh,180 Nguyễn Trãi
2064,Đồng Nai,Xã Long Thành,48 Nguyễn Huệ
2065,TP. Hồ Chí Minh,Phường An Khánh,472 Nguyễn Huệ
2066,TP. Hồ Chí Minh,Phường Chợ Lớn,594 Quang Trung
2067,TP. Hồ Chí Minh,Phường An Khánh,194 Lê Lợi
2068,An Giang,Xã Tri Tôn,89 Nguyễn Huệ
2069,Cà Mau,Phường Cà Mau,477 Phạm Văn Đồng
2070,TP. Hồ Chí Minh,Phường Tân Bình,376 Nguyễn Văn Cừ
2071,Vĩnh Long,Xã Long Hồ,232 Nam Kỳ Khởi Nghĩa
2072,TP. Hồ Chí Minh,Phường Tân Định,351 Nam Kỳ Khởi Nghĩa
2073,Tây Ninh,Xã Tân Biên,544 Lê Lợi
2074,TP. Hồ Chí Minh,Phường Tân Bình,45 Lý Thường Kiệt
2075,TP. Hồ Chí Minh,Phường Thủ Đức,166 Pasteur
2076,An Giang,Xã Phú Tân,495 3 Tháng 2
2077,TP. Hồ Chí Minh,Phường Chợ Lớn,586 Quang Trung
2078,An Giang,Phường Châu Đốc,355 3 Tháng 2
2079,TP. Hồ Chí Minh,Phường Bến Thành,319 3 Tháng 2
2080,TP. Hồ Chí Minh,Phường Tân Bình,33 Trần Hưng Đạo
2081,TP. Hồ Chí Minh,Phường Thủ Đức,512 Pasteur
2082,Vĩnh Long,Xã Tam Bình,64 Cách Mạng Tháng Tám
2083,An Giang,Xã Tịnh Biên,476 Lê Lợi
2084,TP. Hồ Chí Minh,Phường Tân Định,574 Nguyễn Trãi
2085,Cần Thơ,Phường Thốt Nốt,27 3 Tháng 2
2086,Cà Mau,Phường Cà Mau,403 Điện Biên Phủ
2087,TP. Hồ Chí Minh,Phường Tân Bình,353 Pasteur
2088,Đồng Nai,Xã Nhơn Trạch,442 Phạm Văn Đồng
2089,Tây Ninh,Xã Tân Biên,83 Hai Bà Trưng
2090,Cà Mau,Xã Ngọc Hiển,106 Nam Kỳ Khởi Nghĩa
2091,TP. Hồ Chí Minh,Phường Thủ Đức,240 Nguyễn Trãi
2092,Tây Ninh,Xã Tân Biên,387 Võ Văn Kiệt
2093,TP. Hồ Chí Minh,Phường Bến Thành,246 Lý Thường Kiệt
2094,Đồng Nai,Xã Định Quán,328 Nguyễn Văn Cừ
2095,Cần Thơ,Phường Ninh Kiều,518 Võ Văn Kiệt
2096,TP. Hồ Chí Minh,Phường Tân Bình,203 Phạm Văn Đồng
2097,TP. Hồ Chí Minh,Phường An Khánh,53 Hai Bà Trưng
2098,Cần Thơ,Phường Thốt Nốt,297 Hai Bà Trưng
2099,Tây Ninh,Xã Dương Minh Châu,296 3 Tháng 2
2100,TP. Hồ Chí Minh,Phường Bình Thạnh,177 Cách Mạng Tháng Tám
2101,TP. Hồ Chí Minh,Phường Tân Bình,390 Điện Biên Phủ
2102,Cần Thơ,Xã Phong Điền,302 Nguyễn Văn Cừ
2103,Đồng Nai,Xã Nhơn Trạch,449 Lê Lợi
2104,Đồng Nai,Phường Trấn Biên,250 3 Tháng 2
2105,Cần Thơ,Xã Phong Điền,236 Nam Kỳ Khởi Nghĩa
2106,Vĩnh Long,Xã Bình Minh,334 Lý Thường Kiệt
2107,Đồng Nai,Phường Long Khánh,483 Nam Kỳ Khởi Nghĩa
2108,An Giang,Phường Châu Đốc,522 Điện Biên Phủ
2109,Tây Ninh,Phường Tây Ninh,234 Lê Lợi
2110,An Giang,Xã Tịnh Biên,377 Nguyễn Trãi
2111,TP. Hồ Chí Minh,Phường Bình Thạnh,181 Võ Văn Kiệt
2112,TP. Hồ Chí Minh,Phường An Khánh,252 Trần Hưng Đạo
2113,Cần Thơ,Phường Bình Thủy,411 Hai Bà Trưng
2114,Cần Thơ,Phường Thốt Nốt,480 Hai Bà Trưng
2115,TP. Hồ Chí Minh,Phường An Khánh,95 Phạm Văn Đồng
2116,An Giang,Xã Tịnh Biên,44 Lý Thường Kiệt
2117,Cần Thơ,Phường Bình Thủy,184 Lý Thường Kiệt
2118,TP. Hồ Chí Minh,Phường An Khánh,571 Cách Mạng Tháng Tám
2119,TP. Hồ Chí Minh,Phường Chợ Lớn,354 Nguyễn Huệ
2120,Vĩnh Long,Xã Tam Bình,253 Nguyễn Trãi
2121,Đồng Tháp,Xã Tháp Mười,179 Cách Mạng Tháng Tám
2122,Vĩnh Long,Xã Long Hồ,464 Cách Mạng Tháng Tám
2123,TP. Hồ Chí Minh,Phường Tân Định,228 Lý Thường Kiệt
2124,Vĩnh Long,Xã Long Hồ,219 3 Tháng 2
2125,Vĩnh Long,Xã Tam Bình,390 Nguyễn Văn Cừ
2126,TP. Hồ Chí Minh,Phường Bình Thạnh,134 Pasteur
2127,Đồng Tháp,Phường Sa Đéc,280 Lý Thường Kiệt
2128,TP. Hồ Chí Minh,Phường Tân Bình,110 Điện Biên Phủ
2129,Vĩnh Long,Xã Trà Ôn,42 Điện Biên Phủ
2130,An Giang,Phường Châu Đốc,415 Nguyễn Huệ
2131,Đồng Tháp,Phường Cao Lãnh,358 Pasteur
2132,Tây Ninh,Phường Trảng Bàng,295 3 Tháng 2
2133,Đồng Nai,Xã Nhơn Trạch,429 3 Tháng 2
2134,Vĩnh Long,Xã Bình Minh,73 3 Tháng 2
2135,Tây Ninh,Phường Tây Ninh,268 Lý Thường Kiệt
2136,An Giang,Xã Chợ Mới,365 Nam Kỳ Khởi Nghĩa
2137,TP. Hồ Chí Minh,Phường Sài Gòn,533 Pasteur
2138,TP. Hồ Chí Minh,Phường Bình Thạnh,542 Cách Mạng Tháng Tám
2139,TP. Hồ Chí Minh,Phường Tân Bình,149 Nam Kỳ Khởi Nghĩa
2140,Đồng Nai,Phường Trấn Biên,532 Lý Thường Kiệt
2141,TP. Hồ Chí Minh,Phường An Khánh,267 Nam Kỳ Khởi Nghĩa
2142,Vĩnh Long,Phường Vĩnh Long,548 Trần Hưng Đạo
2143,Cần Thơ,Phường Ninh Kiều,354 Quang Trung
2144,TP. Hồ Chí Minh,Phường Thủ Đức,579 Cách Mạng Tháng Tám
2145,Cà Mau,Xã U Minh,196 Quang Trung
2146,Đồng Tháp,Xã Lấp Vò,464 Nguyễn Văn Cừ
2147,Cà Mau,Xã Đầm Dơi,505 Điện Biên Phủ
2148,Cần Thơ,Phường Thốt Nốt,185 Nguyễn Văn Cừ
2149,Vĩnh Long,Xã Long Hồ,514 Hai Bà Trưng
2150,Cà Mau,Xã Năm Căn,426 Nguyễn Văn Cừ
2151,Cần Thơ,Phường Ninh Kiều,487 Nam Kỳ Khởi Nghĩa
2152,Đồng Nai,Xã Long Thành,505 Pasteur
2153,Đồng Tháp,Xã Lấp Vò,276 Điện Biên Phủ
2154,An Giang,Xã Chợ Mới,473 Hai Bà Trưng
2155,Vĩnh Long,Xã Trà Ôn,305 Lê Lợi
2156,Tây Ninh,Xã Châu Thành,361 Phạm Văn Đồng
2157,Cần Thơ,Phường Cái Răng,22 Nguyễn Trãi
2158,An Giang,Xã Tịnh Biên,104 Nam Kỳ Khởi Nghĩa
2159,TP. Hồ Chí Minh,Phường Tân Định,212 Võ Văn Kiệt
2160,Tây Ninh,Phường Trảng Bàng,193 Nguyễn Văn Cừ
2161,Vĩnh Long,Xã Tam Bình,283 Lê Lợi
2162,TP. Hồ Chí Minh,Phường Bến Thành,67 Võ Văn Kiệt
2163,TP. Hồ Chí Minh,Phường Thủ Đức,485 Nguyễn Trãi
2164,TP. Hồ Chí Minh,Phường An Khánh,571 Võ Văn Kiệt
2165,Đồng Tháp,Xã Lấp Vò,24 Quang Trung
2166,Tây Ninh,Xã Dương Minh Châu,557 Cách Mạng Tháng Tám
2167,TP. Hồ Chí Minh,Phường Tân Bình,123 Trần Hưng Đạo
2168,TP. Hồ Chí Minh,Phường An Khánh,88 Phạm Văn Đồng
2169,Vĩnh Long,Phường Vĩnh Long,282 Hai Bà Trưng
2170,Vĩnh Long,Phường Vĩnh Long,290 Nguyễn Huệ
2171,TP. Hồ Chí Minh,Phường Bến Thành,475 Điện Biên Phủ
2172,Tây Ninh,Xã Gò Dầu,44 Nguyễn Văn Cừ
2173,Cần Thơ,Phường Thốt Nốt,468 Quang Trung
2174,Đồng Tháp,Phường Hồng Ngự,329 Nguyễn Trãi
2175,Tây Ninh,Phường Trảng Bàng,484 Nguyễn Huệ
2176,TP. Hồ Chí Minh,Phường Tân Định,506 Nguyễn Trãi
2177,Cà Mau,Xã Năm Căn,72 Nam Kỳ Khởi Nghĩa
2178,Đồng Nai,Phường Trấn Biên,431 Nguyễn Văn Cừ
2179,TP. Hồ Chí Minh,Phường Tân Bình,282 Nguyễn Trãi
2180,An Giang,Xã Chợ Mới,59 Võ Văn Kiệt
2181,TP. Hồ Chí Minh,Phường Thủ Đức,583 Điện Biên Phủ
2182,Cần Thơ,Phường Ô Môn,457 Quang Trung
2183,TP. Hồ Chí Minh,Phường Tân Định,564 Quang Trung
2184,An Giang,Xã Tịnh Biên,145 Lê Lợi
2185,Cà Mau,Xã Đầm Dơi,260 Trần Hưng Đạo
2186,TP. Hồ Chí Minh,Phường Tân Định,293 Lê Lợi
2187,Đồng Tháp,Xã Lấp Vò,314 3 Tháng 2
2188,TP. Hồ Chí Minh,Phường Bình Thạnh,457 Lý Thường Kiệt
2189,Đồng Tháp,Phường Hồng Ngự,415 Võ Văn Kiệt
2190,Vĩnh Long,Xã Mang Thít,330 Lê Lợi
2191,Cần Thơ,Phường Ô Môn,591 Trần Hưng Đạo
2192,Vĩnh Long,Xã Trà Ôn,369 Nguyễn Huệ
2193,TP. Hồ Chí Minh,Phường Tân Định,579 Nguyễn Huệ
2194,TP. Hồ Chí Minh,Phường Tân Định,387 Trần Hưng Đạo
2195,Cần Thơ,Phường Cái Răng,423 Nguyễn Văn Cừ
2196,TP. Hồ Chí Minh,Phường Bình Thạnh,289 Quang Trung
2197,Đồng Nai,Xã Định Quán,9 Nguyễn Văn Cừ
2198,TP. Hồ Chí Minh,Phường Sài Gòn,96 Lý Thường Kiệt
2199,TP. Hồ Chí Minh,Phường Chợ Lớn,135 Phạm Văn Đồng
2200,An Giang,Xã Phú Tân,389 Pasteur
2201,Cà Mau,Xã Trần Văn Thời,330 Trần Hưng Đạo
2202,Đồng Nai,Phường Biên Hòa,471 Lý Thường Kiệt
2203,Vĩnh Long,Xã Long Hồ,216 Hai Bà Trưng
2204,TP. Hồ Chí Minh,Phường Bến Thành,90 Phạm Văn Đồng
2205,Đồng Nai,Xã Định Quán,372 3 Tháng 2
2206,Đồng Nai,Phường Biên Hòa,537 Nguyễn Văn Cừ
2207,TP. Hồ Chí Minh,Phường Tân Bình,357 3 Tháng 2
2208,An Giang,Xã Tịnh Biên,394 Lê Lợi
2209,Cà Mau,Xã Ngọc Hiển,453 Nguyễn Văn Cừ
2210,Tây Ninh,Phường Trảng Bàng,386 Cách Mạng Tháng Tám
2211,TP. Hồ Chí Minh,Phường Thủ Đức,222 Quang Trung
2212,Đồng Nai,Xã Định Quán,352 Cách Mạng Tháng Tám
2213,TP. Hồ Chí Minh,Phường Tân Bình,302 Phạm Văn Đồng
2214,Đồng Nai,Xã Định Quán,572 Nguyễn Huệ
2215,TP. Hồ Chí Minh,Phường Bình Thạnh,85 Võ Văn Kiệt
2216,Cần Thơ,Phường Ô Môn,312 Nguyễn Trãi
2217,Đồng Nai,Phường Biên Hòa,51 Nguyễn Trãi
2218,An Giang,Xã Chợ Mới,236 Hai Bà Trưng
2219,An Giang,Xã Tri Tôn,229 Nguyễn Huệ
2220,TP. Hồ Chí Minh,Phường Tân Định,359 3 Tháng 2
2221,TP. Hồ Chí Minh,Phường Bến Thành,55 Quang Trung
2222,An Giang,Xã Tịnh Biên,103 Phạm Văn Đồng
2223,TP. Hồ Chí Minh,Phường Bình Thạnh,414 Võ Văn Kiệt
2224,TP. Hồ Chí Minh,Phường Sài Gòn,195 Nguyễn Trãi
2225,TP. Hồ Chí Minh,Phường Sài Gòn,475 Điện Biên Phủ
2226,TP. Hồ Chí Minh,Phường Bình Thạnh,590 3 Tháng 2
2227,Vĩnh Long,Xã Long Hồ,375 Võ Văn Kiệt
2228,Đồng Nai,Xã Long Thành,364 3 Tháng 2
2229,Đồng Nai,Xã Nhơn Trạch,234 Lê Lợi
2230,Vĩnh Long,Xã Trà Ôn,257 Quang Trung
2231,TP. Hồ Chí Minh,Phường Bến Thành,176 Cách Mạng Tháng Tám
2232,TP. Hồ Chí Minh,Phường Bến Thành,149 Võ Văn Kiệt
2233,TP. Hồ Chí Minh,Phường Tân Bình,284 Lý Thường Kiệt
2234,Đồng Nai,Phường Long Khánh,420 Điện Biên Phủ
2235,TP. Hồ Chí Minh,Phường Thủ Đức,586 Trần Hưng Đạo
2236,An Giang,Xã Tri Tôn,576 Nguyễn Văn Cừ
2237,Cần Thơ,Phường Thốt Nốt,225 3 Tháng 2
2238,Tây Ninh,Xã Châu Thành,277 Võ Văn Kiệt
2239,Đồng Tháp,Phường Cao Lãnh,399 Quang Trung
2240,Vĩnh Long,Xã Tam Bình,591 Quang Trung
2241,TP. Hồ Chí Minh,Phường Chợ Lớn,435 Nguyễn Trãi
2242,TP. Hồ Chí Minh,Phường Tân Bình,183 Nguyễn Huệ
2243,Đồng Nai,Phường Biên Hòa,484 Nam Kỳ Khởi Nghĩa
2244,TP. Hồ Chí Minh,Phường Bình Thạnh,321 Pasteur
2245,Tây Ninh,Xã Tân Biên,570 Cách Mạng Tháng Tám
2246,TP. Hồ Chí Minh,Phường Tân Định,398 Lý Thường Kiệt
2247,Tây Ninh,Phường Trảng Bàng,254 Cách Mạng Tháng Tám
2248,Đồng Tháp,Phường Hồng Ngự,166 Nguyễn Văn Cừ
2249,An Giang,Xã Phú Tân,4 Trần Hưng Đạo
2250,TP. Hồ Chí Minh,Phường An Khánh,340 Nam Kỳ Khởi Nghĩa
2251,TP. Hồ Chí Minh,Phường An Khánh,91 Điện Biên Phủ
2252,Vĩnh Long,Xã Mang Thít,103 Nam Kỳ Khởi Nghĩa
2253,TP. Hồ Chí Minh,Phường Chợ Lớn,184 Lê Lợi
2254,Vĩnh Long,Xã Tam Bình,572 Quang Trung
2255,Đồng Nai,Xã Long Thành,214 Cách Mạng Tháng Tám
2256,TP. Hồ Chí Minh,Phường Bình Thạnh,331 Nam Kỳ Khởi Nghĩa
2257,Cần Thơ,Phường Bình Thủy,384 Nguyễn Trãi
2258,TP. Hồ Chí Minh,Phường Thủ Đức,250 Phạm Văn Đồng
2259,Tây Ninh,Xã Tân Biên,5 Quang Trung
2260,An Giang,Xã Tri Tôn,479 Nam Kỳ Khởi Nghĩa
2261,Đồng Nai,Xã Long Thành,518 Nguyễn Trãi
2262,TP. Hồ Chí Minh,Phường Chợ Lớn,106 Nguyễn Văn Cừ
2263,Đồng Nai,Phường Trấn Biên,333 Nguyễn Trãi
2264,TP. Hồ Chí Minh,Phường Tân Định,122 Lý Thường Kiệt
2265,Đồng Nai,Phường Trấn Biên,189 Cách Mạng Tháng Tám
2266,Vĩnh Long,Xã Bình Minh,488 Nguyễn Trãi
2267,TP. Hồ Chí Minh,Phường Bình Thạnh,105 Võ Văn Kiệt
2268,An Giang,Xã Tịnh Biên,155 Phạm Văn Đồng
2269,An Giang,Xã Tịnh Biên,39 Pasteur
2270,TP. Hồ Chí Minh,Phường Tân Định,322 Cách Mạng Tháng Tám
2271,Đồng Tháp,Phường Hồng Ngự,141 Hai Bà Trưng
2272,TP. Hồ Chí Minh,Phường Sài Gòn,497 Quang Trung
2273,Cà Mau,Xã Ngọc Hiển,549 Cách Mạng Tháng Tám
2274,Vĩnh Long,Xã Trà Ôn,404 Cách Mạng Tháng Tám
2275,Vĩnh Long,Xã Long Hồ,509 Nguyễn Trãi
2276,An Giang,Xã Chợ Mới,76 Lý Thường Kiệt
2277,Đồng Nai,Xã Định Quán,247 Hai Bà Trưng
2278,TP. Hồ Chí Minh,Phường Thủ Đức,254 3 Tháng 2
2279,Tây Ninh,Phường Tây Ninh,448 Nam Kỳ Khởi Nghĩa
2280,Tây Ninh,Xã Dương Minh Châu,490 Hai Bà Trưng
2281,TP. Hồ Chí Minh,Phường Sài Gòn,292 Nguyễn Huệ
2282,TP. Hồ Chí Minh,Phường Tân Định,18 Trần Hưng Đạo
2283,Vĩnh Long,Phường Vĩnh Long,276 Nguyễn Huệ
2284,TP. Hồ Chí Minh,Phường Tân Định,168 Điện Biên Phủ
2285,Tây Ninh,Xã Tân Biên,118 Hai Bà Trưng
2286,Cà Mau,Xã Trần Văn Thời,321 Quang Trung
2287,Tây Ninh,Xã Tân Biên,136 Nguyễn Trãi
2288,Đồng Nai,Phường Biên Hòa,439 Nguyễn Trãi
2289,An Giang,Phường Châu Đốc,311 Trần Hưng Đạo
2290,Cần Thơ,Phường Cái Răng,175 Phạm Văn Đồng
2291,Đồng Nai,Xã Định Quán,459 Điện Biên Phủ
2292,Đồng Nai,Xã Long Thành,39 Võ Văn Kiệt
2293,TP. Hồ Chí Minh,Phường Bình Thạnh,378 Trần Hưng Đạo
2294,TP. Hồ Chí Minh,Phường Tân Bình,326 Điện Biên Phủ
2295,Đồng Nai,Phường Trấn Biên,448 Nguyễn Văn Cừ
2296,TP. Hồ Chí Minh,Phường Chợ Lớn,418 Pasteur
2297,TP. Hồ Chí Minh,Phường Sài Gòn,486 Nguyễn Huệ
2298,An Giang,Phường Châu Đốc,335 Nguyễn Văn Cừ
2299,Cà Mau,Xã Trần Văn Thời,28 Võ Văn Kiệt
2300,An Giang,Xã Phú Tân,263 Trần Hưng Đạo
2301,TP. Hồ Chí Minh,Phường Thủ Đức,77 Quang Trung
2302,TP. Hồ Chí Minh,Phường Chợ Lớn,447 Nguyễn Huệ
2303,An Giang,Xã Tịnh Biên,591 Nam Kỳ Khởi Nghĩa
2304,Đồng Tháp,Phường Hồng Ngự,81 Pasteur
2305,TP. Hồ Chí Minh,Phường Chợ Lớn,49 3 Tháng 2
2306,Cà Mau,Xã Ngọc Hiển,187 Nguyễn Trãi
2307,TP. Hồ Chí Minh,Phường Chợ Lớn,62 Quang Trung
2308,Cần Thơ,Xã Phong Điền,506 Nguyễn Huệ
2309,Đồng Nai,Phường Trấn Biên,582 Điện Biên Phủ
2310,TP. Hồ Chí Minh,Phường An Khánh,421 Điện Biên Phủ
2311,TP. Hồ Chí Minh,Phường An Khánh,467 Điện Biên Phủ
2312,Đồng Tháp,Xã Lai Vung,546 Nguyễn Huệ
2313,Đồng Nai,Phường Biên Hòa,111 Võ Văn Kiệt
2314,Cần Thơ,Phường Ô Môn,348 Nam Kỳ Khởi Nghĩa
2315,Đồng Nai,Xã Định Quán,566 Cách Mạng Tháng Tám
2316,TP. Hồ Chí Minh,Phường Thủ Đức,198 Hai Bà Trưng
2317,Vĩnh Long,Xã Mang Thít,54 Quang Trung
2318,Đồng Nai,Xã Long Thành,516 Võ Văn Kiệt
2319,An Giang,Xã Tịnh Biên,404 Nam Kỳ Khởi Nghĩa
2320,TP. Hồ Chí Minh,Phường Thủ Đức,397 Nguyễn Trãi
2321,TP. Hồ Chí Minh,Phường Tân Bình,585 Phạm Văn Đồng
2322,Đồng Nai,Phường Long Khánh,391 Lê Lợi
2323,Tây Ninh,Xã Tân Biên,499 Võ Văn Kiệt
2324,Cà Mau,Xã Ngọc Hiển,314 Lê Lợi
2325,TP. Hồ Chí Minh,Phường Thủ Đức,214 3 Tháng 2
2326,Vĩnh Long,Xã Tam Bình,268 3 Tháng 2
2327,Cà Mau,Xã Đầm Dơi,590 Pasteur
2328,Đồng Tháp,Phường Hồng Ngự,157 Võ Văn Kiệt
2329,TP. Hồ Chí Minh,Phường Tân Định,233 Phạm Văn Đồng
2330,Cà Mau,Xã U Minh,314 Nguyễn Huệ
2331,Đồng Nai,Phường Biên Hòa,593 Nam Kỳ Khởi Nghĩa
2332,Vĩnh Long,Xã Tam Bình,43 Cách Mạng Tháng Tám
2333,Tây Ninh,Xã Dương Minh Châu,102 Nguyễn Huệ
2334,Cà Mau,Phường Cà Mau,265 Nguyễn Huệ
2335,TP. Hồ Chí Minh,Phường Bến Thành,52 Trần Hưng Đạo
2336,Đồng Nai,Xã Định Quán,551 Nguyễn Văn Cừ
2337,TP. Hồ Chí Minh,Phường Thủ Đức,400 Quang Trung
2338,Đồng Nai,Xã Nhơn Trạch,294 Phạm Văn Đồng
2339,TP. Hồ Chí Minh,Phường Thủ Đức,145 Cách Mạng Tháng Tám
2340,An Giang,Xã Tịnh Biên,310 Hai Bà Trưng
2341,An Giang,Phường Châu Đốc,40 Nguyễn Trãi
2342,Đồng Tháp,Xã Lấp Vò,536 Điện Biên Phủ
2343,Cần Thơ,Phường Bình Thủy,560 Phạm Văn Đồng
2344,An Giang,Xã Tri Tôn,174 Nguyễn Trãi
2345,Đồng Tháp,Xã Tháp Mười,405 Lê Lợi
2346,TP. Hồ Chí Minh,Phường Tân Bình,162 Phạm Văn Đồng
2347,Đồng Nai,Xã Định Quán,288 Điện Biên Phủ
2348,TP. Hồ Chí Minh,Phường Thủ Đức,174 Lê Lợi
2349,Tây Ninh,Xã Gò Dầu,63 Nguyễn Văn Cừ
2350,Đồng Nai,Xã Nhơn Trạch,190 Trần Hưng Đạo
2351,An Giang,Xã Phú Tân,386 Nam Kỳ Khởi Nghĩa
2352,TP. Hồ Chí Minh,Phường Tân Bình,386 Nguyễn Văn Cừ
2353,TP. Hồ Chí Minh,Phường Chợ Lớn,548 Nguyễn Huệ
2354,Vĩnh Long,Xã Bình Minh,547 Quang Trung
2355,TP. Hồ Chí Minh,Phường An Khánh,302 Lý Thường Kiệt
2356,Đồng Nai,Xã Long Thành,382 Phạm Văn Đồng
2357,TP. Hồ Chí Minh,Phường Bến Thành,321 Võ Văn Kiệt
2358,Cần Thơ,Phường Cái Răng,587 Trần Hưng Đạo
2359,An Giang,Xã Phú Tân,568 Nguyễn Trãi
2360,Tây Ninh,Xã Tân Biên,174 Nguyễn Huệ
2361,An Giang,Phường Long Xuyên,486 Nguyễn Trãi
2362,TP. Hồ Chí Minh,Phường Tân Bình,202 Cách Mạng Tháng Tám
2363,Cần Thơ,Phường Ô Môn,296 Cách Mạng Tháng Tám
2364,TP. Hồ Chí Minh,Phường Chợ Lớn,499 Hai Bà Trưng
2365,Đồng Tháp,Phường Sa Đéc,369 Hai Bà Trưng
2366,An Giang,Xã Phú Tân,509 Pasteur
2367,TP. Hồ Chí Minh,Phường Sài Gòn,409 Trần Hưng Đạo
2368,TP. Hồ Chí Minh,Phường Bình Thạnh,53 Trần Hưng Đạo
2369,Tây Ninh,Phường Tây Ninh,366 Nguyễn Văn Cừ
2370,TP. Hồ Chí Minh,Phường Thủ Đức,443 3 Tháng 2
2371,TP. Hồ Chí Minh,Phường An Khánh,159 Võ Văn Kiệt
2372,Cần Thơ,Phường Ô Môn,109 Nguyễn Văn Cừ
2373,TP. Hồ Chí Minh,Phường Thủ Đức,467 Nam Kỳ Khởi Nghĩa
2374,TP. Hồ Chí Minh,Phường Bến Thành,502 Pasteur
2375,TP. Hồ Chí Minh,Phường Tân Bình,323 Nguyễn Văn Cừ
2376,Cần Thơ,Phường Ô Môn,579 Lý Thường Kiệt
2377,Cần Thơ,Phường Thốt Nốt,444 Nguyễn Văn Cừ
2378,TP. Hồ Chí Minh,Phường An Khánh,198 Pasteur
2379,Đồng Nai,Xã Định Quán,201 Trần Hưng Đạo
2380,TP. Hồ Chí Minh,Phường An Khánh,247 Nguyễn Văn Cừ
2381,TP. Hồ Chí Minh,Phường Bến Thành,195 Điện Biên Phủ
2382,TP. Hồ Chí Minh,Phường Tân Bình,494 Trần Hưng Đạo
2383,Đồng Nai,Xã Định Quán,80 Quang Trung
2384,TP. Hồ Chí Minh,Phường An Khánh,346 Cách Mạng Tháng Tám
2385,Cà Mau,Xã Ngọc Hiển,402 Nguyễn Văn Cừ
2386,Đồng Tháp,Phường Sa Đéc,78 3 Tháng 2
2387,TP. Hồ Chí Minh,Phường Chợ Lớn,584 Trần Hưng Đạo
2388,An Giang,Xã Tri Tôn,143 Quang Trung
2389,Cần Thơ,Phường Cái Răng,532 Hai Bà Trưng
2390,Tây Ninh,Phường Trảng Bàng,138 Pasteur
2391,Vĩnh Long,Xã Mang Thít,536 Cách Mạng Tháng Tám
2392,TP. Hồ Chí Minh,Phường Tân Định,547 Nguyễn Văn Cừ
2393,TP. Hồ Chí Minh,Phường Thủ Đức,352 Trần Hưng Đạo
2394,Tây Ninh,Phường Tây Ninh,403 Lý Thường Kiệt
2395,Vĩnh Long,Phường Vĩnh Long,169 Nguyễn Trãi
2396,Vĩnh Long,Xã Bình Minh,85 Lê Lợi
2397,Cà Mau,Phường Cà Mau,36 Quang Trung
2398,An Giang,Xã Chợ Mới,534 Nguyễn Văn Cừ
2399,TP. Hồ Chí Minh,Phường Sài Gòn,254 Hai Bà Trưng
2400,TP. Hồ Chí Minh,Phường Bình Thạnh,54 Điện Biên Phủ
2401,Đồng Nai,Xã Định Quán,577 Phạm Văn Đồng
2402,TP. Hồ Chí Minh,Phường Thủ Đức,562 Điện Biên Phủ
2403,Vĩnh Long,Xã Trà Ôn,577 Phạm Văn Đồng
2404,Vĩnh Long,Xã Bình Minh,286 Nam Kỳ Khởi Nghĩa
2405,TP. Hồ Chí Minh,Phường An Khánh,111 Nguyễn Văn Cừ
2406,Đồng Tháp,Xã Lấp Vò,264 Nguyễn Huệ
2407,TP. Hồ Chí Minh,Phường Sài Gòn,406 Pasteur
2408,TP. Hồ Chí Minh,Phường Tân Định,140 Điện Biên Phủ
2409,Cà Mau,Xã Ngọc Hiển,147 Nguyễn Văn Cừ
2410,Cà Mau,Xã Trần Văn Thời,254 Nguyễn Văn Cừ
2411,Đồng Tháp,Xã Lấp Vò,10 Nam Kỳ Khởi Nghĩa
2412,Cần Thơ,Phường Thốt Nốt,183 Nguyễn Huệ
2413,TP. Hồ Chí Minh,Phường Chợ Lớn,217 Pasteur
2414,Tây Ninh,Xã Tân Biên,98 Nam Kỳ Khởi Nghĩa
2415,TP. Hồ Chí Minh,Phường Thủ Đức,330 Nam Kỳ Khởi Nghĩa
2416,Vĩnh Long,Xã Long Hồ,15 Lê Lợi
2417,Tây Ninh,Xã Châu Thành,97 Nguyễn Trãi
2418,TP. Hồ Chí Minh,Phường An Khánh,461 Điện Biên Phủ
2419,Tây Ninh,Xã Châu Thành,31 3 Tháng 2
2420,An Giang,Xã Tịnh Biên,181 Pasteur
2421,Cà Mau,Xã Trần Văn Thời,342 Điện Biên Phủ
2422,TP. Hồ Chí Minh,Phường An Khánh,242 Cách Mạng Tháng Tám
2423,Đồng Tháp,Xã Lai Vung,201 Quang Trung
2424,Đồng Nai,Xã Nhơn Trạch,229 Lê Lợi
2425,Đồng Nai,Phường Biên Hòa,351 Võ Văn Kiệt
2426,TP. Hồ Chí Minh,Phường An Khánh,122 Nguyễn Huệ
2427,TP. Hồ Chí Minh,Phường Tân Bình,409 3 Tháng 2
2428,Đồng Nai,Phường Trấn Biên,575 Nguyễn Huệ
2429,Đồng Nai,Xã Long Thành,521 Hai Bà Trưng
2430,Vĩnh Long,Xã Mang Thít,477 Phạm Văn Đồng
2431,An Giang,Xã Phú Tân,598 Nam Kỳ Khởi Nghĩa
2432,TP. Hồ Chí Minh,Phường Chợ Lớn,53 Điện Biên Phủ
2433,Đồng Nai,Xã Long Thành,331 Hai Bà Trưng
2434,An Giang,Xã Tịnh Biên,239 Nguyễn Huệ
2435,Đồng Tháp,Xã Lấp Vò,204 Phạm Văn Đồng
2436,Đồng Nai,Xã Long Thành,387 Hai Bà Trưng
2437,TP. Hồ Chí Minh,Phường Tân Định,447 Quang Trung
2438,TP. Hồ Chí Minh,Phường Sài Gòn,196 Hai Bà Trưng
2439,TP. Hồ Chí Minh,Phường Bình Thạnh,203 Nam Kỳ Khởi Nghĩa
2440,Vĩnh Long,Xã Tam Bình,21 Nam Kỳ Khởi Nghĩa
2441,TP. Hồ Chí Minh,Phường Tân Bình,450 Võ Văn Kiệt
2442,An Giang,Xã Chợ Mới,531 3 Tháng 2
2443,TP. Hồ Chí Minh,Phường Thủ Đức,214 Nam Kỳ Khởi Nghĩa
2444,Cà Mau,Xã Đầm Dơi,111 Lý Thường Kiệt
2445,Cần Thơ,Phường Ô Môn,450 Cách Mạng Tháng Tám
2446,TP. Hồ Chí Minh,Phường Sài Gòn,225 Lê Lợi
2447,TP. Hồ Chí Minh,Phường Sài Gòn,124 Phạm Văn Đồng
2448,TP. Hồ Chí Minh,Phường Thủ Đức,382 Trần Hưng Đạo
2449,Vĩnh Long,Xã Trà Ôn,88 Lý Thường Kiệt
2450,Vĩnh Long,Phường Vĩnh Long,406 Hai Bà Trưng
2451,TP. Hồ Chí Minh,Phường Sài Gòn,158 Trần Hưng Đạo
2452,TP. Hồ Chí Minh,Phường Tân Định,190 Nguyễn Huệ
2453,Vĩnh Long,Xã Trà Ôn,355 Quang Trung
2454,An Giang,Phường Long Xuyên,76 Quang Trung
2455,TP. Hồ Chí Minh,Phường Chợ Lớn,104 Nguyễn Huệ
2456,Vĩnh Long,Phường Vĩnh Long,35 Pasteur
2457,Đồng Nai,Xã Long Thành,467 Nam Kỳ Khởi Nghĩa
2458,TP. Hồ Chí Minh,Phường Tân Bình,557 Võ Văn Kiệt
2459,Đồng Tháp,Phường Cao Lãnh,447 Nguyễn Văn Cừ
2460,Vĩnh Long,Xã Trà Ôn,420 Nguyễn Văn Cừ
2461,Đồng Nai,Phường Long Khánh,442 Trần Hưng Đạo
2462,An Giang,Phường Châu Đốc,144 Quang Trung
2463,An Giang,Phường Châu Đốc,579 Trần Hưng Đạo
2464,An Giang,Phường Châu Đốc,167 Quang Trung
2465,Đồng Nai,Xã Long Thành,121 Phạm Văn Đồng
2466,Cà Mau,Xã Đầm Dơi,412 3 Tháng 2
2467,Đồng Nai,Phường Biên Hòa,168 Trần Hưng Đạo
2468,TP. Hồ Chí Minh,Phường Tân Bình,37 3 Tháng 2
2469,Vĩnh Long,Xã Trà Ôn,383 Điện Biên Phủ
2470,Đồng Tháp,Phường Cao Lãnh,152 Nam Kỳ Khởi Nghĩa
2471,TP. Hồ Chí Minh,Phường Sài Gòn,49 Nguyễn Trãi
2472,TP. Hồ Chí Minh,Phường Bến Thành,173 Cách Mạng Tháng Tám
2473,TP. Hồ Chí Minh,Phường Tân Bình,71 Hai Bà Trưng
2474,Vĩnh Long,Xã Long Hồ,280 Nguyễn Trãi
2475,Cần Thơ,Phường Ô Môn,557 Trần Hưng Đạo
2476,TP. Hồ Chí Minh,Phường Bình Thạnh,226 Pasteur
2477,Đồng Tháp,Phường Sa Đéc,380 Trần Hưng Đạo
2478,TP. Hồ Chí Minh,Phường Chợ Lớn,474 Trần Hưng Đạo
2479,An Giang,Xã Chợ Mới,55 Điện Biên Phủ
2480,TP. Hồ Chí Minh,Phường Bình Thạnh,282 Pasteur
2481,TP. Hồ Chí Minh,Phường Chợ Lớn,169 Nguyễn Trãi
2482,An Giang,Phường Châu Đốc,347 Võ Văn Kiệt
2483,TP. Hồ Chí Minh,Phường Sài Gòn,118 Nam Kỳ Khởi Nghĩa
2484,TP. Hồ Chí Minh,Phường An Khánh,74 Võ Văn Kiệt
2485,Cần Thơ,Phường Cái Răng,530 Võ Văn Kiệt
2486,Đồng Nai,Phường Long Khánh,240 Hai Bà Trưng
2487,Tây Ninh,Xã Gò Dầu,11 Trần Hưng Đạo
2488,Tây Ninh,Xã Châu Thành,163 Điện Biên Phủ
2489,An Giang,Xã Tịnh Biên,595 Lê Lợi
2490,An Giang,Xã Tịnh Biên,167 Hai Bà Trưng
2491,Vĩnh Long,Xã Mang Thít,198 Quang Trung
2492,Cà Mau,Xã U Minh,598 Trần Hưng Đạo
2493,An Giang,Xã Tri Tôn,43 Nam Kỳ Khởi Nghĩa
2494,TP. Hồ Chí Minh,Phường Chợ Lớn,587 Hai Bà Trưng
2495,An Giang,Phường Châu Đốc,319 Võ Văn Kiệt
2496,TP. Hồ Chí Minh,Phường An Khánh,95 Nguyễn Văn Cừ
2497,TP. Hồ Chí Minh,Phường Chợ Lớn,30 Nguyễn Trãi
2498,TP. Hồ Chí Minh,Phường Tân Định,535 Lê Lợi
2499,Tây Ninh,Xã Châu Thành,298 Phạm Văn Đồng
2500,TP. Hồ Chí Minh,Phường Tân Bình,239 Điện Biên Phủ
2501,An Giang,Xã Chợ Mới,37 Trần Hưng Đạo
2502,Cần Thơ,Phường Bình Thủy,518 Điện Biên Phủ
2503,TP. Hồ Chí Minh,Phường Tân Bình,150 Điện Biên Phủ
2504,Đồng Nai,Xã Nhơn Trạch,590 Võ Văn Kiệt
2505,TP. Hồ Chí Minh,Phường Bến Thành,525 Quang Trung
2506,An Giang,Phường Long Xuyên,285 Võ Văn Kiệt
2507,TP. Hồ Chí Minh,Phường Tân Bình,534 Cách Mạng Tháng Tám
2508,Đồng Tháp,Xã Tháp Mười,320 Hai Bà Trưng
2509,Đồng Nai,Phường Trấn Biên,428 Nguyễn Văn Cừ
2510,Cà Mau,Xã Ngọc Hiển,258 Điện Biên Phủ
2511,An Giang,Xã Chợ Mới,513 Nguyễn Văn Cừ
2512,Đồng Tháp,Phường Cao Lãnh,23 Lê Lợi
2513,TP. Hồ Chí Minh,Phường Sài Gòn,325 Nam Kỳ Khởi Nghĩa
2514,Đồng Nai,Xã Long Thành,487 Quang Trung
2515,TP. Hồ Chí Minh,Phường Bến Thành,14 Lý Thường Kiệt
2516,TP. Hồ Chí Minh,Phường Bến Thành,439 Lý Thường Kiệt
2517,TP. Hồ Chí Minh,Phường Bến Thành,54 Hai Bà Trưng
2518,TP. Hồ Chí Minh,Phường Tân Bình,487 Phạm Văn Đồng
2519,TP. Hồ Chí Minh,Phường Bình Thạnh,273 3 Tháng 2
2520,TP. Hồ Chí Minh,Phường Bến Thành,91 Lê Lợi
2521,TP. Hồ Chí Minh,Phường Chợ Lớn,291 Nguyễn Huệ
2522,TP. Hồ Chí Minh,Phường Bến Thành,552 Nam Kỳ Khởi Nghĩa
2523,Cà Mau,Xã Năm Căn,210 Nguyễn Trãi
2524,TP. Hồ Chí Minh,Phường Thủ Đức,174 Pasteur
2525,Cần Thơ,Xã Phong Điền,255 Pasteur
2526,TP. Hồ Chí Minh,Phường Thủ Đức,526 Nguyễn Trãi
2527,TP. Hồ Chí Minh,Phường An Khánh,597 Võ Văn Kiệt
2528,Vĩnh Long,Xã Tam Bình,165 Nguyễn Văn Cừ
2529,Đồng Tháp,Phường Hồng Ngự,419 Nguyễn Huệ
2530,TP. Hồ Chí Minh,Phường Tân Định,107 3 Tháng 2
2531,Vĩnh Long,Xã Mang Thít,469 Pasteur
2532,TP. Hồ Chí Minh,Phường Thủ Đức,260 Nguyễn Trãi
2533,TP. Hồ Chí Minh,Phường Sài Gòn,153 Võ Văn Kiệt
2534,TP. Hồ Chí Minh,Phường Bình Thạnh,306 Nguyễn Huệ
2535,Vĩnh Long,Xã Long Hồ,279 Pasteur
2536,TP. Hồ Chí Minh,Phường Chợ Lớn,15 Điện Biên Phủ
2537,Đồng Nai,Xã Nhơn Trạch,480 Cách Mạng Tháng Tám
2538,Cần Thơ,Phường Cái Răng,16 Lê Lợi
2539,Cần Thơ,Phường Ô Môn,369 Quang Trung
2540,Đồng Nai,Xã Nhơn Trạch,201 Điện Biên Phủ
2541,Cà Mau,Xã Trần Văn Thời,49 Nguyễn Trãi
2542,An Giang,Xã Tịnh Biên,191 Nguyễn Trãi
2543,An Giang,Phường Châu Đốc,77 Phạm Văn Đồng
2544,TP. Hồ Chí Minh,Phường Chợ Lớn,467 Cách Mạng Tháng Tám
2545,TP. Hồ Chí Minh,Phường Thủ Đức,171 Phạm Văn Đồng
2546,Cần Thơ,Phường Cái Răng,507 Điện Biên Phủ
2547,Đồng Nai,Xã Long Thành,440 Cách Mạng Tháng Tám
2548,TP. Hồ Chí Minh,Phường Tân Bình,209 Nguyễn Văn Cừ
2549,TP. Hồ Chí Minh,Phường Bến Thành,130 Điện Biên Phủ
2550,Cà Mau,Xã Năm Căn,98 Nguyễn Văn Cừ
2551,Cần Thơ,Phường Ô Môn,279 3 Tháng 2
2552,Cần Thơ,Phường Bình Thủy,148 Phạm Văn Đồng
2553,Đồng Tháp,Phường Sa Đéc,411 Nguyễn Huệ
2554,Cần Thơ,Phường Ninh Kiều,461 Điện Biên Phủ
2555,Tây Ninh,Xã Tân Biên,494 Pasteur
2556,An Giang,Phường Châu Đốc,128 Quang Trung
2557,Tây Ninh,Xã Gò Dầu,156 Pasteur
2558,Vĩnh Long,Xã Tam Bình,69 Quang Trung
2559,TP. Hồ Chí Minh,Phường Bến Thành,280 Phạm Văn Đồng
2560,TP. Hồ Chí Minh,Phường Thủ Đức,266 Lý Thường Kiệt
2561,Tây Ninh,Xã Tân Biên,579 Nguyễn Huệ
2562,An Giang,Phường Châu Đốc,494 Nguyễn Văn Cừ
2563,An Giang,Xã Phú Tân,252 Lê Lợi
2564,Cà Mau,Xã Trần Văn Thời,19 Trần Hưng Đạo
2565,Vĩnh Long,Xã Bình Minh,2 Lê Lợi
2566,Vĩnh Long,Xã Long Hồ,88 Cách Mạng Tháng Tám
2567,Đồng Nai,Phường Biên Hòa,92 Võ Văn Kiệt
2568,Vĩnh Long,Xã Trà Ôn,221 Nguyễn Trãi
2569,Cần Thơ,Phường Ô Môn,285 Nguyễn Văn Cừ
2570,Đồng Tháp,Xã Lấp Vò,352 Nguyễn Trãi
2571,An Giang,Xã Phú Tân,184 Quang Trung
2572,TP. Hồ Chí Minh,Phường Bến Thành,560 Nguyễn Trãi
2573,Tây Ninh,Xã Châu Thành,56 Võ Văn Kiệt
2574,TP. Hồ Chí Minh,Phường Bến Thành,485 Lê Lợi
2575,TP. Hồ Chí Minh,Phường Thủ Đức,550 3 Tháng 2
2576,Vĩnh Long,Xã Bình Minh,432 Cách Mạng Tháng Tám
2577,Đồng Tháp,Xã Tháp Mười,99 Quang Trung
2578,Cà Mau,Phường Cà Mau,432 Nam Kỳ Khởi Nghĩa
2579,Tây Ninh,Xã Châu Thành,476 Nguyễn Văn Cừ
2580,An Giang,Xã Tịnh Biên,596 Quang Trung
2581,TP. Hồ Chí Minh,Phường Tân Bình,192 Hai Bà Trưng
2582,Cà Mau,Xã Trần Văn Thời,355 Nguyễn Huệ
2583,Vĩnh Long,Xã Tam Bình,531 Trần Hưng Đạo
2584,Đồng Nai,Phường Long Khánh,580 Nguyễn Huệ
2585,TP. Hồ Chí Minh,Phường Bình Thạnh,349 Nguyễn Huệ
2586,Cà Mau,Xã Đầm Dơi,268 Cách Mạng Tháng Tám
2587,TP. Hồ Chí Minh,Phường Tân Bình,346 Lý Thường Kiệt
2588,An Giang,Xã Phú Tân,64 Điện Biên Phủ
2589,TP. Hồ Chí Minh,Phường Chợ Lớn,515 Nguyễn Văn Cừ
2590,Tây Ninh,Xã Tân Biên,440 Quang Trung
2591,Tây Ninh,Xã Tân Biên,263 Nguyễn Trãi
2592,TP. Hồ Chí Minh,Phường Bình Thạnh,485 Trần Hưng Đạo
2593,TP. Hồ Chí Minh,Phường Tân Định,309 3 Tháng 2
2594,Tây Ninh,Xã Gò Dầu,370 Võ Văn Kiệt
2595,TP. Hồ Chí Minh,Phường Chợ Lớn,232 Cách Mạng Tháng Tám
2596,An Giang,Xã Tịnh Biên,302 Hai Bà Trưng
2597,TP. Hồ Chí Minh,Phường Tân Bình,17 Phạm Văn Đồng
2598,Đồng Nai,Phường Long Khánh,224 Pasteur
2599,Cà Mau,Xã Trần Văn Thời,584 Nguyễn Trãi
2600,Đồng Nai,Xã Long Thành,481 Trần Hưng Đạo
2601,Tây Ninh,Xã Gò Dầu,453 3 Tháng 2
2602,Đồng Tháp,Xã Lai Vung,164 3 Tháng 2
2603,TP. Hồ Chí Minh,Phường Bến Thành,493 Võ Văn Kiệt
2604,Đồng Tháp,Phường Cao Lãnh,99 3 Tháng 2
2605,Đồng Nai,Xã Nhơn Trạch,171 Nguyễn Huệ
2606,An Giang,Xã Tịnh Biên,377 Lê Lợi
2607,TP. Hồ Chí Minh,Phường Bình Thạnh,228 Quang Trung
2608,Đồng Nai,Phường Trấn Biên,433 Lê Lợi
2609,Đồng Nai,Xã Nhơn Trạch,430 Võ Văn Kiệt
2610,Đồng Tháp,Xã Lai Vung,8 Nguyễn Huệ
2611,Đồng Nai,Xã Định Quán,312 Nguyễn Văn Cừ
2612,Cần Thơ,Phường Ô Môn,373 Quang Trung
2613,Cần Thơ,Phường Ô Môn,453 Quang Trung
2614,Đồng Tháp,Xã Lai Vung,387 Trần Hưng Đạo
2615,Cà Mau,Xã Đầm Dơi,526 Hai Bà Trưng
2616,TP. Hồ Chí Minh,Phường Chợ Lớn,552 Hai Bà Trưng
2617,TP. Hồ Chí Minh,Phường Bình Thạnh,315 Nam Kỳ Khởi Nghĩa
2618,Cà Mau,Xã Trần Văn Thời,446 Phạm Văn Đồng
2619,An Giang,Xã Tịnh Biên,10 Nguyễn Huệ
2620,An Giang,Xã Tịnh Biên,224 3 Tháng 2
2621,An Giang,Xã Chợ Mới,378 Võ Văn Kiệt
2622,Đồng Nai,Phường Long Khánh,220 Trần Hưng Đạo
2623,TP. Hồ Chí Minh,Phường Thủ Đức,137 3 Tháng 2
2624,Đồng Nai,Xã Nhơn Trạch,366 Võ Văn Kiệt
2625,TP. Hồ Chí Minh,Phường Tân Định,265 Lý Thường Kiệt
2626,TP. Hồ Chí Minh,Phường Bến Thành,535 3 Tháng 2
2627,Cần Thơ,Phường Ô Môn,456 Nguyễn Huệ
2628,TP. Hồ Chí Minh,Phường Tân Định,169 Phạm Văn Đồng
2629,Tây Ninh,Xã Châu Thành,363 Điện Biên Phủ
2630,An Giang,Phường Châu Đốc,70 Nguyễn Văn Cừ
2631,Đồng Nai,Phường Trấn Biên,148 Võ Văn Kiệt
2632,Đồng Nai,Xã Nhơn Trạch,125 Cách Mạng Tháng Tám
2633,TP. Hồ Chí Minh,Phường Chợ Lớn,481 Phạm Văn Đồng
2634,Đồng Tháp,Xã Tháp Mười,276 Nguyễn Văn Cừ
2635,TP. Hồ Chí Minh,Phường An Khánh,582 Nam Kỳ Khởi Nghĩa
2636,Đồng Tháp,Xã Lấp Vò,366 Cách Mạng Tháng Tám
2637,An Giang,Xã Phú Tân,166 Nguyễn Huệ
2638,TP. Hồ Chí Minh,Phường An Khánh,373 Cách Mạng Tháng Tám
2639,TP. Hồ Chí Minh,Phường Bình Thạnh,432 Pasteur
2640,TP. Hồ Chí Minh,Phường An Khánh,380 Hai Bà Trưng
2641,Cà Mau,Xã Ngọc Hiển,295 Nguyễn Trãi
2642,Cần Thơ,Phường Cái Răng,193 Nguyễn Văn Cừ
2643,Cà Mau,Xã Năm Căn,447 Nguyễn Văn Cừ
2644,Đồng Tháp,Phường Cao Lãnh,530 Lê Lợi
2645,TP. Hồ Chí Minh,Phường Chợ Lớn,415 Lê Lợi
2646,Tây Ninh,Phường Trảng Bàng,200 Điện Biên Phủ
2647,Cà Mau,Xã Ngọc Hiển,85 Võ Văn Kiệt
2648,An Giang,Phường Long Xuyên,287 Cách Mạng Tháng Tám
2649,Cần Thơ,Phường Bình Thủy,56 Quang Trung
2650,Tây Ninh,Xã Châu Thành,442 3 Tháng 2
2651,Đồng Nai,Phường Biên Hòa,548 Điện Biên Phủ
2652,Vĩnh Long,Xã Tam Bình,572 Hai Bà Trưng
2653,Cà Mau,Xã Ngọc Hiển,261 Nam Kỳ Khởi Nghĩa
2654,Đồng Nai,Xã Nhơn Trạch,83 Nguyễn Huệ
2655,Vĩnh Long,Xã Mang Thít,214 Cách Mạng Tháng Tám
2656,TP. Hồ Chí Minh,Phường Sài Gòn,489 Quang Trung
2657,An Giang,Phường Long Xuyên,523 Nam Kỳ Khởi Nghĩa
2658,TP. Hồ Chí Minh,Phường Tân Bình,482 Phạm Văn Đồng
2659,Vĩnh Long,Xã Long Hồ,360 Phạm Văn Đồng
2660,Tây Ninh,Xã Gò Dầu,28 Nguyễn Văn Cừ
2661,Đồng Tháp,Phường Cao Lãnh,551 Võ Văn Kiệt
2662,Vĩnh Long,Xã Bình Minh,344 Điện Biên Phủ
2663,An Giang,Phường Long Xuyên,135 Nguyễn Huệ
2664,Cần Thơ,Xã Phong Điền,442 Quang Trung
2665,Tây Ninh,Xã Gò Dầu,402 3 Tháng 2
2666,Tây Ninh,Xã Gò Dầu,83 Hai Bà Trưng
2667,Cà Mau,Xã Ngọc Hiển,375 Phạm Văn Đồng
2668,TP. Hồ Chí Minh,Phường An Khánh,215 Hai Bà Trưng
2669,TP. Hồ Chí Minh,Phường Chợ Lớn,369 3 Tháng 2
2670,Cần Thơ,Xã Phong Điền,360 Pasteur
2671,TP. Hồ Chí Minh,Phường An Khánh,218 Lý Thường Kiệt
2672,An Giang,Xã Chợ Mới,331 Nguyễn Huệ
2673,Tây Ninh,Xã Gò Dầu,491 Lý Thường Kiệt
2674,Đồng Tháp,Phường Hồng Ngự,75 Trần Hưng Đạo
2675,Đồng Tháp,Xã Lấp Vò,157 Trần Hưng Đạo
2676,TP. Hồ Chí Minh,Phường Tân Bình,513 3 Tháng 2
2677,Cần Thơ,Phường Cái Răng,525 Hai Bà Trưng
2678,Tây Ninh,Xã Dương Minh Châu,399 Cách Mạng Tháng Tám
2679,Cần Thơ,Phường Thốt Nốt,411 Lê Lợi
2680,Cà Mau,Xã U Minh,47 Hai Bà Trưng
2681,Đồng Nai,Xã Long Thành,40 Nam Kỳ Khởi Nghĩa
2682,Đồng Nai,Xã Nhơn Trạch,591 Nguyễn Huệ
2683,Cà Mau,Xã U Minh,351 Võ Văn Kiệt
2684,An Giang,Xã Chợ Mới,104 Lý Thường Kiệt
2685,TP. Hồ Chí Minh,Phường Sài Gòn,283 Nam Kỳ Khởi Nghĩa
2686,TP. Hồ Chí Minh,Phường Sài Gòn,520 Nguyễn Trãi
2687,Vĩnh Long,Xã Tam Bình,572 Nguyễn Văn Cừ
2688,TP. Hồ Chí Minh,Phường Sài Gòn,82 3 Tháng 2
2689,TP. Hồ Chí Minh,Phường Bến Thành,513 Nguyễn Trãi
2690,Đồng Nai,Phường Biên Hòa,382 Lê Lợi
2691,Cần Thơ,Phường Thốt Nốt,275 Cách Mạng Tháng Tám
2692,Cà Mau,Xã U Minh,132 Lê Lợi
2693,Tây Ninh,Xã Gò Dầu,19 Pasteur
2694,TP. Hồ Chí Minh,Phường Bình Thạnh,71 3 Tháng 2
2695,Đồng Tháp,Xã Lai Vung,300 Điện Biên Phủ
2696,TP. Hồ Chí Minh,Phường Bến Thành,279 Nam Kỳ Khởi Nghĩa
2697,Tây Ninh,Xã Gò Dầu,234 3 Tháng 2
2698,Cần Thơ,Phường Thốt Nốt,103 Nguyễn Văn Cừ
2699,Đồng Nai,Phường Long Khánh,249 Quang Trung
2700,Đồng Tháp,Xã Lai Vung,385 Trần Hưng Đạo
2701,Đồng Nai,Phường Biên Hòa,182 Phạm Văn Đồng
2702,Cần Thơ,Phường Cái Răng,303 Nguyễn Huệ
2703,Cà Mau,Xã U Minh,279 Nguyễn Huệ
2704,Đồng Nai,Xã Định Quán,117 Võ Văn Kiệt
2705,Vĩnh Long,Phường Vĩnh Long,444 Nguyễn Huệ
2706,Cần Thơ,Phường Ninh Kiều,155 Phạm Văn Đồng
2707,TP. Hồ Chí Minh,Phường Bến Thành,322 Phạm Văn Đồng
2708,Cà Mau,Phường Cà Mau,577 Cách Mạng Tháng Tám
2709,TP. Hồ Chí Minh,Phường Chợ Lớn,193 Phạm Văn Đồng
2710,Tây Ninh,Xã Dương Minh Châu,63 Điện Biên Phủ
2711,Cần Thơ,Phường Ninh Kiều,153 Quang Trung
2712,TP. Hồ Chí Minh,Phường Tân Bình,189 Cách Mạng Tháng Tám
2713,Cà Mau,Xã Năm Căn,376 Điện Biên Phủ
2714,TP. Hồ Chí Minh,Phường Chợ Lớn,565 Quang Trung
2715,Đồng Nai,Xã Nhơn Trạch,363 3 Tháng 2
2716,An Giang,Phường Châu Đốc,317 Hai Bà Trưng
2717,TP. Hồ Chí Minh,Phường Tân Bình,429 Nam Kỳ Khởi Nghĩa
2718,Đồng Nai,Phường Biên Hòa,503 Quang Trung
2719,Đồng Tháp,Xã Tháp Mười,422 Quang Trung
2720,TP. Hồ Chí Minh,Phường Chợ Lớn,118 Hai Bà Trưng
2721,Cần Thơ,Phường Cái Răng,261 Lý Thường Kiệt
2722,Cần Thơ,Phường Bình Thủy,67 Nguyễn Huệ
2723,TP. Hồ Chí Minh,Phường Bến Thành,557 Võ Văn Kiệt
2724,TP. Hồ Chí Minh,Phường Bình Thạnh,203 Pasteur
2725,Đồng Nai,Phường Biên Hòa,315 Cách Mạng Tháng Tám
2726,Đồng Tháp,Phường Sa Đéc,192 Nam Kỳ Khởi Nghĩa
2727,TP. Hồ Chí Minh,Phường Tân Bình,325 Lý Thường Kiệt
2728,Tây Ninh,Xã Gò Dầu,13 Lê Lợi
2729,An Giang,Phường Châu Đốc,250 Nguyễn Trãi
2730,Tây Ninh,Xã Dương Minh Châu,536 Nguyễn Huệ
2731,TP. Hồ Chí Minh,Phường Bình Thạnh,85 Nam Kỳ Khởi Nghĩa
2732,TP. Hồ Chí Minh,Phường Tân Định,108 Pasteur
2733,Đồng Tháp,Xã Tháp Mười,11 Nam Kỳ Khởi Nghĩa
2734,Tây Ninh,Phường Tây Ninh,438 Lý Thường Kiệt
2735,TP. Hồ Chí Minh,Phường Tân Định,229 Nguyễn Văn Cừ
2736,An Giang,Phường Châu Đốc,409 Nam Kỳ Khởi Nghĩa
2737,An Giang,Xã Chợ Mới,242 Lê Lợi
2738,Cần Thơ,Xã Phong Điền,410 Võ Văn Kiệt
2739,Tây Ninh,Xã Châu Thành,374 3 Tháng 2
2740,TP. Hồ Chí Minh,Phường Tân Bình,99 Lý Thường Kiệt
2741,Đồng Tháp,Phường Cao Lãnh,296 Lý Thường Kiệt
2742,Cần Thơ,Xã Phong Điền,424 3 Tháng 2
2743,Vĩnh Long,Xã Tam Bình,35 Lê Lợi
2744,Cần Thơ,Xã Phong Điền,184 Nam Kỳ Khởi Nghĩa
2745,Đồng Nai,Xã Định Quán,210 Võ Văn Kiệt
2746,TP. Hồ Chí Minh,Phường Bến Thành,548 Nguyễn Trãi
2747,An Giang,Phường Châu Đốc,40 Điện Biên Phủ
2748,TP. Hồ Chí Minh,Phường Chợ Lớn,252 Võ Văn Kiệt
2749,Đồng Tháp,Phường Hồng Ngự,569 Quang Trung
2750,Tây Ninh,Phường Tây Ninh,208 Trần Hưng Đạo
2751,TP. Hồ Chí Minh,Phường An Khánh,4 3 Tháng 2
2752,TP. Hồ Chí Minh,Phường Sài Gòn,422 Nam Kỳ Khởi Nghĩa
2753,TP. Hồ Chí Minh,Phường Thủ Đức,209 Hai Bà Trưng
2754,Đồng Nai,Xã Nhơn Trạch,515 Nguyễn Văn Cừ
2755,Đồng Nai,Phường Trấn Biên,599 Võ Văn Kiệt
2756,An Giang,Phường Long Xuyên,330 Lê Lợi
2757,Đồng Nai,Phường Trấn Biên,409 Nguyễn Văn Cừ
2758,Cà Mau,Xã Đầm Dơi,480 Nguyễn Trãi
2759,Đồng Nai,Phường Trấn Biên,144 Cách Mạng Tháng Tám
2760,An Giang,Xã Tri Tôn,389 Phạm Văn Đồng
2761,Tây Ninh,Phường Trảng Bàng,149 Trần Hưng Đạo
2762,Cà Mau,Xã Ngọc Hiển,458 Phạm Văn Đồng
2763,An Giang,Phường Long Xuyên,44 Nguyễn Văn Cừ
2764,Đồng Nai,Xã Định Quán,309 Lý Thường Kiệt
2765,Vĩnh Long,Xã Mang Thít,522 Nam Kỳ Khởi Nghĩa
2766,TP. Hồ Chí Minh,Phường Sài Gòn,273 Nguyễn Huệ
2767,Đồng Tháp,Xã Lấp Vò,338 Cách Mạng Tháng Tám
2768,Vĩnh Long,Xã Bình Minh,86 Phạm Văn Đồng
2769,Đồng Tháp,Phường Hồng Ngự,417 Nam Kỳ Khởi Nghĩa
2770,An Giang,Phường Long Xuyên,263 Điện Biên Phủ
2771,TP. Hồ Chí Minh,Phường Tân Bình,569 Nam Kỳ Khởi Nghĩa
2772,Tây Ninh,Xã Châu Thành,242 Lý Thường Kiệt
2773,Vĩnh Long,Xã Tam Bình,351 Nguyễn Văn Cừ
2774,TP. Hồ Chí Minh,Phường Bến Thành,196 Trần Hưng Đạo
2775,Vĩnh Long,Xã Mang Thít,104 Quang Trung
2776,Vĩnh Long,Xã Trà Ôn,231 Nguyễn Văn Cừ
2777,Tây Ninh,Xã Dương Minh Châu,229 Nguyễn Văn Cừ
2778,Đồng Nai,Xã Nhơn Trạch,36 Lê Lợi
2779,Đồng Nai,Xã Định Quán,405 Pasteur
2780,TP. Hồ Chí Minh,Phường Tân Bình,568 Lê Lợi
2781,TP. Hồ Chí Minh,Phường An Khánh,292 Nam Kỳ Khởi Nghĩa
2782,TP. Hồ Chí Minh,Phường Tân Bình,59 Nam Kỳ Khởi Nghĩa
2783,An Giang,Phường Long Xuyên,94 Hai Bà Trưng
2784,An Giang,Xã Tịnh Biên,351 Võ Văn Kiệt
2785,TP. Hồ Chí Minh,Phường Bến Thành,495 Nam Kỳ Khởi Nghĩa
2786,TP. Hồ Chí Minh,Phường Bình Thạnh,71 Võ Văn Kiệt
2787,Cần Thơ,Phường Ô Môn,378 Nguyễn Văn Cừ
2788,TP. Hồ Chí Minh,Phường Sài Gòn,468 Trần Hưng Đạo
2789,TP. Hồ Chí Minh,Phường Tân Định,533 Cách Mạng Tháng Tám
2790,Cần Thơ,Phường Cái Răng,416 Lê Lợi
2791,Đồng Tháp,Phường Hồng Ngự,90 Phạm Văn Đồng
2792,Đồng Tháp,Phường Sa Đéc,458 Nguyễn Huệ
2793,Đồng Tháp,Xã Lai Vung,197 Phạm Văn Đồng
2794,Cần Thơ,Xã Phong Điền,584 Nguyễn Văn Cừ
2795,Vĩnh Long,Xã Mang Thít,24 Quang Trung
2796,Cần Thơ,Xã Phong Điền,321 Quang Trung
2797,Đồng Nai,Phường Long Khánh,440 Nguyễn Trãi
2798,Cà Mau,Xã Năm Căn,470 Nguyễn Huệ
2799,TP. Hồ Chí Minh,Phường Bình Thạnh,215 Võ Văn Kiệt
2800,Cần Thơ,Phường Ninh Kiều,577 Nguyễn Huệ
2801,Cà Mau,Xã Ngọc Hiển,304 3 Tháng 2
2802,Tây Ninh,Xã Gò Dầu,178 Hai Bà Trưng
2803,TP. Hồ Chí Minh,Phường Tân Bình,36 Nguyễn Huệ
2804,An Giang,Xã Chợ Mới,518 Lý Thường Kiệt
2805,TP. Hồ Chí Minh,Phường Bình Thạnh,324 Cách Mạng Tháng Tám
2806,Vĩnh Long,Xã Trà Ôn,412 Nguyễn Huệ
2807,An Giang,Xã Tịnh Biên,117 Hai Bà Trưng
2808,TP. Hồ Chí Minh,Phường Thủ Đức,218 Lê Lợi
2809,Vĩnh Long,Xã Tam Bình,211 Lê Lợi
2810,Đồng Nai,Xã Định Quán,183 Nguyễn Văn Cừ
2811,Cà Mau,Xã Năm Căn,572 Lý Thường Kiệt
2812,Cà Mau,Xã Trần Văn Thời,477 Lý Thường Kiệt
2813,Đồng Nai,Xã Long Thành,74 Cách Mạng Tháng Tám
2814,Vĩnh Long,Xã Tam Bình,226 Pasteur
2815,TP. Hồ Chí Minh,Phường Bình Thạnh,510 Trần Hưng Đạo
2816,Đồng Tháp,Phường Sa Đéc,518 Võ Văn Kiệt
2817,Vĩnh Long,Xã Tam Bình,46 Nguyễn Văn Cừ
2818,TP. Hồ Chí Minh,Phường Tân Định,486 Hai Bà Trưng
2819,An Giang,Xã Tri Tôn,301 Phạm Văn Đồng
2820,Đồng Nai,Xã Nhơn Trạch,419 Nguyễn Văn Cừ
2821,Vĩnh Long,Xã Bình Minh,368 Trần Hưng Đạo
2822,TP. Hồ Chí Minh,Phường Thủ Đức,357 Nguyễn Huệ
2823,An Giang,Xã Chợ Mới,531 Cách Mạng Tháng Tám
2824,Đồng Nai,Xã Long Thành,583 Võ Văn Kiệt
2825,Cà Mau,Xã Ngọc Hiển,214 Nguyễn Văn Cừ
2826,Đồng Tháp,Phường Cao Lãnh,222 Điện Biên Phủ
2827,TP. Hồ Chí Minh,Phường Bình Thạnh,195 Nam Kỳ Khởi Nghĩa
2828,An Giang,Xã Tịnh Biên,528 Lý Thường Kiệt
2829,Cần Thơ,Phường Cái Răng,130 Hai Bà Trưng
2830,An Giang,Xã Phú Tân,160 Nam Kỳ Khởi Nghĩa
2831,TP. Hồ Chí Minh,Phường Tân Bình,529 Hai Bà Trưng
2832,Đồng Tháp,Xã Lấp Vò,389 Hai Bà Trưng
2833,Đồng Tháp,Xã Lai Vung,542 Cách Mạng Tháng Tám
2834,Vĩnh Long,Xã Tam Bình,15 Nam Kỳ Khởi Nghĩa
2835,TP. Hồ Chí Minh,Phường Tân Định,229 Lê Lợi
2836,Đồng Tháp,Xã Lấp Vò,459 Điện Biên Phủ
2837,TP. Hồ Chí Minh,Phường Bến Thành,440 Nguyễn Trãi
2838,Tây Ninh,Xã Tân Biên,445 Võ Văn Kiệt
2839,Vĩnh Long,Xã Bình Minh,295 Lê Lợi
2840,Đồng Tháp,Xã Lai Vung,536 Lý Thường Kiệt
2841,TP. Hồ Chí Minh,Phường Tân Định,191 Hai Bà Trưng
2842,Cà Mau,Xã Ngọc Hiển,377 Trần Hưng Đạo
2843,Đồng Tháp,Xã Tháp Mười,24 Điện Biên Phủ
2844,Cà Mau,Xã Ngọc Hiển,373 Hai Bà Trưng
2845,Cà Mau,Xã Đầm Dơi,581 Lý Thường Kiệt
2846,TP. Hồ Chí Minh,Phường Chợ Lớn,427 Pasteur
2847,Vĩnh Long,Xã Bình Minh,102 Quang Trung
2848,TP. Hồ Chí Minh,Phường Tân Định,223 Võ Văn Kiệt
2849,TP. Hồ Chí Minh,Phường Tân Bình,197 Trần Hưng Đạo
2850,Cà Mau,Xã Ngọc Hiển,234 Lý Thường Kiệt
2851,TP. Hồ Chí Minh,Phường Tân Bình,270 Pasteur
2852,Cà Mau,Xã Ngọc Hiển,445 3 Tháng 2
2853,An Giang,Phường Long Xuyên,168 Nam Kỳ Khởi Nghĩa
2854,Cần Thơ,Phường Cái Răng,498 Nam Kỳ Khởi Nghĩa
2855,TP. Hồ Chí Minh,Phường Tân Bình,383 Lý Thường Kiệt
2856,TP. Hồ Chí Minh,Phường Tân Bình,390 Cách Mạng Tháng Tám
2857,Đồng Nai,Phường Trấn Biên,311 Nguyễn Văn Cừ
2858,Tây Ninh,Xã Dương Minh Châu,361 Nguyễn Huệ
2859,An Giang,Xã Chợ Mới,373 Lý Thường Kiệt
2860,TP. Hồ Chí Minh,Phường Thủ Đức,227 Nguyễn Trãi
2861,Tây Ninh,Xã Dương Minh Châu,472 3 Tháng 2
2862,Vĩnh Long,Xã Tam Bình,173 Phạm Văn Đồng
2863,An Giang,Xã Chợ Mới,569 Lê Lợi
2864,Đồng Tháp,Phường Cao Lãnh,533 Lý Thường Kiệt
2865,Tây Ninh,Phường Trảng Bàng,156 Lý Thường Kiệt
2866,TP. Hồ Chí Minh,Phường Chợ Lớn,105 Quang Trung
2867,Cần Thơ,Phường Bình Thủy,275 Hai Bà Trưng
2868,TP. Hồ Chí Minh,Phường Bến Thành,124 Quang Trung
2869,Đồng Nai,Xã Nhơn Trạch,160 Nguyễn Trãi
2870,Vĩnh Long,Phường Vĩnh Long,13 Nguyễn Văn Cừ
2871,Đồng Nai,Xã Long Thành,569 Điện Biên Phủ
2872,Cần Thơ,Phường Thốt Nốt,180 Nguyễn Trãi
2873,Đồng Nai,Phường Long Khánh,431 Nam Kỳ Khởi Nghĩa
2874,An Giang,Phường Châu Đốc,49 Lê Lợi
2875,TP. Hồ Chí Minh,Phường Thủ Đức,54 Nam Kỳ Khởi Nghĩa
2876,TP. Hồ Chí Minh,Phường An Khánh,262 Phạm Văn Đồng
2877,Đồng Tháp,Phường Cao Lãnh,400 Cách Mạng Tháng Tám
2878,Đồng Nai,Xã Nhơn Trạch,541 Quang Trung
2879,An Giang,Phường Long Xuyên,163 Cách Mạng Tháng Tám
2880,TP. Hồ Chí Minh,Phường Bình Thạnh,424 Nguyễn Huệ
2881,An Giang,Phường Long Xuyên,16 Quang Trung
2882,TP. Hồ Chí Minh,Phường Chợ Lớn,467 Nam Kỳ Khởi Nghĩa
2883,An Giang,Xã Tịnh Biên,221 3 Tháng 2
2884,Cà Mau,Xã Trần Văn Thời,297 Cách Mạng Tháng Tám
2885,TP. Hồ Chí Minh,Phường Tân Định,354 Trần Hưng Đạo
2886,TP. Hồ Chí Minh,Phường An Khánh,103 Nguyễn Huệ
2887,Đồng Nai,Xã Định Quán,102 Cách Mạng Tháng Tám
2888,Tây Ninh,Xã Tân Biên,44 Nguyễn Trãi
2889,Cần Thơ,Phường Ô Môn,363 Phạm Văn Đồng
2890,TP. Hồ Chí Minh,Phường Thủ Đức,43 Võ Văn Kiệt
2891,TP. Hồ Chí Minh,Phường Sài Gòn,20 Lý Thường Kiệt
2892,Cà Mau,Phường Cà Mau,40 Lê Lợi
2893,Tây Ninh,Xã Dương Minh Châu,410 Điện Biên Phủ
2894,Vĩnh Long,Xã Trà Ôn,43 Quang Trung
2895,Tây Ninh,Phường Tây Ninh,464 Nam Kỳ Khởi Nghĩa
2896,Tây Ninh,Phường Tây Ninh,57 Quang Trung
2897,Cần Thơ,Phường Cái Răng,485 Nguyễn Văn Cừ
2898,Đồng Nai,Xã Nhơn Trạch,507 3 Tháng 2
2899,Đồng Nai,Xã Định Quán,458 3 Tháng 2
2900,Tây Ninh,Xã Tân Biên,57 Phạm Văn Đồng
2901,Cà Mau,Xã U Minh,593 Hai Bà Trưng
2902,TP. Hồ Chí Minh,Phường Tân Bình,400 3 Tháng 2
2903,TP. Hồ Chí Minh,Phường Tân Định,143 Lý Thường Kiệt
2904,TP. Hồ Chí Minh,Phường Thủ Đức,350 Nam Kỳ Khởi Nghĩa
2905,Đồng Tháp,Phường Cao Lãnh,66 Nguyễn Huệ
2906,Đồng Tháp,Phường Cao Lãnh,134 Võ Văn Kiệt
2907,An Giang,Phường Long Xuyên,425 Pasteur
2908,TP. Hồ Chí Minh,Phường Bình Thạnh,443 Quang Trung
2909,An Giang,Phường Long Xuyên,271 Cách Mạng Tháng Tám
2910,Đồng Nai,Phường Biên Hòa,535 3 Tháng 2
2911,Đồng Nai,Phường Long Khánh,59 Lê Lợi
2912,An Giang,Xã Chợ Mới,13 Nam Kỳ Khởi Nghĩa
2913,Vĩnh Long,Xã Long Hồ,478 Pasteur
2914,TP. Hồ Chí Minh,Phường Sài Gòn,164 Trần Hưng Đạo
2915,Cần Thơ,Phường Ô Môn,436 Hai Bà Trưng
2916,An Giang,Xã Tịnh Biên,72 Điện Biên Phủ
2917,Vĩnh Long,Xã Long Hồ,104 Võ Văn Kiệt
2918,TP. Hồ Chí Minh,Phường Bình Thạnh,539 Điện Biên Phủ
2919,An Giang,Xã Tri Tôn,585 3 Tháng 2
2920,Đồng Nai,Phường Long Khánh,19 Pasteur
2921,Tây Ninh,Phường Tây Ninh,575 Phạm Văn Đồng
2922,Vĩnh Long,Xã Mang Thít,2 Pasteur
2923,Đồng Tháp,Phường Sa Đéc,261 Lý Thường Kiệt
2924,Đồng Nai,Xã Nhơn Trạch,117 Điện Biên Phủ
2925,Đồng Nai,Xã Long Thành,77 Lê Lợi
2926,TP. Hồ Chí Minh,Phường Chợ Lớn,386 Nam Kỳ Khởi Nghĩa
2927,TP. Hồ Chí Minh,Phường Tân Định,308 Võ Văn Kiệt
2928,TP. Hồ Chí Minh,Phường Tân Định,582 Lê Lợi
2929,TP. Hồ Chí Minh,Phường Thủ Đức,19 Cách Mạng Tháng Tám
2930,Cần Thơ,Phường Bình Thủy,579 Trần Hưng Đạo
2931,Cà Mau,Xã U Minh,480 Quang Trung
2932,TP. Hồ Chí Minh,Phường An Khánh,370 Lê Lợi
2933,Vĩnh Long,Phường Vĩnh Long,427 Cách Mạng Tháng Tám
2934,TP. Hồ Chí Minh,Phường Bình Thạnh,466 Lê Lợi
2935,TP. Hồ Chí Minh,Phường Chợ Lớn,442 Nguyễn Văn Cừ
2936,TP. Hồ Chí Minh,Phường Bình Thạnh,373 Trần Hưng Đạo
2937,An Giang,Xã Phú Tân,433 Nguyễn Trãi
2938,Cà Mau,Xã Đầm Dơi,503 Nguyễn Trãi
2939,An Giang,Xã Tri Tôn,34 Phạm Văn Đồng
2940,TP. Hồ Chí Minh,Phường Tân Định,392 Quang Trung
2941,Vĩnh Long,Xã Bình Minh,128 Điện Biên Phủ
2942,Cà Mau,Phường Cà Mau,343 Võ Văn Kiệt
2943,Đồng Tháp,Xã Tháp Mười,595 Điện Biên Phủ
2944,TP. Hồ Chí Minh,Phường Sài Gòn,590 Quang Trung
2945,Vĩnh Long,Xã Tam Bình,15 Quang Trung
2946,Tây Ninh,Xã Châu Thành,55 Nguyễn Văn Cừ
2947,TP. Hồ Chí Minh,Phường Chợ Lớn,219 Nguyễn Trãi
2948,Cà Mau,Xã Đầm Dơi,494 Nguyễn Huệ
2949,Đồng Tháp,Phường Cao Lãnh,44 Quang Trung
2950,Cà Mau,Xã Ngọc Hiển,221 Trần Hưng Đạo
2951,Đồng Nai,Phường Trấn Biên,527 Quang Trung
2952,TP. Hồ Chí Minh,Phường Tân Bình,148 Phạm Văn Đồng
2953,TP. Hồ Chí Minh,Phường Bình Thạnh,451 Võ Văn Kiệt
2954,An Giang,Xã Chợ Mới,20 Nguyễn Trãi
2955,Đồng Tháp,Xã Lấp Vò,369 Nguyễn Văn Cừ
2956,TP. Hồ Chí Minh,Phường An Khánh,568 Nguyễn Văn Cừ
2957,TP. Hồ Chí Minh,Phường Bến Thành,594 Nam Kỳ Khởi Nghĩa
2958,Đồng Tháp,Phường Cao Lãnh,366 Nguyễn Trãi
2959,Đồng Nai,Xã Long Thành,11 Võ Văn Kiệt
2960,Tây Ninh,Xã Châu Thành,74 Quang Trung
2961,TP. Hồ Chí Minh,Phường Chợ Lớn,275 Pasteur
2962,Đồng Nai,Phường Trấn Biên,267 3 Tháng 2
2963,TP. Hồ Chí Minh,Phường Bình Thạnh,439 Phạm Văn Đồng
2964,Đồng Nai,Phường Trấn Biên,205 Pasteur
2965,Đồng Tháp,Xã Lấp Vò,204 Trần Hưng Đạo
2966,TP. Hồ Chí Minh,Phường Bến Thành,308 Cách Mạng Tháng Tám
2967,An Giang,Phường Châu Đốc,130 Pasteur
2968,TP. Hồ Chí Minh,Phường Sài Gòn,390 Phạm Văn Đồng
2969,TP. Hồ Chí Minh,Phường Tân Bình,79 Hai Bà Trưng
2970,TP. Hồ Chí Minh,Phường Tân Bình,448 Pasteur
2971,Vĩnh Long,Xã Trà Ôn,357 Trần Hưng Đạo
2972,Đồng Nai,Phường Trấn Biên,19 Võ Văn Kiệt
2973,Đồng Nai,Phường Biên Hòa,268 Trần Hưng Đạo
2974,Tây Ninh,Xã Gò Dầu,12 Phạm Văn Đồng
2975,Cần Thơ,Phường Ô Môn,133 Hai Bà Trưng
2976,TP. Hồ Chí Minh,Phường Bến Thành,452 Lý Thường Kiệt
2977,TP. Hồ Chí Minh,Phường Bến Thành,229 Trần Hưng Đạo
2978,Vĩnh Long,Phường Vĩnh Long,298 Quang Trung
2979,TP. Hồ Chí Minh,Phường Tân Định,496 Nam Kỳ Khởi Nghĩa
2980,Đồng Nai,Xã Định Quán,479 Điện Biên Phủ
2981,Cà Mau,Xã Ngọc Hiển,182 Pasteur
2982,Cần Thơ,Xã Phong Điền,560 Nguyễn Huệ
2983,TP. Hồ Chí Minh,Phường Chợ Lớn,497 Cách Mạng Tháng Tám
2984,TP. Hồ Chí Minh,Phường Bến Thành,462 Lý Thường Kiệt
2985,Cà Mau,Xã U Minh,227 Quang Trung
2986,TP. Hồ Chí Minh,Phường Bến Thành,372 Pasteur
2987,Đồng Nai,Xã Long Thành,2 Lý Thường Kiệt
2988,Tây Ninh,Xã Dương Minh Châu,384 Cách Mạng Tháng Tám
2989,Cà Mau,Phường Cà Mau,544 Nguyễn Huệ
2990,Đồng Nai,Phường Biên Hòa,1 Pasteur
2991,Tây Ninh,Xã Châu Thành,87 Hai Bà Trưng
2992,TP. Hồ Chí Minh,Phường An Khánh,137 Nguyễn Văn Cừ
2993,Đồng Tháp,Phường Cao Lãnh,142 Nam Kỳ Khởi Nghĩa
2994,Cần Thơ,Phường Ô Môn,393 Cách Mạng Tháng Tám
2995,TP. Hồ Chí Minh,Phường Tân Định,58 Nguyễn Văn Cừ
2996,Đồng Nai,Xã Định Quán,349 Phạm Văn Đồng
2997,Đồng Tháp,Xã Lấp Vò,431 Phạm Văn Đồng
2998,TP. Hồ Chí Minh,Phường Tân Định,387 Nguyễn Văn Cừ
2999,Cần Thơ,Xã Phong Điền,319 Nguyễn Huệ
3000,TP. Hồ Chí Minh,Phường An Khánh,358 Lê Lợi
3001,TP. Hồ Chí Minh,Phường Tân Bình,482 Cách Mạng Tháng Tám
3002,Tây Ninh,Phường Tây Ninh,272 Điện Biên Phủ
3003,Đồng Nai,Xã Long Thành,553 Nguyễn Trãi
3004,Cần Thơ,Phường Bình Thủy,329 Võ Văn Kiệt
3005,Vĩnh Long,Xã Tam Bình,394 Điện Biên Phủ
3006,TP. Hồ Chí Minh,Phường An Khánh,386 Điện Biên Phủ
3007,TP. Hồ Chí Minh,Phường Sài Gòn,360 Trần Hưng Đạo
3008,TP. Hồ Chí Minh,Phường Sài Gòn,528 Hai Bà Trưng
3009,Đồng Tháp,Phường Cao Lãnh,285 Nguyễn Văn Cừ
3010,Đồng Tháp,Xã Tháp Mười,228 Nguyễn Trãi
3011,TP. Hồ Chí Minh,Phường Sài Gòn,554 Cách Mạng Tháng Tám
3012,TP. Hồ Chí Minh,Phường Tân Bình,432 Nguyễn Huệ
3013,Cà Mau,Xã U Minh,170 Điện Biên Phủ
3014,TP. Hồ Chí Minh,Phường Bình Thạnh,184 Phạm Văn Đồng
3015,Cà Mau,Xã Năm Căn,575 Nguyễn Huệ
3016,Cần Thơ,Xã Phong Điền,478 Quang Trung
3017,TP. Hồ Chí Minh,Phường Sài Gòn,338 Lý Thường Kiệt
3018,Cà Mau,Xã Đầm Dơi,328 Nam Kỳ Khởi Nghĩa
3019,Đồng Tháp,Xã Lấp Vò,206 Lê Lợi
3020,TP. Hồ Chí Minh,Phường Bến Thành,567 Lê Lợi
3021,Đồng Nai,Xã Long Thành,239 Nam Kỳ Khởi Nghĩa
3022,An Giang,Phường Long Xuyên,342 Cách Mạng Tháng Tám
3023,Cần Thơ,Phường Thốt Nốt,449 Cách Mạng Tháng Tám
3024,An Giang,Phường Châu Đốc,40 Trần Hưng Đạo
3025,TP. Hồ Chí Minh,Phường An Khánh,308 Lý Thường Kiệt
3026,Tây Ninh,Phường Tây Ninh,506 Cách Mạng Tháng Tám
3027,Vĩnh Long,Xã Tam Bình,537 Lý Thường Kiệt
3028,Cần Thơ,Phường Ninh Kiều,426 Lê Lợi
3029,Vĩnh Long,Xã Bình Minh,537 Nguyễn Huệ
3030,Cần Thơ,Phường Thốt Nốt,581 Võ Văn Kiệt
3031,Vĩnh Long,Xã Mang Thít,98 3 Tháng 2
3032,Đồng Tháp,Xã Lai Vung,474 Quang Trung
3033,TP. Hồ Chí Minh,Phường Thủ Đức,516 Phạm Văn Đồng
3034,Vĩnh Long,Xã Trà Ôn,386 Lý Thường Kiệt
3035,TP. Hồ Chí Minh,Phường Bến Thành,371 Nguyễn Huệ
3036,Đồng Tháp,Xã Lấp Vò,173 Nam Kỳ Khởi Nghĩa
3037,An Giang,Xã Tri Tôn,27 Nguyễn Trãi
3038,TP. Hồ Chí Minh,Phường Chợ Lớn,523 Hai Bà Trưng
3039,Vĩnh Long,Phường Vĩnh Long,105 Pasteur
3040,Cần Thơ,Xã Phong Điền,527 Nguyễn Huệ
3041,Đồng Nai,Phường Trấn Biên,53 Nam Kỳ Khởi Nghĩa
3042,Đồng Nai,Xã Long Thành,506 Nguyễn Văn Cừ
3043,TP. Hồ Chí Minh,Phường Tân Bình,179 Nguyễn Văn Cừ
3044,Đồng Nai,Xã Định Quán,408 Quang Trung
3045,TP. Hồ Chí Minh,Phường Sài Gòn,311 3 Tháng 2
3046,Tây Ninh,Phường Trảng Bàng,18 Lê Lợi
3047,Vĩnh Long,Xã Long Hồ,48 Nam Kỳ Khởi Nghĩa
3048,Vĩnh Long,Xã Bình Minh,333 Điện Biên Phủ
3049,TP. Hồ Chí Minh,Phường An Khánh,498 Lý Thường Kiệt
3050,TP. Hồ Chí Minh,Phường Bến Thành,564 Pasteur
3051,Đồng Nai,Xã Định Quán,12 Nam Kỳ Khởi Nghĩa
3052,Đồng Nai,Phường Biên Hòa,280 Nguyễn Trãi
3053,TP. Hồ Chí Minh,Phường Thủ Đức,460 Nguyễn Văn Cừ
3054,Vĩnh Long,Xã Trà Ôn,308 Võ Văn Kiệt
3055,An Giang,Xã Tri Tôn,196 Võ Văn Kiệt
3056,TP. Hồ Chí Minh,Phường Tân Định,232 Nam Kỳ Khởi Nghĩa
3057,Cà Mau,Xã Trần Văn Thời,187 Nguyễn Huệ
3058,Tây Ninh,Xã Châu Thành,8 Trần Hưng Đạo
3059,Đồng Nai,Xã Nhơn Trạch,592 Lý Thường Kiệt
3060,Vĩnh Long,Xã Trà Ôn,339 Pasteur
3061,TP. Hồ Chí Minh,Phường Bến Thành,446 Nguyễn Huệ
3062,An Giang,Xã Chợ Mới,321 Quang Trung
3063,TP. Hồ Chí Minh,Phường Bình Thạnh,151 Quang Trung
3064,TP. Hồ Chí Minh,Phường Bình Thạnh,324 Trần Hưng Đạo
3065,TP. Hồ Chí Minh,Phường Thủ Đức,588 Võ Văn Kiệt
3066,Đồng Nai,Xã Định Quán,555 Nguyễn Huệ
3067,Cà Mau,Xã Trần Văn Thời,133 Phạm Văn Đồng
3068,TP. Hồ Chí Minh,Phường Sài Gòn,298 Võ Văn Kiệt
3069,Đồng Nai,Xã Long Thành,427 Hai Bà Trưng
3070,TP. Hồ Chí Minh,Phường Chợ Lớn,177 Võ Văn Kiệt
3071,Đồng Tháp,Phường Cao Lãnh,330 Quang Trung
3072,TP. Hồ Chí Minh,Phường Bến Thành,222 Nguyễn Văn Cừ
3073,TP. Hồ Chí Minh,Phường Bình Thạnh,513 Cách Mạng Tháng Tám
3074,Cà Mau,Phường Cà Mau,505 Điện Biên Phủ
3075,An Giang,Xã Phú Tân,246 Lê Lợi
3076,Cà Mau,Xã U Minh,396 Phạm Văn Đồng
3077,Tây Ninh,Phường Trảng Bàng,505 Võ Văn Kiệt
3078,Đồng Nai,Xã Nhơn Trạch,554 Hai Bà Trưng
3079,TP. Hồ Chí Minh,Phường Tân Bình,115 Nguyễn Trãi
3080,Cần Thơ,Phường Thốt Nốt,359 Cách Mạng Tháng Tám
3081,Cần Thơ,Phường Ô Môn,187 Võ Văn Kiệt
3082,Đồng Tháp,Phường Sa Đéc,96 Nguyễn Huệ
3083,Đồng Nai,Phường Trấn Biên,244 3 Tháng 2
3084,TP. Hồ Chí Minh,Phường Bến Thành,215 Nguyễn Văn Cừ
3085,TP. Hồ Chí Minh,Phường Tân Bình,180 Hai Bà Trưng
3086,Đồng Tháp,Phường Cao Lãnh,7 Điện Biên Phủ
3087,Cần Thơ,Phường Thốt Nốt,118 Lý Thường Kiệt
3088,Cà Mau,Xã Đầm Dơi,415 Hai Bà Trưng
3089,TP. Hồ Chí Minh,Phường Sài Gòn,7 Điện Biên Phủ
3090,Đồng Tháp,Phường Cao Lãnh,324 Lý Thường Kiệt
3091,Đồng Tháp,Phường Cao Lãnh,86 Lý Thường Kiệt
3092,Đồng Nai,Xã Nhơn Trạch,323 Trần Hưng Đạo
3093,Vĩnh Long,Phường Vĩnh Long,475 Nguyễn Văn Cừ
3094,Tây Ninh,Phường Trảng Bàng,389 Quang Trung
3095,Tây Ninh,Xã Gò Dầu,421 Lê Lợi
3096,Vĩnh Long,Xã Mang Thít,108 Hai Bà Trưng
3097,Tây Ninh,Xã Tân Biên,469 3 Tháng 2
3098,TP. Hồ Chí Minh,Phường An Khánh,265 3 Tháng 2
3099,TP. Hồ Chí Minh,Phường Thủ Đức,546 Cách Mạng Tháng Tám
3100,Vĩnh Long,Xã Trà Ôn,234 Lý Thường Kiệt
3101,An Giang,Xã Chợ Mới,172 Trần Hưng Đạo
3102,TP. Hồ Chí Minh,Phường Tân Định,438 Nguyễn Văn Cừ
3103,TP. Hồ Chí Minh,Phường An Khánh,173 Điện Biên Phủ
3104,Vĩnh Long,Xã Long Hồ,480 3 Tháng 2
3105,TP. Hồ Chí Minh,Phường Tân Định,590 Nam Kỳ Khởi Nghĩa
3106,An Giang,Phường Châu Đốc,434 Nguyễn Huệ
3107,Đồng Nai,Phường Trấn Biên,72 Hai Bà Trưng
3108,TP. Hồ Chí Minh,Phường Sài Gòn,199 Nguyễn Huệ
3109,Vĩnh Long,Phường Vĩnh Long,117 Nguyễn Huệ
3110,Cần Thơ,Phường Ô Môn,193 Phạm Văn Đồng
3111,TP. Hồ Chí Minh,Phường Tân Bình,115 Trần Hưng Đạo
3112,Đồng Nai,Phường Trấn Biên,58 Cách Mạng Tháng Tám
3113,An Giang,Xã Tri Tôn,322 Điện Biên Phủ
3114,An Giang,Xã Tri Tôn,169 Hai Bà Trưng
3115,Tây Ninh,Xã Dương Minh Châu,548 Pasteur
3116,An Giang,Xã Tịnh Biên,552 Võ Văn Kiệt
3117,TP. Hồ Chí Minh,Phường Thủ Đức,311 Võ Văn Kiệt
3118,Vĩnh Long,Phường Vĩnh Long,185 Phạm Văn Đồng
3119,TP. Hồ Chí Minh,Phường An Khánh,244 Pasteur
3120,Tây Ninh,Xã Châu Thành,486 Cách Mạng Tháng Tám
3121,Vĩnh Long,Xã Mang Thít,336 Cách Mạng Tháng Tám
3122,Đồng Tháp,Xã Lai Vung,405 Lê Lợi
3123,TP. Hồ Chí Minh,Phường Bình Thạnh,525 Lê Lợi
3124,Vĩnh Long,Xã Mang Thít,544 Lê Lợi
3125,TP. Hồ Chí Minh,Phường Thủ Đức,20 Nguyễn Văn Cừ
3126,TP. Hồ Chí Minh,Phường Tân Định,416 Trần Hưng Đạo
3127,Cần Thơ,Xã Phong Điền,502 Pasteur
3128,TP. Hồ Chí Minh,Phường Bình Thạnh,274 3 Tháng 2
3129,An Giang,Xã Tịnh Biên,501 Nam Kỳ Khởi Nghĩa
3130,Tây Ninh,Xã Tân Biên,212 Nguyễn Huệ
3131,TP. Hồ Chí Minh,Phường Bến Thành,504 Lý Thường Kiệt
3132,Đồng Tháp,Phường Hồng Ngự,338 Nguyễn Huệ
3133,Cần Thơ,Phường Cái Răng,55 Hai Bà Trưng
3134,Đồng Nai,Phường Trấn Biên,486 Võ Văn Kiệt
3135,Tây Ninh,Xã Tân Biên,193 Võ Văn Kiệt
3136,Cà Mau,Xã Năm Căn,530 3 Tháng 2
3137,Cà Mau,Xã U Minh,238 Nam Kỳ Khởi Nghĩa
3138,Cà Mau,Xã U Minh,56 Trần Hưng Đạo
3139,TP. Hồ Chí Minh,Phường Tân Định,374 Lê Lợi
3140,TP. Hồ Chí Minh,Phường Thủ Đức,148 Lý Thường Kiệt
3141,Vĩnh Long,Xã Trà Ôn,64 Nguyễn Huệ
3142,TP. Hồ Chí Minh,Phường Thủ Đức,233 Lê Lợi
3143,An Giang,Xã Phú Tân,578 Cách Mạng Tháng Tám
3144,Tây Ninh,Xã Tân Biên,417 3 Tháng 2
3145,TP. Hồ Chí Minh,Phường Chợ Lớn,370 Nam Kỳ Khởi Nghĩa
3146,Đồng Tháp,Xã Tháp Mười,244 Cách Mạng Tháng Tám
3147,Tây Ninh,Xã Dương Minh Châu,173 Cách Mạng Tháng Tám
3148,Cà Mau,Xã Năm Căn,189 Phạm Văn Đồng
3149,Đồng Nai,Phường Trấn Biên,63 Võ Văn Kiệt
3150,Đồng Nai,Phường Long Khánh,267 Nam Kỳ Khởi Nghĩa
3151,An Giang,Phường Long Xuyên,578 Trần Hưng Đạo
3152,TP. Hồ Chí Minh,Phường Tân Định,599 Võ Văn Kiệt
3153,Đồng Nai,Xã Nhơn Trạch,51 Trần Hưng Đạo
3154,Cà Mau,Xã Năm Căn,212 Lê Lợi
3155,TP. Hồ Chí Minh,Phường Tân Bình,579 Quang Trung
3156,Vĩnh Long,Xã Tam Bình,209 Nguyễn Huệ
3157,TP. Hồ Chí Minh,Phường Tân Bình,207 Võ Văn Kiệt
3158,TP. Hồ Chí Minh,Phường Tân Định,444 Hai Bà Trưng
3159,Cà Mau,Xã Ngọc Hiển,459 Quang Trung
3160,Vĩnh Long,Xã Mang Thít,371 Điện Biên Phủ
3161,TP. Hồ Chí Minh,Phường Tân Bình,189 Pasteur
3162,Tây Ninh,Phường Trảng Bàng,296 Nguyễn Huệ
3163,Tây Ninh,Xã Gò Dầu,86 Phạm Văn Đồng
3164,Đồng Nai,Xã Định Quán,42 Võ Văn Kiệt
3165,Đồng Nai,Xã Long Thành,408 Phạm Văn Đồng
3166,TP. Hồ Chí Minh,Phường Thủ Đức,442 Pasteur
3167,Cần Thơ,Phường Cái Răng,118 Cách Mạng Tháng Tám
3168,Cà Mau,Xã Ngọc Hiển,176 Pasteur
3169,Cần Thơ,Phường Bình Thủy,528 Nam Kỳ Khởi Nghĩa
3170,Cần Thơ,Phường Ninh Kiều,90 Cách Mạng Tháng Tám
3171,TP. Hồ Chí Minh,Phường Bến Thành,372 Trần Hưng Đạo
3172,Cần Thơ,Phường Thốt Nốt,81 Cách Mạng Tháng Tám
3173,Cần Thơ,Phường Ô Môn,524 Nam Kỳ Khởi Nghĩa
3174,TP. Hồ Chí Minh,Phường Tân Định,240 Điện Biên Phủ
3175,Cần Thơ,Phường Ô Môn,222 Cách Mạng Tháng Tám
3176,TP. Hồ Chí Minh,Phường Tân Định,591 Phạm Văn Đồng
3177,TP. Hồ Chí Minh,Phường Sài Gòn,39 Nguyễn Văn Cừ
3178,TP. Hồ Chí Minh,Phường Thủ Đức,575 3 Tháng 2
3179,Tây Ninh,Phường Tây Ninh,310 Điện Biên Phủ
3180,Đồng Nai,Xã Định Quán,120 Lý Thường Kiệt
3181,An Giang,Xã Tri Tôn,560 3 Tháng 2
3182,Cần Thơ,Phường Cái Răng,96 Quang Trung
3183,Tây Ninh,Phường Tây Ninh,75 Hai Bà Trưng
3184,Tây Ninh,Phường Tây Ninh,272 Quang Trung
3185,An Giang,Xã Tịnh Biên,126 Phạm Văn Đồng
3186,Tây Ninh,Phường Tây Ninh,178 Cách Mạng Tháng Tám
3187,TP. Hồ Chí Minh,Phường Bình Thạnh,462 Phạm Văn Đồng
3188,Cần Thơ,Phường Thốt Nốt,340 Trần Hưng Đạo
3189,Vĩnh Long,Xã Tam Bình,464 Lý Thường Kiệt
3190,An Giang,Phường Châu Đốc,492 Pasteur
3191,TP. Hồ Chí Minh,Phường Bình Thạnh,358 Nguyễn Trãi
3192,An Giang,Xã Phú Tân,510 Hai Bà Trưng
3193,Cà Mau,Xã Ngọc Hiển,39 Cách Mạng Tháng Tám
3194,TP. Hồ Chí Minh,Phường Thủ Đức,517 Lý Thường Kiệt
3195,Tây Ninh,Xã Dương Minh Châu,261 Lê Lợi
3196,Đồng Nai,Phường Long Khánh,11 3 Tháng 2
3197,Vĩnh Long,Xã Long Hồ,177 Nguyễn Trãi
3198,Cà Mau,Xã Năm Căn,467 Điện Biên Phủ
3199,Cà Mau,Xã Năm Căn,162 Lê Lợi
3200,Đồng Tháp,Xã Tháp Mười,85 Nguyễn Trãi
3201,TP. Hồ Chí Minh,Phường Bến Thành,387 Nguyễn Trãi
3202,Vĩnh Long,Xã Long Hồ,510 Quang Trung
3203,Tây Ninh,Phường Tây Ninh,186 Phạm Văn Đồng
3204,Đồng Tháp,Xã Tháp Mười,365 Điện Biên Phủ
3205,Cần Thơ,Phường Thốt Nốt,154 Võ Văn Kiệt
3206,Cần Thơ,Xã Phong Điền,534 3 Tháng 2
3207,TP. Hồ Chí Minh,Phường Bến Thành,422 Điện Biên Phủ
3208,TP. Hồ Chí Minh,Phường Tân Bình,289 Lý Thường Kiệt
3209,Đồng Nai,Phường Long Khánh,156 Nam Kỳ Khởi Nghĩa
3210,Đồng Nai,Phường Biên Hòa,143 3 Tháng 2
3211,Cần Thơ,Xã Phong Điền,479 Pasteur
3212,Đồng Nai,Xã Long Thành,418 Nguyễn Trãi
3213,TP. Hồ Chí Minh,Phường Bến Thành,108 Nguyễn Văn Cừ
3214,Vĩnh Long,Xã Trà Ôn,438 Trần Hưng Đạo
3215,Đồng Tháp,Phường Hồng Ngự,338 Cách Mạng Tháng Tám
3216,Đồng Tháp,Phường Sa Đéc,338 Võ Văn Kiệt
3217,Đồng Nai,Xã Định Quán,132 Nguyễn Văn Cừ
3218,Cà Mau,Xã Năm Căn,148 Võ Văn Kiệt
3219,Tây Ninh,Phường Trảng Bàng,503 Nguyễn Văn Cừ
3220,TP. Hồ Chí Minh,Phường Thủ Đức,235 Lý Thường Kiệt
3221,TP. Hồ Chí Minh,Phường Thủ Đức,109 Cách Mạng Tháng Tám
3222,TP. Hồ Chí Minh,Phường Thủ Đức,45 Lý Thường Kiệt
3223,Vĩnh Long,Xã Trà Ôn,283 Nguyễn Văn Cừ
3224,TP. Hồ Chí Minh,Phường Bình Thạnh,361 Cách Mạng Tháng Tám
3225,Cần Thơ,Phường Cái Răng,179 Trần Hưng Đạo
3226,Cà Mau,Phường Cà Mau,200 Nguyễn Huệ
3227,TP. Hồ Chí Minh,Phường Chợ Lớn,53 Nam Kỳ Khởi Nghĩa
3228,An Giang,Xã Chợ Mới,346 Trần Hưng Đạo
3229,TP. Hồ Chí Minh,Phường Tân Bình,93 Quang Trung
3230,Cần Thơ,Phường Thốt Nốt,457 Điện Biên Phủ
3231,Đồng Tháp,Xã Lai Vung,395 3 Tháng 2
3232,Cần Thơ,Phường Bình Thủy,236 Võ Văn Kiệt
3233,Đồng Nai,Xã Định Quán,466 Hai Bà Trưng
3234,TP. Hồ Chí Minh,Phường Tân Bình,178 Pasteur
3235,Cần Thơ,Phường Cái Răng,238 Lý Thường Kiệt
3236,TP. Hồ Chí Minh,Phường Bến Thành,365 Nam Kỳ Khởi Nghĩa
3237,TP. Hồ Chí Minh,Phường Bến Thành,573 Nguyễn Trãi
3238,Cần Thơ,Phường Ô Môn,20 Cách Mạng Tháng Tám
3239,An Giang,Phường Châu Đốc,192 Nguyễn Văn Cừ
3240,An Giang,Xã Tịnh Biên,555 Phạm Văn Đồng
3241,Cần Thơ,Xã Phong Điền,496 Trần Hưng Đạo
3242,Đồng Tháp,Xã Lai Vung,480 Lý Thường Kiệt
3243,TP. Hồ Chí Minh,Phường Tân Bình,473 Quang Trung
3244,Vĩnh Long,Xã Mang Thít,417 Hai Bà Trưng
3245,TP. Hồ Chí Minh,Phường Bến Thành,556 Pasteur
3246,An Giang,Phường Long Xuyên,283 Điện Biên Phủ
3247,TP. Hồ Chí Minh,Phường Bến Thành,288 Võ Văn Kiệt
3248,Đồng Nai,Phường Trấn Biên,65 Hai Bà Trưng
3249,Cần Thơ,Xã Phong Điền,43 Điện Biên Phủ
3250,Tây Ninh,Xã Gò Dầu,353 Hai Bà Trưng
3251,Cà Mau,Xã U Minh,338 Lê Lợi
3252,TP. Hồ Chí Minh,Phường Bình Thạnh,381 Phạm Văn Đồng
3253,TP. Hồ Chí Minh,Phường An Khánh,34 Lý Thường Kiệt
3254,TP. Hồ Chí Minh,Phường Tân Bình,432 Điện Biên Phủ
3255,An Giang,Xã Phú Tân,329 Lý Thường Kiệt
3256,TP. Hồ Chí Minh,Phường Bến Thành,166 Quang Trung
3257,Đồng Tháp,Xã Tháp Mười,161 Nguyễn Huệ
3258,TP. Hồ Chí Minh,Phường Tân Định,472 Pasteur
3259,Tây Ninh,Phường Tây Ninh,583 Võ Văn Kiệt
3260,Cà Mau,Xã U Minh,162 Nam Kỳ Khởi Nghĩa
3261,Cà Mau,Xã Năm Căn,127 Lê Lợi
3262,Vĩnh Long,Xã Long Hồ,185 Phạm Văn Đồng
3263,TP. Hồ Chí Minh,Phường Tân Định,156 3 Tháng 2
3264,TP. Hồ Chí Minh,Phường Sài Gòn,160 Điện Biên Phủ
3265,An Giang,Phường Long Xuyên,378 Nam Kỳ Khởi Nghĩa
3266,Vĩnh Long,Phường Vĩnh Long,447 Trần Hưng Đạo
3267,Tây Ninh,Phường Tây Ninh,576 Quang Trung
3268,Cà Mau,Xã Trần Văn Thời,566 Nguyễn Văn Cừ
3269,TP. Hồ Chí Minh,Phường Tân Bình,164 Hai Bà Trưng
3270,Cần Thơ,Phường Thốt Nốt,90 Quang Trung
3271,Vĩnh Long,Xã Tam Bình,414 Cách Mạng Tháng Tám
3272,Cà Mau,Xã Năm Căn,107 Nam Kỳ Khởi Nghĩa
3273,TP. Hồ Chí Minh,Phường Sài Gòn,201 Lê Lợi
3274,Đồng Tháp,Phường Hồng Ngự,382 Lý Thường Kiệt
3275,TP. Hồ Chí Minh,Phường Sài Gòn,362 Trần Hưng Đạo
3276,TP. Hồ Chí Minh,Phường Tân Bình,512 Nguyễn Văn Cừ
3277,Đồng Nai,Phường Long Khánh,282 Lý Thường Kiệt
3278,Đồng Nai,Phường Biên Hòa,532 Pasteur
3279,Vĩnh Long,Xã Tam Bình,167 Hai Bà Trưng
3280,Đồng Nai,Xã Long Thành,421 Nguyễn Trãi
3281,An Giang,Xã Phú Tân,505 Cách Mạng Tháng Tám
3282,TP. Hồ Chí Minh,Phường Tân Bình,577 Nam Kỳ Khởi Nghĩa
3283,Cần Thơ,Phường Ô Môn,383 Nguyễn Huệ
3284,An Giang,Phường Long Xuyên,452 Pasteur
3285,Đồng Tháp,Xã Lai Vung,449 Phạm Văn Đồng
3286,Cần Thơ,Phường Ô Môn,594 Lê Lợi
3287,Đồng Nai,Xã Nhơn Trạch,580 Pasteur
3288,Đồng Nai,Phường Biên Hòa,15 Trần Hưng Đạo
3289,Cần Thơ,Phường Ninh Kiều,69 Lý Thường Kiệt
3290,An Giang,Xã Phú Tân,371 Điện Biên Phủ
3291,Đồng Tháp,Phường Sa Đéc,267 Nam Kỳ Khởi Nghĩa
3292,Tây Ninh,Xã Châu Thành,418 Trần Hưng Đạo
3293,Cà Mau,Xã Năm Căn,22 Pasteur
3294,Vĩnh Long,Xã Long Hồ,202 Nguyễn Văn Cừ
3295,Đồng Nai,Phường Biên Hòa,592 Lý Thường Kiệt
3296,Đồng Nai,Xã Định Quán,328 Trần Hưng Đạo
3297,TP. Hồ Chí Minh,Phường Bến Thành,199 Pasteur
3298,TP. Hồ Chí Minh,Phường Tân Định,311 Lê Lợi
3299,Đồng Nai,Phường Trấn Biên,146 3 Tháng 2
3300,Vĩnh Long,Phường Vĩnh Long,250 Cách Mạng Tháng Tám
3301,TP. Hồ Chí Minh,Phường Thủ Đức,530 Hai Bà Trưng
3302,An Giang,Xã Tri Tôn,387 Điện Biên Phủ
3303,Tây Ninh,Phường Tây Ninh,51 Quang Trung
3304,Đồng Tháp,Phường Cao Lãnh,272 Lý Thường Kiệt
3305,TP. Hồ Chí Minh,Phường An Khánh,526 Nguyễn Trãi
3306,Vĩnh Long,Xã Mang Thít,235 Trần Hưng Đạo
3307,TP. Hồ Chí Minh,Phường An Khánh,141 Cách Mạng Tháng Tám
3308,TP. Hồ Chí Minh,Phường Bình Thạnh,439 Điện Biên Phủ
3309,TP. Hồ Chí Minh,Phường Tân Bình,119 Trần Hưng Đạo
3310,Đồng Tháp,Xã Tháp Mười,41 Võ Văn Kiệt
3311,Vĩnh Long,Xã Tam Bình,277 Lý Thường Kiệt
3312,TP. Hồ Chí Minh,Phường An Khánh,191 Hai Bà Trưng
3313,TP. Hồ Chí Minh,Phường Sài Gòn,563 Phạm Văn Đồng
3314,TP. Hồ Chí Minh,Phường Chợ Lớn,508 Lý Thường Kiệt
3315,Cần Thơ,Phường Thốt Nốt,372 Phạm Văn Đồng
3316,An Giang,Xã Tịnh Biên,529 Nguyễn Văn Cừ
3317,Đồng Nai,Phường Long Khánh,263 Trần Hưng Đạo
3318,Vĩnh Long,Xã Tam Bình,74 Lý Thường Kiệt
3319,Cần Thơ,Phường Ninh Kiều,188 Điện Biên Phủ
3320,TP. Hồ Chí Minh,Phường Bình Thạnh,427 Phạm Văn Đồng
3321,TP. Hồ Chí Minh,Phường Tân Định,367 Nguyễn Văn Cừ
3322,Đồng Tháp,Phường Hồng Ngự,1 Nguyễn Huệ
3323,TP. Hồ Chí Minh,Phường Thủ Đức,48 Hai Bà Trưng
3324,An Giang,Xã Chợ Mới,583 Nguyễn Huệ
3325,TP. Hồ Chí Minh,Phường Bến Thành,219 Hai Bà Trưng
3326,An Giang,Phường Long Xuyên,175 3 Tháng 2
3327,TP. Hồ Chí Minh,Phường Bình Thạnh,165 Điện Biên Phủ
3328,Đồng Nai,Xã Định Quán,63 Hai Bà Trưng
3329,Vĩnh Long,Xã Trà Ôn,236 Lý Thường Kiệt
3330,Tây Ninh,Phường Tây Ninh,573 Nguyễn Văn Cừ
3331,TP. Hồ Chí Minh,Phường Chợ Lớn,297 Cách Mạng Tháng Tám
3332,Tây Ninh,Xã Châu Thành,496 Lê Lợi
3333,Vĩnh Long,Phường Vĩnh Long,566 Nguyễn Văn Cừ
3334,Đồng Nai,Xã Long Thành,120 Nam Kỳ Khởi Nghĩa
3335,TP. Hồ Chí Minh,Phường Chợ Lớn,472 Pasteur
3336,Đồng Tháp,Phường Hồng Ngự,324 Trần Hưng Đạo
3337,Vĩnh Long,Xã Long Hồ,130 Phạm Văn Đồng
3338,Cà Mau,Xã U Minh,328 Phạm Văn Đồng
3339,Tây Ninh,Phường Tây Ninh,499 Điện Biên Phủ
3340,TP. Hồ Chí Minh,Phường Thủ Đức,476 Võ Văn Kiệt
3341,TP. Hồ Chí Minh,Phường An Khánh,430 Lý Thường Kiệt
3342,Tây Ninh,Xã Châu Thành,40 Trần Hưng Đạo
3343,An Giang,Phường Long Xuyên,152 Điện Biên Phủ
3344,An Giang,Xã Chợ Mới,590 Hai Bà Trưng
3345,Cần Thơ,Phường Ninh Kiều,309 Lê Lợi
3346,Đồng Tháp,Phường Hồng Ngự,479 Điện Biên Phủ
3347,TP. Hồ Chí Minh,Phường Chợ Lớn,589 3 Tháng 2
3348,Đồng Nai,Xã Long Thành,482 Cách Mạng Tháng Tám
3349,Đồng Tháp,Phường Sa Đéc,158 Cách Mạng Tháng Tám
3350,TP. Hồ Chí Minh,Phường Tân Định,477 Nguyễn Văn Cừ
3351,Cần Thơ,Phường Cái Răng,121 Quang Trung
3352,TP. Hồ Chí Minh,Phường Chợ Lớn,278 Điện Biên Phủ
3353,Đồng Tháp,Phường Hồng Ngự,47 Điện Biên Phủ
3354,An Giang,Xã Tri Tôn,29 Phạm Văn Đồng
3355,Đồng Tháp,Xã Tháp Mười,383 Võ Văn Kiệt
3356,TP. Hồ Chí Minh,Phường Sài Gòn,203 Võ Văn Kiệt
3357,Đồng Tháp,Phường Cao Lãnh,520 Quang Trung
3358,TP. Hồ Chí Minh,Phường An Khánh,546 Võ Văn Kiệt
3359,Cà Mau,Xã Năm Căn,549 3 Tháng 2
3360,TP. Hồ Chí Minh,Phường Bến Thành,586 Cách Mạng Tháng Tám
3361,Cà Mau,Phường Cà Mau,390 Nguyễn Văn Cừ
3362,Đồng Tháp,Xã Lai Vung,176 Pasteur
3363,Cần Thơ,Phường Ô Môn,102 Cách Mạng Tháng Tám
3364,Cà Mau,Xã Ngọc Hiển,595 3 Tháng 2
3365,An Giang,Xã Chợ Mới,392 3 Tháng 2
3366,Đồng Nai,Xã Định Quán,172 Lý Thường Kiệt
3367,TP. Hồ Chí Minh,Phường Bình Thạnh,181 Pasteur
3368,Tây Ninh,Phường Tây Ninh,20 Hai Bà Trưng
3369,Vĩnh Long,Xã Tam Bình,401 Hai Bà Trưng
3370,Cà Mau,Xã Trần Văn Thời,384 Phạm Văn Đồng
3371,TP. Hồ Chí Minh,Phường Sài Gòn,476 Lê Lợi
3372,Cà Mau,Xã Trần Văn Thời,215 Nguyễn Văn Cừ
3373,TP. Hồ Chí Minh,Phường Sài Gòn,313 Nguyễn Văn Cừ
3374,Đồng Nai,Phường Trấn Biên,327 Phạm Văn Đồng
3375,Cần Thơ,Phường Thốt Nốt,496 Võ Văn Kiệt
3376,Vĩnh Long,Xã Mang Thít,148 Nguyễn Văn Cừ
3377,Đồng Nai,Xã Long Thành,219 Hai Bà Trưng
3378,An Giang,Xã Tri Tôn,308 Võ Văn Kiệt
3379,An Giang,Xã Tịnh Biên,445 Nam Kỳ Khởi Nghĩa
3380,TP. Hồ Chí Minh,Phường Thủ Đức,217 Lý Thường Kiệt
3381,Cà Mau,Xã Năm Căn,103 3 Tháng 2
3382,TP. Hồ Chí Minh,Phường Sài Gòn,163 Lê Lợi
3383,Cà Mau,Xã Trần Văn Thời,187 Lý Thường Kiệt
3384,Đồng Tháp,Phường Sa Đéc,266 Nguyễn Trãi
3385,Tây Ninh,Phường Trảng Bàng,75 Nam Kỳ Khởi Nghĩa
3386,TP. Hồ Chí Minh,Phường Bến Thành,596 Quang Trung
3387,Tây Ninh,Xã Dương Minh Châu,439 Nguyễn Huệ
3388,TP. Hồ Chí Minh,Phường Tân Bình,335 Phạm Văn Đồng
3389,Đồng Nai,Phường Trấn Biên,504 Nam Kỳ Khởi Nghĩa
3390,Cần Thơ,Phường Thốt Nốt,482 Pasteur
3391,Đồng Nai,Phường Biên Hòa,582 Lý Thường Kiệt
3392,TP. Hồ Chí Minh,Phường Bình Thạnh,71 Quang Trung
3393,TP. Hồ Chí Minh,Phường Bình Thạnh,142 Nguyễn Trãi
3394,Cà Mau,Xã Ngọc Hiển,101 Nguyễn Trãi
3395,Đồng Nai,Phường Biên Hòa,395 Nguyễn Trãi
3396,Đồng Nai,Xã Nhơn Trạch,278 Nam Kỳ Khởi Nghĩa
3397,Vĩnh Long,Xã Tam Bình,269 Lê Lợi
3398,Đồng Nai,Xã Nhơn Trạch,532 Hai Bà Trưng
3399,Đồng Nai,Xã Định Quán,153 Nguyễn Trãi
3400,An Giang,Xã Phú Tân,109 Lê Lợi
3401,TP. Hồ Chí Minh,Phường Bến Thành,576 3 Tháng 2
3402,Vĩnh Long,Xã Trà Ôn,137 Nguyễn Văn Cừ
3403,Vĩnh Long,Phường Vĩnh Long,333 Nam Kỳ Khởi Nghĩa
3404,TP. Hồ Chí Minh,Phường Bình Thạnh,397 Lê Lợi
3405,TP. Hồ Chí Minh,Phường Bến Thành,512 Hai Bà Trưng
3406,Đồng Nai,Xã Long Thành,83 Quang Trung
3407,Đồng Tháp,Phường Hồng Ngự,310 Quang Trung
3408,Vĩnh Long,Phường Vĩnh Long,442 Cách Mạng Tháng Tám
3409,An Giang,Xã Phú Tân,415 Pasteur
3410,TP. Hồ Chí Minh,Phường Tân Bình,582 Lê Lợi
3411,TP. Hồ Chí Minh,Phường Bình Thạnh,249 Cách Mạng Tháng Tám
3412,Cần Thơ,Xã Phong Điền,89 Điện Biên Phủ
3413,TP. Hồ Chí Minh,Phường Tân Bình,427 Cách Mạng Tháng Tám
3414,An Giang,Xã Chợ Mới,427 Lý Thường Kiệt
3415,Đồng Tháp,Phường Hồng Ngự,520 Nguyễn Văn Cừ
3416,Vĩnh Long,Xã Tam Bình,507 Cách Mạng Tháng Tám
3417,TP. Hồ Chí Minh,Phường Tân Bình,382 Lê Lợi
3418,TP. Hồ Chí Minh,Phường Bến Thành,4 Nguyễn Trãi
3419,TP. Hồ Chí Minh,Phường Sài Gòn,171 Nguyễn Huệ
3420,Đồng Tháp,Phường Cao Lãnh,555 Quang Trung
3421,Đồng Tháp,Phường Hồng Ngự,86 Lê Lợi
3422,Đồng Tháp,Xã Lấp Vò,301 Nguyễn Trãi
3423,Đồng Tháp,Phường Sa Đéc,22 Nguyễn Huệ
3424,Đồng Tháp,Phường Cao Lãnh,391 Phạm Văn Đồng
3425,TP. Hồ Chí Minh,Phường Thủ Đức,156 3 Tháng 2
3426,An Giang,Xã Chợ Mới,443 Võ Văn Kiệt
3427,Đồng Tháp,Xã Lấp Vò,68 Nam Kỳ Khởi Nghĩa
3428,Đồng Nai,Xã Nhơn Trạch,456 Phạm Văn Đồng
3429,Vĩnh Long,Xã Long Hồ,185 Trần Hưng Đạo
3430,Vĩnh Long,Xã Long Hồ,61 Lê Lợi
3431,Đồng Tháp,Phường Hồng Ngự,527 Phạm Văn Đồng
3432,Đồng Nai,Phường Long Khánh,595 3 Tháng 2
3433,Vĩnh Long,Phường Vĩnh Long,466 Cách Mạng Tháng Tám
3434,Cà Mau,Xã U Minh,330 Lê Lợi
3435,Cần Thơ,Xã Phong Điền,596 Cách Mạng Tháng Tám
3436,TP. Hồ Chí Minh,Phường Bình Thạnh,222 Hai Bà Trưng
3437,Đồng Tháp,Phường Hồng Ngự,259 Lê Lợi
3438,Tây Ninh,Xã Tân Biên,595 Cách Mạng Tháng Tám
3439,Vĩnh Long,Phường Vĩnh Long,147 Pasteur
3440,Cà Mau,Xã Trần Văn Thời,91 Quang Trung
3441,Tây Ninh,Xã Tân Biên,596 Nguyễn Trãi
3442,Tây Ninh,Phường Tây Ninh,525 Nguyễn Văn Cừ
3443,TP. Hồ Chí Minh,Phường Chợ Lớn,8 Nam Kỳ Khởi Nghĩa
3444,Đồng Nai,Phường Long Khánh,115 Cách Mạng Tháng Tám
3445,TP. Hồ Chí Minh,Phường Tân Bình,555 Nam Kỳ Khởi Nghĩa
3446,Cần Thơ,Phường Ô Môn,33 Nam Kỳ Khởi Nghĩa
3447,Đồng Tháp,Xã Lấp Vò,273 Pasteur
3448,TP. Hồ Chí Minh,Phường Chợ Lớn,404 Nguyễn Trãi
3449,TP. Hồ Chí Minh,Phường Bình Thạnh,559 Nguyễn Huệ
3450,Vĩnh Long,Xã Trà Ôn,469 Điện Biên Phủ
3451,An Giang,Xã Tri Tôn,87 Nam Kỳ Khởi Nghĩa
3452,An Giang,Phường Long Xuyên,113 Phạm Văn Đồng
3453,Đồng Nai,Xã Long Thành,258 Hai Bà Trưng
3454,Đồng Tháp,Phường Sa Đéc,71 Hai Bà Trưng
3455,Tây Ninh,Xã Dương Minh Châu,298 Pasteur
3456,Cần Thơ,Phường Thốt Nốt,169 Hai Bà Trưng
3457,An Giang,Xã Tịnh Biên,9 Phạm Văn Đồng
3458,TP. Hồ Chí Minh,Phường Chợ Lớn,548 Pasteur
3459,TP. Hồ Chí Minh,Phường Bến Thành,315 Lý Thường Kiệt
3460,Đồng Nai,Phường Trấn Biên,210 Nguyễn Văn Cừ
3461,Đồng Nai,Phường Biên Hòa,525 Nguyễn Văn Cừ
3462,Vĩnh Long,Xã Long Hồ,564 Nam Kỳ Khởi Nghĩa
3463,Đồng Nai,Xã Định Quán,290 Cách Mạng Tháng Tám
3464,An Giang,Xã Tịnh Biên,204 Nguyễn Huệ
3465,TP. Hồ Chí Minh,Phường Bến Thành,388 Lý Thường Kiệt
3466,TP. Hồ Chí Minh,Phường Sài Gòn,128 Quang Trung
3467,Đồng Tháp,Xã Tháp Mười,397 Hai Bà Trưng
3468,TP. Hồ Chí Minh,Phường Bình Thạnh,452 Hai Bà Trưng
3469,TP. Hồ Chí Minh,Phường Thủ Đức,480 Võ Văn Kiệt
3470,TP. Hồ Chí Minh,Phường Thủ Đức,5 Hai Bà Trưng
3471,TP. Hồ Chí Minh,Phường Sài Gòn,225 Hai Bà Trưng
3472,TP. Hồ Chí Minh,Phường Bến Thành,157 Cách Mạng Tháng Tám
3473,Tây Ninh,Phường Trảng Bàng,240 Lê Lợi
3474,Cần Thơ,Phường Ninh Kiều,589 Nguyễn Huệ
3475,TP. Hồ Chí Minh,Phường Thủ Đức,227 Lý Thường Kiệt
3476,Cà Mau,Phường Cà Mau,72 Pasteur
3477,An Giang,Phường Long Xuyên,31 Pasteur
3478,Vĩnh Long,Xã Mang Thít,403 Pasteur
3479,TP. Hồ Chí Minh,Phường An Khánh,260 Cách Mạng Tháng Tám
3480,TP. Hồ Chí Minh,Phường Thủ Đức,195 Pasteur
3481,TP. Hồ Chí Minh,Phường Bình Thạnh,526 Hai Bà Trưng
3482,TP. Hồ Chí Minh,Phường An Khánh,574 Điện Biên Phủ
3483,Cà Mau,Phường Cà Mau,454 Quang Trung
3484,TP. Hồ Chí Minh,Phường Bình Thạnh,445 Nguyễn Trãi
3485,Cà Mau,Xã Ngọc Hiển,442 Điện Biên Phủ
3486,TP. Hồ Chí Minh,Phường An Khánh,291 Trần Hưng Đạo
3487,Đồng Nai,Xã Long Thành,13 Trần Hưng Đạo
3488,TP. Hồ Chí Minh,Phường Bến Thành,533 Võ Văn Kiệt
3489,An Giang,Xã Tịnh Biên,29 Nguyễn Văn Cừ
3490,TP. Hồ Chí Minh,Phường Chợ Lớn,406 Điện Biên Phủ
3491,Vĩnh Long,Xã Trà Ôn,171 Nam Kỳ Khởi Nghĩa
3492,Tây Ninh,Xã Gò Dầu,570 Võ Văn Kiệt
3493,TP. Hồ Chí Minh,Phường Bình Thạnh,171 Quang Trung
3494,An Giang,Xã Tri Tôn,275 Nguyễn Trãi
3495,Đồng Nai,Xã Định Quán,33 Lý Thường Kiệt
3496,Đồng Tháp,Xã Lai Vung,485 Nam Kỳ Khởi Nghĩa
3497,TP. Hồ Chí Minh,Phường Tân Định,519 Hai Bà Trưng
3498,Đồng Nai,Phường Long Khánh,450 Võ Văn Kiệt
3499,An Giang,Xã Chợ Mới,524 Hai Bà Trưng
3500,Đồng Nai,Phường Long Khánh,466 Điện Biên Phủ
3501,Cà Mau,Xã Năm Căn,166 Pasteur
3502,TP. Hồ Chí Minh,Phường Chợ Lớn,477 Quang Trung
3503,Cà Mau,Xã Trần Văn Thời,454 Pasteur
3504,Đồng Nai,Phường Biên Hòa,232 Lê Lợi
3505,Đồng Nai,Phường Biên Hòa,298 Nguyễn Huệ
3506,An Giang,Xã Chợ Mới,366 Pasteur
3507,Cần Thơ,Phường Thốt Nốt,60 3 Tháng 2
3508,Đồng Tháp,Phường Sa Đéc,599 Nguyễn Văn Cừ
3509,An Giang,Xã Phú Tân,272 Trần Hưng Đạo
3510,TP. Hồ Chí Minh,Phường Bến Thành,1 Nguyễn Huệ
3511,Đồng Nai,Xã Định Quán,46 Phạm Văn Đồng
3512,Vĩnh Long,Xã Long Hồ,517 3 Tháng 2
3513,TP. Hồ Chí Minh,Phường Sài Gòn,434 Nguyễn Trãi
3514,TP. Hồ Chí Minh,Phường Chợ Lớn,432 Nam Kỳ Khởi Nghĩa
3515,Vĩnh Long,Phường Vĩnh Long,203 Cách Mạng Tháng Tám
3516,Cần Thơ,Xã Phong Điền,437 Lê Lợi
3517,Cà Mau,Xã Ngọc Hiển,145 Phạm Văn Đồng
3518,TP. Hồ Chí Minh,Phường Chợ Lớn,431 Nguyễn Văn Cừ
3519,Vĩnh Long,Xã Mang Thít,141 Trần Hưng Đạo
3520,Cần Thơ,Phường Ô Môn,579 Trần Hưng Đạo
3521,Tây Ninh,Xã Châu Thành,524 Cách Mạng Tháng Tám
3522,Cà Mau,Xã Ngọc Hiển,235 Nam Kỳ Khởi Nghĩa
3523,TP. Hồ Chí Minh,Phường Tân Định,253 Phạm Văn Đồng
3524,Tây Ninh,Xã Tân Biên,36 Điện Biên Phủ
3525,TP. Hồ Chí Minh,Phường Tân Định,115 Nguyễn Trãi
3526,Cần Thơ,Phường Thốt Nốt,86 Nguyễn Huệ
3527,Vĩnh Long,Xã Long Hồ,572 Nguyễn Văn Cừ
3528,An Giang,Xã Chợ Mới,38 Lý Thường Kiệt
3529,TP. Hồ Chí Minh,Phường Bến Thành,449 Nam Kỳ Khởi Nghĩa
3530,TP. Hồ Chí Minh,Phường Tân Bình,26 3 Tháng 2
3531,Vĩnh Long,Xã Mang Thít,232 3 Tháng 2
3532,Cần Thơ,Phường Ninh Kiều,472 Nam Kỳ Khởi Nghĩa
3533,Vĩnh Long,Xã Mang Thít,469 Lý Thường Kiệt
3534,Tây Ninh,Xã Tân Biên,242 Điện Biên Phủ
3535,Đồng Nai,Xã Nhơn Trạch,525 Quang Trung
3536,Đồng Tháp,Phường Cao Lãnh,511 Hai Bà Trưng
3537,Đồng Tháp,Xã Tháp Mười,346 Quang Trung
3538,Đồng Nai,Phường Long Khánh,279 Hai Bà Trưng
3539,Cà Mau,Xã Trần Văn Thời,195 Lý Thường Kiệt
3540,TP. Hồ Chí Minh,Phường Tân Bình,47 Trần Hưng Đạo
3541,TP. Hồ Chí Minh,Phường Chợ Lớn,432 Trần Hưng Đạo
3542,Đồng Tháp,Phường Sa Đéc,214 Pasteur
3543,Vĩnh Long,Xã Bình Minh,251 Nguyễn Văn Cừ
3544,Cần Thơ,Phường Ninh Kiều,449 Lê Lợi
3545,Đồng Nai,Phường Trấn Biên,115 Phạm Văn Đồng
3546,Cần Thơ,Phường Ninh Kiều,322 3 Tháng 2
3547,TP. Hồ Chí Minh,Phường Bến Thành,444 Hai Bà Trưng
3548,An Giang,Xã Tri Tôn,172 Nam Kỳ Khởi Nghĩa
3549,Tây Ninh,Xã Gò Dầu,238 Cách Mạng Tháng Tám
3550,An Giang,Xã Chợ Mới,412 Pasteur
3551,An Giang,Xã Tri Tôn,453 Nam Kỳ Khởi Nghĩa
3552,Vĩnh Long,Xã Long Hồ,572 Pasteur
3553,An Giang,Phường Châu Đốc,495 Nguyễn Huệ
3554,TP. Hồ Chí Minh,Phường Bình Thạnh,432 Cách Mạng Tháng Tám
3555,An Giang,Xã Phú Tân,231 Nguyễn Trãi
3556,Cà Mau,Xã Năm Căn,178 Lê Lợi
3557,Cần Thơ,Phường Cái Răng,39 Phạm Văn Đồng
3558,TP. Hồ Chí Minh,Phường Thủ Đức,443 Lý Thường Kiệt
3559,Đồng Tháp,Phường Cao Lãnh,537 Lê Lợi
3560,Vĩnh Long,Xã Trà Ôn,569 Nam Kỳ Khởi Nghĩa
3561,TP. Hồ Chí Minh,Phường Tân Định,577 Nam Kỳ Khởi Nghĩa
3562,TP. Hồ Chí Minh,Phường Bến Thành,366 Hai Bà Trưng
3563,Tây Ninh,Xã Tân Biên,223 Nam Kỳ Khởi Nghĩa
3564,TP. Hồ Chí Minh,Phường Chợ Lớn,178 Trần Hưng Đạo
3565,Vĩnh Long,Xã Bình Minh,263 Nguyễn Huệ
3566,Cà Mau,Xã Ngọc Hiển,502 Nam Kỳ Khởi Nghĩa
3567,Đồng Nai,Phường Biên Hòa,556 Lê Lợi
3568,Cần Thơ,Xã Phong Điền,7 3 Tháng 2
3569,An Giang,Phường Long Xuyên,123 Nam Kỳ Khởi Nghĩa
3570,Đồng Tháp,Phường Hồng Ngự,286 3 Tháng 2
3571,An Giang,Xã Phú Tân,158 Quang Trung
3572,TP. Hồ Chí Minh,Phường Chợ Lớn,109 Điện Biên Phủ
3573,Cần Thơ,Phường Cái Răng,503 Trần Hưng Đạo
3574,An Giang,Xã Tịnh Biên,68 Quang Trung
3575,Cần Thơ,Phường Thốt Nốt,436 Trần Hưng Đạo
3576,An Giang,Xã Phú Tân,18 Lý Thường Kiệt
3577,TP. Hồ Chí Minh,Phường Thủ Đức,571 Pasteur
3578,Tây Ninh,Xã Tân Biên,437 Quang Trung
3579,Tây Ninh,Xã Dương Minh Châu,449 Lý Thường Kiệt
3580,Cần Thơ,Xã Phong Điền,461 Nam Kỳ Khởi Nghĩa
3581,Đồng Nai,Xã Định Quán,509 Nguyễn Huệ
3582,Đồng Tháp,Phường Hồng Ngự,169 Nguyễn Văn Cừ
3583,TP. Hồ Chí Minh,Phường An Khánh,121 Quang Trung
3584,An Giang,Xã Chợ Mới,142 Hai Bà Trưng
3585,TP. Hồ Chí Minh,Phường An Khánh,373 Phạm Văn Đồng
3586,Đồng Nai,Phường Long Khánh,239 Lê Lợi
3587,Vĩnh Long,Phường Vĩnh Long,496 Phạm Văn Đồng
3588,An Giang,Xã Phú Tân,315 Trần Hưng Đạo
3589,Đồng Tháp,Xã Lấp Vò,438 Lý Thường Kiệt
3590,TP. Hồ Chí Minh,Phường Tân Định,25 Hai Bà Trưng
3591,TP. Hồ Chí Minh,Phường Bình Thạnh,81 Trần Hưng Đạo
3592,Đồng Nai,Phường Long Khánh,228 Pasteur
3593,Đồng Tháp,Phường Cao Lãnh,17 Quang Trung
3594,Đồng Tháp,Xã Lai Vung,250 Võ Văn Kiệt
3595,Đồng Nai,Xã Nhơn Trạch,103 Nguyễn Văn Cừ
3596,An Giang,Xã Phú Tân,329 Trần Hưng Đạo
3597,Cần Thơ,Phường Ô Môn,537 Nguyễn Văn Cừ
3598,TP. Hồ Chí Minh,Phường Bình Thạnh,371 Trần Hưng Đạo
3599,Đồng Tháp,Phường Hồng Ngự,182 Pasteur
3600,Đồng Tháp,Xã Lai Vung,128 Điện Biên Phủ
3601,An Giang,Phường Châu Đốc,285 Cách Mạng Tháng Tám
3602,TP. Hồ Chí Minh,Phường Thủ Đức,370 Nguyễn Huệ
3603,Vĩnh Long,Xã Mang Thít,179 Hai Bà Trưng
3604,TP. Hồ Chí Minh,Phường Chợ Lớn,454 Nguyễn Trãi
3605,Cần Thơ,Xã Phong Điền,119 Phạm Văn Đồng
3606,Cần Thơ,Phường Ô Môn,5 Cách Mạng Tháng Tám
3607,An Giang,Xã Phú Tân,359 Pasteur
3608,TP. Hồ Chí Minh,Phường Bình Thạnh,53 Lý Thường Kiệt
3609,TP. Hồ Chí Minh,Phường An Khánh,200 Phạm Văn Đồng
3610,Đồng Nai,Phường Long Khánh,185 Điện Biên Phủ
3611,TP. Hồ Chí Minh,Phường Bình Thạnh,584 Nguyễn Trãi
3612,TP. Hồ Chí Minh,Phường Bình Thạnh,138 3 Tháng 2
3613,Đồng Nai,Phường Long Khánh,4 Pasteur
3614,Tây Ninh,Xã Tân Biên,451 Trần Hưng Đạo
3615,An Giang,Xã Chợ Mới,373 Điện Biên Phủ
3616,Đồng Nai,Xã Long Thành,304 Trần Hưng Đạo
3617,Vĩnh Long,Xã Trà Ôn,322 3 Tháng 2
3618,Tây Ninh,Xã Gò Dầu,170 Quang Trung
3619,Đồng Nai,Phường Trấn Biên,577 Nguyễn Văn Cừ
3620,Vĩnh Long,Xã Tam Bình,429 Quang Trung
3621,An Giang,Xã Tri Tôn,534 Lý Thường Kiệt
3622,Đồng Nai,Phường Trấn Biên,319 Nguyễn Trãi
3623,Tây Ninh,Phường Trảng Bàng,2 Quang Trung
3624,Tây Ninh,Phường Trảng Bàng,176 Điện Biên Phủ
3625,TP. Hồ Chí Minh,Phường Sài Gòn,138 Lý Thường Kiệt
3626,Tây Ninh,Phường Trảng Bàng,29 3 Tháng 2
3627,Vĩnh Long,Xã Trà Ôn,313 Nguyễn Trãi
3628,Tây Ninh,Xã Châu Thành,92 Trần Hưng Đạo
3629,An Giang,Xã Phú Tân,553 Võ Văn Kiệt
3630,Đồng Nai,Phường Trấn Biên,572 Quang Trung
3631,Đồng Nai,Phường Long Khánh,10 Cách Mạng Tháng Tám
3632,TP. Hồ Chí Minh,Phường Sài Gòn,444 Nguyễn Huệ
3633,Cần Thơ,Phường Thốt Nốt,242 Cách Mạng Tháng Tám
3634,An Giang,Xã Tịnh Biên,194 Cách Mạng Tháng Tám
3635,Vĩnh Long,Phường Vĩnh Long,190 Lý Thường Kiệt
3636,Cà Mau,Xã U Minh,451 Nguyễn Văn Cừ
3637,Vĩnh Long,Phường Vĩnh Long,244 Phạm Văn Đồng
3638,Vĩnh Long,Phường Vĩnh Long,174 Hai Bà Trưng
3639,Tây Ninh,Xã Gò Dầu,542 Lý Thường Kiệt
3640,Đồng Tháp,Xã Lấp Vò,190 Nguyễn Trãi
3641,Đồng Tháp,Phường Cao Lãnh,191 Phạm Văn Đồng
3642,An Giang,Phường Châu Đốc,1 Nguyễn Văn Cừ
3643,Đồng Nai,Phường Long Khánh,213 Trần Hưng Đạo
3644,Cà Mau,Xã Đầm Dơi,390 Lý Thường Kiệt
3645,TP. Hồ Chí Minh,Phường An Khánh,293 Nguyễn Văn Cừ
3646,Đồng Tháp,Phường Cao Lãnh,102 Nguyễn Văn Cừ
3647,Cần Thơ,Phường Ninh Kiều,113 Nguyễn Huệ
3648,Tây Ninh,Xã Gò Dầu,290 Điện Biên Phủ
3649,TP. Hồ Chí Minh,Phường Bình Thạnh,518 Nguyễn Huệ
3650,Tây Ninh,Xã Tân Biên,322 Pasteur
3651,An Giang,Xã Chợ Mới,492 Nam Kỳ Khởi Nghĩa
3652,Đồng Tháp,Xã Lấp Vò,30 Phạm Văn Đồng
3653,TP. Hồ Chí Minh,Phường Sài Gòn,40 Võ Văn Kiệt
3654,TP. Hồ Chí Minh,Phường Bình Thạnh,531 Nguyễn Trãi
3655,Cần Thơ,Xã Phong Điền,519 Nguyễn Trãi
3656,Cần Thơ,Phường Ninh Kiều,39 Cách Mạng Tháng Tám
3657,TP. Hồ Chí Minh,Phường An Khánh,380 Lý Thường Kiệt
3658,TP. Hồ Chí Minh,Phường An Khánh,559 Lý Thường Kiệt
3659,Vĩnh Long,Xã Tam Bình,121 Nam Kỳ Khởi Nghĩa
3660,Tây Ninh,Xã Gò Dầu,260 Võ Văn Kiệt
3661,TP. Hồ Chí Minh,Phường Bến Thành,589 Lê Lợi
3662,Đồng Tháp,Phường Cao Lãnh,80 Nguyễn Văn Cừ
3663,TP. Hồ Chí Minh,Phường Chợ Lớn,449 Lê Lợi
3664,TP. Hồ Chí Minh,Phường Bến Thành,266 Cách Mạng Tháng Tám
3665,Đồng Tháp,Xã Lấp Vò,527 Phạm Văn Đồng
3666,Vĩnh Long,Xã Tam Bình,526 Võ Văn Kiệt
3667,TP. Hồ Chí Minh,Phường Tân Bình,462 Nguyễn Văn Cừ
3668,Đồng Tháp,Xã Lấp Vò,40 Phạm Văn Đồng
3669,TP. Hồ Chí Minh,Phường Tân Định,60 Nguyễn Trãi
3670,Vĩnh Long,Xã Bình Minh,66 Quang Trung
3671,Đồng Nai,Phường Trấn Biên,520 Quang Trung
3672,Tây Ninh,Xã Châu Thành,159 Quang Trung
3673,TP. Hồ Chí Minh,Phường An Khánh,435 Pasteur
3674,An Giang,Xã Tịnh Biên,588 Pasteur
3675,Cần Thơ,Phường Cái Răng,433 Nam Kỳ Khởi Nghĩa
3676,TP. Hồ Chí Minh,Phường Tân Định,560 Võ Văn Kiệt
3677,TP. Hồ Chí Minh,Phường Tân Bình,345 Hai Bà Trưng
3678,Vĩnh Long,Xã Tam Bình,328 Pasteur
3679,TP. Hồ Chí Minh,Phường An Khánh,238 Pasteur
3680,TP. Hồ Chí Minh,Phường Tân Bình,513 Pasteur
3681,Tây Ninh,Xã Châu Thành,47 Nam Kỳ Khởi Nghĩa
3682,Đồng Tháp,Xã Lai Vung,377 Trần Hưng Đạo
3683,TP. Hồ Chí Minh,Phường Tân Định,563 Nam Kỳ Khởi Nghĩa
3684,TP. Hồ Chí Minh,Phường Sài Gòn,554 Nam Kỳ Khởi Nghĩa
3685,Đồng Tháp,Xã Tháp Mười,514 Nam Kỳ Khởi Nghĩa
3686,Cần Thơ,Phường Ô Môn,141 Nam Kỳ Khởi Nghĩa
3687,Đồng Nai,Xã Định Quán,586 Hai Bà Trưng
3688,An Giang,Xã Tri Tôn,134 Nguyễn Văn Cừ
3689,TP. Hồ Chí Minh,Phường Bến Thành,273 Lý Thường Kiệt
3690,An Giang,Phường Châu Đốc,272 Hai Bà Trưng
3691,An Giang,Xã Chợ Mới,257 Võ Văn Kiệt
3692,An Giang,Xã Chợ Mới,141 Quang Trung
3693,Đồng Nai,Phường Biên Hòa,224 Nguyễn Trãi
3694,An Giang,Phường Long Xuyên,315 Điện Biên Phủ
3695,Cần Thơ,Xã Phong Điền,537 3 Tháng 2
3696,Cần Thơ,Phường Ninh Kiều,491 3 Tháng 2
3697,TP. Hồ Chí Minh,Phường Chợ Lớn,128 Võ Văn Kiệt
3698,Tây Ninh,Xã Châu Thành,597 Quang Trung
3699,Tây Ninh,Xã Tân Biên,343 Điện Biên Phủ
3700,TP. Hồ Chí Minh,Phường Tân Định,342 3 Tháng 2
3701,TP. Hồ Chí Minh,Phường Bến Thành,341 Nguyễn Huệ
3702,Đồng Nai,Xã Long Thành,432 Cách Mạng Tháng Tám
3703,TP. Hồ Chí Minh,Phường Tân Bình,213 Cách Mạng Tháng Tám
3704,TP. Hồ Chí Minh,Phường Thủ Đức,132 Điện Biên Phủ
3705,An Giang,Xã Tịnh Biên,43 Lê Lợi
3706,Đồng Nai,Xã Nhơn Trạch,274 Nguyễn Huệ
3707,Cà Mau,Xã Đầm Dơi,547 Nguyễn Văn Cừ
3708,Vĩnh Long,Xã Tam Bình,286 Nguyễn Trãi
3709,TP. Hồ Chí Minh,Phường An Khánh,33 Phạm Văn Đồng
3710,TP. Hồ Chí Minh,Phường Tân Bình,1 Nguyễn Huệ
3711,Cà Mau,Xã Ngọc Hiển,203 Lê Lợi
3712,TP. Hồ Chí Minh,Phường Thủ Đức,305 Cách Mạng Tháng Tám
3713,An Giang,Xã Chợ Mới,104 Nguyễn Huệ
3714,TP. Hồ Chí Minh,Phường Tân Định,146 Nam Kỳ Khởi Nghĩa
3715,TP. Hồ Chí Minh,Phường Tân Bình,272 Cách Mạng Tháng Tám
3716,Đồng Tháp,Xã Tháp Mười,55 Nguyễn Trãi
3717,Vĩnh Long,Phường Vĩnh Long,274 3 Tháng 2
3718,TP. Hồ Chí Minh,Phường Chợ Lớn,253 Trần Hưng Đạo
3719,Cần Thơ,Phường Thốt Nốt,413 Trần Hưng Đạo
3720,Đồng Tháp,Phường Cao Lãnh,442 Nguyễn Huệ
3721,Đồng Nai,Xã Nhơn Trạch,140 Lý Thường Kiệt
3722,Đồng Tháp,Phường Sa Đéc,97 Nguyễn Trãi
3723,Cà Mau,Xã Ngọc Hiển,209 Võ Văn Kiệt
3724,Tây Ninh,Xã Dương Minh Châu,115 Lý Thường Kiệt
3725,Tây Ninh,Phường Tây Ninh,406 Pasteur
3726,Đồng Nai,Xã Long Thành,537 Quang Trung
3727,Đồng Nai,Phường Biên Hòa,387 Trần Hưng Đạo
3728,Cà Mau,Xã Ngọc Hiển,332 3 Tháng 2
3729,Vĩnh Long,Xã Bình Minh,48 Trần Hưng Đạo
3730,Đồng Tháp,Phường Sa Đéc,262 Võ Văn Kiệt
3731,Đồng Nai,Phường Trấn Biên,22 Nam Kỳ Khởi Nghĩa
3732,TP. Hồ Chí Minh,Phường Tân Bình,241 Nam Kỳ Khởi Nghĩa
3733,Tây Ninh,Phường Tây Ninh,393 Lý Thường Kiệt
3734,TP. Hồ Chí Minh,Phường Tân Định,364 Pasteur
3735,TP. Hồ Chí Minh,Phường Thủ Đức,512 Lê Lợi
3736,Đồng Tháp,Phường Cao Lãnh,142 3 Tháng 2
3737,Đồng Nai,Phường Biên Hòa,492 3 Tháng 2
3738,Đồng Tháp,Phường Sa Đéc,520 Võ Văn Kiệt
3739,TP. Hồ Chí Minh,Phường An Khánh,387 Cách Mạng Tháng Tám
3740,Cần Thơ,Phường Cái Răng,469 Lý Thường Kiệt
3741,TP. Hồ Chí Minh,Phường Bến Thành,6 Hai Bà Trưng
3742,Vĩnh Long,Xã Bình Minh,570 Lý Thường Kiệt
3743,Tây Ninh,Xã Dương Minh Châu,434 Điện Biên Phủ
3744,Đồng Tháp,Phường Sa Đéc,409 Nguyễn Trãi
3745,Đồng Nai,Phường Biên Hòa,317 Trần Hưng Đạo
3746,An Giang,Xã Chợ Mới,103 Võ Văn Kiệt
3747,Cà Mau,Xã Trần Văn Thời,270 Nguyễn Trãi
3748,Đồng Nai,Phường Trấn Biên,473 Trần Hưng Đạo
3749,TP. Hồ Chí Minh,Phường Sài Gòn,162 Lý Thường Kiệt
3750,An Giang,Phường Châu Đốc,116 Phạm Văn Đồng
3751,An Giang,Phường Long Xuyên,33 Cách Mạng Tháng Tám
3752,TP. Hồ Chí Minh,Phường Tân Định,268 Cách Mạng Tháng Tám
3753,Cần Thơ,Phường Thốt Nốt,372 Lý Thường Kiệt
3754,TP. Hồ Chí Minh,Phường Tân Bình,28 Nguyễn Huệ
3755,Cần Thơ,Xã Phong Điền,572 Điện Biên Phủ
3756,TP. Hồ Chí Minh,Phường Bến Thành,2 Cách Mạng Tháng Tám
3757,Đồng Nai,Xã Nhơn Trạch,410 Nguyễn Trãi
3758,TP. Hồ Chí Minh,Phường An Khánh,343 Cách Mạng Tháng Tám
3759,Tây Ninh,Xã Tân Biên,388 Cách Mạng Tháng Tám
3760,Cần Thơ,Phường Bình Thủy,573 Nam Kỳ Khởi Nghĩa
3761,Đồng Tháp,Phường Hồng Ngự,301 Nguyễn Trãi
3762,Vĩnh Long,Xã Mang Thít,578 Nam Kỳ Khởi Nghĩa
3763,TP. Hồ Chí Minh,Phường Tân Bình,34 Lê Lợi
3764,An Giang,Xã Tri Tôn,484 3 Tháng 2
3765,TP. Hồ Chí Minh,Phường Sài Gòn,257 3 Tháng 2
3766,Vĩnh Long,Xã Long Hồ,339 Nam Kỳ Khởi Nghĩa
3767,Tây Ninh,Phường Trảng Bàng,338 Pasteur
3768,Đồng Nai,Xã Định Quán,225 Võ Văn Kiệt
3769,TP. Hồ Chí Minh,Phường Chợ Lớn,518 Pasteur
3770,Tây Ninh,Phường Trảng Bàng,333 Cách Mạng Tháng Tám
3771,Đồng Tháp,Phường Sa Đéc,543 Hai Bà Trưng
3772,Đồng Nai,Xã Định Quán,447 Lý Thường Kiệt
3773,Cà Mau,Phường Cà Mau,555 3 Tháng 2
3774,Đồng Nai,Xã Long Thành,294 3 Tháng 2
3775,Cần Thơ,Phường Cái Răng,432 Pasteur
3776,TP. Hồ Chí Minh,Phường Tân Bình,283 Điện Biên Phủ
3777,Đồng Nai,Xã Long Thành,154 3 Tháng 2
3778,An Giang,Phường Long Xuyên,562 Nam Kỳ Khởi Nghĩa
3779,Đồng Tháp,Xã Lấp Vò,202 Pasteur
3780,Đồng Tháp,Phường Sa Đéc,183 Nam Kỳ Khởi Nghĩa
3781,Vĩnh Long,Xã Long Hồ,293 3 Tháng 2
3782,Cà Mau,Phường Cà Mau,135 Hai Bà Trưng
3783,TP. Hồ Chí Minh,Phường Bình Thạnh,8 Trần Hưng Đạo
3784,Vĩnh Long,Phường Vĩnh Long,102 3 Tháng 2
3785,Tây Ninh,Xã Dương Minh Châu,362 Nguyễn Trãi
3786,TP. Hồ Chí Minh,Phường Tân Bình,339 Nguyễn Huệ
3787,Vĩnh Long,Xã Mang Thít,228 Võ Văn Kiệt
3788,Đồng Tháp,Phường Cao Lãnh,315 Lý Thường Kiệt
3789,TP. Hồ Chí Minh,Phường Thủ Đức,136 Phạm Văn Đồng
3790,Vĩnh Long,Xã Trà Ôn,246 Nam Kỳ Khởi Nghĩa
3791,TP. Hồ Chí Minh,Phường Bình Thạnh,2 3 Tháng 2
3792,TP. Hồ Chí Minh,Phường Bến Thành,331 Pasteur
3793,Cần Thơ,Phường Ô Môn,414 Hai Bà Trưng
3794,Vĩnh Long,Xã Bình Minh,35 Điện Biên Phủ
3795,Đồng Nai,Xã Long Thành,64 Pasteur
3796,TP. Hồ Chí Minh,Phường Bình Thạnh,516 Phạm Văn Đồng
3797,An Giang,Phường Châu Đốc,418 Võ Văn Kiệt
3798,TP. Hồ Chí Minh,Phường Bình Thạnh,479 Pasteur
3799,Cà Mau,Xã Ngọc Hiển,232 Lê Lợi
3800,Tây Ninh,Phường Tây Ninh,143 Điện Biên Phủ
3801,Đồng Tháp,Phường Hồng Ngự,593 Pasteur
3802,Cà Mau,Xã Ngọc Hiển,353 Võ Văn Kiệt
3803,Cần Thơ,Phường Ô Môn,89 Điện Biên Phủ
3804,Vĩnh Long,Xã Mang Thít,86 Trần Hưng Đạo
3805,Tây Ninh,Xã Dương Minh Châu,229 Pasteur
3806,TP. Hồ Chí Minh,Phường Tân Bình,148 Lê Lợi
3807,TP. Hồ Chí Minh,Phường Tân Định,385 Cách Mạng Tháng Tám
3808,Cần Thơ,Phường Bình Thủy,208 Phạm Văn Đồng
3809,Cần Thơ,Phường Ô Môn,443 Quang Trung
3810,TP. Hồ Chí Minh,Phường Sài Gòn,443 Nguyễn Huệ
3811,TP. Hồ Chí Minh,Phường Chợ Lớn,167 Trần Hưng Đạo
3812,Vĩnh Long,Xã Tam Bình,128 Nguyễn Trãi
3813,Cần Thơ,Phường Ô Môn,445 Phạm Văn Đồng
3814,Vĩnh Long,Xã Bình Minh,117 Lý Thường Kiệt
3815,Vĩnh Long,Xã Long Hồ,422 Võ Văn Kiệt
3816,TP. Hồ Chí Minh,Phường Sài Gòn,60 Võ Văn Kiệt
3817,Đồng Nai,Xã Nhơn Trạch,487 Phạm Văn Đồng
3818,TP. Hồ Chí Minh,Phường Tân Định,499 Hai Bà Trưng
3819,TP. Hồ Chí Minh,Phường An Khánh,227 Nam Kỳ Khởi Nghĩa
3820,Cần Thơ,Phường Cái Răng,443 Nguyễn Văn Cừ
3821,TP. Hồ Chí Minh,Phường Bến Thành,306 3 Tháng 2
3822,Đồng Tháp,Xã Lấp Vò,316 3 Tháng 2
3823,An Giang,Xã Tịnh Biên,53 Quang Trung
3824,TP. Hồ Chí Minh,Phường Tân Bình,100 Nam Kỳ Khởi Nghĩa
3825,An Giang,Xã Tịnh Biên,186 Võ Văn Kiệt
3826,TP. Hồ Chí Minh,Phường An Khánh,382 Nguyễn Văn Cừ
3827,An Giang,Xã Phú Tân,133 Nguyễn Huệ
3828,TP. Hồ Chí Minh,Phường Chợ Lớn,511 Nam Kỳ Khởi Nghĩa
3829,Cần Thơ,Phường Bình Thủy,486 Cách Mạng Tháng Tám
3830,TP. Hồ Chí Minh,Phường Tân Bình,206 Hai Bà Trưng
3831,Cần Thơ,Phường Bình Thủy,427 Võ Văn Kiệt
3832,An Giang,Xã Phú Tân,463 Nguyễn Trãi
3833,Cà Mau,Xã U Minh,31 Nguyễn Trãi
3834,Vĩnh Long,Xã Mang Thít,212 Cách Mạng Tháng Tám
3835,TP. Hồ Chí Minh,Phường An Khánh,486 Lê Lợi
3836,Tây Ninh,Xã Châu Thành,546 Quang Trung
3837,Đồng Tháp,Xã Lai Vung,50 Quang Trung
3838,Cần Thơ,Phường Bình Thủy,212 Lý Thường Kiệt
3839,Cần Thơ,Xã Phong Điền,277 3 Tháng 2
3840,TP. Hồ Chí Minh,Phường Bình Thạnh,323 Nam Kỳ Khởi Nghĩa
3841,TP. Hồ Chí Minh,Phường Bến Thành,414 Nguyễn Huệ
3842,TP. Hồ Chí Minh,Phường Chợ Lớn,156 Lý Thường Kiệt
3843,Cần Thơ,Xã Phong Điền,537 Nguyễn Trãi
3844,Tây Ninh,Phường Trảng Bàng,163 Phạm Văn Đồng
3845,TP. Hồ Chí Minh,Phường An Khánh,347 Phạm Văn Đồng
3846,Vĩnh Long,Xã Mang Thít,149 Lý Thường Kiệt
3847,Đồng Nai,Phường Biên Hòa,567 Lê Lợi
3848,Cà Mau,Xã U Minh,412 Trần Hưng Đạo
3849,Cần Thơ,Xã Phong Điền,506 Quang Trung
3850,Cà Mau,Xã Ngọc Hiển,334 Cách Mạng Tháng Tám
3851,Đồng Tháp,Xã Tháp Mười,280 Nam Kỳ Khởi Nghĩa
3852,TP. Hồ Chí Minh,Phường Bình Thạnh,347 3 Tháng 2
3853,Cà Mau,Xã U Minh,160 Lê Lợi
3854,An Giang,Phường Long Xuyên,65 Trần Hưng Đạo
3855,Đồng Nai,Phường Trấn Biên,142 Phạm Văn Đồng
3856,TP. Hồ Chí Minh,Phường Bến Thành,172 Lý Thường Kiệt
3857,An Giang,Xã Chợ Mới,409 Nam Kỳ Khởi Nghĩa
3858,Đồng Nai,Xã Định Quán,374 Phạm Văn Đồng
3859,Tây Ninh,Xã Tân Biên,423 Phạm Văn Đồng
3860,Đồng Nai,Phường Long Khánh,334 Quang Trung
3861,TP. Hồ Chí Minh,Phường Bình Thạnh,263 Nguyễn Trãi
3862,Tây Ninh,Phường Tây Ninh,84 Nguyễn Huệ
3863,Đồng Nai,Xã Định Quán,96 Hai Bà Trưng
3864,TP. Hồ Chí Minh,Phường Tân Định,490 Phạm Văn Đồng
3865,Đồng Nai,Xã Long Thành,363 3 Tháng 2
3866,Đồng Nai,Xã Nhơn Trạch,474 Lê Lợi
3867,Đồng Nai,Phường Biên Hòa,341 Quang Trung
3868,An Giang,Xã Tri Tôn,424 Quang Trung
3869,TP. Hồ Chí Minh,Phường Chợ Lớn,56 Trần Hưng Đạo
3870,Đồng Nai,Xã Nhơn Trạch,454 Lý Thường Kiệt
3871,TP. Hồ Chí Minh,Phường Chợ Lớn,162 Nguyễn Huệ
3872,Cần Thơ,Xã Phong Điền,585 Nguyễn Trãi
3873,Cần Thơ,Xã Phong Điền,464 Lê Lợi
3874,TP. Hồ Chí Minh,Phường Thủ Đức,473 Hai Bà Trưng
3875,Đồng Nai,Phường Biên Hòa,118 Võ Văn Kiệt
3876,Vĩnh Long,Xã Tam Bình,476 Quang Trung
3877,Cà Mau,Xã U Minh,287 Nguyễn Huệ
3878,Vĩnh Long,Xã Tam Bình,423 Hai Bà Trưng
3879,TP. Hồ Chí Minh,Phường Chợ Lớn,377 Võ Văn Kiệt
3880,Vĩnh Long,Phường Vĩnh Long,591 Nguyễn Văn Cừ
3881,Đồng Nai,Phường Long Khánh,96 Trần Hưng Đạo
3882,An Giang,Xã Tịnh Biên,558 Lê Lợi
3883,Đồng Tháp,Xã Tháp Mười,346 Nguyễn Huệ
3884,Vĩnh Long,Xã Mang Thít,112 Nguyễn Văn Cừ
3885,Cần Thơ,Phường Ninh Kiều,311 3 Tháng 2
3886,Đồng Tháp,Xã Lai Vung,209 Nguyễn Trãi
3887,Cần Thơ,Xã Phong Điền,249 Hai Bà Trưng
3888,An Giang,Xã Tri Tôn,297 Nguyễn Văn Cừ
3889,An Giang,Xã Tịnh Biên,218 Lý Thường Kiệt
3890,TP. Hồ Chí Minh,Phường An Khánh,511 Nguyễn Văn Cừ
3891,Vĩnh Long,Phường Vĩnh Long,275 Nam Kỳ Khởi Nghĩa
3892,TP. Hồ Chí Minh,Phường Sài Gòn,388 Hai Bà Trưng
3893,Đồng Nai,Xã Định Quán,148 Võ Văn Kiệt
3894,Cà Mau,Phường Cà Mau,274 Nguyễn Trãi
3895,Cà Mau,Xã Ngọc Hiển,257 Võ Văn Kiệt
3896,Cần Thơ,Phường Ninh Kiều,595 Nguyễn Huệ
3897,Đồng Nai,Xã Định Quán,152 Nam Kỳ Khởi Nghĩa
3898,Đồng Nai,Phường Trấn Biên,326 Nguyễn Trãi
3899,TP. Hồ Chí Minh,Phường An Khánh,399 Pasteur
3900,Cần Thơ,Phường Thốt Nốt,409 Quang Trung
3901,Cà Mau,Xã Năm Căn,211 3 Tháng 2
3902,Đồng Tháp,Phường Hồng Ngự,508 Cách Mạng Tháng Tám
3903,TP. Hồ Chí Minh,Phường Bình Thạnh,240 Cách Mạng Tháng Tám
3904,Cà Mau,Xã Ngọc Hiển,430 Phạm Văn Đồng
3905,TP. Hồ Chí Minh,Phường Sài Gòn,271 Điện Biên Phủ
3906,Đồng Nai,Phường Biên Hòa,56 Pasteur
3907,TP. Hồ Chí Minh,Phường An Khánh,143 Phạm Văn Đồng
3908,Cà Mau,Xã U Minh,168 Quang Trung
3909,TP. Hồ Chí Minh,Phường An Khánh,15 Nguyễn Trãi
3910,Tây Ninh,Xã Gò Dầu,440 Phạm Văn Đồng
3911,Đồng Nai,Phường Biên Hòa,27 3 Tháng 2
3912,Tây Ninh,Xã Tân Biên,340 Nguyễn Trãi
3913,An Giang,Phường Châu Đốc,424 Cách Mạng Tháng Tám
3914,TP. Hồ Chí Minh,Phường Tân Định,506 Hai Bà Trưng
3915,Cà Mau,Phường Cà Mau,555 Nguyễn Trãi
3916,Đồng Nai,Xã Định Quán,295 Võ Văn Kiệt
3917,An Giang,Xã Tịnh Biên,475 Nam Kỳ Khởi Nghĩa
3918,Vĩnh Long,Xã Mang Thít,314 Lý Thường Kiệt
3919,Cần Thơ,Phường Bình Thủy,278 Cách Mạng Tháng Tám
3920,Tây Ninh,Phường Trảng Bàng,551 Điện Biên Phủ
3921,TP. Hồ Chí Minh,Phường Bình Thạnh,17 Điện Biên Phủ
3922,An Giang,Xã Phú Tân,489 Hai Bà Trưng
3923,Đồng Tháp,Xã Lai Vung,315 Nguyễn Trãi
3924,Cần Thơ,Xã Phong Điền,142 Cách Mạng Tháng Tám
3925,Đồng Tháp,Phường Sa Đéc,38 Lý Thường Kiệt
3926,TP. Hồ Chí Minh,Phường Thủ Đức,524 Cách Mạng Tháng Tám
3927,An Giang,Xã Tri Tôn,154 Trần Hưng Đạo
3928,Cần Thơ,Phường Ô Môn,57 Pasteur
3929,Đồng Nai,Phường Biên Hòa,484 Võ Văn Kiệt
3930,An Giang,Xã Phú Tân,420 Nguyễn Trãi
3931,Đồng Nai,Xã Nhơn Trạch,243 Cách Mạng Tháng Tám
3932,Cà Mau,Phường Cà Mau,526 Nguyễn Huệ
3933,Cà Mau,Xã Trần Văn Thời,568 Cách Mạng Tháng Tám
3934,Đồng Tháp,Xã Lai Vung,92 Phạm Văn Đồng
3935,TP. Hồ Chí Minh,Phường Tân Định,448 Quang Trung
3936,Tây Ninh,Xã Tân Biên,204 Nam Kỳ Khởi Nghĩa
3937,Tây Ninh,Xã Tân Biên,402 Lý Thường Kiệt
3938,TP. Hồ Chí Minh,Phường Sài Gòn,465 Lê Lợi
3939,Đồng Nai,Phường Trấn Biên,383 Nguyễn Văn Cừ
3940,Cần Thơ,Phường Thốt Nốt,384 Lý Thường Kiệt
3941,TP. Hồ Chí Minh,Phường Bình Thạnh,477 Cách Mạng Tháng Tám
3942,Vĩnh Long,Xã Tam Bình,400 Hai Bà Trưng
3943,Vĩnh Long,Xã Trà Ôn,433 Phạm Văn Đồng
3944,Cần Thơ,Phường Ninh Kiều,493 Phạm Văn Đồng
3945,Đồng Nai,Phường Trấn Biên,184 Cách Mạng Tháng Tám
3946,Cà Mau,Xã Năm Căn,18 Nguyễn Văn Cừ
3947,TP. Hồ Chí Minh,Phường Thủ Đức,73 Phạm Văn Đồng
3948,TP. Hồ Chí Minh,Phường Tân Định,516 Lý Thường Kiệt
3949,Đồng Nai,Phường Long Khánh,71 3 Tháng 2
3950,TP. Hồ Chí Minh,Phường Bến Thành,157 Nguyễn Văn Cừ
3951,An Giang,Phường Châu Đốc,4 Cách Mạng Tháng Tám
3952,Cà Mau,Xã Năm Căn,38 Phạm Văn Đồng
3953,TP. Hồ Chí Minh,Phường Thủ Đức,187 Phạm Văn Đồng
3954,An Giang,Xã Tri Tôn,240 Điện Biên Phủ
3955,TP. Hồ Chí Minh,Phường Bình Thạnh,378 Nguyễn Trãi
3956,Đồng Nai,Xã Định Quán,470 Điện Biên Phủ
3957,TP. Hồ Chí Minh,Phường Bình Thạnh,336 Quang Trung
3958,TP. Hồ Chí Minh,Phường Bến Thành,320 Lý Thường Kiệt
3959,Cần Thơ,Phường Thốt Nốt,340 Quang Trung
3960,An Giang,Xã Tịnh Biên,170 Trần Hưng Đạo
3961,An Giang,Xã Chợ Mới,64 Nguyễn Huệ
3962,TP. Hồ Chí Minh,Phường Sài Gòn,544 Nguyễn Huệ
3963,An Giang,Xã Chợ Mới,251 Nguyễn Trãi
3964,TP. Hồ Chí Minh,Phường An Khánh,501 Pasteur
3965,TP. Hồ Chí Minh,Phường An Khánh,369 3 Tháng 2
3966,TP. Hồ Chí Minh,Phường Tân Bình,272 Quang Trung
3967,Tây Ninh,Xã Châu Thành,392 Pasteur
3968,TP. Hồ Chí Minh,Phường Thủ Đức,537 Lê Lợi
3969,Đồng Nai,Xã Nhơn Trạch,60 Võ Văn Kiệt
3970,Tây Ninh,Xã Châu Thành,298 Nguyễn Văn Cừ
3971,TP. Hồ Chí Minh,Phường An Khánh,117 Nam Kỳ Khởi Nghĩa
3972,Đồng Tháp,Phường Hồng Ngự,497 Điện Biên Phủ
3973,An Giang,Xã Chợ Mới,190 Hai Bà Trưng
3974,Tây Ninh,Xã Tân Biên,485 3 Tháng 2
3975,Cần Thơ,Phường Bình Thủy,493 Hai Bà Trưng
3976,TP. Hồ Chí Minh,Phường Chợ Lớn,195 Võ Văn Kiệt
3977,Cà Mau,Phường Cà Mau,241 Nam Kỳ Khởi Nghĩa
3978,TP. Hồ Chí Minh,Phường Chợ Lớn,76 Nguyễn Trãi
3979,TP. Hồ Chí Minh,Phường Tân Định,223 Phạm Văn Đồng
3980,TP. Hồ Chí Minh,Phường Bình Thạnh,471 Nam Kỳ Khởi Nghĩa
3981,An Giang,Phường Long Xuyên,418 Phạm Văn Đồng
3982,Đồng Tháp,Xã Lai Vung,100 Nguyễn Văn Cừ
3983,TP. Hồ Chí Minh,Phường Bình Thạnh,303 Nguyễn Trãi
3984,An Giang,Xã Chợ Mới,158 Phạm Văn Đồng
3985,An Giang,Xã Phú Tân,24 Nguyễn Văn Cừ
3986,TP. Hồ Chí Minh,Phường Chợ Lớn,270 Cách Mạng Tháng Tám
3987,Tây Ninh,Xã Dương Minh Châu,282 Nguyễn Trãi
3988,An Giang,Xã Tri Tôn,136 3 Tháng 2
3989,TP. Hồ Chí Minh,Phường Bình Thạnh,43 Nguyễn Văn Cừ
3990,Đồng Nai,Xã Nhơn Trạch,343 Trần Hưng Đạo
3991,TP. Hồ Chí Minh,Phường Tân Bình,380 Cách Mạng Tháng Tám
3992,Cần Thơ,Xã Phong Điền,554 Lý Thường Kiệt
3993,Đồng Nai,Phường Biên Hòa,341 Điện Biên Phủ
3994,Tây Ninh,Xã Tân Biên,295 Pasteur
3995,TP. Hồ Chí Minh,Phường An Khánh,288 Quang Trung
3996,TP. Hồ Chí Minh,Phường Tân Bình,465 Pasteur
3997,TP. Hồ Chí Minh,Phường Bến Thành,418 Lý Thường Kiệt
3998,An Giang,Phường Châu Đốc,46 3 Tháng 2
3999,An Giang,Xã Tri Tôn,520 Nguyễn Huệ
4000,Tây Ninh,Xã Gò Dầu,533 Hai Bà Trưng
4001,Cà Mau,Xã Ngọc Hiển,161 Điện Biên Phủ
4002,Cà Mau,Xã Trần Văn Thời,466 Lý Thường Kiệt
4003,TP. Hồ Chí Minh,Phường Bình Thạnh,361 Nam Kỳ Khởi Nghĩa
4004,Tây Ninh,Phường Trảng Bàng,64 3 Tháng 2
4005,TP. Hồ Chí Minh,Phường Tân Định,507 Nguyễn Trãi
4006,TP. Hồ Chí Minh,Phường An Khánh,192 Trần Hưng Đạo
4007,Cần Thơ,Phường Thốt Nốt,433 Trần Hưng Đạo
4008,Cà Mau,Xã Trần Văn Thời,502 Cách Mạng Tháng Tám
4009,Cà Mau,Xã Đầm Dơi,333 Trần Hưng Đạo
4010,Tây Ninh,Phường Tây Ninh,543 Pasteur
4011,Tây Ninh,Phường Trảng Bàng,150 Lý Thường Kiệt
4012,Vĩnh Long,Xã Long Hồ,15 Võ Văn Kiệt
4013,TP. Hồ Chí Minh,Phường An Khánh,360 Nam Kỳ Khởi Nghĩa
4014,Đồng Tháp,Xã Tháp Mười,346 Trần Hưng Đạo
4015,TP. Hồ Chí Minh,Phường Sài Gòn,88 Võ Văn Kiệt
4016,TP. Hồ Chí Minh,Phường Tân Định,537 Võ Văn Kiệt
4017,TP. Hồ Chí Minh,Phường Bình Thạnh,484 Điện Biên Phủ
4018,Cà Mau,Xã Năm Căn,376 Nguyễn Trãi
4019,TP. Hồ Chí Minh,Phường Chợ Lớn,66 3 Tháng 2
4020,Tây Ninh,Xã Dương Minh Châu,86 Lý Thường Kiệt
4021,Cần Thơ,Phường Cái Răng,324 Phạm Văn Đồng
4022,Đồng Nai,Phường Trấn Biên,25 Nguyễn Huệ
4023,Đồng Tháp,Xã Lai Vung,503 Điện Biên Phủ
4024,Đồng Nai,Xã Định Quán,503 Nguyễn Huệ
4025,TP. Hồ Chí Minh,Phường Tân Định,534 Lý Thường Kiệt
4026,Vĩnh Long,Xã Tam Bình,233 Quang Trung
4027,Đồng Nai,Xã Định Quán,142 Nguyễn Huệ
4028,TP. Hồ Chí Minh,Phường Tân Định,248 Pasteur
4029,Tây Ninh,Xã Gò Dầu,580 3 Tháng 2
4030,Vĩnh Long,Phường Vĩnh Long,175 Lý Thường Kiệt
4031,Đồng Nai,Xã Nhơn Trạch,292 Điện Biên Phủ
4032,TP. Hồ Chí Minh,Phường Chợ Lớn,156 Nguyễn Trãi
4033,TP. Hồ Chí Minh,Phường Thủ Đức,21 Trần Hưng Đạo
4034,Cần Thơ,Xã Phong Điền,266 Cách Mạng Tháng Tám
4035,TP. Hồ Chí Minh,Phường Tân Định,266 Võ Văn Kiệt
4036,Vĩnh Long,Phường Vĩnh Long,208 Lê Lợi
4037,Đồng Nai,Phường Long Khánh,519 Nam Kỳ Khởi Nghĩa
4038,Cần Thơ,Phường Ninh Kiều,174 Trần Hưng Đạo
4039,TP. Hồ Chí Minh,Phường Chợ Lớn,44 Nguyễn Trãi
4040,TP. Hồ Chí Minh,Phường An Khánh,209 Nguyễn Huệ
4041,An Giang,Phường Long Xuyên,306 Quang Trung
4042,An Giang,Xã Phú Tân,531 Cách Mạng Tháng Tám
4043,TP. Hồ Chí Minh,Phường Thủ Đức,159 Nguyễn Huệ
4044,Cà Mau,Xã U Minh,225 Phạm Văn Đồng
4045,Vĩnh Long,Xã Trà Ôn,557 Trần Hưng Đạo
4046,Cần Thơ,Phường Cái Răng,489 Lê Lợi
4047,Đồng Nai,Phường Trấn Biên,406 Hai Bà Trưng
4048,Đồng Nai,Phường Biên Hòa,153 Điện Biên Phủ
4049,TP. Hồ Chí Minh,Phường Bến Thành,74 Nguyễn Trãi
4050,Vĩnh Long,Xã Tam Bình,332 Điện Biên Phủ
4051,TP. Hồ Chí Minh,Phường Sài Gòn,314 3 Tháng 2
4052,TP. Hồ Chí Minh,Phường Bình Thạnh,47 Pasteur
4053,TP. Hồ Chí Minh,Phường Sài Gòn,308 Nguyễn Huệ
4054,Cà Mau,Xã Trần Văn Thời,193 Nguyễn Huệ
4055,Đồng Nai,Xã Định Quán,21 Nguyễn Huệ
4056,Vĩnh Long,Xã Bình Minh,58 Phạm Văn Đồng
4057,Cà Mau,Xã Đầm Dơi,329 Nguyễn Huệ
4058,Cà Mau,Xã Năm Căn,406 Lê Lợi
4059,TP. Hồ Chí Minh,Phường Bình Thạnh,412 Phạm Văn Đồng
4060,TP. Hồ Chí Minh,Phường Thủ Đức,512 Nguyễn Trãi
4061,Tây Ninh,Xã Tân Biên,10 Nguyễn Huệ
4062,TP. Hồ Chí Minh,Phường Tân Định,118 Võ Văn Kiệt
4063,Đồng Tháp,Xã Tháp Mười,423 Nguyễn Văn Cừ
4064,Cà Mau,Phường Cà Mau,265 Phạm Văn Đồng
4065,Cần Thơ,Phường Bình Thủy,577 Nguyễn Trãi
4066,TP. Hồ Chí Minh,Phường Tân Bình,446 Trần Hưng Đạo
4067,An Giang,Xã Tri Tôn,231 Hai Bà Trưng
4068,TP. Hồ Chí Minh,Phường An Khánh,41 Lê Lợi
4069,Vĩnh Long,Xã Bình Minh,240 Hai Bà Trưng
4070,Vĩnh Long,Phường Vĩnh Long,495 Nam Kỳ Khởi Nghĩa
4071,Cà Mau,Xã Ngọc Hiển,525 Hai Bà Trưng
4072,TP. Hồ Chí Minh,Phường Tân Bình,321 Lý Thường Kiệt
4073,Đồng Nai,Xã Định Quán,243 Võ Văn Kiệt
4074,TP. Hồ Chí Minh,Phường An Khánh,453 Trần Hưng Đạo
4075,Vĩnh Long,Xã Mang Thít,587 Điện Biên Phủ
4076,Tây Ninh,Xã Tân Biên,374 Lý Thường Kiệt
4077,Đồng Tháp,Xã Lai Vung,498 Cách Mạng Tháng Tám
4078,An Giang,Xã Tịnh Biên,387 Trần Hưng Đạo
4079,An Giang,Phường Long Xuyên,165 Lê Lợi
4080,TP. Hồ Chí Minh,Phường Tân Bình,313 Cách Mạng Tháng Tám
4081,TP. Hồ Chí Minh,Phường Sài Gòn,241 Trần Hưng Đạo
4082,TP. Hồ Chí Minh,Phường Bình Thạnh,159 Nam Kỳ Khởi Nghĩa
4083,TP. Hồ Chí Minh,Phường Bình Thạnh,393 Nam Kỳ Khởi Nghĩa
4084,TP. Hồ Chí Minh,Phường Bến Thành,484 Võ Văn Kiệt
4085,Cần Thơ,Xã Phong Điền,160 Cách Mạng Tháng Tám
4086,Tây Ninh,Phường Trảng Bàng,189 Nguyễn Huệ
4087,Tây Ninh,Xã Dương Minh Châu,533 Điện Biên Phủ
4088,Vĩnh Long,Xã Tam Bình,96 Pasteur
4089,Đồng Nai,Phường Biên Hòa,139 Nam Kỳ Khởi Nghĩa
4090,Vĩnh Long,Xã Mang Thít,586 Nguyễn Văn Cừ
4091,TP. Hồ Chí Minh,Phường An Khánh,152 Trần Hưng Đạo
4092,Cà Mau,Xã Năm Căn,325 Trần Hưng Đạo
4093,Vĩnh Long,Xã Long Hồ,525 Pasteur
4094,Tây Ninh,Phường Tây Ninh,576 Lý Thường Kiệt
4095,Cà Mau,Xã Trần Văn Thời,300 Phạm Văn Đồng
4096,Đồng Nai,Xã Định Quán,477 Võ Văn Kiệt
4097,TP. Hồ Chí Minh,Phường Thủ Đức,120 Võ Văn Kiệt
4098,An Giang,Phường Châu Đốc,423 3 Tháng 2
4099,TP. Hồ Chí Minh,Phường Chợ Lớn,53 Lê Lợi
4100,Cần Thơ,Phường Bình Thủy,18 Nguyễn Huệ
4101,Đồng Nai,Xã Định Quán,171 Nam Kỳ Khởi Nghĩa
4102,TP. Hồ Chí Minh,Phường Tân Định,37 Lý Thường Kiệt
4103,Đồng Tháp,Xã Lấp Vò,396 Lý Thường Kiệt
4104,Đồng Nai,Phường Trấn Biên,39 Điện Biên Phủ
4105,Cà Mau,Xã Đầm Dơi,436 Phạm Văn Đồng
4106,Vĩnh Long,Xã Bình Minh,161 Nguyễn Văn Cừ
4107,An Giang,Phường Long Xuyên,316 Hai Bà Trưng
4108,TP. Hồ Chí Minh,Phường An Khánh,205 Lê Lợi
4109,TP. Hồ Chí Minh,Phường Tân Bình,362 Cách Mạng Tháng Tám
4110,TP. Hồ Chí Minh,Phường An Khánh,519 Hai Bà Trưng
4111,Đồng Nai,Xã Nhơn Trạch,350 Hai Bà Trưng
4112,Đồng Nai,Xã Nhơn Trạch,189 Lý Thường Kiệt
4113,Cần Thơ,Phường Thốt Nốt,36 Lê Lợi
4114,Đồng Tháp,Xã Lai Vung,52 Trần Hưng Đạo
4115,Tây Ninh,Xã Tân Biên,334 3 Tháng 2
4116,Tây Ninh,Xã Dương Minh Châu,515 Lý Thường Kiệt
4117,TP. Hồ Chí Minh,Phường Tân Định,309 Lê Lợi
4118,Đồng Nai,Phường Long Khánh,60 Lý Thường Kiệt
4119,Vĩnh Long,Xã Trà Ôn,190 Hai Bà Trưng
4120,Cần Thơ,Phường Cái Răng,523 Hai Bà Trưng
4121,TP. Hồ Chí Minh,Phường An Khánh,234 Hai Bà Trưng
4122,Cần Thơ,Phường Cái Răng,199 Hai Bà Trưng
4123,Đồng Nai,Xã Định Quán,150 Nguyễn Trãi
4124,TP. Hồ Chí Minh,Phường Thủ Đức,283 Võ Văn Kiệt
4125,TP. Hồ Chí Minh,Phường Bến Thành,22 3 Tháng 2
4126,Cần Thơ,Xã Phong Điền,422 Phạm Văn Đồng
4127,TP. Hồ Chí Minh,Phường Sài Gòn,11 Nguyễn Huệ
4128,Vĩnh Long,Xã Trà Ôn,134 Nguyễn Huệ
4129,Cà Mau,Xã Ngọc Hiển,351 Cách Mạng Tháng Tám
4130,Đồng Nai,Xã Định Quán,296 Hai Bà Trưng
4131,Cà Mau,Xã Năm Căn,358 Võ Văn Kiệt
4132,Tây Ninh,Xã Dương Minh Châu,573 Cách Mạng Tháng Tám
4133,Cần Thơ,Phường Ninh Kiều,133 Quang Trung
4134,Tây Ninh,Xã Tân Biên,311 Nguyễn Văn Cừ
4135,TP. Hồ Chí Minh,Phường Bình Thạnh,447 Pasteur
4136,An Giang,Xã Chợ Mới,580 Điện Biên Phủ
4137,Vĩnh Long,Phường Vĩnh Long,333 Cách Mạng Tháng Tám
4138,Đồng Tháp,Xã Tháp Mười,66 Nguyễn Trãi
4139,Đồng Tháp,Xã Lai Vung,316 Lý Thường Kiệt
4140,Đồng Tháp,Xã Tháp Mười,547 Quang Trung
4141,Đồng Tháp,Xã Tháp Mười,268 Lê Lợi
4142,Cà Mau,Xã Ngọc Hiển,197 Điện Biên Phủ
4143,TP. Hồ Chí Minh,Phường Bình Thạnh,475 Pasteur
4144,Đồng Nai,Xã Long Thành,438 Nguyễn Trãi
4145,TP. Hồ Chí Minh,Phường Bến Thành,139 Quang Trung
4146,Cà Mau,Phường Cà Mau,522 Nguyễn Văn Cừ
4147,Đồng Tháp,Phường Cao Lãnh,46 Nam Kỳ Khởi Nghĩa
4148,Cà Mau,Phường Cà Mau,245 Nguyễn Văn Cừ
4149,TP. Hồ Chí Minh,Phường Thủ Đức,277 Hai Bà Trưng
4150,Đồng Tháp,Xã Lai Vung,43 Hai Bà Trưng
4151,An Giang,Xã Tri Tôn,65 3 Tháng 2
4152,TP. Hồ Chí Minh,Phường Bình Thạnh,263 Hai Bà Trưng
4153,TP. Hồ Chí Minh,Phường Bình Thạnh,229 Hai Bà Trưng
4154,Tây Ninh,Xã Gò Dầu,473 3 Tháng 2
4155,Cà Mau,Xã Ngọc Hiển,61 3 Tháng 2
4156,TP. Hồ Chí Minh,Phường Chợ Lớn,241 Quang Trung
4157,Tây Ninh,Xã Dương Minh Châu,550 Trần Hưng Đạo
4158,TP. Hồ Chí Minh,Phường Chợ Lớn,145 Quang Trung
4159,TP. Hồ Chí Minh,Phường Bến Thành,59 Điện Biên Phủ
4160,Tây Ninh,Xã Châu Thành,512 Cách Mạng Tháng Tám
4161,Vĩnh Long,Xã Tam Bình,89 Trần Hưng Đạo
4162,Đồng Tháp,Phường Hồng Ngự,418 Lê Lợi
4163,TP. Hồ Chí Minh,Phường Tân Bình,235 Cách Mạng Tháng Tám
4164,Cần Thơ,Phường Ô Môn,549 Quang Trung
4165,TP. Hồ Chí Minh,Phường Tân Định,351 Phạm Văn Đồng
4166,Cần Thơ,Phường Cái Răng,498 Nguyễn Huệ
4167,TP. Hồ Chí Minh,Phường Sài Gòn,332 Nguyễn Văn Cừ
4168,TP. Hồ Chí Minh,Phường An Khánh,167 Trần Hưng Đạo
4169,An Giang,Phường Châu Đốc,126 Lê Lợi
4170,Đồng Tháp,Xã Lai Vung,166 Hai Bà Trưng
4171,Cần Thơ,Phường Bình Thủy,388 Pasteur
4172,Vĩnh Long,Xã Tam Bình,568 Lý Thường Kiệt
4173,Đồng Nai,Xã Nhơn Trạch,237 Hai Bà Trưng
4174,Cần Thơ,Phường Ô Môn,406 Nguyễn Trãi
4175,TP. Hồ Chí Minh,Phường Thủ Đức,217 Hai Bà Trưng
4176,Cần Thơ,Phường Bình Thủy,478 Pasteur
4177,TP. Hồ Chí Minh,Phường Tân Định,293 Hai Bà Trưng
4178,Đồng Tháp,Phường Cao Lãnh,226 Võ Văn Kiệt
4179,Cần Thơ,Xã Phong Điền,577 Nguyễn Trãi
4180,Tây Ninh,Xã Gò Dầu,113 Điện Biên Phủ
4181,TP. Hồ Chí Minh,Phường An Khánh,124 Nguyễn Văn Cừ
4182,An Giang,Xã Tri Tôn,525 Quang Trung
4183,Đồng Tháp,Xã Lấp Vò,149 Nam Kỳ Khởi Nghĩa
4184,Đồng Nai,Xã Long Thành,227 Nguyễn Trãi
4185,Cần Thơ,Phường Ninh Kiều,547 Lý Thường Kiệt
4186,TP. Hồ Chí Minh,Phường Tân Bình,353 Cách Mạng Tháng Tám
4187,Vĩnh Long,Phường Vĩnh Long,430 3 Tháng 2
4188,TP. Hồ Chí Minh,Phường Bến Thành,66 Nguyễn Trãi
4189,An Giang,Xã Tri Tôn,277 3 Tháng 2
4190,Cà Mau,Xã Năm Căn,452 Nguyễn Trãi
4191,Cà Mau,Xã Năm Căn,259 Lê Lợi
4192,Đồng Nai,Xã Long Thành,532 Lý Thường Kiệt
4193,Vĩnh Long,Xã Mang Thít,244 Lê Lợi
4194,TP. Hồ Chí Minh,Phường Tân Bình,345 Nguyễn Trãi
4195,TP. Hồ Chí Minh,Phường Chợ Lớn,163 Nam Kỳ Khởi Nghĩa
4196,TP. Hồ Chí Minh,Phường Bình Thạnh,87 Nguyễn Trãi
4197,Vĩnh Long,Phường Vĩnh Long,413 Nam Kỳ Khởi Nghĩa
4198,Cà Mau,Xã U Minh,202 Võ Văn Kiệt
4199,TP. Hồ Chí Minh,Phường Sài Gòn,129 Lê Lợi
4200,An Giang,Xã Phú Tân,324 Nguyễn Trãi
4201,TP. Hồ Chí Minh,Phường Thủ Đức,255 Nam Kỳ Khởi Nghĩa
4202,Đồng Nai,Xã Định Quán,340 Trần Hưng Đạo
4203,An Giang,Xã Chợ Mới,334 Phạm Văn Đồng
4204,TP. Hồ Chí Minh,Phường Tân Bình,123 Pasteur
4205,Cà Mau,Xã U Minh,522 Lê Lợi
4206,Cà Mau,Xã U Minh,28 Pasteur
4207,TP. Hồ Chí Minh,Phường An Khánh,396 Nguyễn Văn Cừ
4208,Đồng Nai,Xã Nhơn Trạch,585 Nam Kỳ Khởi Nghĩa
4209,Đồng Nai,Phường Biên Hòa,9 Trần Hưng Đạo
4210,Tây Ninh,Xã Tân Biên,576 Điện Biên Phủ
4211,Cần Thơ,Phường Thốt Nốt,370 Điện Biên Phủ
4212,TP. Hồ Chí Minh,Phường An Khánh,369 Cách Mạng Tháng Tám
4213,TP. Hồ Chí Minh,Phường Tân Định,585 Trần Hưng Đạo
4214,Vĩnh Long,Xã Tam Bình,156 Nguyễn Huệ
4215,TP. Hồ Chí Minh,Phường Chợ Lớn,72 Quang Trung
4216,Đồng Tháp,Xã Lai Vung,516 Nguyễn Huệ
4217,Cần Thơ,Phường Bình Thủy,166 Lê Lợi
4218,Cà Mau,Xã Năm Căn,128 Nguyễn Huệ
4219,TP. Hồ Chí Minh,Phường Bình Thạnh,447 Trần Hưng Đạo
4220,Vĩnh Long,Phường Vĩnh Long,574 Hai Bà Trưng
4221,Đồng Tháp,Phường Sa Đéc,297 Điện Biên Phủ
4222,Cà Mau,Phường Cà Mau,74 Hai Bà Trưng
4223,TP. Hồ Chí Minh,Phường Sài Gòn,594 Trần Hưng Đạo
4224,Cần Thơ,Phường Bình Thủy,285 Nguyễn Văn Cừ
4225,Vĩnh Long,Xã Long Hồ,594 Lê Lợi
4226,TP. Hồ Chí Minh,Phường Thủ Đức,572 Võ Văn Kiệt
4227,Cần Thơ,Phường Thốt Nốt,39 Pasteur
4228,An Giang,Phường Châu Đốc,554 Điện Biên Phủ
4229,Cần Thơ,Phường Bình Thủy,398 Lê Lợi
4230,Vĩnh Long,Xã Mang Thít,587 Lê Lợi
4231,An Giang,Xã Chợ Mới,120 Điện Biên Phủ
4232,TP. Hồ Chí Minh,Phường Bến Thành,563 Quang Trung
4233,Tây Ninh,Xã Châu Thành,251 Trần Hưng Đạo
4234,TP. Hồ Chí Minh,Phường Tân Bình,125 Lê Lợi
4235,TP. Hồ Chí Minh,Phường Tân Định,521 Nguyễn Huệ
4236,TP. Hồ Chí Minh,Phường An Khánh,282 Nam Kỳ Khởi Nghĩa
4237,Cà Mau,Phường Cà Mau,452 Trần Hưng Đạo
4238,Vĩnh Long,Xã Long Hồ,153 3 Tháng 2
4239,Đồng Nai,Phường Biên Hòa,199 Nguyễn Trãi
4240,Cần Thơ,Xã Phong Điền,328 Nguyễn Trãi
4241,Đồng Nai,Xã Định Quán,501 Phạm Văn Đồng
4242,TP. Hồ Chí Minh,Phường Bình Thạnh,346 Quang Trung
4243,TP. Hồ Chí Minh,Phường Bình Thạnh,468 Điện Biên Phủ
4244,Cần Thơ,Phường Cái Răng,303 Cách Mạng Tháng Tám
4245,TP. Hồ Chí Minh,Phường Tân Định,506 Võ Văn Kiệt
4246,TP. Hồ Chí Minh,Phường Sài Gòn,568 Điện Biên Phủ
4247,Cần Thơ,Phường Ô Môn,97 Phạm Văn Đồng
4248,TP. Hồ Chí Minh,Phường Chợ Lớn,231 Cách Mạng Tháng Tám
4249,Cần Thơ,Phường Ninh Kiều,18 Nguyễn Trãi
4250,TP. Hồ Chí Minh,Phường Bình Thạnh,139 3 Tháng 2
4251,An Giang,Phường Long Xuyên,548 Hai Bà Trưng
4252,Đồng Nai,Phường Long Khánh,127 Võ Văn Kiệt
4253,TP. Hồ Chí Minh,Phường An Khánh,274 Trần Hưng Đạo
4254,Cà Mau,Xã Ngọc Hiển,149 Nguyễn Trãi
4255,TP. Hồ Chí Minh,Phường Sài Gòn,414 Võ Văn Kiệt
4256,Tây Ninh,Xã Dương Minh Châu,370 Nguyễn Huệ
4257,Đồng Nai,Phường Long Khánh,481 Pasteur
4258,Đồng Nai,Xã Long Thành,453 Nguyễn Huệ
4259,TP. Hồ Chí Minh,Phường Tân Định,416 Nguyễn Trãi
4260,TP. Hồ Chí Minh,Phường Tân Bình,516 Trần Hưng Đạo
4261,Vĩnh Long,Phường Vĩnh Long,284 Nguyễn Huệ
4262,Đồng Tháp,Phường Sa Đéc,72 Nguyễn Huệ
4263,TP. Hồ Chí Minh,Phường An Khánh,82 Lê Lợi
4264,TP. Hồ Chí Minh,Phường Chợ Lớn,27 3 Tháng 2
4265,An Giang,Phường Long Xuyên,435 Phạm Văn Đồng
4266,Đồng Tháp,Phường Hồng Ngự,94 Lý Thường Kiệt
4267,Đồng Tháp,Xã Lấp Vò,97 Võ Văn Kiệt
4268,Đồng Tháp,Phường Sa Đéc,326 Quang Trung
4269,Vĩnh Long,Xã Long Hồ,36 Nguyễn Huệ
4270,Cà Mau,Xã Ngọc Hiển,201 Nguyễn Trãi
4271,Vĩnh Long,Xã Tam Bình,233 Trần Hưng Đạo
4272,An Giang,Xã Chợ Mới,101 Phạm Văn Đồng
4273,Tây Ninh,Phường Trảng Bàng,96 Điện Biên Phủ
4274,Tây Ninh,Xã Dương Minh Châu,217 Lê Lợi
4275,An Giang,Xã Phú Tân,166 Nguyễn Văn Cừ
4276,TP. Hồ Chí Minh,Phường Bến Thành,72 Nguyễn Trãi
4277,Cần Thơ,Phường Cái Răng,257 Nam Kỳ Khởi Nghĩa
4278,Đồng Nai,Phường Trấn Biên,10 Phạm Văn Đồng
4279,An Giang,Phường Châu Đốc,118 Hai Bà Trưng
4280,An Giang,Xã Tri Tôn,343 Lê Lợi
4281,An Giang,Xã Phú Tân,37 Phạm Văn Đồng
4282,Đồng Nai,Xã Nhơn Trạch,26 Nguyễn Huệ
4283,Đồng Nai,Phường Biên Hòa,71 Võ Văn Kiệt
4284,Cần Thơ,Phường Ô Môn,261 Hai Bà Trưng
4285,Tây Ninh,Phường Tây Ninh,547 Hai Bà Trưng
4286,An Giang,Xã Tịnh Biên,555 Điện Biên Phủ
4287,An Giang,Phường Châu Đốc,334 Nguyễn Trãi
4288,Tây Ninh,Phường Tây Ninh,486 Cách Mạng Tháng Tám
4289,Vĩnh Long,Phường Vĩnh Long,240 Lý Thường Kiệt
4290,Đồng Nai,Xã Long Thành,404 Nguyễn Trãi
4291,TP. Hồ Chí Minh,Phường Bến Thành,556 Hai Bà Trưng
4292,TP. Hồ Chí Minh,Phường Bến Thành,342 Nam Kỳ Khởi Nghĩa
4293,Đồng Nai,Phường Trấn Biên,163 Nguyễn Trãi
4294,TP. Hồ Chí Minh,Phường Chợ Lớn,263 Điện Biên Phủ
4295,TP. Hồ Chí Minh,Phường Thủ Đức,145 Nguyễn Huệ
4296,Tây Ninh,Xã Châu Thành,253 Quang Trung
4297,Cần Thơ,Phường Ô Môn,352 Nguyễn Trãi
4298,Đồng Tháp,Xã Tháp Mười,365 Hai Bà Trưng
4299,Tây Ninh,Xã Dương Minh Châu,309 3 Tháng 2
4300,TP. Hồ Chí Minh,Phường Chợ Lớn,53 Nguyễn Trãi
4301,Cà Mau,Phường Cà Mau,205 Cách Mạng Tháng Tám
4302,TP. Hồ Chí Minh,Phường An Khánh,556 3 Tháng 2
4303,Đồng Nai,Phường Long Khánh,368 Pasteur
4304,Vĩnh Long,Xã Bình Minh,569 Điện Biên Phủ
4305,Đồng Tháp,Xã Lấp Vò,134 Nguyễn Văn Cừ
4306,TP. Hồ Chí Minh,Phường Tân Định,502 Quang Trung
4307,TP. Hồ Chí Minh,Phường Sài Gòn,147 Điện Biên Phủ
4308,TP. Hồ Chí Minh,Phường Bến Thành,276 Võ Văn Kiệt
4309,An Giang,Xã Phú Tân,9 3 Tháng 2
4310,Đồng Nai,Phường Biên Hòa,270 Hai Bà Trưng
4311,TP. Hồ Chí Minh,Phường Chợ Lớn,308 Pasteur
4312,TP. Hồ Chí Minh,Phường Tân Bình,330 Điện Biên Phủ
4313,An Giang,Xã Chợ Mới,463 Võ Văn Kiệt
4314,Tây Ninh,Xã Gò Dầu,465 Pasteur
4315,Cà Mau,Xã Đầm Dơi,569 Nam Kỳ Khởi Nghĩa
4316,TP. Hồ Chí Minh,Phường Bến Thành,133 Quang Trung
4317,Đồng Tháp,Phường Sa Đéc,83 Lý Thường Kiệt
4318,Vĩnh Long,Phường Vĩnh Long,229 Lý Thường Kiệt
4319,TP. Hồ Chí Minh,Phường Bình Thạnh,438 Cách Mạng Tháng Tám
4320,TP. Hồ Chí Minh,Phường An Khánh,529 Nam Kỳ Khởi Nghĩa
4321,Vĩnh Long,Xã Long Hồ,301 Điện Biên Phủ
4322,Đồng Tháp,Xã Tháp Mười,276 Hai Bà Trưng
4323,TP. Hồ Chí Minh,Phường An Khánh,294 Nam Kỳ Khởi Nghĩa
4324,Vĩnh Long,Xã Mang Thít,165 Quang Trung
4325,Đồng Tháp,Xã Lấp Vò,9 Quang Trung
4326,Đồng Nai,Xã Định Quán,322 Điện Biên Phủ
4327,Cần Thơ,Phường Thốt Nốt,128 Nguyễn Trãi
4328,Vĩnh Long,Xã Bình Minh,56 Phạm Văn Đồng
4329,Cần Thơ,Xã Phong Điền,32 Hai Bà Trưng
4330,TP. Hồ Chí Minh,Phường Chợ Lớn,190 Nguyễn Văn Cừ
4331,Cà Mau,Xã Đầm Dơi,122 Nguyễn Văn Cừ
4332,TP. Hồ Chí Minh,Phường Tân Định,155 Trần Hưng Đạo
4333,Đồng Nai,Xã Long Thành,467 Cách Mạng Tháng Tám
4334,Tây Ninh,Phường Trảng Bàng,113 Phạm Văn Đồng
4335,Vĩnh Long,Xã Mang Thít,483 3 Tháng 2
4336,TP. Hồ Chí Minh,Phường Chợ Lớn,204 Quang Trung
4337,TP. Hồ Chí Minh,Phường Tân Bình,10 Phạm Văn Đồng
4338,Đồng Tháp,Phường Sa Đéc,274 Trần Hưng Đạo
4339,Cần Thơ,Phường Cái Răng,392 Nam Kỳ Khởi Nghĩa
4340,Vĩnh Long,Xã Tam Bình,431 Lê Lợi
4341,TP. Hồ Chí Minh,Phường Bình Thạnh,334 Trần Hưng Đạo
4342,TP. Hồ Chí Minh,Phường Thủ Đức,185 Nguyễn Trãi
4343,Đồng Nai,Phường Biên Hòa,376 Hai Bà Trưng
4344,Đồng Nai,Xã Nhơn Trạch,400 3 Tháng 2
4345,Vĩnh Long,Xã Trà Ôn,333 3 Tháng 2
4346,Cà Mau,Xã U Minh,222 3 Tháng 2
4347,TP. Hồ Chí Minh,Phường Bình Thạnh,422 Hai Bà Trưng
4348,Vĩnh Long,Xã Bình Minh,419 Cách Mạng Tháng Tám
4349,Tây Ninh,Xã Tân Biên,49 Điện Biên Phủ
4350,TP. Hồ Chí Minh,Phường Thủ Đức,536 Hai Bà Trưng
4351,TP. Hồ Chí Minh,Phường Tân Bình,351 Lý Thường Kiệt
4352,Tây Ninh,Xã Tân Biên,17 Quang Trung
4353,TP. Hồ Chí Minh,Phường Bình Thạnh,68 Nguyễn Huệ
4354,Đồng Tháp,Xã Lấp Vò,367 Quang Trung
4355,Cà Mau,Xã Ngọc Hiển,151 Trần Hưng Đạo
4356,TP. Hồ Chí Minh,Phường An Khánh,513 Cách Mạng Tháng Tám
4357,TP. Hồ Chí Minh,Phường An Khánh,70 Hai Bà Trưng
4358,An Giang,Xã Tịnh Biên,489 Nguyễn Trãi
4359,TP. Hồ Chí Minh,Phường Thủ Đức,300 Điện Biên Phủ
4360,TP. Hồ Chí Minh,Phường Tân Bình,291 Điện Biên Phủ
4361,An Giang,Phường Châu Đốc,142 Điện Biên Phủ
4362,Đồng Nai,Phường Long Khánh,19 Lý Thường Kiệt
4363,Đồng Nai,Xã Định Quán,113 Nam Kỳ Khởi Nghĩa
4364,TP. Hồ Chí Minh,Phường Thủ Đức,386 Nguyễn Trãi
4365,Vĩnh Long,Xã Mang Thít,565 Võ Văn Kiệt
4366,TP. Hồ Chí Minh,Phường Bình Thạnh,510 Nguyễn Văn Cừ
4367,TP. Hồ Chí Minh,Phường An Khánh,457 Nguyễn Trãi
4368,Tây Ninh,Xã Châu Thành,352 Nguyễn Trãi
4369,Đồng Nai,Xã Long Thành,434 3 Tháng 2
4370,Đồng Tháp,Phường Sa Đéc,486 Nguyễn Huệ
4371,Đồng Tháp,Phường Sa Đéc,247 Pasteur
4372,TP. Hồ Chí Minh,Phường An Khánh,283 Pasteur
4373,TP. Hồ Chí Minh,Phường Chợ Lớn,531 Võ Văn Kiệt
4374,An Giang,Xã Chợ Mới,225 Điện Biên Phủ
4375,TP. Hồ Chí Minh,Phường Thủ Đức,235 Võ Văn Kiệt
4376,Cà Mau,Xã U Minh,299 Phạm Văn Đồng
4377,Cà Mau,Xã U Minh,306 Nguyễn Trãi
4378,Đồng Nai,Xã Long Thành,410 Điện Biên Phủ
4379,Vĩnh Long,Phường Vĩnh Long,312 Pasteur
4380,Vĩnh Long,Xã Trà Ôn,318 Lý Thường Kiệt
4381,TP. Hồ Chí Minh,Phường Tân Bình,397 Hai Bà Trưng
4382,TP. Hồ Chí Minh,Phường Chợ Lớn,599 Pasteur
4383,Tây Ninh,Xã Châu Thành,332 Cách Mạng Tháng Tám
4384,Vĩnh Long,Xã Trà Ôn,43 Lê Lợi
4385,TP. Hồ Chí Minh,Phường Sài Gòn,200 Lê Lợi
4386,Cần Thơ,Phường Cái Răng,65 Cách Mạng Tháng Tám
4387,Đồng Tháp,Phường Hồng Ngự,355 Nguyễn Văn Cừ
4388,TP. Hồ Chí Minh,Phường Tân Định,219 Nguyễn Văn Cừ
4389,Cà Mau,Xã Năm Căn,287 Nguyễn Trãi
4390,Cà Mau,Xã Đầm Dơi,130 Hai Bà Trưng
4391,Đồng Nai,Xã Long Thành,37 Lê Lợi
4392,Đồng Nai,Phường Biên Hòa,151 Nguyễn Huệ
4393,Vĩnh Long,Xã Tam Bình,327 Nguyễn Văn Cừ
4394,TP. Hồ Chí Minh,Phường Bến Thành,360 Trần Hưng Đạo
4395,Tây Ninh,Phường Tây Ninh,421 Điện Biên Phủ
4396,An Giang,Xã Phú Tân,517 Hai Bà Trưng
4397,Tây Ninh,Xã Châu Thành,75 Lý Thường Kiệt
4398,Vĩnh Long,Xã Mang Thít,217 Nguyễn Huệ
4399,Đồng Nai,Phường Long Khánh,16 Nguyễn Trãi
4400,TP. Hồ Chí Minh,Phường Tân Bình,265 Hai Bà Trưng
4401,TP. Hồ Chí Minh,Phường Chợ Lớn,159 Nguyễn Huệ
4402,An Giang,Xã Chợ Mới,214 Hai Bà Trưng
4403,TP. Hồ Chí Minh,Phường An Khánh,301 Lý Thường Kiệt
4404,TP. Hồ Chí Minh,Phường Bình Thạnh,267 Trần Hưng Đạo
4405,TP. Hồ Chí Minh,Phường Tân Định,217 Phạm Văn Đồng
4406,Vĩnh Long,Xã Tam Bình,508 Nguyễn Trãi
4407,TP. Hồ Chí Minh,Phường Bình Thạnh,44 Lê Lợi
4408,Đồng Nai,Phường Biên Hòa,298 Quang Trung
4409,TP. Hồ Chí Minh,Phường Chợ Lớn,148 Nam Kỳ Khởi Nghĩa
4410,Tây Ninh,Xã Dương Minh Châu,396 Lý Thường Kiệt
4411,Vĩnh Long,Xã Trà Ôn,530 Lý Thường Kiệt
4412,Cà Mau,Xã Đầm Dơi,530 Cách Mạng Tháng Tám
4413,Cần Thơ,Phường Cái Răng,226 Quang Trung
4414,Đồng Tháp,Phường Cao Lãnh,435 Lê Lợi
4415,Đồng Nai,Phường Trấn Biên,57 Pasteur
4416,Vĩnh Long,Phường Vĩnh Long,450 Lê Lợi
4417,Đồng Nai,Phường Trấn Biên,145 Quang Trung
4418,Vĩnh Long,Xã Tam Bình,345 Võ Văn Kiệt
4419,TP. Hồ Chí Minh,Phường An Khánh,197 Cách Mạng Tháng Tám
4420,Cần Thơ,Phường Ninh Kiều,362 Nguyễn Trãi
4421,Đồng Tháp,Phường Sa Đéc,14 Cách Mạng Tháng Tám
4422,TP. Hồ Chí Minh,Phường Tân Bình,142 Hai Bà Trưng
4423,TP. Hồ Chí Minh,Phường Thủ Đức,571 Nguyễn Trãi
4424,Cà Mau,Xã Đầm Dơi,196 Quang Trung
4425,Tây Ninh,Xã Dương Minh Châu,191 Pasteur
4426,Đồng Tháp,Phường Sa Đéc,74 Võ Văn Kiệt
4427,Đồng Tháp,Xã Lai Vung,466 Nguyễn Huệ
4428,Đồng Tháp,Phường Cao Lãnh,452 Quang Trung
4429,Đồng Tháp,Xã Lấp Vò,303 Điện Biên Phủ
4430,TP. Hồ Chí Minh,Phường An Khánh,561 Điện Biên Phủ
4431,TP. Hồ Chí Minh,Phường Thủ Đức,102 Hai Bà Trưng
4432,TP. Hồ Chí Minh,Phường Bình Thạnh,304 Lê Lợi
4433,TP. Hồ Chí Minh,Phường Tân Định,576 Điện Biên Phủ
4434,TP. Hồ Chí Minh,Phường An Khánh,223 Lê Lợi
4435,An Giang,Phường Châu Đốc,21 Trần Hưng Đạo
4436,Đồng Nai,Xã Định Quán,163 Phạm Văn Đồng
4437,Tây Ninh,Xã Dương Minh Châu,408 Lê Lợi
4438,TP. Hồ Chí Minh,Phường Thủ Đức,590 Hai Bà Trưng
4439,Đồng Nai,Xã Nhơn Trạch,67 Võ Văn Kiệt
4440,Cà Mau,Phường Cà Mau,339 Quang Trung
4441,Đồng Nai,Phường Trấn Biên,28 Pasteur
4442,An Giang,Phường Châu Đốc,295 Phạm Văn Đồng
4443,TP. Hồ Chí Minh,Phường Bến Thành,368 Cách Mạng Tháng Tám
4444,Tây Ninh,Phường Tây Ninh,147 Pasteur
4445,Đồng Tháp,Xã Lấp Vò,226 Nam Kỳ Khởi Nghĩa
4446,Cà Mau,Xã Đầm Dơi,116 Võ Văn Kiệt
4447,TP. Hồ Chí Minh,Phường Tân Định,220 3 Tháng 2
4448,TP. Hồ Chí Minh,Phường Bến Thành,404 Lê Lợi
4449,Đồng Nai,Xã Nhơn Trạch,255 Lê Lợi
4450,Cần Thơ,Phường Ninh Kiều,246 Võ Văn Kiệt
4451,Đồng Nai,Phường Biên Hòa,242 Điện Biên Phủ
4452,TP. Hồ Chí Minh,Phường Bến Thành,62 Điện Biên Phủ
4453,Đồng Tháp,Phường Sa Đéc,459 Võ Văn Kiệt
4454,Tây Ninh,Xã Dương Minh Châu,102 Lê Lợi
4455,TP. Hồ Chí Minh,Phường Thủ Đức,23 Hai Bà Trưng
4456,TP. Hồ Chí Minh,Phường Bình Thạnh,433 Nam Kỳ Khởi Nghĩa
4457,TP. Hồ Chí Minh,Phường Tân Bình,292 3 Tháng 2
4458,An Giang,Phường Long Xuyên,92 Lý Thường Kiệt
4459,TP. Hồ Chí Minh,Phường Bến Thành,13 Võ Văn Kiệt
4460,An Giang,Phường Long Xuyên,355 Cách Mạng Tháng Tám
4461,Tây Ninh,Phường Tây Ninh,147 Phạm Văn Đồng
4462,Cà Mau,Xã Đầm Dơi,421 Cách Mạng Tháng Tám
4463,An Giang,Xã Phú Tân,362 Điện Biên Phủ
4464,TP. Hồ Chí Minh,Phường Chợ Lớn,195 Nguyễn Trãi
4465,TP. Hồ Chí Minh,Phường An Khánh,503 Lê Lợi
4466,Vĩnh Long,Phường Vĩnh Long,250 Lý Thường Kiệt
4467,Cà Mau,Xã U Minh,84 Pasteur
4468,TP. Hồ Chí Minh,Phường Sài Gòn,170 Điện Biên Phủ
4469,Cà Mau,Xã Năm Căn,463 Võ Văn Kiệt
4470,Cần Thơ,Xã Phong Điền,155 Nguyễn Huệ
4471,Đồng Nai,Xã Long Thành,60 Lý Thường Kiệt
4472,Đồng Nai,Phường Trấn Biên,368 Cách Mạng Tháng Tám
4473,Cà Mau,Phường Cà Mau,140 Nguyễn Trãi
4474,TP. Hồ Chí Minh,Phường Chợ Lớn,445 Hai Bà Trưng
4475,Cà Mau,Xã Ngọc Hiển,409 Quang Trung
4476,TP. Hồ Chí Minh,Phường Tân Định,412 Cách Mạng Tháng Tám
4477,TP. Hồ Chí Minh,Phường Tân Bình,457 Nguyễn Trãi
4478,Cần Thơ,Phường Ô Môn,589 Nguyễn Huệ
4479,TP. Hồ Chí Minh,Phường Tân Bình,272 Pasteur
4480,An Giang,Xã Phú Tân,88 Cách Mạng Tháng Tám
4481,TP. Hồ Chí Minh,Phường Tân Định,161 Nguyễn Văn Cừ
4482,Cần Thơ,Phường Cái Răng,503 Quang Trung
4483,TP. Hồ Chí Minh,Phường An Khánh,130 Điện Biên Phủ
4484,TP. Hồ Chí Minh,Phường Sài Gòn,291 Nam Kỳ Khởi Nghĩa
4485,TP. Hồ Chí Minh,Phường Tân Định,387 Điện Biên Phủ
4486,Đồng Nai,Xã Định Quán,223 Pasteur
4487,Vĩnh Long,Xã Mang Thít,239 Lê Lợi
4488,Vĩnh Long,Xã Mang Thít,156 Nguyễn Văn Cừ
4489,Đồng Tháp,Xã Lai Vung,305 Điện Biên Phủ
4490,TP. Hồ Chí Minh,Phường Thủ Đức,145 Pasteur
4491,Vĩnh Long,Xã Long Hồ,365 Nguyễn Văn Cừ
4492,Cà Mau,Xã Trần Văn Thời,493 Trần Hưng Đạo
4493,Vĩnh Long,Xã Long Hồ,270 Pasteur
4494,Đồng Nai,Xã Nhơn Trạch,491 Phạm Văn Đồng
4495,Cần Thơ,Phường Ô Môn,188 Trần Hưng Đạo
4496,Cà Mau,Xã Đầm Dơi,46 Lê Lợi
4497,Cần Thơ,Phường Cái Răng,575 Nguyễn Trãi
4498,Tây Ninh,Phường Tây Ninh,373 Cách Mạng Tháng Tám
4499,Đồng Tháp,Phường Hồng Ngự,281 3 Tháng 2
4500,TP. Hồ Chí Minh,Phường Thủ Đức,276 Nguyễn Văn Cừ
4501,TP. Hồ Chí Minh,Phường Bình Thạnh,440 Quang Trung
4502,Đồng Tháp,Phường Cao Lãnh,302 Lê Lợi
4503,Đồng Nai,Xã Long Thành,381 Nguyễn Trãi
4504,Đồng Tháp,Xã Lấp Vò,269 Lý Thường Kiệt
4505,Cà Mau,Xã Trần Văn Thời,218 Nguyễn Trãi
4506,Cần Thơ,Phường Cái Răng,593 Nguyễn Trãi
4507,Đồng Nai,Xã Nhơn Trạch,562 3 Tháng 2
4508,TP. Hồ Chí Minh,Phường Sài Gòn,63 Nguyễn Văn Cừ
4509,Tây Ninh,Xã Châu Thành,429 Nam Kỳ Khởi Nghĩa
4510,Cần Thơ,Phường Thốt Nốt,480 Lý Thường Kiệt
4511,TP. Hồ Chí Minh,Phường Tân Bình,194 Nguyễn Trãi
4512,Cà Mau,Phường Cà Mau,103 Điện Biên Phủ
4513,Tây Ninh,Phường Tây Ninh,298 Quang Trung
4514,Tây Ninh,Xã Dương Minh Châu,30 Cách Mạng Tháng Tám
4515,TP. Hồ Chí Minh,Phường Tân Định,72 Nguyễn Văn Cừ
4516,Cần Thơ,Phường Ô Môn,50 3 Tháng 2
4517,TP. Hồ Chí Minh,Phường Bến Thành,184 Pasteur
4518,TP. Hồ Chí Minh,Phường Sài Gòn,514 Nguyễn Văn Cừ
4519,Cà Mau,Xã Năm Căn,190 Cách Mạng Tháng Tám
4520,TP. Hồ Chí Minh,Phường Chợ Lớn,286 Điện Biên Phủ
4521,Đồng Nai,Phường Biên Hòa,489 Quang Trung
4522,Cần Thơ,Phường Cái Răng,339 Quang Trung
4523,Đồng Nai,Xã Nhơn Trạch,405 Nguyễn Trãi
4524,An Giang,Xã Tịnh Biên,124 Trần Hưng Đạo
4525,Cà Mau,Phường Cà Mau,179 Võ Văn Kiệt
4526,Đồng Nai,Phường Long Khánh,402 Phạm Văn Đồng
4527,An Giang,Phường Châu Đốc,21 Pasteur
4528,TP. Hồ Chí Minh,Phường An Khánh,95 Trần Hưng Đạo
4529,TP. Hồ Chí Minh,Phường Bình Thạnh,94 3 Tháng 2
4530,Đồng Tháp,Phường Sa Đéc,569 Quang Trung
4531,TP. Hồ Chí Minh,Phường An Khánh,285 Võ Văn Kiệt
4532,Cà Mau,Xã Đầm Dơi,144 Phạm Văn Đồng
4533,Đồng Tháp,Xã Lai Vung,203 Trần Hưng Đạo
4534,Cà Mau,Phường Cà Mau,155 Lý Thường Kiệt
4535,Vĩnh Long,Phường Vĩnh Long,257 Lý Thường Kiệt
4536,TP. Hồ Chí Minh,Phường An Khánh,375 Nguyễn Văn Cừ
4537,Vĩnh Long,Xã Tam Bình,159 3 Tháng 2
4538,TP. Hồ Chí Minh,Phường Bến Thành,303 Lý Thường Kiệt
4539,Tây Ninh,Xã Tân Biên,17 Pasteur
4540,TP. Hồ Chí Minh,Phường Tân Bình,370 Nam Kỳ Khởi Nghĩa
4541,Vĩnh Long,Xã Tam Bình,395 Pasteur
4542,TP. Hồ Chí Minh,Phường Chợ Lớn,416 Nguyễn Trãi
4543,Đồng Nai,Xã Long Thành,291 Phạm Văn Đồng
4544,TP. Hồ Chí Minh,Phường Bình Thạnh,478 Phạm Văn Đồng
4545,Vĩnh Long,Xã Long Hồ,277 Lê Lợi
4546,Đồng Nai,Xã Nhơn Trạch,14 Nam Kỳ Khởi Nghĩa
4547,Đồng Tháp,Xã Lấp Vò,149 Cách Mạng Tháng Tám
4548,An Giang,Xã Tịnh Biên,212 Lê Lợi
4549,TP. Hồ Chí Minh,Phường Chợ Lớn,275 Lý Thường Kiệt
4550,Đồng Tháp,Phường Sa Đéc,64 Nguyễn Huệ
4551,Đồng Tháp,Xã Tháp Mười,233 Võ Văn Kiệt
4552,TP. Hồ Chí Minh,Phường Bến Thành,451 3 Tháng 2
4553,Vĩnh Long,Xã Tam Bình,316 Quang Trung
4554,Đồng Nai,Phường Trấn Biên,437 Phạm Văn Đồng
4555,Vĩnh Long,Xã Long Hồ,38 Lê Lợi
4556,Đồng Nai,Xã Nhơn Trạch,218 Nguyễn Trãi
4557,TP. Hồ Chí Minh,Phường Bình Thạnh,145 Phạm Văn Đồng
4558,Đồng Nai,Phường Biên Hòa,514 Phạm Văn Đồng
4559,TP. Hồ Chí Minh,Phường An Khánh,264 Võ Văn Kiệt
4560,Đồng Tháp,Xã Lai Vung,502 Pasteur
4561,Đồng Nai,Phường Biên Hòa,34 Cách Mạng Tháng Tám
4562,Vĩnh Long,Xã Mang Thít,302 3 Tháng 2
4563,TP. Hồ Chí Minh,Phường Sài Gòn,487 Nguyễn Trãi
4564,TP. Hồ Chí Minh,Phường Bình Thạnh,544 Nam Kỳ Khởi Nghĩa
4565,TP. Hồ Chí Minh,Phường Chợ Lớn,1 Quang Trung
4566,Cà Mau,Xã Trần Văn Thời,312 Nguyễn Văn Cừ
4567,Cần Thơ,Phường Ninh Kiều,570 Phạm Văn Đồng
4568,Tây Ninh,Xã Châu Thành,273 Nam Kỳ Khởi Nghĩa
4569,TP. Hồ Chí Minh,Phường Tân Định,457 Nguyễn Huệ
4570,TP. Hồ Chí Minh,Phường Tân Bình,390 Pasteur
4571,An Giang,Phường Long Xuyên,312 Pasteur
4572,Cần Thơ,Phường Thốt Nốt,171 Nguyễn Trãi
4573,TP. Hồ Chí Minh,Phường An Khánh,567 Trần Hưng Đạo
4574,Vĩnh Long,Phường Vĩnh Long,478 Lý Thường Kiệt
4575,Cần Thơ,Phường Thốt Nốt,345 Quang Trung
4576,Đồng Tháp,Phường Hồng Ngự,460 Nam Kỳ Khởi Nghĩa
4577,Đồng Nai,Xã Định Quán,6 Lê Lợi
4578,Cần Thơ,Phường Cái Răng,164 Lê Lợi
4579,Vĩnh Long,Xã Bình Minh,261 Pasteur
4580,TP. Hồ Chí Minh,Phường Sài Gòn,540 Lê Lợi
4581,TP. Hồ Chí Minh,Phường Bình Thạnh,31 Nam Kỳ Khởi Nghĩa
4582,Đồng Nai,Xã Định Quán,338 Trần Hưng Đạo
4583,Cần Thơ,Xã Phong Điền,265 Lý Thường Kiệt
4584,An Giang,Xã Tri Tôn,499 Trần Hưng Đạo
4585,Cần Thơ,Phường Thốt Nốt,136 Lý Thường Kiệt
4586,Tây Ninh,Xã Tân Biên,312 Nguyễn Huệ
4587,TP. Hồ Chí Minh,Phường Bình Thạnh,71 Trần Hưng Đạo
4588,Đồng Tháp,Phường Hồng Ngự,407 Hai Bà Trưng
4589,An Giang,Phường Long Xuyên,213 Lý Thường Kiệt
4590,An Giang,Phường Long Xuyên,259 Lê Lợi
4591,An Giang,Xã Tịnh Biên,215 3 Tháng 2
4592,Cà Mau,Xã U Minh,411 Lê Lợi
4593,Cà Mau,Xã Đầm Dơi,114 Pasteur
4594,Tây Ninh,Xã Tân Biên,504 Phạm Văn Đồng
4595,An Giang,Xã Chợ Mới,532 Nam Kỳ Khởi Nghĩa
4596,Đồng Tháp,Phường Cao Lãnh,198 Võ Văn Kiệt
4597,An Giang,Xã Phú Tân,263 Lê Lợi
4598,Vĩnh Long,Phường Vĩnh Long,339 Lê Lợi
4599,Đồng Nai,Phường Trấn Biên,187 Nguyễn Trãi
4600,Vĩnh Long,Phường Vĩnh Long,433 3 Tháng 2
4601,Vĩnh Long,Xã Trà Ôn,351 Lý Thường Kiệt
4602,Đồng Nai,Xã Nhơn Trạch,515 Lê Lợi
4603,TP. Hồ Chí Minh,Phường Bình Thạnh,457 Cách Mạng Tháng Tám
4604,Đồng Nai,Phường Long Khánh,487 Cách Mạng Tháng Tám
4605,Cà Mau,Xã Ngọc Hiển,244 Quang Trung
4606,Đồng Nai,Xã Nhơn Trạch,61 Nam Kỳ Khởi Nghĩa
4607,Cần Thơ,Phường Bình Thủy,13 Nguyễn Văn Cừ
4608,Đồng Tháp,Phường Sa Đéc,599 Nguyễn Huệ
4609,TP. Hồ Chí Minh,Phường Tân Bình,417 Hai Bà Trưng
4610,Đồng Nai,Phường Long Khánh,467 Trần Hưng Đạo
4611,TP. Hồ Chí Minh,Phường Bến Thành,463 Quang Trung
4612,Đồng Tháp,Xã Lấp Vò,423 Nguyễn Trãi
4613,Cần Thơ,Xã Phong Điền,514 Võ Văn Kiệt
4614,Vĩnh Long,Xã Trà Ôn,203 Hai Bà Trưng
4615,Vĩnh Long,Phường Vĩnh Long,407 Điện Biên Phủ
4616,TP. Hồ Chí Minh,Phường Tân Bình,576 Lý Thường Kiệt
4617,Tây Ninh,Xã Châu Thành,223 Nguyễn Trãi
4618,An Giang,Xã Tri Tôn,334 Nguyễn Huệ
4619,TP. Hồ Chí Minh,Phường Tân Định,290 Quang Trung
4620,Đồng Tháp,Xã Tháp Mười,423 Võ Văn Kiệt
4621,Đồng Nai,Phường Trấn Biên,203 3 Tháng 2
4622,Tây Ninh,Phường Tây Ninh,523 Pasteur
4623,TP. Hồ Chí Minh,Phường Sài Gòn,598 Nguyễn Trãi
4624,Đồng Nai,Xã Nhơn Trạch,126 Cách Mạng Tháng Tám
4625,Cà Mau,Xã Ngọc Hiển,193 Điện Biên Phủ
4626,TP. Hồ Chí Minh,Phường Bình Thạnh,118 Võ Văn Kiệt
4627,Cần Thơ,Phường Ninh Kiều,8 Nguyễn Trãi
4628,Cần Thơ,Phường Cái Răng,412 Điện Biên Phủ
4629,Đồng Nai,Phường Biên Hòa,342 Võ Văn Kiệt
4630,Cà Mau,Xã Đầm Dơi,581 Lê Lợi
4631,Vĩnh Long,Xã Long Hồ,251 Nguyễn Trãi
4632,An Giang,Xã Tri Tôn,275 Cách Mạng Tháng Tám
4633,Cần Thơ,Phường Cái Răng,243 Trần Hưng Đạo
4634,Đồng Tháp,Xã Lai Vung,339 Võ Văn Kiệt
4635,Cà Mau,Xã Đầm Dơi,382 Điện Biên Phủ
4636,Tây Ninh,Phường Tây Ninh,562 Nguyễn Huệ
4637,TP. Hồ Chí Minh,Phường Thủ Đức,65 Lý Thường Kiệt
4638,TP. Hồ Chí Minh,Phường Sài Gòn,420 Nguyễn Trãi
4639,Cần Thơ,Phường Ninh Kiều,538 Nguyễn Huệ
4640,Tây Ninh,Xã Gò Dầu,39 Quang Trung
4641,An Giang,Xã Tịnh Biên,457 Võ Văn Kiệt
4642,TP. Hồ Chí Minh,Phường Bến Thành,19 Nguyễn Trãi
4643,An Giang,Xã Chợ Mới,107 Lê Lợi
4644,Tây Ninh,Xã Châu Thành,542 Võ Văn Kiệt
4645,TP. Hồ Chí Minh,Phường Bến Thành,470 Pasteur
4646,An Giang,Xã Tri Tôn,303 Quang Trung
4647,TP. Hồ Chí Minh,Phường Sài Gòn,224 Cách Mạng Tháng Tám
4648,TP. Hồ Chí Minh,Phường Bình Thạnh,296 Nguyễn Trãi
4649,Cà Mau,Phường Cà Mau,208 Nguyễn Văn Cừ
4650,Đồng Nai,Phường Trấn Biên,161 Trần Hưng Đạo
4651,Đồng Tháp,Xã Lấp Vò,401 Pasteur
4652,Cà Mau,Xã U Minh,588 Nguyễn Văn Cừ
4653,Tây Ninh,Xã Tân Biên,350 Nguyễn Văn Cừ
4654,TP. Hồ Chí Minh,Phường Tân Bình,525 Lê Lợi
4655,Cà Mau,Xã Đầm Dơi,443 Pasteur
4656,Cần Thơ,Xã Phong Điền,230 Nguyễn Văn Cừ
4657,Cà Mau,Phường Cà Mau,46 Nguyễn Trãi
4658,TP. Hồ Chí Minh,Phường Chợ Lớn,329 Cách Mạng Tháng Tám
4659,TP. Hồ Chí Minh,Phường Bình Thạnh,145 Pasteur
4660,TP. Hồ Chí Minh,Phường An Khánh,429 Lý Thường Kiệt
4661,Đồng Tháp,Xã Tháp Mười,474 Hai Bà Trưng
4662,TP. Hồ Chí Minh,Phường Tân Bình,142 Võ Văn Kiệt
4663,TP. Hồ Chí Minh,Phường Bình Thạnh,511 Võ Văn Kiệt
4664,Tây Ninh,Xã Châu Thành,297 Cách Mạng Tháng Tám
4665,An Giang,Xã Tịnh Biên,379 Trần Hưng Đạo
4666,TP. Hồ Chí Minh,Phường Chợ Lớn,590 Trần Hưng Đạo
4667,Vĩnh Long,Xã Tam Bình,59 Võ Văn Kiệt
4668,TP. Hồ Chí Minh,Phường Tân Bình,583 3 Tháng 2
4669,An Giang,Xã Chợ Mới,557 Nguyễn Trãi
4670,Vĩnh Long,Xã Mang Thít,35 Phạm Văn Đồng
4671,TP. Hồ Chí Minh,Phường An Khánh,260 Nguyễn Văn Cừ
4672,Đồng Tháp,Phường Sa Đéc,445 Hai Bà Trưng
4673,Tây Ninh,Xã Gò Dầu,446 Điện Biên Phủ
4674,TP. Hồ Chí Minh,Phường An Khánh,529 Lê Lợi
4675,TP. Hồ Chí Minh,Phường Sài Gòn,342 Lý Thường Kiệt
4676,TP. Hồ Chí Minh,Phường Bình Thạnh,466 Nguyễn Trãi
4677,Cần Thơ,Xã Phong Điền,212 Nam Kỳ Khởi Nghĩa
4678,TP. Hồ Chí Minh,Phường Bến Thành,7 Lê Lợi
4679,Vĩnh Long,Xã Mang Thít,509 Phạm Văn Đồng
4680,An Giang,Phường Long Xuyên,564 Trần Hưng Đạo
4681,TP. Hồ Chí Minh,Phường Tân Định,40 Võ Văn Kiệt
4682,Vĩnh Long,Xã Mang Thít,487 3 Tháng 2
4683,Đồng Nai,Phường Trấn Biên,284 Trần Hưng Đạo
4684,TP. Hồ Chí Minh,Phường An Khánh,219 Nguyễn Văn Cừ
4685,TP. Hồ Chí Minh,Phường Chợ Lớn,338 Nguyễn Trãi
4686,TP. Hồ Chí Minh,Phường An Khánh,332 Phạm Văn Đồng
4687,TP. Hồ Chí Minh,Phường An Khánh,241 Nguyễn Trãi
4688,TP. Hồ Chí Minh,Phường Chợ Lớn,100 Trần Hưng Đạo
4689,Đồng Nai,Phường Long Khánh,576 Trần Hưng Đạo
4690,An Giang,Xã Tịnh Biên,355 Hai Bà Trưng
4691,Tây Ninh,Phường Tây Ninh,303 Nguyễn Trãi
4692,Đồng Nai,Xã Nhơn Trạch,304 Trần Hưng Đạo
4693,Vĩnh Long,Xã Bình Minh,444 Cách Mạng Tháng Tám
4694,Vĩnh Long,Xã Trà Ôn,110 Lê Lợi
4695,Cà Mau,Xã Đầm Dơi,207 Nguyễn Trãi
4696,Đồng Nai,Phường Biên Hòa,432 Võ Văn Kiệt
4697,Đồng Tháp,Phường Hồng Ngự,427 Nguyễn Văn Cừ
4698,An Giang,Phường Long Xuyên,110 Nguyễn Huệ
4699,Cà Mau,Phường Cà Mau,303 Lê Lợi
4700,Cần Thơ,Xã Phong Điền,243 Hai Bà Trưng
4701,Cần Thơ,Xã Phong Điền,103 Điện Biên Phủ
4702,An Giang,Xã Chợ Mới,354 3 Tháng 2
4703,TP. Hồ Chí Minh,Phường Tân Định,74 Quang Trung
4704,Cà Mau,Xã Năm Căn,165 Lê Lợi
4705,TP. Hồ Chí Minh,Phường An Khánh,154 Nam Kỳ Khởi Nghĩa
4706,TP. Hồ Chí Minh,Phường Chợ Lớn,492 Nam Kỳ Khởi Nghĩa
4707,TP. Hồ Chí Minh,Phường Chợ Lớn,599 Quang Trung
4708,Cần Thơ,Xã Phong Điền,191 Hai Bà Trưng
4709,Cần Thơ,Xã Phong Điền,524 Nguyễn Trãi
4710,Cần Thơ,Xã Phong Điền,341 Lý Thường Kiệt
4711,Đồng Tháp,Phường Sa Đéc,126 Phạm Văn Đồng
4712,Cà Mau,Xã U Minh,503 Hai Bà Trưng
4713,Vĩnh Long,Xã Trà Ôn,330 Điện Biên Phủ
4714,TP. Hồ Chí Minh,Phường Tân Định,238 Lê Lợi
4715,Cần Thơ,Phường Ninh Kiều,340 Quang Trung
4716,An Giang,Phường Châu Đốc,366 Trần Hưng Đạo
4717,TP. Hồ Chí Minh,Phường An Khánh,427 Hai Bà Trưng
4718,An Giang,Phường Long Xuyên,504 Hai Bà Trưng
4719,Cà Mau,Xã Trần Văn Thời,572 Phạm Văn Đồng
4720,TP. Hồ Chí Minh,Phường Tân Bình,33 Hai Bà Trưng
4721,Vĩnh Long,Phường Vĩnh Long,54 Lý Thường Kiệt
4722,An Giang,Xã Chợ Mới,175 Điện Biên Phủ
4723,Cần Thơ,Phường Ô Môn,522 Nguyễn Văn Cừ
4724,Tây Ninh,Xã Gò Dầu,264 Lê Lợi
4725,Cần Thơ,Phường Thốt Nốt,47 Nguyễn Huệ
4726,Vĩnh Long,Phường Vĩnh Long,451 Nam Kỳ Khởi Nghĩa
4727,Tây Ninh,Xã Dương Minh Châu,514 Điện Biên Phủ
4728,Cần Thơ,Phường Cái Răng,414 Hai Bà Trưng
4729,Cà Mau,Phường Cà Mau,553 Trần Hưng Đạo
4730,Đồng Nai,Phường Long Khánh,586 Pasteur
4731,TP. Hồ Chí Minh,Phường Sài Gòn,74 Lê Lợi
4732,TP. Hồ Chí Minh,Phường Tân Định,502 Nguyễn Huệ
4733,Cà Mau,Xã Trần Văn Thời,203 Phạm Văn Đồng
4734,TP. Hồ Chí Minh,Phường Bến Thành,144 Pasteur
4735,An Giang,Xã Chợ Mới,540 Nguyễn Văn Cừ
4736,Vĩnh Long,Xã Tam Bình,247 3 Tháng 2
4737,Cà Mau,Xã Đầm Dơi,466 Trần Hưng Đạo
4738,Cà Mau,Phường Cà Mau,282 Lý Thường Kiệt
4739,Đồng Tháp,Xã Tháp Mười,42 Nguyễn Trãi
4740,TP. Hồ Chí Minh,Phường Chợ Lớn,381 Nguyễn Văn Cừ
4741,TP. Hồ Chí Minh,Phường Thủ Đức,125 Lý Thường Kiệt
4742,Cà Mau,Phường Cà Mau,375 Điện Biên Phủ
4743,Cà Mau,Xã Trần Văn Thời,530 3 Tháng 2
4744,Cà Mau,Xã Năm Căn,578 Nguyễn Huệ
4745,Cần Thơ,Phường Thốt Nốt,334 Lê Lợi
4746,Đồng Tháp,Phường Sa Đéc,176 Quang Trung
4747,Cà Mau,Xã Năm Căn,33 Lê Lợi
4748,Cà Mau,Xã Ngọc Hiển,53 Nam Kỳ Khởi Nghĩa
4749,Đồng Nai,Xã Long Thành,571 Nguyễn Trãi
4750,Cà Mau,Xã Trần Văn Thời,184 Lý Thường Kiệt
4751,TP. Hồ Chí Minh,Phường Bến Thành,245 Võ Văn Kiệt
4752,Đồng Tháp,Phường Sa Đéc,471 Cách Mạng Tháng Tám
4753,Cần Thơ,Phường Ô Môn,234 Hai Bà Trưng
4754,TP. Hồ Chí Minh,Phường Tân Định,330 Điện Biên Phủ
4755,TP. Hồ Chí Minh,Phường Tân Bình,429 Lê Lợi
4756,Đồng Nai,Phường Long Khánh,586 Lê Lợi
4757,Vĩnh Long,Xã Trà Ôn,507 Điện Biên Phủ
4758,Vĩnh Long,Xã Bình Minh,58 Nguyễn Trãi
4759,Đồng Tháp,Xã Tháp Mười,261 Võ Văn Kiệt
4760,Tây Ninh,Xã Dương Minh Châu,563 Lê Lợi
4761,Cà Mau,Xã Năm Căn,41 Nguyễn Văn Cừ
4762,Đồng Tháp,Phường Cao Lãnh,112 Nguyễn Huệ
4763,Đồng Nai,Phường Long Khánh,2 Võ Văn Kiệt
4764,Tây Ninh,Phường Trảng Bàng,579 Pasteur
4765,Cần Thơ,Phường Cái Răng,573 Pasteur
4766,Vĩnh Long,Phường Vĩnh Long,576 Lý Thường Kiệt
4767,Cần Thơ,Phường Thốt Nốt,249 Lý Thường Kiệt
4768,TP. Hồ Chí Minh,Phường Bình Thạnh,451 3 Tháng 2
4769,TP. Hồ Chí Minh,Phường Bến Thành,20 Pasteur
4770,Vĩnh Long,Xã Bình Minh,70 Trần Hưng Đạo
4771,Đồng Nai,Xã Long Thành,46 Quang Trung
4772,TP. Hồ Chí Minh,Phường Thủ Đức,534 Nguyễn Trãi
4773,TP. Hồ Chí Minh,Phường Tân Bình,47 Nguyễn Huệ
4774,Đồng Tháp,Xã Lai Vung,327 Lý Thường Kiệt
4775,Đồng Tháp,Xã Lai Vung,596 Nam Kỳ Khởi Nghĩa
4776,An Giang,Phường Long Xuyên,230 Quang Trung
4777,Vĩnh Long,Xã Mang Thít,261 Võ Văn Kiệt
4778,TP. Hồ Chí Minh,Phường Bình Thạnh,292 3 Tháng 2
4779,Đồng Tháp,Phường Cao Lãnh,163 Lê Lợi
4780,TP. Hồ Chí Minh,Phường Tân Bình,591 Nam Kỳ Khởi Nghĩa
4781,Đồng Nai,Phường Biên Hòa,500 Nam Kỳ Khởi Nghĩa
4782,Tây Ninh,Xã Dương Minh Châu,387 Cách Mạng Tháng Tám
4783,Đồng Nai,Xã Nhơn Trạch,473 Hai Bà Trưng
4784,Cần Thơ,Phường Ninh Kiều,422 Nam Kỳ Khởi Nghĩa
4785,An Giang,Phường Châu Đốc,537 Pasteur
4786,Cần Thơ,Phường Ô Môn,325 3 Tháng 2
4787,An Giang,Phường Long Xuyên,103 Trần Hưng Đạo
4788,TP. Hồ Chí Minh,Phường An Khánh,219 Phạm Văn Đồng
4789,Cần Thơ,Xã Phong Điền,202 3 Tháng 2
4790,Cà Mau,Xã Ngọc Hiển,435 Điện Biên Phủ
4791,An Giang,Xã Tri Tôn,302 Cách Mạng Tháng Tám
4792,TP. Hồ Chí Minh,Phường Sài Gòn,525 Nguyễn Trãi
4793,Đồng Tháp,Phường Cao Lãnh,271 Điện Biên Phủ
4794,Vĩnh Long,Phường Vĩnh Long,332 Nguyễn Huệ
4795,Cà Mau,Xã Trần Văn Thời,271 Phạm Văn Đồng
4796,Đồng Nai,Phường Trấn Biên,311 Võ Văn Kiệt
4797,Cần Thơ,Phường Thốt Nốt,159 Cách Mạng Tháng Tám
4798,Cà Mau,Xã Trần Văn Thời,308 Nguyễn Văn Cừ
4799,Cà Mau,Xã U Minh,465 Lý Thường Kiệt
4800,Tây Ninh,Xã Gò Dầu,30 Cách Mạng Tháng Tám
4801,TP. Hồ Chí Minh,Phường Bình Thạnh,156 Nam Kỳ Khởi Nghĩa
4802,TP. Hồ Chí Minh,Phường Chợ Lớn,45 Điện Biên Phủ
4803,Đồng Nai,Xã Nhơn Trạch,484 Lý Thường Kiệt
4804,Vĩnh Long,Xã Tam Bình,222 Pasteur
4805,Đồng Tháp,Phường Cao Lãnh,501 3 Tháng 2
4806,Đồng Tháp,Phường Cao Lãnh,166 Nam Kỳ Khởi Nghĩa
4807,Vĩnh Long,Xã Tam Bình,262 Nguyễn Trãi
4808,TP. Hồ Chí Minh,Phường Bình Thạnh,578 Nam Kỳ Khởi Nghĩa
4809,Tây Ninh,Xã Dương Minh Châu,550 Pasteur
4810,Đồng Tháp,Xã Tháp Mười,252 Hai Bà Trưng
4811,Vĩnh Long,Xã Mang Thít,191 Cách Mạng Tháng Tám
4812,An Giang,Xã Phú Tân,234 Nam Kỳ Khởi Nghĩa
4813,An Giang,Xã Tịnh Biên,386 Nguyễn Trãi
4814,TP. Hồ Chí Minh,Phường Tân Định,88 Phạm Văn Đồng
4815,Cần Thơ,Phường Cái Răng,559 Phạm Văn Đồng
4816,TP. Hồ Chí Minh,Phường Tân Bình,111 Nguyễn Trãi
4817,An Giang,Phường Long Xuyên,332 Quang Trung
4818,An Giang,Phường Châu Đốc,141 Quang Trung
4819,Cà Mau,Xã Đầm Dơi,175 Trần Hưng Đạo
4820,TP. Hồ Chí Minh,Phường Chợ Lớn,186 Võ Văn Kiệt
4821,Vĩnh Long,Xã Tam Bình,406 Phạm Văn Đồng
4822,Cần Thơ,Phường Ninh Kiều,209 Trần Hưng Đạo
4823,Vĩnh Long,Xã Trà Ôn,72 Nguyễn Văn Cừ
4824,TP. Hồ Chí Minh,Phường Sài Gòn,356 Cách Mạng Tháng Tám
4825,TP. Hồ Chí Minh,Phường An Khánh,417 Lê Lợi
4826,TP. Hồ Chí Minh,Phường An Khánh,24 Nam Kỳ Khởi Nghĩa
4827,Đồng Nai,Xã Nhơn Trạch,566 Nguyễn Huệ
4828,An Giang,Xã Chợ Mới,120 Pasteur
4829,TP. Hồ Chí Minh,Phường Chợ Lớn,129 Nguyễn Huệ
4830,Cà Mau,Xã Năm Căn,528 Quang Trung
4831,Cà Mau,Xã Trần Văn Thời,488 3 Tháng 2
4832,Đồng Nai,Xã Nhơn Trạch,528 Hai Bà Trưng
4833,An Giang,Xã Chợ Mới,406 Cách Mạng Tháng Tám
4834,TP. Hồ Chí Minh,Phường Tân Định,206 Võ Văn Kiệt
4835,TP. Hồ Chí Minh,Phường Tân Bình,175 Nguyễn Huệ
4836,Tây Ninh,Phường Trảng Bàng,533 Nguyễn Trãi
4837,TP. Hồ Chí Minh,Phường Sài Gòn,148 Quang Trung
4838,TP. Hồ Chí Minh,Phường Sài Gòn,38 Hai Bà Trưng
4839,TP. Hồ Chí Minh,Phường Tân Bình,269 3 Tháng 2
4840,TP. Hồ Chí Minh,Phường An Khánh,236 3 Tháng 2
4841,TP. Hồ Chí Minh,Phường Bến Thành,389 Hai Bà Trưng
4842,Cà Mau,Xã Ngọc Hiển,191 3 Tháng 2
4843,Tây Ninh,Xã Châu Thành,371 Pasteur
4844,Đồng Nai,Xã Định Quán,39 Võ Văn Kiệt
4845,Vĩnh Long,Xã Trà Ôn,373 Điện Biên Phủ
4846,Đồng Tháp,Phường Sa Đéc,1 Hai Bà Trưng
4847,Vĩnh Long,Xã Tam Bình,436 Nguyễn Huệ
4848,TP. Hồ Chí Minh,Phường Bình Thạnh,89 Trần Hưng Đạo
4849,Vĩnh Long,Xã Mang Thít,477 Hai Bà Trưng
4850,Vĩnh Long,Xã Tam Bình,10 Pasteur
4851,TP. Hồ Chí Minh,Phường Bến Thành,295 Pasteur
4852,TP. Hồ Chí Minh,Phường Tân Định,285 Lý Thường Kiệt
4853,Tây Ninh,Xã Gò Dầu,145 Cách Mạng Tháng Tám
4854,TP. Hồ Chí Minh,Phường Chợ Lớn,40 Lê Lợi
4855,Cần Thơ,Xã Phong Điền,272 Hai Bà Trưng
4856,Tây Ninh,Xã Gò Dầu,15 Hai Bà Trưng
4857,TP. Hồ Chí Minh,Phường Tân Bình,336 Nguyễn Huệ
4858,Vĩnh Long,Xã Tam Bình,193 Quang Trung
4859,Đồng Nai,Xã Long Thành,234 3 Tháng 2
4860,Cần Thơ,Phường Ô Môn,539 Lê Lợi
4861,TP. Hồ Chí Minh,Phường An Khánh,246 Quang Trung
4862,TP. Hồ Chí Minh,Phường Chợ Lớn,10 Trần Hưng Đạo
4863,Đồng Tháp,Xã Tháp Mười,96 Quang Trung
4864,An Giang,Xã Tri Tôn,212 Điện Biên Phủ
4865,TP. Hồ Chí Minh,Phường Bình Thạnh,540 Trần Hưng Đạo
4866,An Giang,Phường Châu Đốc,436 Hai Bà Trưng
4867,An Giang,Xã Phú Tân,211 Nguyễn Huệ
4868,Tây Ninh,Xã Tân Biên,486 Lý Thường Kiệt
4869,An Giang,Phường Châu Đốc,102 3 Tháng 2
4870,Cà Mau,Xã Ngọc Hiển,536 Phạm Văn Đồng
4871,An Giang,Xã Tri Tôn,282 Cách Mạng Tháng Tám
4872,Cần Thơ,Phường Cái Răng,414 Nguyễn Văn Cừ
4873,Đồng Nai,Phường Long Khánh,584 Cách Mạng Tháng Tám
4874,Cần Thơ,Phường Ô Môn,5 Nguyễn Văn Cừ
4875,Cần Thơ,Xã Phong Điền,301 Nguyễn Huệ
4876,Đồng Nai,Xã Nhơn Trạch,61 Nguyễn Trãi
4877,TP. Hồ Chí Minh,Phường Tân Định,191 Cách Mạng Tháng Tám
4878,Tây Ninh,Xã Gò Dầu,239 Lê Lợi
4879,TP. Hồ Chí Minh,Phường Chợ Lớn,131 Cách Mạng Tháng Tám
4880,Vĩnh Long,Xã Tam Bình,168 Nguyễn Văn Cừ
4881,Cà Mau,Xã U Minh,250 Hai Bà Trưng
4882,Đồng Nai,Xã Nhơn Trạch,239 Lê Lợi
4883,Cần Thơ,Phường Bình Thủy,578 Lý Thường Kiệt
4884,Tây Ninh,Xã Châu Thành,249 Lê Lợi
4885,Tây Ninh,Xã Gò Dầu,97 Lê Lợi
4886,TP. Hồ Chí Minh,Phường Tân Định,201 Lê Lợi
4887,Vĩnh Long,Xã Long Hồ,525 Nguyễn Trãi
4888,TP. Hồ Chí Minh,Phường Tân Bình,528 Cách Mạng Tháng Tám
4889,Tây Ninh,Xã Gò Dầu,105 Cách Mạng Tháng Tám
4890,Đồng Nai,Phường Long Khánh,395 Phạm Văn Đồng
4891,TP. Hồ Chí Minh,Phường Tân Định,170 Nguyễn Huệ
4892,TP. Hồ Chí Minh,Phường Bình Thạnh,381 Nam Kỳ Khởi Nghĩa
4893,TP. Hồ Chí Minh,Phường Bình Thạnh,266 Nguyễn Văn Cừ
4894,Cần Thơ,Phường Ninh Kiều,95 Nguyễn Trãi
4895,TP. Hồ Chí Minh,Phường Tân Định,161 Võ Văn Kiệt
4896,Tây Ninh,Xã Gò Dầu,502 Phạm Văn Đồng
4897,Tây Ninh,Phường Trảng Bàng,436 Nguyễn Văn Cừ
4898,Cà Mau,Xã Năm Căn,363 Phạm Văn Đồng
4899,Đồng Nai,Xã Định Quán,451 3 Tháng 2
4900,TP. Hồ Chí Minh,Phường Sài Gòn,224 Quang Trung
4901,Tây Ninh,Xã Gò Dầu,5 Nam Kỳ Khởi Nghĩa
4902,TP. Hồ Chí Minh,Phường Thủ Đức,62 Nguyễn Văn Cừ
4903,TP. Hồ Chí Minh,Phường Bến Thành,524 Lê Lợi
4904,Đồng Tháp,Phường Hồng Ngự,497 Nguyễn Văn Cừ
4905,Đồng Tháp,Phường Hồng Ngự,329 Lý Thường Kiệt
4906,Vĩnh Long,Xã Long Hồ,109 3 Tháng 2
4907,TP. Hồ Chí Minh,Phường Bình Thạnh,314 Võ Văn Kiệt
4908,TP. Hồ Chí Minh,Phường Chợ Lớn,118 Lý Thường Kiệt
4909,Tây Ninh,Phường Tây Ninh,143 Phạm Văn Đồng
4910,Tây Ninh,Xã Gò Dầu,109 Nguyễn Huệ
4911,Tây Ninh,Xã Tân Biên,276 Pasteur
4912,An Giang,Xã Tri Tôn,485 Nguyễn Huệ
4913,TP. Hồ Chí Minh,Phường Sài Gòn,141 Pasteur
4914,TP. Hồ Chí Minh,Phường An Khánh,116 Lý Thường Kiệt
4915,An Giang,Phường Châu Đốc,360 Quang Trung
4916,Vĩnh Long,Xã Bình Minh,313 Nguyễn Huệ
4917,TP. Hồ Chí Minh,Phường Tân Định,323 Nam Kỳ Khởi Nghĩa
4918,Đồng Tháp,Xã Lấp Vò,348 Cách Mạng Tháng Tám
4919,Cần Thơ,Phường Ô Môn,85 Điện Biên Phủ
4920,An Giang,Phường Châu Đốc,152 Nguyễn Văn Cừ
4921,TP. Hồ Chí Minh,Phường Sài Gòn,155 Nguyễn Văn Cừ
4922,TP. Hồ Chí Minh,Phường Thủ Đức,197 Quang Trung
4923,Đồng Nai,Xã Long Thành,242 Trần Hưng Đạo
4924,Đồng Tháp,Xã Tháp Mười,282 Nguyễn Trãi
4925,TP. Hồ Chí Minh,Phường Bình Thạnh,164 Nguyễn Huệ
4926,Vĩnh Long,Phường Vĩnh Long,353 Lê Lợi
4927,TP. Hồ Chí Minh,Phường Chợ Lớn,490 Nguyễn Huệ
4928,TP. Hồ Chí Minh,Phường Tân Định,132 Võ Văn Kiệt
4929,TP. Hồ Chí Minh,Phường Chợ Lớn,565 Pasteur
4930,TP. Hồ Chí Minh,Phường Bến Thành,334 Trần Hưng Đạo
4931,Đồng Nai,Xã Nhơn Trạch,222 Lê Lợi
4932,Đồng Nai,Xã Nhơn Trạch,581 Võ Văn Kiệt
4933,An Giang,Xã Chợ Mới,101 Võ Văn Kiệt
4934,Cần Thơ,Xã Phong Điền,292 Nguyễn Văn Cừ
4935,Cà Mau,Xã Ngọc Hiển,82 Nam Kỳ Khởi Nghĩa
4936,TP. Hồ Chí Minh,Phường Thủ Đức,247 Phạm Văn Đồng
4937,Tây Ninh,Xã Gò Dầu,398 Nam Kỳ Khởi Nghĩa
4938,Cà Mau,Xã Năm Căn,139 Phạm Văn Đồng
4939,Tây Ninh,Phường Tây Ninh,355 Quang Trung
4940,Đồng Tháp,Phường Cao Lãnh,440 Nam Kỳ Khởi Nghĩa
4941,Đồng Nai,Xã Định Quán,98 Quang Trung
4942,Đồng Nai,Xã Long Thành,385 Điện Biên Phủ
4943,Cà Mau,Xã U Minh,245 Phạm Văn Đồng
4944,Đồng Nai,Phường Biên Hòa,526 Phạm Văn Đồng
4945,Cần Thơ,Xã Phong Điền,470 Võ Văn Kiệt
4946,An Giang,Phường Long Xuyên,502 Quang Trung
4947,Đồng Tháp,Phường Sa Đéc,105 Nguyễn Văn Cừ
4948,TP. Hồ Chí Minh,Phường Bình Thạnh,323 Nguyễn Huệ
4949,TP. Hồ Chí Minh,Phường An Khánh,175 Nam Kỳ Khởi Nghĩa
4950,Đồng Nai,Phường Trấn Biên,416 Nguyễn Văn Cừ
4951,An Giang,Xã Tri Tôn,415 Phạm Văn Đồng
4952,Vĩnh Long,Xã Tam Bình,8 Trần Hưng Đạo
4953,TP. Hồ Chí Minh,Phường Tân Bình,551 Nguyễn Huệ
4954,TP. Hồ Chí Minh,Phường Bình Thạnh,36 Điện Biên Phủ
4955,TP. Hồ Chí Minh,Phường An Khánh,15 Võ Văn Kiệt
4956,Đồng Nai,Xã Long Thành,265 Cách Mạng Tháng Tám
4957,Cần Thơ,Phường Thốt Nốt,420 Pasteur
4958,Đồng Nai,Xã Long Thành,555 Lê Lợi
4959,Đồng Tháp,Xã Tháp Mười,585 Nam Kỳ Khởi Nghĩa
4960,Đồng Nai,Xã Long Thành,510 Nam Kỳ Khởi Nghĩa
4961,Vĩnh Long,Xã Mang Thít,61 Nguyễn Văn Cừ
4962,TP. Hồ Chí Minh,Phường Bến Thành,263 Quang Trung
4963,Vĩnh Long,Xã Long Hồ,114 Nguyễn Trãi
4964,Đồng Nai,Phường Long Khánh,141 Nguyễn Huệ
4965,An Giang,Phường Long Xuyên,267 Hai Bà Trưng
4966,Đồng Tháp,Phường Sa Đéc,487 Lê Lợi
4967,Tây Ninh,Xã Gò Dầu,224 Nguyễn Văn Cừ
4968,Cần Thơ,Phường Ô Môn,495 Trần Hưng Đạo
4969,TP. Hồ Chí Minh,Phường An Khánh,110 Pasteur
4970,Cần Thơ,Phường Thốt Nốt,564 Điện Biên Phủ
4971,Vĩnh Long,Phường Vĩnh Long,38 Võ Văn Kiệt
4972,Cà Mau,Xã Năm Căn,161 Quang Trung
4973,Tây Ninh,Xã Dương Minh Châu,259 Nguyễn Văn Cừ
4974,TP. Hồ Chí Minh,Phường Tân Định,188 Lý Thường Kiệt
4975,TP. Hồ Chí Minh,Phường An Khánh,144 Phạm Văn Đồng
4976,Đồng Tháp,Xã Tháp Mười,505 Lý Thường Kiệt
4977,TP. Hồ Chí Minh,Phường Thủ Đức,416 Nguyễn Văn Cừ
4978,TP. Hồ Chí Minh,Phường Tân Bình,409 Pasteur
4979,TP. Hồ Chí Minh,Phường Chợ Lớn,476 Hai Bà Trưng
4980,Đồng Nai,Phường Trấn Biên,339 Nguyễn Văn Cừ
4981,An Giang,Phường Long Xuyên,31 Hai Bà Trưng
4982,Cà Mau,Xã Trần Văn Thời,468 Quang Trung
4983,TP. Hồ Chí Minh,Phường Sài Gòn,568 Hai Bà Trưng
4984,An Giang,Xã Phú Tân,28 Nguyễn Trãi
4985,TP. Hồ Chí Minh,Phường Bến Thành,504 Phạm Văn Đồng
4986,TP. Hồ Chí Minh,Phường Tân Định,531 Hai Bà Trưng
4987,Cần Thơ,Phường Ninh Kiều,502 Phạm Văn Đồng
4988,Vĩnh Long,Xã Tam Bình,139 3 Tháng 2
4989,Cà Mau,Xã Trần Văn Thời,478 Nguyễn Văn Cừ
4990,Cà Mau,Xã Trần Văn Thời,429 Điện Biên Phủ
4991,Tây Ninh,Phường Trảng Bàng,545 Lê Lợi
4992,An Giang,Phường Châu Đốc,48 Điện Biên Phủ
4993,Đồng Tháp,Phường Hồng Ngự,429 Nguyễn Trãi
4994,An Giang,Xã Chợ Mới,81 Nam Kỳ Khởi Nghĩa
4995,TP. Hồ Chí Minh,Phường Bình Thạnh,540 Lê Lợi
4996,Cần Thơ,Phường Cái Răng,321 Võ Văn Kiệt
4997,Vĩnh Long,Xã Bình Minh,352 Điện Biên Phủ
4998,Tây Ninh,Phường Tây Ninh,350 Nguyễn Văn Cừ
4999,Đồng Nai,Phường Long Khánh,188 Nguyễn Văn Cừ
5000,Cà Mau,Xã Đầm Dơi,39 Điện Biên Phủ
5001,An Giang,Phường Châu Đốc,415 Hai Bà Trưng
5002,Vĩnh Long,Xã Bình Minh,574 Pasteur
5003,Đồng Nai,Xã Long Thành,400 Nguyễn Trãi
5004,TP. Hồ Chí Minh,Phường Thủ Đức,234 Phạm Văn Đồng
5005,TP. Hồ Chí Minh,Phường Thủ Đức,123 Cách Mạng Tháng Tám
5006,Tây Ninh,Xã Tân Biên,127 Lý Thường Kiệt
5007,TP. Hồ Chí Minh,Phường Thủ Đức,274 Pasteur
5008,TP. Hồ Chí Minh,Phường Thủ Đức,357 Nguyễn Trãi
5009,TP. Hồ Chí Minh,Phường Chợ Lớn,78 Nguyễn Huệ
5010,TP. Hồ Chí Minh,Phường Thủ Đức,379 Võ Văn Kiệt
5011,TP. Hồ Chí Minh,Phường Chợ Lớn,179 Nam Kỳ Khởi Nghĩa
5012,TP. Hồ Chí Minh,Phường Tân Định,257 Nam Kỳ Khởi Nghĩa
5013,An Giang,Xã Tịnh Biên,184 Lê Lợi
5014,Đồng Nai,Phường Trấn Biên,248 3 Tháng 2
5015,Tây Ninh,Phường Trảng Bàng,165 Trần Hưng Đạo
5016,TP. Hồ Chí Minh,Phường Thủ Đức,417 Lê Lợi
5017,An Giang,Xã Tri Tôn,224 Điện Biên Phủ
5018,Đồng Nai,Phường Trấn Biên,438 3 Tháng 2
5019,Đồng Tháp,Xã Lai Vung,77 Quang Trung
5020,An Giang,Phường Châu Đốc,569 Pasteur
5021,Đồng Tháp,Xã Lấp Vò,534 Nguyễn Trãi
5022,Đồng Tháp,Phường Cao Lãnh,568 Hai Bà Trưng
5023,TP. Hồ Chí Minh,Phường Tân Bình,95 Lý Thường Kiệt
5024,Đồng Nai,Phường Biên Hòa,2 Hai Bà Trưng
5025,Cà Mau,Xã Năm Căn,269 Võ Văn Kiệt
5026,TP. Hồ Chí Minh,Phường Chợ Lớn,426 Võ Văn Kiệt
5027,Đồng Tháp,Phường Cao Lãnh,11 Phạm Văn Đồng
5028,TP. Hồ Chí Minh,Phường Tân Định,399 Nguyễn Huệ
5029,An Giang,Xã Tịnh Biên,90 Lý Thường Kiệt
5030,Tây Ninh,Xã Dương Minh Châu,41 Hai Bà Trưng
5031,TP. Hồ Chí Minh,Phường Bến Thành,137 Hai Bà Trưng
5032,Đồng Nai,Phường Long Khánh,246 Điện Biên Phủ
5033,Tây Ninh,Phường Tây Ninh,580 Pasteur
5034,An Giang,Xã Phú Tân,378 Nam Kỳ Khởi Nghĩa
5035,Đồng Tháp,Phường Hồng Ngự,63 Điện Biên Phủ
5036,TP. Hồ Chí Minh,Phường Chợ Lớn,373 Nguyễn Trãi
5037,Đồng Tháp,Xã Lấp Vò,179 Nam Kỳ Khởi Nghĩa
5038,Đồng Tháp,Phường Cao Lãnh,26 Hai Bà Trưng
5039,TP. Hồ Chí Minh,Phường Tân Bình,116 Quang Trung
5040,Vĩnh Long,Xã Long Hồ,459 3 Tháng 2
5041,Đồng Nai,Phường Trấn Biên,18 Phạm Văn Đồng
5042,Cần Thơ,Phường Bình Thủy,465 Điện Biên Phủ
5043,TP. Hồ Chí Minh,Phường Bình Thạnh,128 Cách Mạng Tháng Tám
5044,Cà Mau,Phường Cà Mau,598 Nguyễn Văn Cừ
5045,An Giang,Xã Chợ Mới,254 3 Tháng 2
5046,TP. Hồ Chí Minh,Phường Chợ Lớn,473 Võ Văn Kiệt
5047,Đồng Nai,Phường Long Khánh,134 Cách Mạng Tháng Tám
5048,Đồng Tháp,Phường Sa Đéc,303 3 Tháng 2
5049,Tây Ninh,Xã Tân Biên,486 Nam Kỳ Khởi Nghĩa
5050,Tây Ninh,Xã Gò Dầu,60 Nguyễn Trãi
5051,Vĩnh Long,Xã Long Hồ,352 Nguyễn Văn Cừ
5052,Tây Ninh,Xã Châu Thành,428 Nguyễn Văn Cừ
5053,Tây Ninh,Xã Tân Biên,435 Phạm Văn Đồng
5054,Cần Thơ,Xã Phong Điền,343 Nam Kỳ Khởi Nghĩa
5055,TP. Hồ Chí Minh,Phường Sài Gòn,337 Nguyễn Trãi
5056,An Giang,Xã Tịnh Biên,285 Pasteur
5057,Vĩnh Long,Xã Tam Bình,135 Nguyễn Trãi
5058,Cần Thơ,Phường Bình Thủy,593 Điện Biên Phủ
5059,Đồng Tháp,Phường Hồng Ngự,126 Lý Thường Kiệt
5060,Tây Ninh,Xã Châu Thành,573 Võ Văn Kiệt
5061,Vĩnh Long,Xã Long Hồ,450 Võ Văn Kiệt
5062,Tây Ninh,Xã Gò Dầu,371 Hai Bà Trưng
5063,An Giang,Xã Tri Tôn,515 Hai Bà Trưng
5064,Vĩnh Long,Phường Vĩnh Long,567 Phạm Văn Đồng
5065,Vĩnh Long,Xã Long Hồ,91 Lê Lợi
5066,TP. Hồ Chí Minh,Phường An Khánh,7 Điện Biên Phủ
5067,TP. Hồ Chí Minh,Phường Sài Gòn,259 Nam Kỳ Khởi Nghĩa
5068,Đồng Nai,Xã Long Thành,234 Nguyễn Trãi
5069,TP. Hồ Chí Minh,Phường Chợ Lớn,202 Phạm Văn Đồng
5070,Cần Thơ,Phường Ô Môn,450 Nam Kỳ Khởi Nghĩa
5071,Cần Thơ,Phường Thốt Nốt,523 Điện Biên Phủ
5072,Vĩnh Long,Xã Mang Thít,33 Lê Lợi
5073,TP. Hồ Chí Minh,Phường Chợ Lớn,388 Võ Văn Kiệt
5074,Cà Mau,Xã Đầm Dơi,149 Pasteur
5075,TP. Hồ Chí Minh,Phường Bình Thạnh,147 Nam Kỳ Khởi Nghĩa
5076,An Giang,Xã Phú Tân,318 Hai Bà Trưng
5077,Vĩnh Long,Xã Mang Thít,464 Phạm Văn Đồng
5078,Đồng Nai,Phường Trấn Biên,116 Lê Lợi
5079,Vĩnh Long,Xã Mang Thít,230 Hai Bà Trưng
5080,Đồng Nai,Xã Long Thành,571 Nam Kỳ Khởi Nghĩa
5081,An Giang,Phường Châu Đốc,578 Hai Bà Trưng
5082,TP. Hồ Chí Minh,Phường Tân Định,429 Hai Bà Trưng
5083,Đồng Nai,Phường Trấn Biên,91 3 Tháng 2
5084,Đồng Tháp,Xã Tháp Mười,489 Lý Thường Kiệt
5085,TP. Hồ Chí Minh,Phường Bến Thành,270 Cách Mạng Tháng Tám
5086,Đồng Tháp,Xã Tháp Mười,252 Nguyễn Văn Cừ
5087,Tây Ninh,Xã Châu Thành,157 Điện Biên Phủ
5088,Tây Ninh,Xã Tân Biên,307 Nam Kỳ Khởi Nghĩa
5089,TP. Hồ Chí Minh,Phường Tân Định,14 3 Tháng 2
5090,Tây Ninh,Phường Tây Ninh,571 Nam Kỳ Khởi Nghĩa
5091,Vĩnh Long,Phường Vĩnh Long,547 Nguyễn Trãi
5092,Cần Thơ,Phường Thốt Nốt,276 Nam Kỳ Khởi Nghĩa
5093,Tây Ninh,Xã Tân Biên,53 Cách Mạng Tháng Tám
5094,An Giang,Xã Chợ Mới,27 Trần Hưng Đạo
5095,Cà Mau,Xã Trần Văn Thời,545 Lê Lợi
5096,Đồng Nai,Xã Long Thành,255 Võ Văn Kiệt
5097,TP. Hồ Chí Minh,Phường Tân Bình,454 Lê Lợi
5098,Cần Thơ,Phường Thốt Nốt,114 Lý Thường Kiệt
5099,TP. Hồ Chí Minh,Phường Chợ Lớn,556 Nguyễn Văn Cừ
5100,Đồng Nai,Xã Nhơn Trạch,589 Hai Bà Trưng
5101,Cần Thơ,Xã Phong Điền,286 Điện Biên Phủ
5102,An Giang,Xã Phú Tân,408 Phạm Văn Đồng
5103,Cà Mau,Xã Đầm Dơi,452 Nguyễn Trãi
5104,Đồng Tháp,Xã Tháp Mười,422 Nam Kỳ Khởi Nghĩa
5105,Đồng Tháp,Phường Sa Đéc,551 Hai Bà Trưng
5106,Đồng Tháp,Xã Lấp Vò,149 Trần Hưng Đạo
5107,Đồng Nai,Phường Long Khánh,429 Cách Mạng Tháng Tám
5108,An Giang,Phường Long Xuyên,38 Võ Văn Kiệt
5109,Đồng Nai,Xã Nhơn Trạch,357 Hai Bà Trưng
5110,TP. Hồ Chí Minh,Phường Tân Định,293 Điện Biên Phủ
5111,TP. Hồ Chí Minh,Phường Chợ Lớn,571 Nguyễn Huệ
5112,TP. Hồ Chí Minh,Phường Thủ Đức,573 Lê Lợi
5113,TP. Hồ Chí Minh,Phường Tân Định,483 Trần Hưng Đạo
5114,TP. Hồ Chí Minh,Phường Sài Gòn,372 Võ Văn Kiệt
5115,Đồng Nai,Phường Long Khánh,518 Pasteur
5116,Tây Ninh,Xã Dương Minh Châu,531 Quang Trung
5117,TP. Hồ Chí Minh,Phường Chợ Lớn,345 Nguyễn Văn Cừ
5118,Vĩnh Long,Xã Tam Bình,296 Nam Kỳ Khởi Nghĩa
5119,Vĩnh Long,Xã Bình Minh,581 Lý Thường Kiệt
5120,Đồng Nai,Phường Trấn Biên,73 Lê Lợi
5121,Cần Thơ,Phường Bình Thủy,163 Phạm Văn Đồng
5122,Đồng Nai,Xã Long Thành,66 Nguyễn Văn Cừ
5123,TP. Hồ Chí Minh,Phường An Khánh,519 Quang Trung
5124,An Giang,Phường Long Xuyên,198 Hai Bà Trưng
5125,Đồng Tháp,Phường Cao Lãnh,350 Cách Mạng Tháng Tám
5126,TP. Hồ Chí Minh,Phường Tân Bình,542 Cách Mạng Tháng Tám
5127,Vĩnh Long,Xã Tam Bình,6 Nguyễn Trãi
5128,TP. Hồ Chí Minh,Phường Bình Thạnh,317 Pasteur
5129,Cà Mau,Phường Cà Mau,57 Pasteur
5130,TP. Hồ Chí Minh,Phường Thủ Đức,153 Hai Bà Trưng
5131,TP. Hồ Chí Minh,Phường Sài Gòn,351 Lê Lợi
5132,An Giang,Xã Tri Tôn,231 Nguyễn Huệ
5133,Tây Ninh,Xã Châu Thành,581 Nam Kỳ Khởi Nghĩa
5134,TP. Hồ Chí Minh,Phường An Khánh,303 Phạm Văn Đồng
5135,Vĩnh Long,Xã Tam Bình,133 Nguyễn Trãi
5136,Cần Thơ,Phường Ninh Kiều,159 Nam Kỳ Khởi Nghĩa
5137,Vĩnh Long,Xã Trà Ôn,270 Nam Kỳ Khởi Nghĩa
5138,TP. Hồ Chí Minh,Phường Chợ Lớn,46 Hai Bà Trưng
5139,Vĩnh Long,Phường Vĩnh Long,550 Pasteur
5140,Đồng Nai,Phường Long Khánh,530 Nguyễn Huệ
5141,Đồng Nai,Phường Biên Hòa,143 Quang Trung
5142,Vĩnh Long,Xã Mang Thít,177 3 Tháng 2
5143,TP. Hồ Chí Minh,Phường Tân Định,377 Cách Mạng Tháng Tám
5144,Cần Thơ,Phường Bình Thủy,516 Nguyễn Trãi
5145,TP. Hồ Chí Minh,Phường Chợ Lớn,80 Pasteur
5146,TP. Hồ Chí Minh,Phường Chợ Lớn,597 Võ Văn Kiệt
5147,TP. Hồ Chí Minh,Phường Tân Định,512 3 Tháng 2
5148,Cần Thơ,Phường Cái Răng,351 Lê Lợi
5149,Vĩnh Long,Xã Tam Bình,98 Phạm Văn Đồng
5150,Đồng Tháp,Phường Sa Đéc,258 Điện Biên Phủ
5151,Cần Thơ,Xã Phong Điền,377 Nam Kỳ Khởi Nghĩa
5152,TP. Hồ Chí Minh,Phường Sài Gòn,179 Trần Hưng Đạo
5153,Cà Mau,Xã U Minh,225 Nguyễn Huệ
5154,TP. Hồ Chí Minh,Phường An Khánh,175 Điện Biên Phủ
5155,Đồng Tháp,Phường Hồng Ngự,62 Võ Văn Kiệt
5156,TP. Hồ Chí Minh,Phường Sài Gòn,563 Điện Biên Phủ
5157,TP. Hồ Chí Minh,Phường Bình Thạnh,464 Nguyễn Văn Cừ
5158,Đồng Nai,Xã Long Thành,31 Điện Biên Phủ
5159,An Giang,Xã Tri Tôn,272 Điện Biên Phủ
5160,TP. Hồ Chí Minh,Phường Tân Định,55 Võ Văn Kiệt
5161,An Giang,Xã Phú Tân,363 Nam Kỳ Khởi Nghĩa
5162,Đồng Nai,Xã Nhơn Trạch,452 Lý Thường Kiệt
5163,TP. Hồ Chí Minh,Phường Chợ Lớn,155 Pasteur
5164,Đồng Nai,Phường Trấn Biên,239 Lý Thường Kiệt
5165,Đồng Nai,Phường Trấn Biên,126 Phạm Văn Đồng
5166,Cần Thơ,Phường Bình Thủy,23 Nguyễn Huệ
5167,Cần Thơ,Phường Ô Môn,122 Võ Văn Kiệt
5168,Đồng Nai,Xã Long Thành,520 Lê Lợi
5169,TP. Hồ Chí Minh,Phường Bến Thành,593 Điện Biên Phủ
5170,Cần Thơ,Phường Ô Môn,323 Hai Bà Trưng
5171,TP. Hồ Chí Minh,Phường Tân Định,263 Lê Lợi
5172,An Giang,Phường Châu Đốc,371 Cách Mạng Tháng Tám
5173,Tây Ninh,Phường Trảng Bàng,539 Nguyễn Huệ
5174,Vĩnh Long,Xã Trà Ôn,85 Nguyễn Huệ
5175,Tây Ninh,Phường Trảng Bàng,163 Nguyễn Trãi
5176,Đồng Nai,Xã Long Thành,80 Võ Văn Kiệt
5177,Vĩnh Long,Phường Vĩnh Long,279 Lê Lợi
5178,An Giang,Xã Tri Tôn,383 Pasteur
5179,TP. Hồ Chí Minh,Phường Tân Bình,536 Nguyễn Huệ
5180,TP. Hồ Chí Minh,Phường Sài Gòn,15 Võ Văn Kiệt
5181,Cà Mau,Xã U Minh,431 Pasteur
5182,Tây Ninh,Phường Trảng Bàng,326 Cách Mạng Tháng Tám
5183,Vĩnh Long,Xã Long Hồ,288 Hai Bà Trưng
5184,An Giang,Xã Phú Tân,397 Phạm Văn Đồng
5185,An Giang,Xã Tri Tôn,531 Trần Hưng Đạo
5186,Vĩnh Long,Xã Trà Ôn,579 Võ Văn Kiệt
5187,TP. Hồ Chí Minh,Phường Tân Bình,163 Nam Kỳ Khởi Nghĩa
5188,Cần Thơ,Xã Phong Điền,31 Nguyễn Huệ
5189,TP. Hồ Chí Minh,Phường Thủ Đức,17 Nguyễn Văn Cừ
5190,An Giang,Xã Tịnh Biên,134 Nguyễn Trãi
5191,Cần Thơ,Xã Phong Điền,39 Lý Thường Kiệt
5192,Tây Ninh,Xã Tân Biên,416 Nguyễn Văn Cừ
5193,Cà Mau,Xã Đầm Dơi,197 Lê Lợi
5194,TP. Hồ Chí Minh,Phường An Khánh,453 Cách Mạng Tháng Tám
5195,An Giang,Xã Tri Tôn,140 Cách Mạng Tháng Tám
5196,An Giang,Xã Chợ Mới,222 Nam Kỳ Khởi Nghĩa
5197,TP. Hồ Chí Minh,Phường Thủ Đức,62 Hai Bà Trưng
5198,Cà Mau,Xã Trần Văn Thời,148 Võ Văn Kiệt
5199,TP. Hồ Chí Minh,Phường Tân Bình,37 Hai Bà Trưng
5200,Vĩnh Long,Xã Mang Thít,512 Quang Trung
5201,Đồng Nai,Phường Trấn Biên,382 Lý Thường Kiệt
5202,TP. Hồ Chí Minh,Phường Chợ Lớn,259 Nam Kỳ Khởi Nghĩa
5203,TP. Hồ Chí Minh,Phường Tân Bình,288 Nguyễn Huệ
5204,Đồng Tháp,Xã Lai Vung,210 Lý Thường Kiệt
5205,Cần Thơ,Phường Ninh Kiều,173 Nguyễn Huệ
5206,Đồng Nai,Xã Nhơn Trạch,362 Trần Hưng Đạo
5207,Cà Mau,Phường Cà Mau,424 Nam Kỳ Khởi Nghĩa
5208,TP. Hồ Chí Minh,Phường Chợ Lớn,385 Lê Lợi
5209,Cần Thơ,Phường Ninh Kiều,397 Võ Văn Kiệt
5210,TP. Hồ Chí Minh,Phường Chợ Lớn,254 Điện Biên Phủ
5211,Cà Mau,Xã Ngọc Hiển,387 Phạm Văn Đồng
5212,TP. Hồ Chí Minh,Phường An Khánh,317 Cách Mạng Tháng Tám
5213,TP. Hồ Chí Minh,Phường Bình Thạnh,570 Điện Biên Phủ
5214,TP. Hồ Chí Minh,Phường Bình Thạnh,294 Quang Trung
5215,TP. Hồ Chí Minh,Phường Thủ Đức,247 Pasteur
5216,Cần Thơ,Xã Phong Điền,85 Nguyễn Văn Cừ
5217,TP. Hồ Chí Minh,Phường Chợ Lớn,557 Nam Kỳ Khởi Nghĩa
5218,TP. Hồ Chí Minh,Phường Bình Thạnh,101 Lý Thường Kiệt
5219,Cần Thơ,Phường Bình Thủy,441 Trần Hưng Đạo
5220,Đồng Nai,Xã Định Quán,62 Cách Mạng Tháng Tám
5221,Cần Thơ,Phường Thốt Nốt,314 Lý Thường Kiệt
5222,An Giang,Phường Long Xuyên,439 Hai Bà Trưng
5223,An Giang,Xã Chợ Mới,92 Hai Bà Trưng
5224,TP. Hồ Chí Minh,Phường Bến Thành,476 Lý Thường Kiệt
5225,Đồng Tháp,Phường Cao Lãnh,250 Hai Bà Trưng
5226,An Giang,Xã Tịnh Biên,73 Cách Mạng Tháng Tám
5227,An Giang,Phường Long Xuyên,575 Điện Biên Phủ
5228,TP. Hồ Chí Minh,Phường Tân Bình,582 Trần Hưng Đạo
5229,Đồng Nai,Xã Nhơn Trạch,417 Nguyễn Huệ
5230,Đồng Tháp,Phường Cao Lãnh,521 Lý Thường Kiệt
5231,Cà Mau,Xã Năm Căn,104 Pasteur
5232,Cà Mau,Xã Trần Văn Thời,29 Lý Thường Kiệt
5233,TP. Hồ Chí Minh,Phường Tân Bình,50 Nam Kỳ Khởi Nghĩa
5234,Đồng Tháp,Phường Sa Đéc,550 Phạm Văn Đồng
5235,TP. Hồ Chí Minh,Phường An Khánh,371 Lý Thường Kiệt
5236,Cà Mau,Xã U Minh,380 Nam Kỳ Khởi Nghĩa
5237,TP. Hồ Chí Minh,Phường Thủ Đức,559 Pasteur
5238,TP. Hồ Chí Minh,Phường Sài Gòn,527 Pasteur
5239,Cần Thơ,Phường Thốt Nốt,27 Quang Trung
5240,TP. Hồ Chí Minh,Phường Sài Gòn,214 Điện Biên Phủ
5241,Đồng Nai,Xã Định Quán,573 Điện Biên Phủ
5242,Đồng Nai,Phường Biên Hòa,243 Nguyễn Huệ
5243,An Giang,Xã Chợ Mới,56 Cách Mạng Tháng Tám
5244,TP. Hồ Chí Minh,Phường Tân Bình,25 Pasteur
5245,Cần Thơ,Phường Bình Thủy,323 Phạm Văn Đồng
5246,Đồng Nai,Phường Trấn Biên,462 Lý Thường Kiệt
5247,Đồng Nai,Phường Trấn Biên,180 Nam Kỳ Khởi Nghĩa
5248,Cà Mau,Xã Trần Văn Thời,49 Nguyễn Huệ
5249,Cà Mau,Xã Trần Văn Thời,28 Điện Biên Phủ
5250,An Giang,Xã Tri Tôn,270 Nguyễn Văn Cừ
5251,Cần Thơ,Phường Ninh Kiều,48 Pasteur
5252,Đồng Nai,Phường Biên Hòa,23 Nguyễn Huệ
5253,TP. Hồ Chí Minh,Phường Thủ Đức,384 Trần Hưng Đạo
5254,TP. Hồ Chí Minh,Phường Bến Thành,311 Quang Trung
5255,Vĩnh Long,Xã Tam Bình,189 Cách Mạng Tháng Tám
5256,TP. Hồ Chí Minh,Phường Chợ Lớn,588 Quang Trung
5257,Đồng Nai,Phường Trấn Biên,286 Trần Hưng Đạo
5258,Vĩnh Long,Xã Mang Thít,65 Võ Văn Kiệt
5259,Vĩnh Long,Phường Vĩnh Long,372 Điện Biên Phủ
5260,TP. Hồ Chí Minh,Phường Sài Gòn,326 3 Tháng 2
5261,Đồng Nai,Phường Biên Hòa,510 Nam Kỳ Khởi Nghĩa
5262,TP. Hồ Chí Minh,Phường Tân Định,472 3 Tháng 2
5263,Đồng Nai,Phường Biên Hòa,21 Nam Kỳ Khởi Nghĩa
5264,Vĩnh Long,Xã Tam Bình,186 Quang Trung
5265,Đồng Tháp,Phường Cao Lãnh,479 Lý Thường Kiệt
5266,Tây Ninh,Phường Trảng Bàng,438 Võ Văn Kiệt
5267,Đồng Nai,Xã Nhơn Trạch,536 Phạm Văn Đồng
5268,Tây Ninh,Phường Trảng Bàng,69 Trần Hưng Đạo
5269,Vĩnh Long,Phường Vĩnh Long,161 3 Tháng 2
5270,Cần Thơ,Phường Ô Môn,549 Điện Biên Phủ
5271,TP. Hồ Chí Minh,Phường Thủ Đức,477 Phạm Văn Đồng
5272,Tây Ninh,Xã Dương Minh Châu,143 Điện Biên Phủ
5273,Vĩnh Long,Xã Bình Minh,397 Điện Biên Phủ
5274,TP. Hồ Chí Minh,Phường Tân Bình,25 Hai Bà Trưng
5275,Đồng Nai,Phường Long Khánh,267 Nguyễn Huệ
5276,TP. Hồ Chí Minh,Phường An Khánh,161 Nguyễn Huệ
5277,Cần Thơ,Phường Bình Thủy,81 Quang Trung
5278,Đồng Nai,Phường Long Khánh,233 Nguyễn Văn Cừ
5279,Tây Ninh,Phường Tây Ninh,125 Trần Hưng Đạo
5280,Cà Mau,Xã Ngọc Hiển,144 Nguyễn Văn Cừ
5281,TP. Hồ Chí Minh,Phường Chợ Lớn,280 Pasteur
5282,Đồng Nai,Phường Trấn Biên,483 Quang Trung
5283,Tây Ninh,Xã Châu Thành,147 Nguyễn Văn Cừ
5284,Vĩnh Long,Xã Tam Bình,25 Nam Kỳ Khởi Nghĩa
5285,TP. Hồ Chí Minh,Phường Bến Thành,274 Hai Bà Trưng
5286,Đồng Nai,Phường Trấn Biên,515 Pasteur
5287,Đồng Tháp,Xã Tháp Mười,15 Hai Bà Trưng
5288,Tây Ninh,Xã Tân Biên,271 Nam Kỳ Khởi Nghĩa
5289,Đồng Nai,Phường Trấn Biên,477 Lê Lợi
5290,Đồng Tháp,Xã Lai Vung,428 Trần Hưng Đạo
5291,TP. Hồ Chí Minh,Phường Bến Thành,101 Pasteur
5292,An Giang,Xã Tri Tôn,209 Điện Biên Phủ
5293,An Giang,Phường Long Xuyên,206 Điện Biên Phủ
5294,Cần Thơ,Phường Ninh Kiều,487 Phạm Văn Đồng
5295,TP. Hồ Chí Minh,Phường Sài Gòn,422 3 Tháng 2
5296,Đồng Tháp,Xã Tháp Mười,350 Quang Trung
5297,Đồng Tháp,Xã Lai Vung,361 Cách Mạng Tháng Tám
5298,Đồng Tháp,Phường Hồng Ngự,231 Hai Bà Trưng
5299,TP. Hồ Chí Minh,Phường Sài Gòn,300 Nguyễn Văn Cừ
5300,Tây Ninh,Xã Dương Minh Châu,11 3 Tháng 2
5301,Tây Ninh,Phường Tây Ninh,297 Trần Hưng Đạo
5302,TP. Hồ Chí Minh,Phường Bình Thạnh,582 Điện Biên Phủ
5303,Đồng Tháp,Phường Hồng Ngự,13 Nguyễn Trãi
5304,Tây Ninh,Phường Trảng Bàng,583 Hai Bà Trưng
5305,TP. Hồ Chí Minh,Phường Bến Thành,545 Nam Kỳ Khởi Nghĩa
5306,Vĩnh Long,Xã Long Hồ,198 Võ Văn Kiệt
5307,Đồng Nai,Xã Định Quán,99 Lý Thường Kiệt
5308,Cà Mau,Xã U Minh,475 Quang Trung
5309,An Giang,Xã Tịnh Biên,436 Nguyễn Huệ
5310,Vĩnh Long,Xã Bình Minh,223 Lý Thường Kiệt
5311,Đồng Nai,Phường Long Khánh,507 3 Tháng 2
5312,Vĩnh Long,Xã Bình Minh,530 Pasteur
5313,An Giang,Xã Chợ Mới,49 Cách Mạng Tháng Tám
5314,Cà Mau,Xã Trần Văn Thời,315 Lý Thường Kiệt
5315,An Giang,Xã Chợ Mới,73 Cách Mạng Tháng Tám
5316,Cần Thơ,Phường Ninh Kiều,82 Lê Lợi
5317,Đồng Nai,Phường Trấn Biên,106 Nguyễn Huệ
5318,Đồng Tháp,Xã Tháp Mười,20 Cách Mạng Tháng Tám
5319,TP. Hồ Chí Minh,Phường Thủ Đức,230 Lê Lợi
5320,Cần Thơ,Phường Ô Môn,114 Cách Mạng Tháng Tám
5321,Cần Thơ,Phường Ninh Kiều,503 Cách Mạng Tháng Tám
5322,Vĩnh Long,Xã Long Hồ,214 Cách Mạng Tháng Tám
5323,Đồng Tháp,Xã Lai Vung,447 3 Tháng 2
5324,Cà Mau,Xã Đầm Dơi,107 Cách Mạng Tháng Tám
5325,Đồng Nai,Xã Nhơn Trạch,305 Lý Thường Kiệt
5326,TP. Hồ Chí Minh,Phường Tân Định,122 Trần Hưng Đạo
5327,TP. Hồ Chí Minh,Phường Bến Thành,457 Điện Biên Phủ
5328,Cần Thơ,Phường Thốt Nốt,74 Lý Thường Kiệt
5329,Cần Thơ,Phường Ô Môn,121 Võ Văn Kiệt
5330,TP. Hồ Chí Minh,Phường Tân Định,137 Quang Trung
5331,Đồng Nai,Xã Long Thành,491 Phạm Văn Đồng
5332,TP. Hồ Chí Minh,Phường Sài Gòn,385 Võ Văn Kiệt
5333,Đồng Tháp,Phường Hồng Ngự,344 Nguyễn Huệ
5334,TP. Hồ Chí Minh,Phường Bình Thạnh,393 Nguyễn Huệ
5335,Đồng Nai,Phường Long Khánh,199 Quang Trung
5336,Đồng Tháp,Phường Cao Lãnh,85 Lê Lợi
5337,Tây Ninh,Phường Trảng Bàng,93 Phạm Văn Đồng
5338,Tây Ninh,Xã Dương Minh Châu,270 Lê Lợi
5339,An Giang,Xã Tri Tôn,114 Nguyễn Huệ
5340,An Giang,Xã Tri Tôn,150 3 Tháng 2
5341,Đồng Tháp,Xã Lai Vung,292 Nguyễn Huệ
5342,Cà Mau,Xã Đầm Dơi,214 Quang Trung
5343,TP. Hồ Chí Minh,Phường Chợ Lớn,452 Pasteur
5344,An Giang,Phường Châu Đốc,91 Nguyễn Huệ
5345,TP. Hồ Chí Minh,Phường Tân Bình,7 Lý Thường Kiệt
5346,TP. Hồ Chí Minh,Phường Bình Thạnh,232 Hai Bà Trưng
5347,Đồng Nai,Xã Long Thành,525 3 Tháng 2
5348,Tây Ninh,Xã Dương Minh Châu,451 Lý Thường Kiệt
5349,Đồng Tháp,Xã Lấp Vò,443 Nguyễn Huệ
5350,TP. Hồ Chí Minh,Phường Chợ Lớn,430 Phạm Văn Đồng
5351,Đồng Tháp,Xã Tháp Mười,74 Pasteur
5352,Đồng Nai,Xã Nhơn Trạch,73 Quang Trung
5353,TP. Hồ Chí Minh,Phường Tân Định,148 Pasteur
5354,Đồng Tháp,Xã Tháp Mười,232 Nguyễn Trãi
5355,Cà Mau,Xã Đầm Dơi,383 Phạm Văn Đồng
5356,Vĩnh Long,Xã Trà Ôn,160 Nguyễn Trãi
5357,Cà Mau,Xã Năm Căn,404 Điện Biên Phủ
5358,TP. Hồ Chí Minh,Phường Sài Gòn,231 Lý Thường Kiệt
5359,Vĩnh Long,Xã Trà Ôn,501 Điện Biên Phủ
5360,TP. Hồ Chí Minh,Phường An Khánh,230 Nguyễn Huệ
5361,Cần Thơ,Phường Thốt Nốt,360 Lý Thường Kiệt
5362,Cà Mau,Xã Đầm Dơi,310 Nguyễn Trãi
5363,Tây Ninh,Phường Trảng Bàng,129 Pasteur
5364,Cần Thơ,Phường Thốt Nốt,391 3 Tháng 2
5365,An Giang,Xã Phú Tân,472 Nam Kỳ Khởi Nghĩa
5366,Đồng Nai,Phường Trấn Biên,592 Điện Biên Phủ
5367,Tây Ninh,Xã Dương Minh Châu,576 Pasteur
5368,An Giang,Phường Long Xuyên,562 Pasteur
5369,Đồng Nai,Xã Nhơn Trạch,23 Hai Bà Trưng
5370,Vĩnh Long,Xã Trà Ôn,99 Nguyễn Trãi
5371,TP. Hồ Chí Minh,Phường Tân Định,394 Lý Thường Kiệt
5372,Cà Mau,Phường Cà Mau,96 Nguyễn Trãi
5373,Tây Ninh,Xã Tân Biên,97 Quang Trung
5374,Cần Thơ,Phường Cái Răng,130 Cách Mạng Tháng Tám
5375,TP. Hồ Chí Minh,Phường Thủ Đức,407 Phạm Văn Đồng
5376,An Giang,Xã Phú Tân,205 Quang Trung
5377,TP. Hồ Chí Minh,Phường Bến Thành,435 Điện Biên Phủ
5378,An Giang,Xã Tịnh Biên,512 Pasteur
5379,TP. Hồ Chí Minh,Phường Chợ Lớn,240 Hai Bà Trưng
5380,TP. Hồ Chí Minh,Phường Bến Thành,386 Nguyễn Huệ
5381,Vĩnh Long,Xã Trà Ôn,258 Cách Mạng Tháng Tám
5382,TP. Hồ Chí Minh,Phường Bến Thành,472 Pasteur
5383,Đồng Nai,Xã Nhơn Trạch,23 Điện Biên Phủ
5384,Đồng Nai,Phường Long Khánh,411 Nguyễn Văn Cừ
5385,Cà Mau,Phường Cà Mau,82 Nguyễn Huệ
5386,Cần Thơ,Phường Bình Thủy,298 Nguyễn Trãi
5387,TP. Hồ Chí Minh,Phường Tân Định,383 Điện Biên Phủ
5388,TP. Hồ Chí Minh,Phường An Khánh,575 Hai Bà Trưng
5389,Tây Ninh,Xã Gò Dầu,65 Điện Biên Phủ
5390,Đồng Nai,Xã Nhơn Trạch,439 Nguyễn Huệ
5391,TP. Hồ Chí Minh,Phường Tân Định,441 Nguyễn Văn Cừ
5392,Cần Thơ,Xã Phong Điền,517 Nam Kỳ Khởi Nghĩa
5393,Tây Ninh,Xã Châu Thành,377 Điện Biên Phủ
5394,TP. Hồ Chí Minh,Phường Sài Gòn,87 Lê Lợi
5395,Cần Thơ,Xã Phong Điền,11 Võ Văn Kiệt
5396,Đồng Tháp,Phường Cao Lãnh,306 Võ Văn Kiệt
5397,TP. Hồ Chí Minh,Phường Tân Định,139 3 Tháng 2
5398,Đồng Nai,Xã Định Quán,152 Điện Biên Phủ
5399,TP. Hồ Chí Minh,Phường Bình Thạnh,546 3 Tháng 2
5400,An Giang,Xã Chợ Mới,265 Điện Biên Phủ
5401,TP. Hồ Chí Minh,Phường Tân Định,391 Lý Thường Kiệt
5402,TP. Hồ Chí Minh,Phường An Khánh,388 Nguyễn Trãi
5403,Vĩnh Long,Xã Tam Bình,177 Nguyễn Văn Cừ
5404,Vĩnh Long,Xã Tam Bình,158 Nguyễn Trãi
5405,TP. Hồ Chí Minh,Phường Thủ Đức,349 3 Tháng 2
5406,An Giang,Xã Tri Tôn,418 Cách Mạng Tháng Tám
5407,Tây Ninh,Xã Gò Dầu,408 Quang Trung
5408,TP. Hồ Chí Minh,Phường Sài Gòn,177 Trần Hưng Đạo
5409,TP. Hồ Chí Minh,Phường Thủ Đức,57 Cách Mạng Tháng Tám
5410,Vĩnh Long,Xã Long Hồ,387 Lê Lợi
5411,TP. Hồ Chí Minh,Phường Bến Thành,430 Hai Bà Trưng
5412,Đồng Nai,Phường Biên Hòa,85 Lê Lợi
5413,TP. Hồ Chí Minh,Phường Thủ Đức,467 Nguyễn Văn Cừ
5414,Đồng Nai,Phường Long Khánh,577 Cách Mạng Tháng Tám
5415,TP. Hồ Chí Minh,Phường Tân Định,1 Trần Hưng Đạo
5416,Đồng Nai,Phường Biên Hòa,264 Nguyễn Trãi
5417,Cần Thơ,Xã Phong Điền,556 Hai Bà Trưng
5418,Vĩnh Long,Xã Bình Minh,248 Lê Lợi
5419,TP. Hồ Chí Minh,Phường An Khánh,66 Nguyễn Trãi
5420,TP. Hồ Chí Minh,Phường Bến Thành,471 Nguyễn Trãi
5421,TP. Hồ Chí Minh,Phường Bến Thành,253 Phạm Văn Đồng
5422,TP. Hồ Chí Minh,Phường Chợ Lớn,550 Võ Văn Kiệt
5423,TP. Hồ Chí Minh,Phường Bình Thạnh,464 Điện Biên Phủ
5424,TP. Hồ Chí Minh,Phường Tân Định,284 3 Tháng 2
5425,Cần Thơ,Phường Thốt Nốt,207 Quang Trung
5426,An Giang,Xã Tịnh Biên,143 Võ Văn Kiệt
5427,Vĩnh Long,Phường Vĩnh Long,518 Quang Trung
5428,Đồng Tháp,Phường Hồng Ngự,488 Nguyễn Trãi
5429,Vĩnh Long,Xã Trà Ôn,543 Cách Mạng Tháng Tám
5430,Đồng Tháp,Xã Tháp Mười,588 Phạm Văn Đồng
5431,TP. Hồ Chí Minh,Phường Bến Thành,87 3 Tháng 2
5432,Cần Thơ,Phường Thốt Nốt,570 Nam Kỳ Khởi Nghĩa
5433,Đồng Nai,Phường Biên Hòa,596 Lý Thường Kiệt
5434,Tây Ninh,Xã Dương Minh Châu,271 Nam Kỳ Khởi Nghĩa
5435,TP. Hồ Chí Minh,Phường Tân Định,296 Lê Lợi
5436,Cần Thơ,Phường Bình Thủy,497 Hai Bà Trưng
5437,An Giang,Xã Tịnh Biên,503 Điện Biên Phủ
5438,Cà Mau,Xã Ngọc Hiển,66 Điện Biên Phủ
5439,Tây Ninh,Xã Tân Biên,172 Cách Mạng Tháng Tám
5440,Tây Ninh,Phường Tây Ninh,144 Nguyễn Huệ
5441,Đồng Nai,Phường Trấn Biên,584 Nguyễn Trãi
5442,An Giang,Xã Chợ Mới,207 Cách Mạng Tháng Tám
5443,Cần Thơ,Phường Ô Môn,434 Nam Kỳ Khởi Nghĩa
5444,An Giang,Phường Châu Đốc,73 Pasteur
5445,Tây Ninh,Xã Tân Biên,66 Pasteur
5446,TP. Hồ Chí Minh,Phường Thủ Đức,232 3 Tháng 2
5447,Đồng Nai,Xã Định Quán,474 Pasteur
5448,Cà Mau,Xã U Minh,185 Võ Văn Kiệt
5449,An Giang,Xã Chợ Mới,184 Lê Lợi
5450,Đồng Tháp,Xã Lai Vung,468 Lý Thường Kiệt
5451,TP. Hồ Chí Minh,Phường Bến Thành,217 Cách Mạng Tháng Tám
5452,TP. Hồ Chí Minh,Phường Chợ Lớn,246 Điện Biên Phủ
5453,Cà Mau,Phường Cà Mau,521 Nguyễn Văn Cừ
5454,TP. Hồ Chí Minh,Phường Chợ Lớn,244 Nguyễn Huệ
5455,Tây Ninh,Phường Trảng Bàng,552 Phạm Văn Đồng
5456,TP. Hồ Chí Minh,Phường An Khánh,194 Trần Hưng Đạo
5457,Đồng Tháp,Xã Lấp Vò,591 Cách Mạng Tháng Tám
5458,An Giang,Xã Tri Tôn,430 Điện Biên Phủ
5459,Đồng Nai,Xã Nhơn Trạch,6 Lý Thường Kiệt
5460,Cần Thơ,Phường Cái Răng,387 Lê Lợi
5461,TP. Hồ Chí Minh,Phường An Khánh,261 Quang Trung
5462,Cần Thơ,Xã Phong Điền,232 Cách Mạng Tháng Tám
5463,TP. Hồ Chí Minh,Phường An Khánh,108 Phạm Văn Đồng
5464,Cần Thơ,Phường Ninh Kiều,165 Lê Lợi
5465,Đồng Nai,Xã Định Quán,398 3 Tháng 2
5466,TP. Hồ Chí Minh,Phường Tân Bình,557 3 Tháng 2
5467,Tây Ninh,Xã Tân Biên,332 3 Tháng 2
5468,TP. Hồ Chí Minh,Phường Chợ Lớn,569 Pasteur
5469,Đồng Tháp,Phường Sa Đéc,31 Phạm Văn Đồng
5470,Vĩnh Long,Xã Trà Ôn,131 Hai Bà Trưng
5471,TP. Hồ Chí Minh,Phường Bến Thành,43 Võ Văn Kiệt
5472,Vĩnh Long,Xã Trà Ôn,174 Hai Bà Trưng
5473,Tây Ninh,Phường Tây Ninh,285 Nam Kỳ Khởi Nghĩa
5474,TP. Hồ Chí Minh,Phường Sài Gòn,213 Pasteur
5475,Vĩnh Long,Phường Vĩnh Long,81 Quang Trung
5476,Cà Mau,Xã U Minh,30 Pasteur
5477,Tây Ninh,Phường Tây Ninh,588 Phạm Văn Đồng
5478,Cà Mau,Xã Ngọc Hiển,299 Phạm Văn Đồng
5479,An Giang,Xã Chợ Mới,42 3 Tháng 2
5480,Cần Thơ,Phường Bình Thủy,433 Nguyễn Trãi
5481,TP. Hồ Chí Minh,Phường Chợ Lớn,278 3 Tháng 2
5482,An Giang,Xã Phú Tân,474 Phạm Văn Đồng
5483,TP. Hồ Chí Minh,Phường Bến Thành,444 3 Tháng 2
5484,Đồng Nai,Xã Định Quán,67 Lê Lợi
5485,Đồng Nai,Phường Trấn Biên,484 Nguyễn Văn Cừ
5486,Cần Thơ,Phường Bình Thủy,557 Pasteur
5487,Tây Ninh,Xã Châu Thành,294 Nguyễn Văn Cừ
5488,Tây Ninh,Phường Trảng Bàng,87 Pasteur
5489,Vĩnh Long,Xã Tam Bình,32 Võ Văn Kiệt
5490,Cà Mau,Xã Đầm Dơi,415 Cách Mạng Tháng Tám
5491,TP. Hồ Chí Minh,Phường Tân Bình,40 Lý Thường Kiệt
5492,Cần Thơ,Phường Bình Thủy,407 Điện Biên Phủ
5493,Đồng Tháp,Phường Cao Lãnh,316 Nam Kỳ Khởi Nghĩa
5494,TP. Hồ Chí Minh,Phường An Khánh,561 Lê Lợi
5495,Vĩnh Long,Xã Mang Thít,521 Cách Mạng Tháng Tám
5496,Đồng Nai,Xã Nhơn Trạch,196 Cách Mạng Tháng Tám
5497,TP. Hồ Chí Minh,Phường Bình Thạnh,433 Pasteur
5498,TP. Hồ Chí Minh,Phường Sài Gòn,360 Cách Mạng Tháng Tám
5499,Đồng Nai,Phường Trấn Biên,393 Lý Thường Kiệt
5500,TP. Hồ Chí Minh,Phường Bến Thành,209 Lê Lợi
5501,Vĩnh Long,Xã Tam Bình,355 Phạm Văn Đồng
5502,Vĩnh Long,Xã Trà Ôn,210 Nguyễn Huệ
5503,Cà Mau,Xã Ngọc Hiển,255 3 Tháng 2
5504,Đồng Nai,Phường Long Khánh,598 Nguyễn Văn Cừ
5505,TP. Hồ Chí Minh,Phường An Khánh,229 Nguyễn Trãi
5506,Cần Thơ,Phường Bình Thủy,46 Lý Thường Kiệt
5507,TP. Hồ Chí Minh,Phường Chợ Lớn,365 Quang Trung
5508,Tây Ninh,Xã Dương Minh Châu,514 Nguyễn Văn Cừ
5509,TP. Hồ Chí Minh,Phường An Khánh,185 Lê Lợi
5510,Vĩnh Long,Xã Mang Thít,481 Nguyễn Trãi
5511,TP. Hồ Chí Minh,Phường Bình Thạnh,560 Hai Bà Trưng
5512,TP. Hồ Chí Minh,Phường Tân Bình,378 Quang Trung
5513,Đồng Nai,Phường Trấn Biên,95 Cách Mạng Tháng Tám
5514,Tây Ninh,Xã Gò Dầu,526 3 Tháng 2
5515,TP. Hồ Chí Minh,Phường Bến Thành,172 Cách Mạng Tháng Tám
5516,Đồng Tháp,Xã Lai Vung,377 Nam Kỳ Khởi Nghĩa
5517,Đồng Nai,Phường Long Khánh,163 Hai Bà Trưng
5518,Tây Ninh,Xã Gò Dầu,144 Cách Mạng Tháng Tám
5519,Vĩnh Long,Xã Long Hồ,366 Pasteur
5520,Tây Ninh,Xã Châu Thành,324 Nguyễn Huệ
5521,An Giang,Xã Phú Tân,459 Lý Thường Kiệt
5522,Đồng Tháp,Phường Cao Lãnh,273 Nguyễn Huệ
5523,Đồng Nai,Xã Nhơn Trạch,197 Phạm Văn Đồng
5524,Đồng Nai,Phường Biên Hòa,587 Pasteur
5525,Đồng Nai,Phường Long Khánh,32 Điện Biên Phủ
5526,TP. Hồ Chí Minh,Phường An Khánh,18 Nguyễn Trãi
5527,Tây Ninh,Phường Tây Ninh,468 Nguyễn Văn Cừ
5528,An Giang,Xã Tri Tôn,64 Cách Mạng Tháng Tám
5529,Vĩnh Long,Phường Vĩnh Long,546 Lê Lợi
5530,Tây Ninh,Xã Dương Minh Châu,95 Pasteur
5531,Đồng Nai,Phường Biên Hòa,14 Cách Mạng Tháng Tám
5532,An Giang,Xã Phú Tân,322 Nguyễn Trãi
5533,TP. Hồ Chí Minh,Phường Bến Thành,218 Nguyễn Trãi
5534,Đồng Nai,Phường Biên Hòa,552 Nguyễn Huệ
5535,TP. Hồ Chí Minh,Phường Tân Định,558 Nguyễn Huệ
5536,Cần Thơ,Phường Thốt Nốt,130 Nguyễn Huệ
5537,An Giang,Phường Long Xuyên,528 Pasteur
5538,TP. Hồ Chí Minh,Phường Tân Định,211 Pasteur
5539,Vĩnh Long,Phường Vĩnh Long,595 Võ Văn Kiệt
5540,Tây Ninh,Xã Tân Biên,563 Nguyễn Trãi
5541,TP. Hồ Chí Minh,Phường Thủ Đức,249 Hai Bà Trưng
5542,TP. Hồ Chí Minh,Phường Bến Thành,230 Nguyễn Huệ
5543,TP. Hồ Chí Minh,Phường Bình Thạnh,93 Điện Biên Phủ
5544,TP. Hồ Chí Minh,Phường Thủ Đức,358 Pasteur
5545,Cần Thơ,Phường Cái Răng,134 Điện Biên Phủ
5546,Đồng Tháp,Xã Lấp Vò,309 Nam Kỳ Khởi Nghĩa
5547,TP. Hồ Chí Minh,Phường Bến Thành,543 Quang Trung
5548,An Giang,Phường Châu Đốc,220 Điện Biên Phủ
5549,TP. Hồ Chí Minh,Phường Chợ Lớn,382 Hai Bà Trưng
5550,Tây Ninh,Xã Châu Thành,96 Pasteur
5551,TP. Hồ Chí Minh,Phường Bình Thạnh,162 Nguyễn Trãi
5552,TP. Hồ Chí Minh,Phường Chợ Lớn,225 Nguyễn Huệ
5553,Đồng Nai,Xã Long Thành,485 Điện Biên Phủ
5554,TP. Hồ Chí Minh,Phường Sài Gòn,322 Nguyễn Trãi
5555,Vĩnh Long,Xã Mang Thít,354 Lý Thường Kiệt
5556,TP. Hồ Chí Minh,Phường An Khánh,204 Hai Bà Trưng
5557,Đồng Tháp,Phường Sa Đéc,507 Pasteur
5558,Cà Mau,Xã Đầm Dơi,91 Lê Lợi
5559,An Giang,Xã Tịnh Biên,281 Phạm Văn Đồng
5560,TP. Hồ Chí Minh,Phường Chợ Lớn,209 Quang Trung
5561,TP. Hồ Chí Minh,Phường Bến Thành,526 Lê Lợi
5562,TP. Hồ Chí Minh,Phường Bến Thành,373 Điện Biên Phủ
5563,Đồng Tháp,Phường Hồng Ngự,592 Điện Biên Phủ
5564,Cần Thơ,Xã Phong Điền,437 Hai Bà Trưng
5565,Cần Thơ,Phường Thốt Nốt,60 Quang Trung
5566,Đồng Tháp,Xã Lai Vung,526 Pasteur
5567,Tây Ninh,Phường Tây Ninh,70 Cách Mạng Tháng Tám
5568,TP. Hồ Chí Minh,Phường An Khánh,163 Phạm Văn Đồng
5569,TP. Hồ Chí Minh,Phường Chợ Lớn,139 Lê Lợi
5570,TP. Hồ Chí Minh,Phường Sài Gòn,436 Nam Kỳ Khởi Nghĩa
5571,TP. Hồ Chí Minh,Phường Chợ Lớn,157 Hai Bà Trưng
5572,TP. Hồ Chí Minh,Phường Chợ Lớn,276 Nam Kỳ Khởi Nghĩa
5573,Cần Thơ,Phường Bình Thủy,68 Lê Lợi
5574,TP. Hồ Chí Minh,Phường Tân Định,507 Nguyễn Huệ
5575,Cần Thơ,Phường Ninh Kiều,19 Nguyễn Trãi
5576,Cần Thơ,Xã Phong Điền,497 Hai Bà Trưng
5577,An Giang,Phường Châu Đốc,505 Pasteur
5578,Đồng Nai,Xã Long Thành,248 3 Tháng 2
5579,Cà Mau,Phường Cà Mau,174 Nguyễn Trãi
5580,An Giang,Xã Tri Tôn,394 Pasteur
5581,Tây Ninh,Xã Dương Minh Châu,43 Nguyễn Huệ
5582,Đồng Tháp,Xã Lai Vung,213 3 Tháng 2
5583,Đồng Nai,Xã Định Quán,20 Cách Mạng Tháng Tám
5584,TP. Hồ Chí Minh,Phường Sài Gòn,220 Nguyễn Huệ
5585,Cà Mau,Xã Ngọc Hiển,415 Nam Kỳ Khởi Nghĩa
5586,TP. Hồ Chí Minh,Phường Thủ Đức,573 Pasteur
5587,TP. Hồ Chí Minh,Phường Tân Bình,321 Pasteur
5588,Đồng Nai,Xã Định Quán,80 Pasteur
5589,Đồng Tháp,Phường Cao Lãnh,250 Nguyễn Trãi
5590,Cà Mau,Xã Trần Văn Thời,16 Điện Biên Phủ
5591,Đồng Tháp,Phường Hồng Ngự,431 3 Tháng 2
5592,Tây Ninh,Xã Gò Dầu,15 Trần Hưng Đạo
5593,Đồng Nai,Xã Định Quán,38 Lê Lợi
5594,Đồng Tháp,Phường Hồng Ngự,146 Phạm Văn Đồng
5595,Đồng Nai,Xã Nhơn Trạch,547 Nguyễn Văn Cừ
5596,Cần Thơ,Xã Phong Điền,105 Điện Biên Phủ
5597,Tây Ninh,Xã Dương Minh Châu,288 Pasteur
5598,Cần Thơ,Phường Thốt Nốt,438 Lê Lợi
5599,TP. Hồ Chí Minh,Phường Tân Định,591 Cách Mạng Tháng Tám
5600,Đồng Tháp,Xã Lai Vung,321 3 Tháng 2
5601,An Giang,Xã Tri Tôn,187 Lê Lợi
5602,TP. Hồ Chí Minh,Phường Tân Bình,283 Nguyễn Trãi
5603,TP. Hồ Chí Minh,Phường Sài Gòn,75 Pasteur
5604,TP. Hồ Chí Minh,Phường Chợ Lớn,410 Phạm Văn Đồng
5605,Cần Thơ,Phường Cái Răng,190 Nguyễn Văn Cừ
5606,Vĩnh Long,Xã Trà Ôn,312 Nguyễn Trãi
5607,Đồng Nai,Xã Nhơn Trạch,309 Trần Hưng Đạo
5608,Đồng Nai,Xã Nhơn Trạch,124 Nguyễn Văn Cừ
5609,Cần Thơ,Phường Bình Thủy,33 Cách Mạng Tháng Tám
5610,TP. Hồ Chí Minh,Phường Thủ Đức,545 Nguyễn Huệ
5611,TP. Hồ Chí Minh,Phường Bình Thạnh,92 Trần Hưng Đạo
5612,An Giang,Xã Tri Tôn,362 Nguyễn Huệ
5613,Cần Thơ,Xã Phong Điền,593 Nguyễn Văn Cừ
5614,Cần Thơ,Phường Cái Răng,394 Nguyễn Huệ
5615,Vĩnh Long,Xã Long Hồ,45 Nam Kỳ Khởi Nghĩa
5616,TP. Hồ Chí Minh,Phường An Khánh,580 Lê Lợi
5617,TP. Hồ Chí Minh,Phường Tân Định,16 Điện Biên Phủ
5618,TP. Hồ Chí Minh,Phường Bình Thạnh,551 Phạm Văn Đồng
5619,TP. Hồ Chí Minh,Phường Tân Định,9 Pasteur
5620,Cần Thơ,Phường Cái Răng,201 Cách Mạng Tháng Tám
5621,An Giang,Phường Châu Đốc,413 Hai Bà Trưng
5622,TP. Hồ Chí Minh,Phường Sài Gòn,6 Pasteur
5623,TP. Hồ Chí Minh,Phường Bến Thành,60 Hai Bà Trưng
5624,TP. Hồ Chí Minh,Phường Tân Định,327 Nguyễn Huệ
5625,TP. Hồ Chí Minh,Phường Thủ Đức,285 Quang Trung
5626,Vĩnh Long,Xã Trà Ôn,331 Phạm Văn Đồng
5627,An Giang,Xã Tịnh Biên,388 3 Tháng 2
5628,Cần Thơ,Phường Cái Răng,357 Nam Kỳ Khởi Nghĩa
5629,Cần Thơ,Phường Bình Thủy,386 Quang Trung
5630,TP. Hồ Chí Minh,Phường Sài Gòn,176 Nguyễn Trãi
5631,An Giang,Xã Phú Tân,115 Pasteur
5632,Vĩnh Long,Xã Mang Thít,310 Hai Bà Trưng
5633,TP. Hồ Chí Minh,Phường Tân Bình,248 Lý Thường Kiệt
5634,TP. Hồ Chí Minh,Phường Sài Gòn,421 Nguyễn Văn Cừ
5635,Đồng Nai,Phường Biên Hòa,551 Trần Hưng Đạo
5636,TP. Hồ Chí Minh,Phường Sài Gòn,548 Nguyễn Trãi
5637,TP. Hồ Chí Minh,Phường Bến Thành,462 Hai Bà Trưng
5638,TP. Hồ Chí Minh,Phường An Khánh,288 Pasteur
5639,Đồng Nai,Phường Long Khánh,284 Trần Hưng Đạo
5640,TP. Hồ Chí Minh,Phường Chợ Lớn,254 Quang Trung
5641,Tây Ninh,Xã Dương Minh Châu,190 Quang Trung
5642,Tây Ninh,Xã Dương Minh Châu,597 Hai Bà Trưng
5643,Cần Thơ,Phường Ninh Kiều,158 Nguyễn Huệ
5644,TP. Hồ Chí Minh,Phường Bình Thạnh,331 Điện Biên Phủ
5645,Đồng Tháp,Phường Hồng Ngự,252 Hai Bà Trưng
5646,TP. Hồ Chí Minh,Phường Chợ Lớn,494 Võ Văn Kiệt
5647,Cà Mau,Xã Đầm Dơi,508 Quang Trung
5648,TP. Hồ Chí Minh,Phường Bến Thành,122 Nguyễn Trãi
5649,TP. Hồ Chí Minh,Phường Sài Gòn,157 Lý Thường Kiệt
5650,TP. Hồ Chí Minh,Phường Sài Gòn,84 Pasteur
5651,An Giang,Phường Long Xuyên,236 Hai Bà Trưng
5652,Đồng Tháp,Phường Cao Lãnh,465 Quang Trung
5653,Cần Thơ,Xã Phong Điền,478 Lý Thường Kiệt
5654,An Giang,Xã Tịnh Biên,73 Lê Lợi
5655,TP. Hồ Chí Minh,Phường An Khánh,289 Phạm Văn Đồng
5656,Đồng Nai,Xã Định Quán,291 Võ Văn Kiệt
5657,Cần Thơ,Phường Thốt Nốt,573 Nguyễn Huệ
5658,Cà Mau,Xã Ngọc Hiển,304 Nguyễn Trãi
5659,TP. Hồ Chí Minh,Phường Chợ Lớn,232 Võ Văn Kiệt
5660,Tây Ninh,Xã Gò Dầu,348 3 Tháng 2
5661,Đồng Nai,Phường Long Khánh,470 Điện Biên Phủ
5662,An Giang,Phường Châu Đốc,564 Nguyễn Trãi
5663,Vĩnh Long,Xã Trà Ôn,91 Nguyễn Văn Cừ
5664,TP. Hồ Chí Minh,Phường An Khánh,311 Cách Mạng Tháng Tám
5665,Tây Ninh,Xã Gò Dầu,538 Nguyễn Trãi
5666,Cà Mau,Xã Năm Căn,414 Nguyễn Văn Cừ
5667,TP. Hồ Chí Minh,Phường Chợ Lớn,149 Trần Hưng Đạo
5668,TP. Hồ Chí Minh,Phường Sài Gòn,248 Pasteur
5669,Đồng Nai,Phường Trấn Biên,505 Hai Bà Trưng
5670,Tây Ninh,Xã Châu Thành,251 Quang Trung
5671,Cần Thơ,Xã Phong Điền,207 Nguyễn Văn Cừ
5672,An Giang,Xã Tịnh Biên,396 Pasteur
5673,Cần Thơ,Phường Ô Môn,245 Nguyễn Huệ
5674,Tây Ninh,Xã Gò Dầu,567 Nguyễn Huệ
5675,Đồng Tháp,Phường Sa Đéc,55 Lê Lợi
5676,Đồng Tháp,Xã Tháp Mười,240 Lê Lợi
5677,Đồng Nai,Xã Long Thành,305 Điện Biên Phủ
5678,An Giang,Xã Tịnh Biên,301 Pasteur
5679,Cà Mau,Xã Năm Căn,455 Nam Kỳ Khởi Nghĩa
5680,An Giang,Xã Tri Tôn,49 Nguyễn Văn Cừ
5681,TP. Hồ Chí Minh,Phường An Khánh,102 Lê Lợi
5682,Cà Mau,Xã Đầm Dơi,301 Cách Mạng Tháng Tám
5683,Vĩnh Long,Xã Mang Thít,434 Điện Biên Phủ
5684,TP. Hồ Chí Minh,Phường Bình Thạnh,205 Lê Lợi
5685,TP. Hồ Chí Minh,Phường Tân Bình,583 Lý Thường Kiệt
5686,TP. Hồ Chí Minh,Phường An Khánh,585 Pasteur
5687,Đồng Nai,Xã Định Quán,2 Võ Văn Kiệt
5688,TP. Hồ Chí Minh,Phường Bến Thành,487 Trần Hưng Đạo
5689,Tây Ninh,Xã Châu Thành,166 Trần Hưng Đạo
5690,Đồng Tháp,Phường Hồng Ngự,28 Võ Văn Kiệt
5691,Đồng Nai,Xã Long Thành,324 Lý Thường Kiệt
5692,Vĩnh Long,Xã Tam Bình,293 Võ Văn Kiệt
5693,Đồng Nai,Phường Trấn Biên,548 Lê Lợi
5694,Đồng Tháp,Xã Lấp Vò,425 Nguyễn Huệ
5695,Đồng Tháp,Phường Cao Lãnh,85 Nguyễn Huệ
5696,Đồng Nai,Phường Biên Hòa,331 Quang Trung
5697,TP. Hồ Chí Minh,Phường An Khánh,268 Nguyễn Huệ
5698,Vĩnh Long,Xã Bình Minh,116 Phạm Văn Đồng
5699,TP. Hồ Chí Minh,Phường Tân Bình,302 Hai Bà Trưng
5700,An Giang,Xã Tri Tôn,565 Lý Thường Kiệt
5701,Đồng Nai,Phường Trấn Biên,543 Quang Trung
5702,Đồng Tháp,Phường Sa Đéc,497 Cách Mạng Tháng Tám
5703,Đồng Nai,Xã Long Thành,138 Lê Lợi
5704,Cần Thơ,Xã Phong Điền,86 Pasteur
5705,Vĩnh Long,Xã Trà Ôn,467 Quang Trung
5706,An Giang,Xã Tịnh Biên,191 3 Tháng 2
5707,TP. Hồ Chí Minh,Phường Tân Bình,362 Nguyễn Văn Cừ
5708,Cần Thơ,Xã Phong Điền,371 Nguyễn Huệ
5709,Vĩnh Long,Xã Mang Thít,526 Nam Kỳ Khởi Nghĩa
5710,Cà Mau,Xã U Minh,406 Nam Kỳ Khởi Nghĩa
5711,Tây Ninh,Xã Tân Biên,2 Điện Biên Phủ
5712,TP. Hồ Chí Minh,Phường Thủ Đức,419 Lê Lợi
5713,Cần Thơ,Phường Ninh Kiều,177 Phạm Văn Đồng
5714,Tây Ninh,Xã Dương Minh Châu,379 Nam Kỳ Khởi Nghĩa
5715,Vĩnh Long,Xã Tam Bình,160 Điện Biên Phủ
5716,Vĩnh Long,Xã Long Hồ,246 Nam Kỳ Khởi Nghĩa
5717,Đồng Nai,Xã Định Quán,249 Pasteur
5718,Cà Mau,Xã Năm Căn,333 Nam Kỳ Khởi Nghĩa
5719,Cần Thơ,Phường Ninh Kiều,213 Nguyễn Văn Cừ
5720,Cần Thơ,Phường Thốt Nốt,28 Nguyễn Trãi
5721,Cà Mau,Xã Đầm Dơi,124 Võ Văn Kiệt
5722,Đồng Nai,Xã Nhơn Trạch,29 Nguyễn Huệ
5723,Vĩnh Long,Xã Mang Thít,498 Nguyễn Huệ
5724,TP. Hồ Chí Minh,Phường Tân Bình,437 Võ Văn Kiệt
5725,Cà Mau,Xã Trần Văn Thời,282 Võ Văn Kiệt
5726,Tây Ninh,Xã Gò Dầu,199 Nguyễn Huệ
5727,Đồng Nai,Phường Biên Hòa,344 Trần Hưng Đạo
5728,TP. Hồ Chí Minh,Phường Tân Bình,151 Lê Lợi
5729,An Giang,Phường Châu Đốc,341 Nguyễn Trãi
5730,TP. Hồ Chí Minh,Phường Thủ Đức,67 Nguyễn Huệ
5731,TP. Hồ Chí Minh,Phường Tân Bình,97 Pasteur
5732,Đồng Nai,Xã Định Quán,73 Võ Văn Kiệt
5733,An Giang,Phường Châu Đốc,332 Phạm Văn Đồng
5734,Đồng Nai,Xã Nhơn Trạch,524 Nguyễn Văn Cừ
5735,Vĩnh Long,Phường Vĩnh Long,191 Võ Văn Kiệt
5736,TP. Hồ Chí Minh,Phường An Khánh,514 Trần Hưng Đạo
5737,TP. Hồ Chí Minh,Phường Tân Bình,80 3 Tháng 2
5738,Đồng Tháp,Phường Sa Đéc,405 Điện Biên Phủ
5739,Cần Thơ,Phường Ô Môn,482 Hai Bà Trưng
5740,Cần Thơ,Xã Phong Điền,273 Nguyễn Trãi
5741,Cần Thơ,Phường Cái Răng,140 Nguyễn Trãi
5742,An Giang,Phường Châu Đốc,567 Hai Bà Trưng
5743,Cà Mau,Xã Năm Căn,350 Pasteur
5744,Vĩnh Long,Xã Long Hồ,105 Hai Bà Trưng
5745,TP. Hồ Chí Minh,Phường Bình Thạnh,479 Cách Mạng Tháng Tám
5746,Cần Thơ,Phường Bình Thủy,321 Cách Mạng Tháng Tám
5747,TP. Hồ Chí Minh,Phường Bến Thành,526 Phạm Văn Đồng
5748,Cà Mau,Xã Trần Văn Thời,134 3 Tháng 2
5749,Đồng Nai,Xã Long Thành,219 Pasteur
5750,Đồng Nai,Xã Long Thành,180 Nam Kỳ Khởi Nghĩa
5751,TP. Hồ Chí Minh,Phường Sài Gòn,160 Võ Văn Kiệt
5752,TP. Hồ Chí Minh,Phường Bình Thạnh,194 Nguyễn Văn Cừ
5753,Cần Thơ,Phường Ô Môn,13 Trần Hưng Đạo
5754,Đồng Tháp,Phường Cao Lãnh,449 Hai Bà Trưng
5755,Đồng Nai,Phường Long Khánh,107 Võ Văn Kiệt
5756,TP. Hồ Chí Minh,Phường Chợ Lớn,283 Điện Biên Phủ
5757,Đồng Nai,Xã Long Thành,49 Cách Mạng Tháng Tám
5758,Đồng Tháp,Phường Cao Lãnh,121 Nam Kỳ Khởi Nghĩa
5759,Vĩnh Long,Xã Trà Ôn,498 Lê Lợi
5760,Cần Thơ,Phường Cái Răng,510 Nam Kỳ Khởi Nghĩa
5761,Đồng Nai,Xã Nhơn Trạch,184 Quang Trung
5762,TP. Hồ Chí Minh,Phường Tân Định,133 Võ Văn Kiệt
5763,TP. Hồ Chí Minh,Phường An Khánh,567 Phạm Văn Đồng
5764,Đồng Tháp,Xã Lai Vung,560 Hai Bà Trưng
5765,An Giang,Xã Phú Tân,327 Cách Mạng Tháng Tám
5766,Cà Mau,Xã Trần Văn Thời,548 3 Tháng 2
5767,Đồng Tháp,Xã Tháp Mười,29 Nguyễn Trãi
5768,Đồng Nai,Xã Định Quán,451 Lê Lợi
5769,Đồng Nai,Phường Trấn Biên,418 Quang Trung
5770,Đồng Nai,Phường Long Khánh,252 Lê Lợi
5771,Đồng Nai,Phường Long Khánh,235 Điện Biên Phủ
5772,Cà Mau,Xã U Minh,248 Pasteur
5773,Đồng Tháp,Xã Lai Vung,451 Nguyễn Huệ
5774,Tây Ninh,Xã Dương Minh Châu,239 Phạm Văn Đồng
5775,Tây Ninh,Xã Dương Minh Châu,128 Pasteur
5776,TP. Hồ Chí Minh,Phường Bến Thành,510 Pasteur
5777,Tây Ninh,Phường Tây Ninh,216 Quang Trung
5778,TP. Hồ Chí Minh,Phường Chợ Lớn,370 Nguyễn Huệ
5779,Vĩnh Long,Xã Trà Ôn,306 Quang Trung
5780,Đồng Tháp,Xã Tháp Mười,291 Nguyễn Trãi
5781,Cần Thơ,Phường Ninh Kiều,417 Quang Trung
5782,Đồng Tháp,Phường Hồng Ngự,429 Võ Văn Kiệt
5783,Vĩnh Long,Phường Vĩnh Long,241 Võ Văn Kiệt
5784,Đồng Nai,Phường Long Khánh,165 Hai Bà Trưng
5785,Vĩnh Long,Xã Mang Thít,528 Võ Văn Kiệt
5786,Cà Mau,Phường Cà Mau,8 Điện Biên Phủ
5787,TP. Hồ Chí Minh,Phường Bình Thạnh,80 Pasteur
5788,Vĩnh Long,Xã Tam Bình,482 Nguyễn Văn Cừ
5789,An Giang,Xã Tịnh Biên,401 Nguyễn Huệ
5790,TP. Hồ Chí Minh,Phường Tân Bình,22 Nguyễn Trãi
5791,TP. Hồ Chí Minh,Phường An Khánh,496 Nguyễn Văn Cừ
5792,Đồng Tháp,Xã Lai Vung,460 Nguyễn Huệ
5793,Cần Thơ,Phường Ô Môn,410 Nguyễn Huệ
5794,Đồng Tháp,Phường Cao Lãnh,59 Lê Lợi
5795,Đồng Nai,Xã Long Thành,495 Nguyễn Trãi
5796,Đồng Nai,Phường Long Khánh,95 3 Tháng 2
5797,Tây Ninh,Phường Tây Ninh,458 Quang Trung
5798,Cần Thơ,Xã Phong Điền,291 Lê Lợi
5799,TP. Hồ Chí Minh,Phường Chợ Lớn,316 Pasteur
5800,Đồng Nai,Phường Biên Hòa,276 Điện Biên Phủ
5801,An Giang,Xã Tịnh Biên,549 Phạm Văn Đồng
5802,TP. Hồ Chí Minh,Phường Bình Thạnh,441 Phạm Văn Đồng
5803,Đồng Nai,Phường Biên Hòa,222 Nguyễn Văn Cừ
5804,An Giang,Xã Chợ Mới,556 Cách Mạng Tháng Tám
5805,Tây Ninh,Phường Trảng Bàng,413 Nguyễn Trãi
5806,Cần Thơ,Phường Cái Răng,260 Nguyễn Văn Cừ
5807,Tây Ninh,Xã Gò Dầu,525 Nguyễn Trãi
5808,Tây Ninh,Xã Dương Minh Châu,388 Võ Văn Kiệt
5809,TP. Hồ Chí Minh,Phường Sài Gòn,337 Quang Trung
5810,TP. Hồ Chí Minh,Phường Chợ Lớn,503 Hai Bà Trưng
5811,Vĩnh Long,Phường Vĩnh Long,508 Hai Bà Trưng
5812,Đồng Nai,Xã Nhơn Trạch,320 Hai Bà Trưng
5813,Cà Mau,Xã U Minh,62 Nam Kỳ Khởi Nghĩa
5814,Cần Thơ,Phường Bình Thủy,325 Lê Lợi
5815,Tây Ninh,Xã Dương Minh Châu,33 Quang Trung
5816,Cần Thơ,Phường Ô Môn,33 3 Tháng 2
5817,Cà Mau,Phường Cà Mau,302 Nguyễn Huệ
5818,Cà Mau,Xã Năm Căn,135 Pasteur
5819,TP. Hồ Chí Minh,Phường Chợ Lớn,159 Hai Bà Trưng
5820,Cà Mau,Xã Đầm Dơi,457 Pasteur
5821,TP. Hồ Chí Minh,Phường Tân Định,508 Nam Kỳ Khởi Nghĩa
5822,Vĩnh Long,Xã Mang Thít,490 Trần Hưng Đạo
5823,An Giang,Xã Tịnh Biên,39 Nam Kỳ Khởi Nghĩa
5824,Vĩnh Long,Phường Vĩnh Long,199 Nam Kỳ Khởi Nghĩa
5825,An Giang,Xã Tri Tôn,543 Cách Mạng Tháng Tám
5826,TP. Hồ Chí Minh,Phường Bình Thạnh,343 Lý Thường Kiệt
5827,Đồng Tháp,Phường Sa Đéc,369 Cách Mạng Tháng Tám
5828,An Giang,Phường Châu Đốc,252 Hai Bà Trưng
5829,An Giang,Phường Long Xuyên,164 Hai Bà Trưng
5830,TP. Hồ Chí Minh,Phường Bình Thạnh,43 Pasteur
5831,TP. Hồ Chí Minh,Phường Chợ Lớn,166 Cách Mạng Tháng Tám
5832,Đồng Nai,Phường Long Khánh,28 Pasteur
5833,TP. Hồ Chí Minh,Phường Tân Định,519 Điện Biên Phủ
5834,TP. Hồ Chí Minh,Phường Bến Thành,394 Trần Hưng Đạo
5835,Đồng Nai,Xã Định Quán,312 Điện Biên Phủ
5836,An Giang,Xã Tịnh Biên,510 Cách Mạng Tháng Tám
5837,TP. Hồ Chí Minh,Phường Chợ Lớn,539 Pasteur
5838,Cần Thơ,Xã Phong Điền,534 Nguyễn Văn Cừ
5839,Tây Ninh,Phường Trảng Bàng,223 Phạm Văn Đồng
5840,TP. Hồ Chí Minh,Phường Chợ Lớn,567 Trần Hưng Đạo
5841,Cần Thơ,Phường Thốt Nốt,515 Cách Mạng Tháng Tám
5842,TP. Hồ Chí Minh,Phường Chợ Lớn,223 Trần Hưng Đạo
5843,Cần Thơ,Phường Bình Thủy,505 Võ Văn Kiệt
5844,Đồng Nai,Phường Trấn Biên,576 Quang Trung
5845,An Giang,Xã Phú Tân,99 Điện Biên Phủ
5846,Vĩnh Long,Xã Mang Thít,143 Nguyễn Trãi
5847,Đồng Nai,Phường Trấn Biên,334 3 Tháng 2
5848,Tây Ninh,Xã Châu Thành,249 Nguyễn Văn Cừ
5849,Đồng Tháp,Xã Lai Vung,21 Nguyễn Văn Cừ
5850,Đồng Nai,Phường Biên Hòa,188 Hai Bà Trưng
5851,Đồng Nai,Phường Long Khánh,221 Điện Biên Phủ
5852,TP. Hồ Chí Minh,Phường Bình Thạnh,589 Quang Trung
5853,Đồng Nai,Phường Long Khánh,200 Võ Văn Kiệt
5854,TP. Hồ Chí Minh,Phường Tân Bình,34 Nguyễn Trãi
5855,Đồng Nai,Xã Định Quán,427 Hai Bà Trưng
5856,Đồng Nai,Xã Nhơn Trạch,176 Phạm Văn Đồng
5857,Đồng Tháp,Xã Tháp Mười,550 Pasteur
5858,TP. Hồ Chí Minh,Phường Thủ Đức,246 Lý Thường Kiệt
5859,TP. Hồ Chí Minh,Phường Sài Gòn,76 Lê Lợi
5860,An Giang,Phường Châu Đốc,161 Nam Kỳ Khởi Nghĩa
5861,Đồng Nai,Xã Long Thành,148 Điện Biên Phủ
5862,Cà Mau,Xã Năm Căn,144 Quang Trung
5863,TP. Hồ Chí Minh,Phường Bến Thành,528 Pasteur
5864,Vĩnh Long,Xã Mang Thít,147 Quang Trung
5865,TP. Hồ Chí Minh,Phường Chợ Lớn,281 Võ Văn Kiệt
5866,TP. Hồ Chí Minh,Phường Bến Thành,537 Nguyễn Huệ
5867,Cần Thơ,Phường Bình Thủy,569 3 Tháng 2
5868,TP. Hồ Chí Minh,Phường Tân Bình,574 Nam Kỳ Khởi Nghĩa
5869,Tây Ninh,Xã Tân Biên,280 Trần Hưng Đạo
5870,Cần Thơ,Phường Thốt Nốt,111 3 Tháng 2
5871,TP. Hồ Chí Minh,Phường Tân Định,177 Phạm Văn Đồng
5872,TP. Hồ Chí Minh,Phường An Khánh,226 Nguyễn Văn Cừ
5873,TP. Hồ Chí Minh,Phường Sài Gòn,38 Lý Thường Kiệt
5874,Đồng Tháp,Xã Lai Vung,38 Hai Bà Trưng
5875,TP. Hồ Chí Minh,Phường Tân Bình,168 Quang Trung
5876,Cần Thơ,Xã Phong Điền,428 3 Tháng 2
5877,Đồng Tháp,Xã Tháp Mười,261 Nguyễn Văn Cừ
5878,TP. Hồ Chí Minh,Phường Chợ Lớn,567 Lê Lợi
5879,Cà Mau,Xã U Minh,68 Nguyễn Trãi
5880,TP. Hồ Chí Minh,Phường Thủ Đức,340 Nguyễn Văn Cừ
5881,Vĩnh Long,Xã Mang Thít,358 Lý Thường Kiệt
5882,TP. Hồ Chí Minh,Phường Bến Thành,35 Điện Biên Phủ
5883,Đồng Nai,Phường Trấn Biên,91 Nguyễn Huệ
5884,Cần Thơ,Phường Bình Thủy,491 Hai Bà Trưng
5885,Đồng Tháp,Xã Tháp Mười,367 Trần Hưng Đạo
5886,Cà Mau,Xã Trần Văn Thời,314 Cách Mạng Tháng Tám
5887,Vĩnh Long,Xã Long Hồ,97 Pasteur
5888,TP. Hồ Chí Minh,Phường Sài Gòn,571 Lý Thường Kiệt
5889,TP. Hồ Chí Minh,Phường Thủ Đức,372 Nam Kỳ Khởi Nghĩa
5890,Đồng Nai,Phường Trấn Biên,17 Cách Mạng Tháng Tám
5891,TP. Hồ Chí Minh,Phường Tân Định,464 Nguyễn Trãi
5892,TP. Hồ Chí Minh,Phường Tân Bình,96 Nguyễn Văn Cừ
5893,Đồng Tháp,Xã Lấp Vò,157 Điện Biên Phủ
5894,TP. Hồ Chí Minh,Phường Bình Thạnh,164 Phạm Văn Đồng
5895,Tây Ninh,Xã Tân Biên,467 Lý Thường Kiệt
5896,TP. Hồ Chí Minh,Phường Bình Thạnh,434 Nam Kỳ Khởi Nghĩa
5897,Đồng Nai,Phường Long Khánh,8 Nguyễn Huệ
5898,Tây Ninh,Phường Trảng Bàng,167 3 Tháng 2
5899,Tây Ninh,Xã Dương Minh Châu,149 Pasteur
5900,TP. Hồ Chí Minh,Phường Thủ Đức,93 Hai Bà Trưng
5901,Tây Ninh,Xã Gò Dầu,174 3 Tháng 2
5902,TP. Hồ Chí Minh,Phường Bến Thành,397 Nguyễn Huệ
5903,Đồng Tháp,Phường Sa Đéc,232 Hai Bà Trưng
5904,An Giang,Phường Long Xuyên,6 Hai Bà Trưng
5905,Tây Ninh,Phường Trảng Bàng,516 Nguyễn Huệ
5906,Cần Thơ,Phường Thốt Nốt,545 Trần Hưng Đạo
5907,An Giang,Xã Tri Tôn,434 3 Tháng 2
5908,An Giang,Xã Tri Tôn,271 Điện Biên Phủ
5909,Đồng Tháp,Phường Sa Đéc,497 Nam Kỳ Khởi Nghĩa
5910,Đồng Nai,Phường Trấn Biên,59 Phạm Văn Đồng
5911,An Giang,Xã Tri Tôn,575 Nguyễn Trãi
5912,Tây Ninh,Xã Châu Thành,427 Điện Biên Phủ
5913,Tây Ninh,Phường Tây Ninh,304 Hai Bà Trưng
5914,An Giang,Xã Tịnh Biên,331 Pasteur
5915,Tây Ninh,Phường Tây Ninh,293 Điện Biên Phủ
5916,An Giang,Xã Chợ Mới,210 Phạm Văn Đồng
5917,TP. Hồ Chí Minh,Phường Tân Bình,410 Nguyễn Trãi
5918,TP. Hồ Chí Minh,Phường Bến Thành,405 Nguyễn Huệ
5919,TP. Hồ Chí Minh,Phường Bình Thạnh,261 Hai Bà Trưng
5920,TP. Hồ Chí Minh,Phường Tân Bình,215 Hai Bà Trưng
5921,Đồng Tháp,Xã Lai Vung,217 Trần Hưng Đạo
5922,Cà Mau,Phường Cà Mau,498 Nguyễn Trãi
5923,Đồng Tháp,Phường Sa Đéc,70 Trần Hưng Đạo
5924,TP. Hồ Chí Minh,Phường Tân Bình,219 Điện Biên Phủ
5925,TP. Hồ Chí Minh,Phường Chợ Lớn,143 Nguyễn Huệ
5926,Cần Thơ,Xã Phong Điền,107 Cách Mạng Tháng Tám
5927,TP. Hồ Chí Minh,Phường Sài Gòn,557 Hai Bà Trưng
5928,TP. Hồ Chí Minh,Phường Chợ Lớn,595 Điện Biên Phủ
5929,TP. Hồ Chí Minh,Phường Tân Định,136 3 Tháng 2
5930,Đồng Tháp,Xã Lai Vung,160 Nguyễn Văn Cừ
5931,TP. Hồ Chí Minh,Phường Sài Gòn,546 Phạm Văn Đồng
5932,Cần Thơ,Phường Ninh Kiều,310 3 Tháng 2
5933,Đồng Nai,Phường Trấn Biên,108 Lê Lợi
5934,Đồng Tháp,Phường Sa Đéc,157 Lý Thường Kiệt
5935,TP. Hồ Chí Minh,Phường Bình Thạnh,69 Lê Lợi
5936,TP. Hồ Chí Minh,Phường Tân Định,334 Nguyễn Trãi
5937,Cần Thơ,Phường Bình Thủy,405 3 Tháng 2
5938,TP. Hồ Chí Minh,Phường Thủ Đức,374 Pasteur
5939,An Giang,Xã Tri Tôn,208 3 Tháng 2
5940,Cần Thơ,Xã Phong Điền,487 Võ Văn Kiệt
5941,An Giang,Xã Chợ Mới,334 Quang Trung
5942,Cần Thơ,Xã Phong Điền,520 Trần Hưng Đạo
5943,Đồng Tháp,Xã Lấp Vò,412 Phạm Văn Đồng
5944,TP. Hồ Chí Minh,Phường Tân Bình,69 Nam Kỳ Khởi Nghĩa
5945,TP. Hồ Chí Minh,Phường Sài Gòn,289 Võ Văn Kiệt
5946,TP. Hồ Chí Minh,Phường Tân Định,421 Điện Biên Phủ
5947,Cà Mau,Xã Ngọc Hiển,389 Nguyễn Văn Cừ
5948,TP. Hồ Chí Minh,Phường Thủ Đức,118 Pasteur
5949,An Giang,Xã Tri Tôn,233 Võ Văn Kiệt
5950,TP. Hồ Chí Minh,Phường Bình Thạnh,525 Nguyễn Văn Cừ
5951,TP. Hồ Chí Minh,Phường Tân Bình,110 Lê Lợi
5952,An Giang,Phường Châu Đốc,134 Pasteur
5953,An Giang,Xã Tri Tôn,132 Lê Lợi
5954,Đồng Tháp,Phường Hồng Ngự,239 Nguyễn Văn Cừ
5955,Tây Ninh,Phường Trảng Bàng,332 Nguyễn Văn Cừ
5956,TP. Hồ Chí Minh,Phường An Khánh,195 Võ Văn Kiệt
5957,Đồng Tháp,Phường Sa Đéc,523 Hai Bà Trưng
5958,TP. Hồ Chí Minh,Phường Thủ Đức,193 Quang Trung
5959,TP. Hồ Chí Minh,Phường Bến Thành,414 Điện Biên Phủ
5960,TP. Hồ Chí Minh,Phường Tân Định,422 Lê Lợi
5961,Cần Thơ,Phường Ô Môn,391 Võ Văn Kiệt
5962,An Giang,Xã Chợ Mới,175 Quang Trung
5963,Vĩnh Long,Xã Long Hồ,126 Nam Kỳ Khởi Nghĩa
5964,Tây Ninh,Phường Tây Ninh,198 Cách Mạng Tháng Tám
5965,Cà Mau,Xã U Minh,58 Nguyễn Văn Cừ
5966,TP. Hồ Chí Minh,Phường Chợ Lớn,164 Nguyễn Văn Cừ
5967,Đồng Nai,Xã Long Thành,385 Hai Bà Trưng
5968,Đồng Nai,Xã Nhơn Trạch,16 Lê Lợi
5969,An Giang,Phường Long Xuyên,126 3 Tháng 2
5970,Cần Thơ,Phường Cái Răng,18 Lý Thường Kiệt
5971,An Giang,Xã Tri Tôn,443 Cách Mạng Tháng Tám
5972,Cà Mau,Phường Cà Mau,571 Lý Thường Kiệt
5973,Đồng Tháp,Phường Cao Lãnh,84 Trần Hưng Đạo
5974,Vĩnh Long,Xã Long Hồ,24 Điện Biên Phủ
5975,Cần Thơ,Phường Cái Răng,107 Nguyễn Văn Cừ
5976,Vĩnh Long,Xã Bình Minh,119 Phạm Văn Đồng
5977,Đồng Tháp,Xã Lấp Vò,510 Cách Mạng Tháng Tám
5978,Đồng Nai,Phường Biên Hòa,133 Quang Trung
5979,Vĩnh Long,Xã Long Hồ,140 Cách Mạng Tháng Tám
5980,Cà Mau,Xã Năm Căn,531 Quang Trung
5981,Tây Ninh,Phường Tây Ninh,461 Lý Thường Kiệt
5982,An Giang,Xã Tịnh Biên,182 Phạm Văn Đồng
5983,TP. Hồ Chí Minh,Phường Tân Bình,524 Hai Bà Trưng
5984,TP. Hồ Chí Minh,Phường Tân Bình,246 Cách Mạng Tháng Tám
5985,TP. Hồ Chí Minh,Phường An Khánh,536 Điện Biên Phủ
5986,Tây Ninh,Phường Tây Ninh,541 Nguyễn Văn Cừ
5987,Cà Mau,Xã Đầm Dơi,236 Lê Lợi
5988,Cần Thơ,Phường Thốt Nốt,568 Hai Bà Trưng
5989,An Giang,Xã Tri Tôn,483 Cách Mạng Tháng Tám
5990,Cần Thơ,Phường Cái Răng,196 Quang Trung
5991,TP. Hồ Chí Minh,Phường An Khánh,234 Quang Trung
5992,Tây Ninh,Xã Tân Biên,83 Nam Kỳ Khởi Nghĩa
5993,TP. Hồ Chí Minh,Phường Tân Bình,18 Cách Mạng Tháng Tám
5994,An Giang,Xã Tri Tôn,573 3 Tháng 2
5995,An Giang,Phường Long Xuyên,342 Điện Biên Phủ
5996,Đồng Nai,Xã Nhơn Trạch,148 3 Tháng 2
5997,TP. Hồ Chí Minh,Phường Sài Gòn,73 Nguyễn Văn Cừ
5998,An Giang,Phường Long Xuyên,229 Trần Hưng Đạo
5999,TP. Hồ Chí Minh,Phường Sài Gòn,276 Nguyễn Văn Cừ
6000,An Giang,Xã Tri Tôn,433 Pasteur
6001,Đồng Tháp,Phường Hồng Ngự,243 Nguyễn Huệ
6002,Cần Thơ,Phường Ninh Kiều,437 Nam Kỳ Khởi Nghĩa
6003,Cà Mau,Xã Trần Văn Thời,511 Nam Kỳ Khởi Nghĩa
6004,TP. Hồ Chí Minh,Phường Bình Thạnh,512 Nguyễn Văn Cừ
6005,TP. Hồ Chí Minh,Phường Bến Thành,31 Lý Thường Kiệt
6006,TP. Hồ Chí Minh,Phường An Khánh,340 Pasteur
6007,Vĩnh Long,Xã Bình Minh,554 Võ Văn Kiệt
6008,Đồng Nai,Xã Long Thành,148 Cách Mạng Tháng Tám
6009,An Giang,Phường Long Xuyên,273 Pasteur
6010,An Giang,Xã Chợ Mới,589 Nam Kỳ Khởi Nghĩa
6011,Đồng Nai,Xã Nhơn Trạch,527 Cách Mạng Tháng Tám
6012,TP. Hồ Chí Minh,Phường Tân Định,435 Nguyễn Văn Cừ
6013,Cần Thơ,Xã Phong Điền,359 Nguyễn Trãi
6014,TP. Hồ Chí Minh,Phường An Khánh,347 Trần Hưng Đạo
6015,Đồng Tháp,Xã Tháp Mười,561 Phạm Văn Đồng
6016,An Giang,Phường Long Xuyên,464 Cách Mạng Tháng Tám
6017,TP. Hồ Chí Minh,Phường Bình Thạnh,345 Nam Kỳ Khởi Nghĩa
6018,Vĩnh Long,Xã Mang Thít,12 Pasteur
6019,Cần Thơ,Phường Thốt Nốt,23 Nguyễn Văn Cừ
6020,TP. Hồ Chí Minh,Phường An Khánh,31 Võ Văn Kiệt
6021,Vĩnh Long,Xã Long Hồ,2 Cách Mạng Tháng Tám
6022,TP. Hồ Chí Minh,Phường Thủ Đức,410 Quang Trung
6023,An Giang,Phường Long Xuyên,322 Nguyễn Văn Cừ
6024,Vĩnh Long,Xã Tam Bình,63 Hai Bà Trưng
6025,TP. Hồ Chí Minh,Phường Tân Bình,195 Phạm Văn Đồng
6026,TP. Hồ Chí Minh,Phường Tân Bình,101 Võ Văn Kiệt
6027,Vĩnh Long,Xã Mang Thít,553 Trần Hưng Đạo
6028,Tây Ninh,Xã Tân Biên,157 Nguyễn Văn Cừ
6029,Đồng Nai,Xã Định Quán,85 Lê Lợi
6030,TP. Hồ Chí Minh,Phường Sài Gòn,575 Lý Thường Kiệt
6031,Vĩnh Long,Phường Vĩnh Long,560 Điện Biên Phủ
6032,Cà Mau,Phường Cà Mau,523 Võ Văn Kiệt
6033,Đồng Nai,Xã Nhơn Trạch,258 Nguyễn Huệ
6034,Đồng Tháp,Xã Lấp Vò,323 Điện Biên Phủ
6035,Vĩnh Long,Xã Tam Bình,107 Hai Bà Trưng
6036,TP. Hồ Chí Minh,Phường Bến Thành,528 Hai Bà Trưng
6037,TP. Hồ Chí Minh,Phường An Khánh,598 Nguyễn Huệ
6038,An Giang,Xã Tịnh Biên,392 Pasteur
6039,Tây Ninh,Phường Tây Ninh,219 Phạm Văn Đồng
6040,TP. Hồ Chí Minh,Phường An Khánh,247 3 Tháng 2
6041,TP. Hồ Chí Minh,Phường Bình Thạnh,482 3 Tháng 2
6042,Cần Thơ,Phường Ninh Kiều,39 Nguyễn Văn Cừ
6043,Cà Mau,Xã Ngọc Hiển,449 Phạm Văn Đồng
6044,TP. Hồ Chí Minh,Phường Bình Thạnh,419 Lê Lợi
6045,An Giang,Phường Long Xuyên,418 Võ Văn Kiệt
6046,Đồng Nai,Xã Long Thành,224 Trần Hưng Đạo
6047,TP. Hồ Chí Minh,Phường Tân Định,492 Pasteur
6048,TP. Hồ Chí Minh,Phường Tân Bình,553 Hai Bà Trưng
6049,An Giang,Xã Tri Tôn,313 Phạm Văn Đồng
6050,TP. Hồ Chí Minh,Phường Tân Định,590 Pasteur
6051,An Giang,Phường Châu Đốc,297 Lý Thường Kiệt
6052,TP. Hồ Chí Minh,Phường Chợ Lớn,562 Cách Mạng Tháng Tám
6053,An Giang,Xã Phú Tân,105 Lý Thường Kiệt
6054,TP. Hồ Chí Minh,Phường Chợ Lớn,152 Nguyễn Trãi
6055,Cà Mau,Phường Cà Mau,356 Lý Thường Kiệt
6056,Cần Thơ,Phường Ô Môn,46 Lý Thường Kiệt
6057,Vĩnh Long,Xã Bình Minh,504 Nam Kỳ Khởi Nghĩa
6058,Tây Ninh,Xã Tân Biên,508 Nguyễn Huệ
6059,Vĩnh Long,Xã Bình Minh,331 3 Tháng 2
6060,TP. Hồ Chí Minh,Phường Bến Thành,318 Quang Trung
6061,An Giang,Xã Tịnh Biên,282 Phạm Văn Đồng
6062,TP. Hồ Chí Minh,Phường Chợ Lớn,198 Trần Hưng Đạo
6063,TP. Hồ Chí Minh,Phường Bến Thành,230 Quang Trung
6064,Đồng Tháp,Xã Lấp Vò,451 Hai Bà Trưng
6065,An Giang,Phường Châu Đốc,178 3 Tháng 2
6066,Đồng Nai,Phường Biên Hòa,112 Quang Trung
6067,TP. Hồ Chí Minh,Phường Chợ Lớn,475 Nguyễn Trãi
6068,Tây Ninh,Xã Tân Biên,419 3 Tháng 2
6069,Vĩnh Long,Xã Tam Bình,171 Lý Thường Kiệt
6070,Đồng Tháp,Phường Hồng Ngự,426 3 Tháng 2
6071,TP. Hồ Chí Minh,Phường Bình Thạnh,451 Pasteur
6072,An Giang,Xã Tịnh Biên,315 Nguyễn Huệ
6073,TP. Hồ Chí Minh,Phường Tân Bình,570 3 Tháng 2
6074,Cần Thơ,Phường Thốt Nốt,310 Phạm Văn Đồng
6075,TP. Hồ Chí Minh,Phường Chợ Lớn,12 Nam Kỳ Khởi Nghĩa
6076,TP. Hồ Chí Minh,Phường Sài Gòn,104 Nguyễn Văn Cừ
6077,Tây Ninh,Phường Trảng Bàng,233 Điện Biên Phủ
6078,TP. Hồ Chí Minh,Phường Thủ Đức,212 Nguyễn Văn Cừ
6079,TP. Hồ Chí Minh,Phường Tân Bình,437 Lê Lợi
6080,Cần Thơ,Phường Bình Thủy,376 Nguyễn Văn Cừ
6081,TP. Hồ Chí Minh,Phường Bình Thạnh,226 Điện Biên Phủ
6082,TP. Hồ Chí Minh,Phường An Khánh,99 Nguyễn Huệ
6083,TP. Hồ Chí Minh,Phường Thủ Đức,253 3 Tháng 2
6084,TP. Hồ Chí Minh,Phường An Khánh,129 Điện Biên Phủ
6085,Tây Ninh,Xã Dương Minh Châu,246 Pasteur
6086,TP. Hồ Chí Minh,Phường Bình Thạnh,246 Nam Kỳ Khởi Nghĩa
6087,Tây Ninh,Phường Tây Ninh,548 Hai Bà Trưng
6088,TP. Hồ Chí Minh,Phường Tân Định,157 Lê Lợi
6089,Cần Thơ,Xã Phong Điền,541 Nguyễn Huệ
6090,TP. Hồ Chí Minh,Phường Bình Thạnh,323 Quang Trung
6091,An Giang,Xã Chợ Mới,302 Nguyễn Trãi
6092,Cần Thơ,Phường Cái Răng,74 Pasteur
6093,TP. Hồ Chí Minh,Phường Chợ Lớn,221 Võ Văn Kiệt
6094,Cà Mau,Xã Đầm Dơi,202 Lê Lợi
6095,TP. Hồ Chí Minh,Phường Bến Thành,266 Trần Hưng Đạo
6096,TP. Hồ Chí Minh,Phường Thủ Đức,520 Nam Kỳ Khởi Nghĩa
6097,Đồng Tháp,Xã Lấp Vò,325 Điện Biên Phủ
6098,Tây Ninh,Xã Dương Minh Châu,310 Nguyễn Huệ
6099,Cần Thơ,Phường Ô Môn,71 Trần Hưng Đạo
6100,Cần Thơ,Phường Bình Thủy,23 Điện Biên Phủ
6101,TP. Hồ Chí Minh,Phường Tân Bình,258 Nguyễn Huệ
6102,TP. Hồ Chí Minh,Phường Tân Định,214 Lê Lợi
6103,TP. Hồ Chí Minh,Phường Bến Thành,278 Nguyễn Huệ
6104,An Giang,Xã Phú Tân,160 Trần Hưng Đạo
6105,TP. Hồ Chí Minh,Phường Bình Thạnh,203 3 Tháng 2
6106,Đồng Nai,Xã Nhơn Trạch,260 Phạm Văn Đồng
6107,Đồng Tháp,Phường Cao Lãnh,486 3 Tháng 2
6108,TP. Hồ Chí Minh,Phường An Khánh,39 Điện Biên Phủ
6109,Đồng Nai,Phường Trấn Biên,223 Phạm Văn Đồng
6110,An Giang,Phường Châu Đốc,228 3 Tháng 2
6111,TP. Hồ Chí Minh,Phường Bến Thành,256 Trần Hưng Đạo
6112,Vĩnh Long,Xã Mang Thít,435 Pasteur
6113,Đồng Tháp,Xã Tháp Mười,77 Quang Trung
6114,Đồng Tháp,Xã Tháp Mười,145 Võ Văn Kiệt
6115,Cà Mau,Phường Cà Mau,374 Pasteur
6116,TP. Hồ Chí Minh,Phường Tân Định,475 Nguyễn Trãi
6117,TP. Hồ Chí Minh,Phường Bến Thành,208 Võ Văn Kiệt
6118,An Giang,Phường Châu Đốc,226 Võ Văn Kiệt
6119,TP. Hồ Chí Minh,Phường An Khánh,586 Điện Biên Phủ
6120,An Giang,Phường Long Xuyên,561 Nguyễn Trãi
6121,Đồng Tháp,Xã Lấp Vò,558 Nam Kỳ Khởi Nghĩa
6122,TP. Hồ Chí Minh,Phường An Khánh,524 Hai Bà Trưng
6123,Đồng Nai,Phường Trấn Biên,14 Lê Lợi
6124,Tây Ninh,Xã Dương Minh Châu,597 Quang Trung
6125,TP. Hồ Chí Minh,Phường Sài Gòn,64 Nam Kỳ Khởi Nghĩa
6126,TP. Hồ Chí Minh,Phường Bến Thành,219 Nguyễn Huệ
6127,TP. Hồ Chí Minh,Phường Sài Gòn,343 Lý Thường Kiệt
6128,An Giang,Xã Chợ Mới,182 Điện Biên Phủ
6129,Vĩnh Long,Xã Long Hồ,320 Phạm Văn Đồng
6130,Đồng Nai,Phường Biên Hòa,245 Lý Thường Kiệt
6131,Vĩnh Long,Phường Vĩnh Long,536 Điện Biên Phủ
6132,TP. Hồ Chí Minh,Phường Tân Định,250 Nguyễn Trãi
6133,Cần Thơ,Phường Ô Môn,448 Lý Thường Kiệt
6134,Đồng Nai,Xã Định Quán,68 Nguyễn Huệ
6135,Cà Mau,Xã Đầm Dơi,74 Lê Lợi
6136,TP. Hồ Chí Minh,Phường Bến Thành,197 Quang Trung
6137,Đồng Nai,Phường Biên Hòa,330 Lý Thường Kiệt
6138,Đồng Nai,Phường Biên Hòa,196 Lý Thường Kiệt
6139,An Giang,Phường Long Xuyên,395 Lê Lợi
6140,Cà Mau,Xã Đầm Dơi,338 Quang Trung
6141,Đồng Tháp,Phường Hồng Ngự,25 Điện Biên Phủ
6142,Đồng Nai,Phường Long Khánh,120 Võ Văn Kiệt
6143,Đồng Tháp,Xã Tháp Mười,52 Hai Bà Trưng
6144,Cần Thơ,Phường Bình Thủy,367 Hai Bà Trưng
6145,Tây Ninh,Xã Tân Biên,99 Trần Hưng Đạo
6146,TP. Hồ Chí Minh,Phường Bình Thạnh,274 Quang Trung
6147,Vĩnh Long,Xã Trà Ôn,232 Quang Trung
6148,Cà Mau,Xã Đầm Dơi,60 Lê Lợi
6149,TP. Hồ Chí Minh,Phường Bình Thạnh,82 Cách Mạng Tháng Tám
6150,Cà Mau,Xã Năm Căn,345 Nguyễn Trãi
6151,TP. Hồ Chí Minh,Phường Sài Gòn,147 Cách Mạng Tháng Tám
6152,Vĩnh Long,Xã Tam Bình,395 Hai Bà Trưng
6153,Cần Thơ,Xã Phong Điền,407 Phạm Văn Đồng
6154,Cần Thơ,Xã Phong Điền,76 Phạm Văn Đồng
6155,Tây Ninh,Xã Gò Dầu,336 Nam Kỳ Khởi Nghĩa
6156,TP. Hồ Chí Minh,Phường Bến Thành,71 Điện Biên Phủ
6157,Đồng Nai,Xã Định Quán,321 Nguyễn Văn Cừ
6158,TP. Hồ Chí Minh,Phường Thủ Đức,516 Nguyễn Trãi
6159,An Giang,Xã Chợ Mới,357 Lê Lợi
6160,Vĩnh Long,Xã Tam Bình,482 Nguyễn Trãi
6161,TP. Hồ Chí Minh,Phường Thủ Đức,87 Lý Thường Kiệt
6162,TP. Hồ Chí Minh,Phường Tân Định,237 Võ Văn Kiệt
6163,TP. Hồ Chí Minh,Phường Bình Thạnh,417 Lê Lợi
6164,Đồng Nai,Phường Trấn Biên,460 Nguyễn Huệ
6165,TP. Hồ Chí Minh,Phường Tân Định,587 Lê Lợi
6166,An Giang,Phường Châu Đốc,443 Lê Lợi
6167,Vĩnh Long,Phường Vĩnh Long,144 Lê Lợi
6168,Đồng Nai,Phường Trấn Biên,122 Hai Bà Trưng
6169,TP. Hồ Chí Minh,Phường Tân Bình,164 Phạm Văn Đồng
6170,Vĩnh Long,Xã Trà Ôn,267 Cách Mạng Tháng Tám
6171,Vĩnh Long,Xã Long Hồ,358 Phạm Văn Đồng
6172,An Giang,Xã Tri Tôn,522 Võ Văn Kiệt
6173,An Giang,Xã Chợ Mới,32 Cách Mạng Tháng Tám
6174,Cà Mau,Phường Cà Mau,79 Quang Trung
6175,Tây Ninh,Xã Tân Biên,282 Nguyễn Văn Cừ
6176,Đồng Nai,Xã Nhơn Trạch,445 Võ Văn Kiệt
6177,TP. Hồ Chí Minh,Phường An Khánh,480 Lê Lợi
6178,Đồng Tháp,Phường Sa Đéc,234 Trần Hưng Đạo
6179,Tây Ninh,Xã Tân Biên,154 Nguyễn Văn Cừ
6180,An Giang,Xã Chợ Mới,578 Quang Trung
6181,TP. Hồ Chí Minh,Phường Tân Bình,47 Nguyễn Trãi
6182,Vĩnh Long,Xã Tam Bình,224 3 Tháng 2
6183,Đồng Tháp,Xã Lấp Vò,563 Lê Lợi
6184,Tây Ninh,Xã Dương Minh Châu,287 3 Tháng 2
6185,TP. Hồ Chí Minh,Phường Sài Gòn,108 Võ Văn Kiệt
6186,TP. Hồ Chí Minh,Phường Chợ Lớn,240 Nam Kỳ Khởi Nghĩa
6187,Cần Thơ,Phường Bình Thủy,497 3 Tháng 2
6188,TP. Hồ Chí Minh,Phường Tân Bình,521 Trần Hưng Đạo
6189,Vĩnh Long,Xã Bình Minh,508 Lý Thường Kiệt
6190,Đồng Tháp,Xã Lai Vung,345 Nguyễn Văn Cừ
6191,Tây Ninh,Xã Châu Thành,327 3 Tháng 2
6192,Cần Thơ,Xã Phong Điền,252 Võ Văn Kiệt
6193,Đồng Tháp,Xã Lấp Vò,1 Nguyễn Văn Cừ
6194,Đồng Nai,Xã Định Quán,378 3 Tháng 2
6195,TP. Hồ Chí Minh,Phường Thủ Đức,177 Cách Mạng Tháng Tám
6196,TP. Hồ Chí Minh,Phường Sài Gòn,388 Điện Biên Phủ
6197,Đồng Nai,Xã Nhơn Trạch,311 Lý Thường Kiệt
6198,Đồng Tháp,Xã Lai Vung,448 Quang Trung
6199,TP. Hồ Chí Minh,Phường An Khánh,315 Trần Hưng Đạo
6200,Đồng Nai,Xã Định Quán,325 Lý Thường Kiệt
6201,Cần Thơ,Phường Bình Thủy,203 Quang Trung
6202,TP. Hồ Chí Minh,Phường Bến Thành,310 Lê Lợi
6203,Cần Thơ,Phường Cái Răng,440 Trần Hưng Đạo
6204,Cà Mau,Phường Cà Mau,496 Nam Kỳ Khởi Nghĩa
6205,An Giang,Xã Chợ Mới,293 Phạm Văn Đồng
6206,Cần Thơ,Phường Thốt Nốt,269 Nguyễn Văn Cừ
6207,TP. Hồ Chí Minh,Phường Sài Gòn,127 Lý Thường Kiệt
6208,Cần Thơ,Xã Phong Điền,286 Nguyễn Trãi
6209,Vĩnh Long,Xã Tam Bình,429 Nam Kỳ Khởi Nghĩa
6210,Đồng Nai,Xã Long Thành,592 Nguyễn Trãi
6211,Đồng Tháp,Phường Sa Đéc,138 Cách Mạng Tháng Tám
6212,Đồng Tháp,Phường Sa Đéc,546 3 Tháng 2
6213,Vĩnh Long,Phường Vĩnh Long,18 Nguyễn Huệ
6214,TP. Hồ Chí Minh,Phường Bình Thạnh,8 Pasteur
6215,Cà Mau,Xã Ngọc Hiển,60 Pasteur
6216,An Giang,Xã Chợ Mới,170 Hai Bà Trưng
6217,Đồng Nai,Phường Trấn Biên,266 Hai Bà Trưng
6218,Cà Mau,Phường Cà Mau,259 Quang Trung
6219,Tây Ninh,Xã Tân Biên,159 Phạm Văn Đồng
6220,Cần Thơ,Xã Phong Điền,73 Võ Văn Kiệt
6221,TP. Hồ Chí Minh,Phường Tân Bình,367 Cách Mạng Tháng Tám
6222,TP. Hồ Chí Minh,Phường Bến Thành,387 Nam Kỳ Khởi Nghĩa
6223,TP. Hồ Chí Minh,Phường Tân Định,405 Pasteur
6224,TP. Hồ Chí Minh,Phường Thủ Đức,307 Lê Lợi
6225,Cần Thơ,Phường Ô Môn,92 Phạm Văn Đồng
6226,Đồng Tháp,Xã Lai Vung,574 Nguyễn Huệ
6227,TP. Hồ Chí Minh,Phường Chợ Lớn,253 Pasteur
6228,An Giang,Phường Châu Đốc,117 Nguyễn Trãi
6229,TP. Hồ Chí Minh,Phường Bình Thạnh,222 Cách Mạng Tháng Tám
6230,TP. Hồ Chí Minh,Phường Tân Định,439 Hai Bà Trưng
6231,Đồng Nai,Xã Định Quán,505 Võ Văn Kiệt
6232,Đồng Tháp,Phường Cao Lãnh,462 Lê Lợi
6233,Cần Thơ,Phường Ô Môn,335 Võ Văn Kiệt
6234,Cần Thơ,Phường Cái Răng,255 Pasteur
6235,Vĩnh Long,Xã Trà Ôn,259 Điện Biên Phủ
6236,Đồng Nai,Phường Biên Hòa,531 Trần Hưng Đạo
6237,TP. Hồ Chí Minh,Phường Bến Thành,459 Võ Văn Kiệt
6238,Vĩnh Long,Xã Mang Thít,460 Nguyễn Trãi
6239,An Giang,Phường Long Xuyên,148 3 Tháng 2
6240,Đồng Tháp,Phường Sa Đéc,294 Nguyễn Huệ
6241,Cà Mau,Xã Đầm Dơi,109 Nguyễn Huệ
6242,Cần Thơ,Phường Bình Thủy,209 Nguyễn Huệ
6243,Đồng Tháp,Phường Hồng Ngự,41 Phạm Văn Đồng
6244,Vĩnh Long,Xã Trà Ôn,371 Lý Thường Kiệt
6245,TP. Hồ Chí Minh,Phường Chợ Lớn,117 Cách Mạng Tháng Tám
6246,Đồng Nai,Phường Biên Hòa,578 Nguyễn Văn Cừ
6247,Đồng Nai,Xã Định Quán,418 3 Tháng 2
6248,TP. Hồ Chí Minh,Phường An Khánh,561 Pasteur
6249,Cà Mau,Xã Ngọc Hiển,129 Nguyễn Trãi
6250,Cần Thơ,Phường Thốt Nốt,322 3 Tháng 2
6251,Đồng Nai,Phường Biên Hòa,240 Võ Văn Kiệt
6252,Vĩnh Long,Phường Vĩnh Long,162 Cách Mạng Tháng Tám
6253,An Giang,Phường Long Xuyên,277 Nguyễn Văn Cừ
6254,An Giang,Xã Tịnh Biên,135 Nguyễn Văn Cừ
6255,Đồng Tháp,Xã Tháp Mười,521 Hai Bà Trưng
6256,Đồng Nai,Xã Long Thành,419 Võ Văn Kiệt
6257,TP. Hồ Chí Minh,Phường Chợ Lớn,554 Điện Biên Phủ
6258,Tây Ninh,Xã Châu Thành,57 Cách Mạng Tháng Tám
6259,Đồng Tháp,Xã Tháp Mười,176 Cách Mạng Tháng Tám
6260,TP. Hồ Chí Minh,Phường Tân Bình,285 Điện Biên Phủ
6261,TP. Hồ Chí Minh,Phường Thủ Đức,101 Lý Thường Kiệt
6262,Tây Ninh,Xã Châu Thành,85 Nguyễn Văn Cừ
6263,Vĩnh Long,Xã Tam Bình,51 Trần Hưng Đạo
6264,Đồng Nai,Phường Trấn Biên,401 Phạm Văn Đồng
6265,Đồng Tháp,Phường Cao Lãnh,182 Nam Kỳ Khởi Nghĩa
6266,Đồng Tháp,Phường Cao Lãnh,277 Lý Thường Kiệt
6267,An Giang,Xã Tri Tôn,16 Lý Thường Kiệt
6268,Vĩnh Long,Xã Trà Ôn,436 Phạm Văn Đồng
6269,TP. Hồ Chí Minh,Phường An Khánh,318 Nguyễn Văn Cừ
6270,TP. Hồ Chí Minh,Phường Bến Thành,158 Phạm Văn Đồng
6271,Cần Thơ,Phường Thốt Nốt,86 Hai Bà Trưng
6272,Đồng Tháp,Phường Cao Lãnh,62 Phạm Văn Đồng
6273,TP. Hồ Chí Minh,Phường Sài Gòn,229 Lê Lợi
6274,Cà Mau,Xã Ngọc Hiển,136 Cách Mạng Tháng Tám
6275,TP. Hồ Chí Minh,Phường Tân Bình,42 Nguyễn Trãi
6276,Vĩnh Long,Xã Bình Minh,286 Hai Bà Trưng
6277,Đồng Nai,Phường Long Khánh,442 Hai Bà Trưng
6278,An Giang,Xã Tri Tôn,79 Võ Văn Kiệt
6279,TP. Hồ Chí Minh,Phường Bến Thành,80 Trần Hưng Đạo
6280,Đồng Nai,Xã Long Thành,207 Trần Hưng Đạo
6281,Cà Mau,Xã U Minh,472 Lê Lợi
6282,TP. Hồ Chí Minh,Phường Sài Gòn,20 Lê Lợi
6283,TP. Hồ Chí Minh,Phường Tân Định,14 Cách Mạng Tháng Tám
6284,Cà Mau,Xã U Minh,536 Nam Kỳ Khởi Nghĩa
6285,TP. Hồ Chí Minh,Phường Tân Định,216 Trần Hưng Đạo
6286,Tây Ninh,Phường Trảng Bàng,474 Nguyễn Văn Cừ
6287,Đồng Nai,Phường Long Khánh,533 Pasteur
6288,TP. Hồ Chí Minh,Phường Tân Bình,88 Võ Văn Kiệt
6289,Đồng Nai,Xã Long Thành,233 Điện Biên Phủ
6290,Đồng Tháp,Xã Lấp Vò,85 3 Tháng 2
6291,TP. Hồ Chí Minh,Phường Thủ Đức,596 Quang Trung
6292,Cà Mau,Xã Trần Văn Thời,254 Cách Mạng Tháng Tám
6293,Vĩnh Long,Xã Trà Ôn,472 Cách Mạng Tháng Tám
6294,TP. Hồ Chí Minh,Phường Tân Định,538 Nguyễn Văn Cừ
6295,TP. Hồ Chí Minh,Phường Tân Định,169 Nguyễn Huệ
6296,TP. Hồ Chí Minh,Phường Tân Định,98 Nguyễn Huệ
6297,TP. Hồ Chí Minh,Phường Bến Thành,481 Quang Trung
6298,An Giang,Phường Châu Đốc,236 Pasteur
6299,An Giang,Xã Tri Tôn,180 Quang Trung
6300,Tây Ninh,Phường Trảng Bàng,54 Nguyễn Văn Cừ
6301,Đồng Tháp,Phường Sa Đéc,10 Hai Bà Trưng
6302,Cần Thơ,Phường Bình Thủy,157 Lý Thường Kiệt
6303,Cần Thơ,Phường Bình Thủy,389 Nguyễn Văn Cừ
6304,Tây Ninh,Phường Trảng Bàng,401 Lê Lợi
6305,Đồng Nai,Phường Biên Hòa,277 Pasteur
6306,Đồng Tháp,Xã Lấp Vò,545 Cách Mạng Tháng Tám
6307,Tây Ninh,Xã Gò Dầu,138 Pasteur
6308,Cần Thơ,Phường Cái Răng,117 Cách Mạng Tháng Tám
6309,TP. Hồ Chí Minh,Phường Tân Bình,462 Nguyễn Trãi
6310,TP. Hồ Chí Minh,Phường Bình Thạnh,365 Pasteur
6311,Đồng Nai,Phường Biên Hòa,554 Nam Kỳ Khởi Nghĩa
6312,An Giang,Xã Phú Tân,499 Phạm Văn Đồng
6313,TP. Hồ Chí Minh,Phường Tân Bình,559 Điện Biên Phủ
6314,Cà Mau,Phường Cà Mau,99 Hai Bà Trưng
6315,TP. Hồ Chí Minh,Phường Bình Thạnh,408 Lê Lợi
6316,Đồng Nai,Xã Long Thành,280 Nguyễn Văn Cừ
6317,An Giang,Phường Châu Đốc,59 Nam Kỳ Khởi Nghĩa
6318,Đồng Nai,Phường Biên Hòa,441 Pasteur
6319,Cần Thơ,Phường Bình Thủy,184 Hai Bà Trưng
6320,Cần Thơ,Phường Cái Răng,477 Phạm Văn Đồng
6321,Vĩnh Long,Xã Bình Minh,96 3 Tháng 2
6322,TP. Hồ Chí Minh,Phường Sài Gòn,22 Nam Kỳ Khởi Nghĩa
6323,TP. Hồ Chí Minh,Phường Thủ Đức,242 Pasteur
6324,TP. Hồ Chí Minh,Phường Chợ Lớn,569 Quang Trung
6325,TP. Hồ Chí Minh,Phường Bình Thạnh,11 Võ Văn Kiệt
6326,TP. Hồ Chí Minh,Phường Sài Gòn,400 Quang Trung
6327,Vĩnh Long,Xã Bình Minh,434 Pasteur
6328,Cần Thơ,Xã Phong Điền,292 Lê Lợi
6329,An Giang,Xã Chợ Mới,269 Lê Lợi
6330,Cà Mau,Xã Ngọc Hiển,112 Quang Trung
6331,Đồng Tháp,Phường Cao Lãnh,43 Lý Thường Kiệt
6332,TP. Hồ Chí Minh,Phường Bến Thành,125 Nam Kỳ Khởi Nghĩa
6333,Vĩnh Long,Xã Trà Ôn,392 Lê Lợi
6334,Đồng Tháp,Phường Sa Đéc,328 Nguyễn Văn Cừ
6335,Tây Ninh,Xã Dương Minh Châu,410 Nguyễn Văn Cừ
6336,TP. Hồ Chí Minh,Phường Tân Định,434 Nguyễn Trãi
6337,Tây Ninh,Xã Dương Minh Châu,553 Nguyễn Huệ
6338,An Giang,Xã Phú Tân,309 Quang Trung
6339,Đồng Nai,Xã Long Thành,35 Nguyễn Huệ
6340,Vĩnh Long,Xã Long Hồ,569 Pasteur
6341,TP. Hồ Chí Minh,Phường Tân Định,299 Hai Bà Trưng
6342,Đồng Tháp,Xã Tháp Mười,544 Hai Bà Trưng
6343,Đồng Nai,Phường Long Khánh,355 Cách Mạng Tháng Tám
6344,Đồng Nai,Xã Định Quán,484 3 Tháng 2
6345,TP. Hồ Chí Minh,Phường Tân Bình,489 Nam Kỳ Khởi Nghĩa
6346,TP. Hồ Chí Minh,Phường An Khánh,114 Lê Lợi
6347,An Giang,Xã Tri Tôn,282 Phạm Văn Đồng
6348,Cà Mau,Xã Trần Văn Thời,483 Pasteur
6349,TP. Hồ Chí Minh,Phường An Khánh,88 Lý Thường Kiệt
6350,TP. Hồ Chí Minh,Phường Bến Thành,317 Lý Thường Kiệt
6351,TP. Hồ Chí Minh,Phường Tân Định,456 Lê Lợi
6352,Đồng Nai,Phường Trấn Biên,419 Nam Kỳ Khởi Nghĩa
6353,Vĩnh Long,Xã Tam Bình,162 Trần Hưng Đạo
6354,Cà Mau,Phường Cà Mau,430 Hai Bà Trưng
6355,Cần Thơ,Xã Phong Điền,266 3 Tháng 2
6356,Tây Ninh,Xã Dương Minh Châu,214 Pasteur
6357,Cà Mau,Xã Ngọc Hiển,555 Điện Biên Phủ
6358,Đồng Nai,Xã Nhơn Trạch,357 Lê Lợi
6359,Tây Ninh,Xã Dương Minh Châu,68 3 Tháng 2
6360,Cần Thơ,Xã Phong Điền,557 Pasteur
6361,TP. Hồ Chí Minh,Phường An Khánh,398 Nguyễn Trãi
6362,Cà Mau,Xã Trần Văn Thời,86 Cách Mạng Tháng Tám
6363,An Giang,Phường Long Xuyên,36 3 Tháng 2
6364,Vĩnh Long,Xã Bình Minh,349 Nguyễn Văn Cừ
6365,Đồng Nai,Xã Long Thành,10 Phạm Văn Đồng
6366,Tây Ninh,Phường Tây Ninh,133 Lê Lợi
6367,Đồng Tháp,Phường Sa Đéc,556 Phạm Văn Đồng
6368,TP. Hồ Chí Minh,Phường Thủ Đức,328 Pasteur
6369,TP. Hồ Chí Minh,Phường Thủ Đức,396 Trần Hưng Đạo
6370,Vĩnh Long,Phường Vĩnh Long,596 Lê Lợi
6371,Tây Ninh,Xã Châu Thành,454 Quang Trung
6372,An Giang,Xã Phú Tân,305 Quang Trung
6373,An Giang,Phường Long Xuyên,38 Nam Kỳ Khởi Nghĩa
6374,Cần Thơ,Phường Ô Môn,435 Nguyễn Văn Cừ
6375,Cà Mau,Xã U Minh,153 Quang Trung
6376,An Giang,Xã Tri Tôn,341 Lý Thường Kiệt
6377,TP. Hồ Chí Minh,Phường Bến Thành,98 Nam Kỳ Khởi Nghĩa
6378,Tây Ninh,Xã Gò Dầu,146 Nguyễn Văn Cừ
6379,Cần Thơ,Phường Thốt Nốt,369 Trần Hưng Đạo
6380,Đồng Nai,Xã Long Thành,366 Quang Trung
6381,Đồng Tháp,Xã Tháp Mười,133 Quang Trung
6382,Tây Ninh,Xã Châu Thành,486 Nguyễn Văn Cừ
6383,An Giang,Phường Long Xuyên,291 Phạm Văn Đồng
6384,TP. Hồ Chí Minh,Phường Thủ Đức,519 Nguyễn Huệ
6385,Đồng Tháp,Phường Hồng Ngự,443 3 Tháng 2
6386,TP. Hồ Chí Minh,Phường Bến Thành,413 Nguyễn Huệ
6387,TP. Hồ Chí Minh,Phường Tân Bình,562 Nguyễn Văn Cừ
6388,Đồng Nai,Xã Định Quán,410 Pasteur
6389,Cà Mau,Xã U Minh,327 Trần Hưng Đạo
6390,Vĩnh Long,Xã Bình Minh,384 Lê Lợi
6391,TP. Hồ Chí Minh,Phường Sài Gòn,373 Lý Thường Kiệt
6392,TP. Hồ Chí Minh,Phường Bến Thành,199 Cách Mạng Tháng Tám
6393,Đồng Tháp,Xã Lai Vung,103 Quang Trung
6394,Đồng Nai,Xã Long Thành,542 Cách Mạng Tháng Tám
6395,Đồng Nai,Phường Long Khánh,517 Phạm Văn Đồng
6396,Đồng Nai,Xã Nhơn Trạch,85 Hai Bà Trưng
6397,TP. Hồ Chí Minh,Phường Chợ Lớn,261 3 Tháng 2
6398,Vĩnh Long,Xã Mang Thít,485 Điện Biên Phủ
6399,TP. Hồ Chí Minh,Phường Tân Bình,92 Pasteur
6400,Cà Mau,Xã Đầm Dơi,539 Phạm Văn Đồng
6401,TP. Hồ Chí Minh,Phường Tân Bình,241 Võ Văn Kiệt
6402,TP. Hồ Chí Minh,Phường Thủ Đức,189 Nam Kỳ Khởi Nghĩa
6403,Đồng Nai,Phường Biên Hòa,276 Cách Mạng Tháng Tám
6404,Đồng Tháp,Xã Tháp Mười,278 Võ Văn Kiệt
6405,Đồng Tháp,Xã Lai Vung,563 Hai Bà Trưng
6406,TP. Hồ Chí Minh,Phường Bình Thạnh,339 3 Tháng 2
6407,Đồng Nai,Phường Biên Hòa,531 Nguyễn Trãi
6408,TP. Hồ Chí Minh,Phường Thủ Đức,531 Nguyễn Văn Cừ
6409,Cần Thơ,Phường Ninh Kiều,46 Trần Hưng Đạo
6410,TP. Hồ Chí Minh,Phường Chợ Lớn,149 Pasteur
6411,TP. Hồ Chí Minh,Phường An Khánh,547 3 Tháng 2
6412,Tây Ninh,Xã Dương Minh Châu,514 Cách Mạng Tháng Tám
6413,TP. Hồ Chí Minh,Phường Chợ Lớn,5 Võ Văn Kiệt
6414,Đồng Nai,Phường Trấn Biên,481 Phạm Văn Đồng
6415,TP. Hồ Chí Minh,Phường Tân Định,410 Lý Thường Kiệt
6416,Tây Ninh,Xã Dương Minh Châu,418 Trần Hưng Đạo
6417,TP. Hồ Chí Minh,Phường Sài Gòn,483 Võ Văn Kiệt
6418,An Giang,Xã Phú Tân,355 Nguyễn Văn Cừ
6419,Đồng Nai,Xã Định Quán,23 Trần Hưng Đạo
6420,Đồng Tháp,Xã Tháp Mười,21 Lê Lợi
6421,TP. Hồ Chí Minh,Phường Bến Thành,588 Lê Lợi
6422,Cà Mau,Xã Ngọc Hiển,161 Lê Lợi
6423,TP. Hồ Chí Minh,Phường Tân Bình,242 Lê Lợi
6424,Đồng Tháp,Xã Lai Vung,385 Quang Trung
6425,TP. Hồ Chí Minh,Phường Sài Gòn,323 Lý Thường Kiệt
6426,An Giang,Xã Phú Tân,295 Lý Thường Kiệt
6427,Đồng Tháp,Xã Lai Vung,586 Phạm Văn Đồng
6428,Đồng Nai,Xã Nhơn Trạch,350 Nguyễn Huệ
6429,Vĩnh Long,Xã Tam Bình,208 Cách Mạng Tháng Tám
6430,Cần Thơ,Phường Bình Thủy,387 Nguyễn Huệ
6431,Đồng Nai,Xã Định Quán,334 Trần Hưng Đạo
6432,TP. Hồ Chí Minh,Phường An Khánh,406 Hai Bà Trưng
6433,Tây Ninh,Xã Gò Dầu,466 Nguyễn Huệ
6434,Tây Ninh,Xã Tân Biên,549 Cách Mạng Tháng Tám
6435,TP. Hồ Chí Minh,Phường Sài Gòn,212 Quang Trung
6436,An Giang,Xã Tri Tôn,278 Nam Kỳ Khởi Nghĩa
6437,TP. Hồ Chí Minh,Phường Sài Gòn,184 Nguyễn Trãi
6438,TP. Hồ Chí Minh,Phường Tân Định,446 Nguyễn Văn Cừ
6439,TP. Hồ Chí Minh,Phường Chợ Lớn,191 3 Tháng 2
6440,Vĩnh Long,Xã Bình Minh,528 Pasteur
6441,Đồng Nai,Xã Long Thành,72 Phạm Văn Đồng
6442,TP. Hồ Chí Minh,Phường Bình Thạnh,119 Lê Lợi
6443,Cà Mau,Xã Năm Căn,312 Hai Bà Trưng
6444,Cà Mau,Xã Năm Căn,416 Điện Biên Phủ
6445,TP. Hồ Chí Minh,Phường An Khánh,127 Quang Trung
6446,Tây Ninh,Phường Tây Ninh,326 Nguyễn Trãi
6447,An Giang,Xã Tịnh Biên,188 Hai Bà Trưng
6448,An Giang,Xã Phú Tân,549 Nguyễn Huệ
6449,Tây Ninh,Phường Trảng Bàng,220 Trần Hưng Đạo
6450,TP. Hồ Chí Minh,Phường Chợ Lớn,250 Nguyễn Văn Cừ
6451,Cần Thơ,Phường Thốt Nốt,450 Nguyễn Văn Cừ
6452,Đồng Tháp,Phường Hồng Ngự,168 Nguyễn Trãi
6453,TP. Hồ Chí Minh,Phường Tân Định,589 Hai Bà Trưng
6454,TP. Hồ Chí Minh,Phường Tân Bình,27 Cách Mạng Tháng Tám
6455,Cần Thơ,Xã Phong Điền,48 Hai Bà Trưng
6456,TP. Hồ Chí Minh,Phường An Khánh,94 Nguyễn Văn Cừ
6457,Vĩnh Long,Xã Trà Ôn,586 Nam Kỳ Khởi Nghĩa
6458,Đồng Tháp,Phường Sa Đéc,167 Nguyễn Trãi
6459,TP. Hồ Chí Minh,Phường Thủ Đức,303 Võ Văn Kiệt
6460,Đồng Nai,Xã Định Quán,276 Hai Bà Trưng
6461,Đồng Nai,Phường Trấn Biên,202 Quang Trung
6462,Đồng Tháp,Phường Sa Đéc,528 Hai Bà Trưng
6463,An Giang,Xã Phú Tân,395 Phạm Văn Đồng
6464,Vĩnh Long,Xã Mang Thít,280 Điện Biên Phủ
6465,Vĩnh Long,Xã Tam Bình,575 Lý Thường Kiệt
6466,TP. Hồ Chí Minh,Phường Bến Thành,91 Võ Văn Kiệt
6467,Vĩnh Long,Xã Tam Bình,236 Nguyễn Huệ
6468,Đồng Tháp,Xã Lai Vung,129 Nguyễn Huệ
6469,Cần Thơ,Xã Phong Điền,133 Nguyễn Trãi
6470,Tây Ninh,Phường Tây Ninh,514 Phạm Văn Đồng
6471,TP. Hồ Chí Minh,Phường Bình Thạnh,317 Hai Bà Trưng
6472,TP. Hồ Chí Minh,Phường Thủ Đức,495 Nguyễn Huệ
6473,TP. Hồ Chí Minh,Phường Thủ Đức,131 Cách Mạng Tháng Tám
6474,TP. Hồ Chí Minh,Phường Tân Định,593 Lý Thường Kiệt
6475,An Giang,Xã Tịnh Biên,555 Nguyễn Huệ
6476,Cần Thơ,Phường Ninh Kiều,397 Hai Bà Trưng
6477,TP. Hồ Chí Minh,Phường Chợ Lớn,10 Nam Kỳ Khởi Nghĩa
6478,An Giang,Xã Chợ Mới,345 Lý Thường Kiệt
6479,TP. Hồ Chí Minh,Phường Bình Thạnh,589 Nguyễn Huệ
6480,Vĩnh Long,Xã Bình Minh,309 Lý Thường Kiệt
6481,TP. Hồ Chí Minh,Phường Sài Gòn,111 Pasteur
6482,TP. Hồ Chí Minh,Phường Bến Thành,104 Nam Kỳ Khởi Nghĩa
6483,TP. Hồ Chí Minh,Phường Tân Định,402 Cách Mạng Tháng Tám
6484,Đồng Tháp,Xã Tháp Mười,6 Hai Bà Trưng
6485,TP. Hồ Chí Minh,Phường An Khánh,417 Điện Biên Phủ
6486,Cà Mau,Xã U Minh,241 Lê Lợi
6487,An Giang,Xã Tri Tôn,50 3 Tháng 2
6488,Cà Mau,Xã Ngọc Hiển,491 Võ Văn Kiệt
6489,Đồng Tháp,Phường Hồng Ngự,595 Nguyễn Huệ
6490,Cà Mau,Xã U Minh,389 Lý Thường Kiệt
6491,Vĩnh Long,Xã Trà Ôn,555 Điện Biên Phủ
6492,TP. Hồ Chí Minh,Phường Tân Định,358 Trần Hưng Đạo
6493,Đồng Tháp,Phường Cao Lãnh,24 Võ Văn Kiệt
6494,Cần Thơ,Phường Bình Thủy,456 Hai Bà Trưng
6495,Cần Thơ,Phường Cái Răng,259 3 Tháng 2
6496,Cần Thơ,Phường Cái Răng,31 Nguyễn Huệ
6497,TP. Hồ Chí Minh,Phường Bình Thạnh,18 Pasteur
6498,Cần Thơ,Phường Cái Răng,487 Điện Biên Phủ
6499,Đồng Nai,Phường Trấn Biên,494 Nguyễn Văn Cừ
6500,TP. Hồ Chí Minh,Phường Tân Định,345 Võ Văn Kiệt
6501,Cần Thơ,Xã Phong Điền,94 Nguyễn Văn Cừ
6502,TP. Hồ Chí Minh,Phường An Khánh,500 Nam Kỳ Khởi Nghĩa
6503,Cần Thơ,Phường Ô Môn,504 Quang Trung
6504,TP. Hồ Chí Minh,Phường Bến Thành,297 Nguyễn Huệ
6505,Cà Mau,Xã Ngọc Hiển,463 Nguyễn Văn Cừ
6506,An Giang,Xã Tịnh Biên,508 Nguyễn Trãi
6507,Cà Mau,Xã Năm Căn,527 Nguyễn Huệ
6508,TP. Hồ Chí Minh,Phường Tân Định,287 Trần Hưng Đạo
6509,An Giang,Xã Tịnh Biên,360 Pasteur
6510,Tây Ninh,Phường Tây Ninh,20 Nguyễn Văn Cừ
6511,TP. Hồ Chí Minh,Phường Chợ Lớn,391 Quang Trung
6512,An Giang,Xã Tri Tôn,568 Pasteur
6513,Tây Ninh,Xã Châu Thành,18 Điện Biên Phủ
6514,Cà Mau,Xã Trần Văn Thời,442 Nam Kỳ Khởi Nghĩa
6515,Cần Thơ,Xã Phong Điền,427 Nguyễn Văn Cừ
6516,TP. Hồ Chí Minh,Phường Tân Bình,448 Lê Lợi
6517,Tây Ninh,Xã Dương Minh Châu,289 Nguyễn Trãi
6518,Cà Mau,Xã U Minh,436 Lý Thường Kiệt
6519,Đồng Tháp,Phường Hồng Ngự,237 Hai Bà Trưng
6520,An Giang,Xã Tịnh Biên,572 Điện Biên Phủ
6521,TP. Hồ Chí Minh,Phường Chợ Lớn,213 Nguyễn Huệ
6522,TP. Hồ Chí Minh,Phường An Khánh,56 Hai Bà Trưng
6523,Đồng Nai,Xã Long Thành,13 3 Tháng 2
6524,Vĩnh Long,Xã Bình Minh,235 Nguyễn Huệ
6525,Cần Thơ,Xã Phong Điền,579 Điện Biên Phủ
6526,TP. Hồ Chí Minh,Phường Bến Thành,566 Pasteur
6527,Tây Ninh,Phường Trảng Bàng,160 Trần Hưng Đạo
6528,TP. Hồ Chí Minh,Phường Sài Gòn,520 Cách Mạng Tháng Tám
6529,Tây Ninh,Phường Trảng Bàng,130 Nam Kỳ Khởi Nghĩa
6530,Cần Thơ,Xã Phong Điền,582 Lê Lợi
6531,Đồng Tháp,Phường Hồng Ngự,64 Quang Trung
6532,TP. Hồ Chí Minh,Phường Bình Thạnh,158 Cách Mạng Tháng Tám
6533,TP. Hồ Chí Minh,Phường Bình Thạnh,144 Pasteur
6534,TP. Hồ Chí Minh,Phường Bình Thạnh,272 Quang Trung
6535,Đồng Nai,Phường Trấn Biên,118 Lý Thường Kiệt
6536,Tây Ninh,Phường Trảng Bàng,49 Trần Hưng Đạo
6537,Đồng Nai,Xã Định Quán,336 Lê Lợi
6538,Đồng Nai,Xã Định Quán,478 Cách Mạng Tháng Tám
6539,Cà Mau,Xã U Minh,381 Nguyễn Huệ
6540,TP. Hồ Chí Minh,Phường Tân Định,188 Pasteur
6541,TP. Hồ Chí Minh,Phường Bình Thạnh,94 Nam Kỳ Khởi Nghĩa
6542,TP. Hồ Chí Minh,Phường Chợ Lớn,187 Lý Thường Kiệt
6543,Cần Thơ,Phường Ô Môn,215 Lê Lợi
6544,Cần Thơ,Phường Ninh Kiều,253 Phạm Văn Đồng
6545,Vĩnh Long,Xã Long Hồ,380 Nam Kỳ Khởi Nghĩa
6546,Đồng Tháp,Xã Lai Vung,407 Quang Trung
6547,Cà Mau,Xã U Minh,341 Lê Lợi
6548,Vĩnh Long,Xã Mang Thít,390 Điện Biên Phủ
6549,Đồng Nai,Phường Long Khánh,499 Lý Thường Kiệt
6550,Đồng Nai,Phường Biên Hòa,366 3 Tháng 2
6551,TP. Hồ Chí Minh,Phường Bến Thành,288 Lê Lợi
6552,Đồng Nai,Xã Định Quán,343 3 Tháng 2
6553,Cần Thơ,Xã Phong Điền,114 Nguyễn Huệ
6554,TP. Hồ Chí Minh,Phường Bến Thành,57 Pasteur
6555,An Giang,Xã Tri Tôn,290 3 Tháng 2
6556,An Giang,Xã Tịnh Biên,198 Nguyễn Huệ
6557,Tây Ninh,Xã Tân Biên,520 3 Tháng 2
6558,Cà Mau,Xã Ngọc Hiển,588 Nguyễn Trãi
6559,TP. Hồ Chí Minh,Phường Tân Định,337 Nguyễn Huệ
6560,Vĩnh Long,Xã Bình Minh,444 Phạm Văn Đồng
6561,Cần Thơ,Phường Ninh Kiều,492 Lý Thường Kiệt
6562,Tây Ninh,Xã Gò Dầu,334 Điện Biên Phủ
6563,TP. Hồ Chí Minh,Phường Sài Gòn,22 Cách Mạng Tháng Tám
6564,TP. Hồ Chí Minh,Phường An Khánh,545 Pasteur
6565,Đồng Nai,Phường Trấn Biên,247 Phạm Văn Đồng
6566,Tây Ninh,Xã Gò Dầu,560 Phạm Văn Đồng
6567,Cà Mau,Xã Đầm Dơi,44 Lý Thường Kiệt
6568,Cần Thơ,Phường Bình Thủy,342 Lý Thường Kiệt
6569,TP. Hồ Chí Minh,Phường Sài Gòn,81 Phạm Văn Đồng
6570,Cà Mau,Xã U Minh,92 Nguyễn Văn Cừ
6571,TP. Hồ Chí Minh,Phường An Khánh,590 Lý Thường Kiệt
6572,Đồng Nai,Phường Long Khánh,218 Lý Thường Kiệt
6573,Cần Thơ,Xã Phong Điền,123 Nam Kỳ Khởi Nghĩa
6574,TP. Hồ Chí Minh,Phường Bình Thạnh,83 Trần Hưng Đạo
6575,TP. Hồ Chí Minh,Phường Tân Bình,260 Phạm Văn Đồng
6576,Tây Ninh,Phường Trảng Bàng,102 Lê Lợi
6577,Đồng Tháp,Xã Lấp Vò,78 Trần Hưng Đạo
6578,Đồng Nai,Xã Định Quán,234 Nam Kỳ Khởi Nghĩa
6579,TP. Hồ Chí Minh,Phường Bến Thành,171 Lý Thường Kiệt
6580,TP. Hồ Chí Minh,Phường Bình Thạnh,470 Nguyễn Huệ
6581,Cần Thơ,Phường Bình Thủy,519 3 Tháng 2
6582,TP. Hồ Chí Minh,Phường Tân Định,426 Cách Mạng Tháng Tám
6583,TP. Hồ Chí Minh,Phường Chợ Lớn,344 Phạm Văn Đồng
6584,Cần Thơ,Phường Bình Thủy,413 Hai Bà Trưng
6585,Đồng Nai,Phường Trấn Biên,101 Pasteur
6586,Vĩnh Long,Xã Long Hồ,53 Nguyễn Trãi
6587,Tây Ninh,Xã Gò Dầu,192 Nguyễn Văn Cừ
6588,Cà Mau,Phường Cà Mau,551 Quang Trung
6589,TP. Hồ Chí Minh,Phường Sài Gòn,203 Trần Hưng Đạo
6590,TP. Hồ Chí Minh,Phường Chợ Lớn,39 Quang Trung
6591,TP. Hồ Chí Minh,Phường Bến Thành,554 Lê Lợi
6592,Cần Thơ,Phường Ô Môn,1 Quang Trung
6593,TP. Hồ Chí Minh,Phường Sài Gòn,383 Cách Mạng Tháng Tám
6594,Tây Ninh,Xã Gò Dầu,62 Trần Hưng Đạo
6595,TP. Hồ Chí Minh,Phường Thủ Đức,486 Cách Mạng Tháng Tám
6596,Cà Mau,Xã U Minh,571 Quang Trung
6597,An Giang,Xã Chợ Mới,278 Nam Kỳ Khởi Nghĩa
6598,Đồng Nai,Xã Định Quán,29 Võ Văn Kiệt
6599,TP. Hồ Chí Minh,Phường Thủ Đức,35 Cách Mạng Tháng Tám
6600,An Giang,Phường Châu Đốc,147 3 Tháng 2
6601,Đồng Nai,Phường Long Khánh,559 Trần Hưng Đạo
6602,Cần Thơ,Phường Thốt Nốt,136 Nguyễn Văn Cừ
6603,Cà Mau,Xã Năm Căn,552 Quang Trung
6604,TP. Hồ Chí Minh,Phường Sài Gòn,188 Nguyễn Huệ
6605,TP. Hồ Chí Minh,Phường Chợ Lớn,4 Cách Mạng Tháng Tám
6606,Cà Mau,Xã U Minh,362 Điện Biên Phủ
6607,TP. Hồ Chí Minh,Phường Thủ Đức,462 Nam Kỳ Khởi Nghĩa
6608,TP. Hồ Chí Minh,Phường Chợ Lớn,489 Phạm Văn Đồng
6609,TP. Hồ Chí Minh,Phường Tân Bình,34 Võ Văn Kiệt
6610,TP. Hồ Chí Minh,Phường An Khánh,341 Trần Hưng Đạo
6611,Tây Ninh,Phường Trảng Bàng,397 Nguyễn Trãi
6612,Tây Ninh,Xã Gò Dầu,583 3 Tháng 2
6613,Cần Thơ,Phường Thốt Nốt,152 Lê Lợi
6614,TP. Hồ Chí Minh,Phường Chợ Lớn,411 Trần Hưng Đạo
6615,TP. Hồ Chí Minh,Phường Bến Thành,242 Nguyễn Văn Cừ
6616,TP. Hồ Chí Minh,Phường Bến Thành,359 Phạm Văn Đồng
6617,Vĩnh Long,Xã Trà Ôn,565 Nam Kỳ Khởi Nghĩa
6618,An Giang,Phường Long Xuyên,188 Nguyễn Trãi
6619,Vĩnh Long,Xã Long Hồ,2 Pasteur
6620,Đồng Nai,Xã Long Thành,378 Võ Văn Kiệt
6621,Đồng Nai,Xã Nhơn Trạch,485 Lý Thường Kiệt
6622,TP. Hồ Chí Minh,Phường An Khánh,414 Lý Thường Kiệt
6623,An Giang,Xã Tri Tôn,552 Cách Mạng Tháng Tám
6624,Đồng Tháp,Xã Lai Vung,189 Lý Thường Kiệt
6625,TP. Hồ Chí Minh,Phường Chợ Lớn,305 Võ Văn Kiệt
6626,An Giang,Xã Tri Tôn,46 Trần Hưng Đạo
6627,Đồng Nai,Xã Định Quán,341 Pasteur
6628,Đồng Tháp,Phường Hồng Ngự,519 Hai Bà Trưng
6629,TP. Hồ Chí Minh,Phường An Khánh,137 Lý Thường Kiệt
6630,Đồng Tháp,Phường Hồng Ngự,124 Phạm Văn Đồng
6631,Đồng Nai,Xã Nhơn Trạch,436 Trần Hưng Đạo
6632,Cà Mau,Xã Ngọc Hiển,105 Quang Trung
6633,Vĩnh Long,Phường Vĩnh Long,102 Nguyễn Trãi
6634,Đồng Tháp,Phường Sa Đéc,41 Nguyễn Trãi
6635,An Giang,Xã Tịnh Biên,557 Pasteur
6636,TP. Hồ Chí Minh,Phường Thủ Đức,57 Pasteur
6637,An Giang,Phường Châu Đốc,452 Nguyễn Huệ
6638,TP. Hồ Chí Minh,Phường An Khánh,417 Phạm Văn Đồng
6639,Cà Mau,Xã Năm Căn,302 Trần Hưng Đạo
6640,Cà Mau,Xã Ngọc Hiển,166 Nam Kỳ Khởi Nghĩa
6641,TP. Hồ Chí Minh,Phường Bình Thạnh,489 Nam Kỳ Khởi Nghĩa
6642,Tây Ninh,Xã Dương Minh Châu,211 Cách Mạng Tháng Tám
6643,An Giang,Xã Chợ Mới,342 Cách Mạng Tháng Tám
6644,TP. Hồ Chí Minh,Phường Thủ Đức,215 Quang Trung
6645,Vĩnh Long,Xã Bình Minh,213 Võ Văn Kiệt
6646,Cà Mau,Xã U Minh,23 Điện Biên Phủ
6647,Đồng Nai,Phường Trấn Biên,593 Lê Lợi
6648,Vĩnh Long,Phường Vĩnh Long,234 Cách Mạng Tháng Tám
6649,Cà Mau,Xã Năm Căn,471 Phạm Văn Đồng
6650,TP. Hồ Chí Minh,Phường Bình Thạnh,574 Lý Thường Kiệt
6651,An Giang,Phường Long Xuyên,578 Điện Biên Phủ
6652,Cà Mau,Xã Năm Căn,140 Nam Kỳ Khởi Nghĩa
6653,Cần Thơ,Phường Ninh Kiều,371 Hai Bà Trưng
6654,Đồng Nai,Phường Long Khánh,222 Điện Biên Phủ
6655,TP. Hồ Chí Minh,Phường Tân Bình,371 Võ Văn Kiệt
6656,TP. Hồ Chí Minh,Phường Tân Bình,225 Phạm Văn Đồng
6657,Cần Thơ,Phường Thốt Nốt,339 Phạm Văn Đồng
6658,TP. Hồ Chí Minh,Phường Chợ Lớn,391 Hai Bà Trưng
6659,Cà Mau,Xã Đầm Dơi,535 Phạm Văn Đồng
6660,Cần Thơ,Phường Cái Răng,399 Hai Bà Trưng
6661,TP. Hồ Chí Minh,Phường Sài Gòn,270 Điện Biên Phủ
6662,Vĩnh Long,Xã Bình Minh,566 Cách Mạng Tháng Tám
6663,Vĩnh Long,Xã Trà Ôn,549 Phạm Văn Đồng
6664,Tây Ninh,Phường Trảng Bàng,471 Điện Biên Phủ
6665,TP. Hồ Chí Minh,Phường An Khánh,576 3 Tháng 2
6666,Vĩnh Long,Xã Trà Ôn,375 Nguyễn Huệ
6667,Cần Thơ,Phường Ninh Kiều,428 Hai Bà Trưng
6668,Tây Ninh,Xã Châu Thành,44 Nguyễn Trãi
6669,An Giang,Xã Phú Tân,457 Cách Mạng Tháng Tám
6670,TP. Hồ Chí Minh,Phường Bến Thành,136 Lý Thường Kiệt
6671,Đồng Nai,Xã Long Thành,178 Nguyễn Trãi
6672,TP. Hồ Chí Minh,Phường Thủ Đức,486 Nam Kỳ Khởi Nghĩa
6673,An Giang,Phường Châu Đốc,86 Nam Kỳ Khởi Nghĩa
6674,Cà Mau,Xã U Minh,134 Pasteur
6675,Cần Thơ,Phường Ninh Kiều,599 Võ Văn Kiệt
6676,Cà Mau,Xã Năm Căn,572 Lê Lợi
6677,Đồng Nai,Xã Long Thành,52 Lê Lợi
6678,An Giang,Xã Tịnh Biên,577 Nguyễn Huệ
6679,Đồng Tháp,Phường Cao Lãnh,236 Quang Trung
6680,TP. Hồ Chí Minh,Phường Chợ Lớn,235 Nguyễn Huệ
6681,Vĩnh Long,Phường Vĩnh Long,113 Quang Trung
6682,Đồng Nai,Phường Long Khánh,57 Quang Trung
6683,Cần Thơ,Phường Ninh Kiều,588 3 Tháng 2
6684,An Giang,Phường Long Xuyên,161 Trần Hưng Đạo
6685,Đồng Nai,Xã Long Thành,434 Trần Hưng Đạo
6686,TP. Hồ Chí Minh,Phường Thủ Đức,34 Cách Mạng Tháng Tám
6687,Tây Ninh,Xã Tân Biên,38 Điện Biên Phủ
6688,Cần Thơ,Phường Ninh Kiều,23 Hai Bà Trưng
6689,TP. Hồ Chí Minh,Phường Tân Định,542 3 Tháng 2
6690,An Giang,Xã Phú Tân,543 Quang Trung
6691,Vĩnh Long,Xã Trà Ôn,159 Quang Trung
6692,TP. Hồ Chí Minh,Phường Bến Thành,1 Nguyễn Văn Cừ
6693,TP. Hồ Chí Minh,Phường Sài Gòn,205 Võ Văn Kiệt
6694,TP. Hồ Chí Minh,Phường Chợ Lớn,210 Quang Trung
6695,TP. Hồ Chí Minh,Phường Sài Gòn,484 Nam Kỳ Khởi Nghĩa
6696,TP. Hồ Chí Minh,Phường Bến Thành,161 Cách Mạng Tháng Tám
6697,Tây Ninh,Xã Châu Thành,194 Lê Lợi
6698,Vĩnh Long,Xã Tam Bình,230 Nam Kỳ Khởi Nghĩa
6699,Cần Thơ,Phường Cái Răng,561 Lê Lợi
6700,Cần Thơ,Phường Bình Thủy,394 Nam Kỳ Khởi Nghĩa
6701,Vĩnh Long,Xã Mang Thít,387 Điện Biên Phủ
6702,An Giang,Xã Phú Tân,594 Lý Thường Kiệt
6703,Đồng Nai,Xã Long Thành,371 Pasteur
6704,Cần Thơ,Phường Ô Môn,465 3 Tháng 2
6705,An Giang,Phường Long Xuyên,404 Trần Hưng Đạo
6706,Đồng Nai,Phường Trấn Biên,189 Nguyễn Huệ
6707,Tây Ninh,Xã Gò Dầu,205 Hai Bà Trưng
6708,An Giang,Xã Chợ Mới,208 Pasteur
6709,Cần Thơ,Phường Bình Thủy,151 Nguyễn Trãi
6710,TP. Hồ Chí Minh,Phường Thủ Đức,205 Phạm Văn Đồng
6711,Vĩnh Long,Xã Trà Ôn,285 Lê Lợi
6712,Đồng Tháp,Xã Lấp Vò,221 Điện Biên Phủ
6713,Tây Ninh,Phường Trảng Bàng,129 Nguyễn Huệ
6714,TP. Hồ Chí Minh,Phường Chợ Lớn,585 Pasteur
6715,An Giang,Phường Châu Đốc,84 Nguyễn Huệ
6716,An Giang,Phường Châu Đốc,106 Lê Lợi
6717,TP. Hồ Chí Minh,Phường Chợ Lớn,184 Điện Biên Phủ
6718,TP. Hồ Chí Minh,Phường Sài Gòn,320 Nguyễn Trãi
6719,TP. Hồ Chí Minh,Phường An Khánh,239 Hai Bà Trưng
6720,Tây Ninh,Xã Châu Thành,103 Lý Thường Kiệt
6721,Đồng Nai,Xã Long Thành,588 Nam Kỳ Khởi Nghĩa
6722,Đồng Nai,Xã Định Quán,46 Hai Bà Trưng
6723,An Giang,Xã Phú Tân,166 Cách Mạng Tháng Tám
6724,Vĩnh Long,Phường Vĩnh Long,76 Nguyễn Văn Cừ
6725,TP. Hồ Chí Minh,Phường Bình Thạnh,312 Võ Văn Kiệt
6726,TP. Hồ Chí Minh,Phường An Khánh,486 Lý Thường Kiệt
6727,Vĩnh Long,Xã Long Hồ,5 Cách Mạng Tháng Tám
6728,Vĩnh Long,Phường Vĩnh Long,21 Nguyễn Văn Cừ
6729,Cà Mau,Xã Năm Căn,377 Pasteur
6730,Đồng Nai,Xã Long Thành,338 Cách Mạng Tháng Tám
6731,TP. Hồ Chí Minh,Phường An Khánh,251 Pasteur
6732,An Giang,Xã Phú Tân,485 Võ Văn Kiệt
6733,Cần Thơ,Phường Ninh Kiều,143 Nguyễn Trãi
6734,Cần Thơ,Phường Bình Thủy,533 Phạm Văn Đồng
6735,An Giang,Xã Tri Tôn,422 Trần Hưng Đạo
6736,Tây Ninh,Xã Dương Minh Châu,177 3 Tháng 2
6737,Đồng Tháp,Phường Sa Đéc,260 Nam Kỳ Khởi Nghĩa
6738,TP. Hồ Chí Minh,Phường Bến Thành,532 Lê Lợi
6739,Đồng Nai,Xã Long Thành,62 Phạm Văn Đồng
6740,TP. Hồ Chí Minh,Phường Tân Định,414 Lý Thường Kiệt
6741,TP. Hồ Chí Minh,Phường An Khánh,45 Phạm Văn Đồng
6742,TP. Hồ Chí Minh,Phường An Khánh,398 Lê Lợi
6743,An Giang,Phường Long Xuyên,570 Cách Mạng Tháng Tám
6744,TP. Hồ Chí Minh,Phường Tân Định,128 Hai Bà Trưng
6745,Đồng Tháp,Phường Sa Đéc,12 Lý Thường Kiệt
6746,TP. Hồ Chí Minh,Phường Bình Thạnh,351 Phạm Văn Đồng
6747,Vĩnh Long,Xã Bình Minh,353 Cách Mạng Tháng Tám
6748,An Giang,Xã Phú Tân,123 Quang Trung
6749,Cà Mau,Phường Cà Mau,437 Điện Biên Phủ
6750,TP. Hồ Chí Minh,Phường Bình Thạnh,540 Pasteur
6751,TP. Hồ Chí Minh,Phường Tân Định,346 3 Tháng 2
6752,Cà Mau,Phường Cà Mau,516 Hai Bà Trưng
6753,TP. Hồ Chí Minh,Phường An Khánh,575 Nam Kỳ Khởi Nghĩa
6754,Vĩnh Long,Xã Long Hồ,135 Nguyễn Huệ
6755,Đồng Nai,Xã Định Quán,417 Lý Thường Kiệt
6756,Đồng Tháp,Xã Lai Vung,194 Nguyễn Huệ
6757,An Giang,Xã Tịnh Biên,436 Điện Biên Phủ
6758,Tây Ninh,Xã Dương Minh Châu,192 Hai Bà Trưng
6759,Tây Ninh,Xã Tân Biên,15 Nguyễn Huệ
6760,TP. Hồ Chí Minh,Phường Bình Thạnh,542 Điện Biên Phủ
6761,TP. Hồ Chí Minh,Phường Thủ Đức,529 Pasteur
6762,Cà Mau,Xã Trần Văn Thời,241 Điện Biên Phủ
6763,Đồng Nai,Xã Long Thành,578 Nam Kỳ Khởi Nghĩa
6764,TP. Hồ Chí Minh,Phường Bến Thành,301 Lê Lợi
6765,Vĩnh Long,Xã Long Hồ,164 Nam Kỳ Khởi Nghĩa
6766,Đồng Tháp,Xã Lấp Vò,180 Võ Văn Kiệt
6767,TP. Hồ Chí Minh,Phường Bến Thành,447 Cách Mạng Tháng Tám
6768,TP. Hồ Chí Minh,Phường Bến Thành,208 3 Tháng 2
6769,TP. Hồ Chí Minh,Phường Bến Thành,305 Lê Lợi
6770,Đồng Tháp,Xã Lấp Vò,440 Phạm Văn Đồng
6771,Đồng Nai,Xã Nhơn Trạch,121 Điện Biên Phủ
6772,Đồng Nai,Xã Nhơn Trạch,77 Lê Lợi
6773,Vĩnh Long,Xã Trà Ôn,128 Pasteur
6774,Tây Ninh,Xã Châu Thành,251 Nguyễn Huệ
6775,Đồng Nai,Xã Long Thành,543 Nam Kỳ Khởi Nghĩa
6776,An Giang,Phường Châu Đốc,198 Nam Kỳ Khởi Nghĩa
6777,Đồng Tháp,Phường Sa Đéc,305 Lê Lợi
6778,TP. Hồ Chí Minh,Phường Tân Định,203 Nguyễn Trãi
6779,Đồng Nai,Phường Biên Hòa,115 Hai Bà Trưng
6780,Vĩnh Long,Xã Trà Ôn,503 Nguyễn Trãi
6781,TP. Hồ Chí Minh,Phường Chợ Lớn,490 Pasteur
6782,TP. Hồ Chí Minh,Phường Tân Định,439 3 Tháng 2
6783,TP. Hồ Chí Minh,Phường Thủ Đức,284 Nguyễn Huệ
6784,Vĩnh Long,Xã Mang Thít,489 Cách Mạng Tháng Tám
6785,Cần Thơ,Phường Bình Thủy,526 Cách Mạng Tháng Tám
6786,Đồng Tháp,Phường Cao Lãnh,63 Cách Mạng Tháng Tám
6787,TP. Hồ Chí Minh,Phường An Khánh,393 3 Tháng 2
6788,Cà Mau,Xã Đầm Dơi,538 3 Tháng 2
6789,An Giang,Xã Chợ Mới,242 Lý Thường Kiệt
6790,Tây Ninh,Xã Dương Minh Châu,577 Phạm Văn Đồng
6791,Cà Mau,Phường Cà Mau,126 Nguyễn Trãi
6792,TP. Hồ Chí Minh,Phường Sài Gòn,160 Nguyễn Trãi
6793,TP. Hồ Chí Minh,Phường Tân Bình,559 Nam Kỳ Khởi Nghĩa
6794,TP. Hồ Chí Minh,Phường Bến Thành,75 Lý Thường Kiệt
6795,TP. Hồ Chí Minh,Phường Sài Gòn,488 Nguyễn Huệ
6796,TP. Hồ Chí Minh,Phường Sài Gòn,479 Lý Thường Kiệt
6797,Cần Thơ,Phường Bình Thủy,80 Hai Bà Trưng
6798,An Giang,Xã Phú Tân,386 Phạm Văn Đồng
6799,Cần Thơ,Phường Ô Môn,226 Lê Lợi
6800,TP. Hồ Chí Minh,Phường Bình Thạnh,520 Pasteur
6801,An Giang,Phường Long Xuyên,297 Quang Trung
6802,TP. Hồ Chí Minh,Phường Tân Định,10 Nam Kỳ Khởi Nghĩa
6803,Cần Thơ,Phường Thốt Nốt,40 Phạm Văn Đồng
6804,Cần Thơ,Phường Thốt Nốt,131 Phạm Văn Đồng
6805,Đồng Tháp,Xã Lai Vung,64 Nguyễn Trãi
6806,TP. Hồ Chí Minh,Phường Tân Bình,500 Lê Lợi
6807,TP. Hồ Chí Minh,Phường Thủ Đức,233 Quang Trung
6808,Đồng Nai,Phường Long Khánh,169 Lê Lợi
6809,Đồng Tháp,Xã Tháp Mười,492 Quang Trung
6810,Đồng Tháp,Phường Cao Lãnh,591 3 Tháng 2
6811,Vĩnh Long,Phường Vĩnh Long,542 Lê Lợi
6812,An Giang,Xã Phú Tân,176 Điện Biên Phủ
6813,Đồng Tháp,Phường Cao Lãnh,358 Nguyễn Trãi
6814,Vĩnh Long,Phường Vĩnh Long,139 Lê Lợi
6815,TP. Hồ Chí Minh,Phường Sài Gòn,462 Lý Thường Kiệt
6816,Cà Mau,Phường Cà Mau,113 Hai Bà Trưng
6817,TP. Hồ Chí Minh,Phường An Khánh,129 Nam Kỳ Khởi Nghĩa
6818,Cần Thơ,Phường Cái Răng,253 Trần Hưng Đạo
6819,Vĩnh Long,Xã Mang Thít,481 Pasteur
6820,TP. Hồ Chí Minh,Phường Bến Thành,557 Cách Mạng Tháng Tám
6821,An Giang,Xã Phú Tân,506 Pasteur
6822,TP. Hồ Chí Minh,Phường Bình Thạnh,266 Nguyễn Trãi
6823,Cà Mau,Xã Đầm Dơi,56 Nguyễn Trãi
6824,Cà Mau,Phường Cà Mau,547 Lê Lợi
6825,An Giang,Xã Tri Tôn,294 Điện Biên Phủ
6826,Tây Ninh,Phường Trảng Bàng,470 Võ Văn Kiệt
6827,Đồng Tháp,Phường Sa Đéc,586 Lê Lợi
6828,Đồng Nai,Xã Long Thành,478 Nguyễn Văn Cừ
6829,TP. Hồ Chí Minh,Phường Sài Gòn,220 Nguyễn Văn Cừ
6830,Tây Ninh,Xã Tân Biên,344 Võ Văn Kiệt
6831,TP. Hồ Chí Minh,Phường Sài Gòn,280 Nguyễn Huệ
6832,TP. Hồ Chí Minh,Phường Bến Thành,465 Điện Biên Phủ
6833,Cần Thơ,Phường Ninh Kiều,229 3 Tháng 2
6834,TP. Hồ Chí Minh,Phường Thủ Đức,461 3 Tháng 2
6835,Đồng Nai,Xã Long Thành,166 Quang Trung
6836,Vĩnh Long,Xã Bình Minh,482 Võ Văn Kiệt
6837,TP. Hồ Chí Minh,Phường Tân Định,32 Trần Hưng Đạo
6838,Vĩnh Long,Xã Tam Bình,169 Võ Văn Kiệt
6839,Tây Ninh,Xã Tân Biên,135 Lê Lợi
6840,Tây Ninh,Phường Tây Ninh,17 Hai Bà Trưng
6841,Cần Thơ,Phường Bình Thủy,112 Võ Văn Kiệt
6842,Đồng Nai,Phường Long Khánh,336 Nguyễn Huệ
6843,Cần Thơ,Xã Phong Điền,405 Nam Kỳ Khởi Nghĩa
6844,Tây Ninh,Xã Dương Minh Châu,49 Nguyễn Trãi
6845,TP. Hồ Chí Minh,Phường Tân Định,76 Lê Lợi
6846,Cần Thơ,Phường Cái Răng,233 Hai Bà Trưng
6847,Đồng Nai,Xã Long Thành,71 Lý Thường Kiệt
6848,An Giang,Xã Phú Tân,11 Nguyễn Trãi
6849,Cần Thơ,Phường Ninh Kiều,296 Hai Bà Trưng
6850,Đồng Nai,Xã Long Thành,91 Nguyễn Trãi
6851,TP. Hồ Chí Minh,Phường Chợ Lớn,307 Hai Bà Trưng
6852,Cà Mau,Xã Đầm Dơi,88 Lý Thường Kiệt
6853,Cần Thơ,Phường Thốt Nốt,487 Võ Văn Kiệt
6854,Đồng Nai,Xã Nhơn Trạch,580 Hai Bà Trưng
6855,TP. Hồ Chí Minh,Phường Tân Định,447 Võ Văn Kiệt
6856,An Giang,Phường Châu Đốc,435 Lê Lợi
6857,Vĩnh Long,Phường Vĩnh Long,530 Quang Trung
6858,Tây Ninh,Xã Gò Dầu,486 Phạm Văn Đồng
6859,TP. Hồ Chí Minh,Phường Tân Định,269 Quang Trung
6860,TP. Hồ Chí Minh,Phường Sài Gòn,233 Nguyễn Văn Cừ
6861,Đồng Nai,Phường Long Khánh,440 Hai Bà Trưng
6862,TP. Hồ Chí Minh,Phường Bình Thạnh,535 Phạm Văn Đồng
6863,Cần Thơ,Phường Thốt Nốt,44 Lý Thường Kiệt
6864,TP. Hồ Chí Minh,Phường Bến Thành,155 Cách Mạng Tháng Tám
6865,TP. Hồ Chí Minh,Phường Tân Bình,443 Nguyễn Trãi
6866,Tây Ninh,Phường Trảng Bàng,172 Hai Bà Trưng
6867,Đồng Tháp,Xã Lai Vung,38 Pasteur
6868,Cần Thơ,Phường Cái Răng,155 Cách Mạng Tháng Tám
6869,TP. Hồ Chí Minh,Phường Sài Gòn,432 Nam Kỳ Khởi Nghĩa
6870,Đồng Nai,Phường Long Khánh,502 Võ Văn Kiệt
6871,Đồng Nai,Phường Trấn Biên,227 Cách Mạng Tháng Tám
6872,TP. Hồ Chí Minh,Phường Bình Thạnh,446 Nguyễn Văn Cừ
6873,TP. Hồ Chí Minh,Phường Sài Gòn,240 Cách Mạng Tháng Tám
6874,TP. Hồ Chí Minh,Phường Bình Thạnh,428 Quang Trung
6875,TP. Hồ Chí Minh,Phường An Khánh,576 Lý Thường Kiệt
6876,TP. Hồ Chí Minh,Phường Chợ Lớn,147 Nguyễn Trãi
6877,Đồng Nai,Phường Long Khánh,393 3 Tháng 2
6878,TP. Hồ Chí Minh,Phường Bình Thạnh,346 Phạm Văn Đồng
6879,Vĩnh Long,Xã Bình Minh,589 Cách Mạng Tháng Tám
6880,Cần Thơ,Phường Cái Răng,313 Cách Mạng Tháng Tám
6881,Tây Ninh,Xã Dương Minh Châu,15 Nam Kỳ Khởi Nghĩa
6882,Đồng Nai,Phường Biên Hòa,319 Hai Bà Trưng
6883,Vĩnh Long,Xã Long Hồ,535 Lý Thường Kiệt
6884,Tây Ninh,Phường Tây Ninh,538 Quang Trung
6885,TP. Hồ Chí Minh,Phường Bến Thành,581 Quang Trung
6886,TP. Hồ Chí Minh,Phường Sài Gòn,82 Nguyễn Văn Cừ
6887,Đồng Nai,Xã Định Quán,330 Nguyễn Văn Cừ
6888,An Giang,Phường Châu Đốc,520 3 Tháng 2
6889,Đồng Tháp,Xã Tháp Mười,392 Nam Kỳ Khởi Nghĩa
6890,Tây Ninh,Phường Trảng Bàng,31 Quang Trung
6891,TP. Hồ Chí Minh,Phường An Khánh,587 Lê Lợi
6892,TP. Hồ Chí Minh,Phường Bình Thạnh,252 Lý Thường Kiệt
6893,Tây Ninh,Phường Trảng Bàng,302 Nguyễn Văn Cừ
6894,TP. Hồ Chí Minh,Phường Sài Gòn,475 Phạm Văn Đồng
6895,An Giang,Xã Chợ Mới,590 3 Tháng 2
6896,Cà Mau,Xã Trần Văn Thời,29 Nam Kỳ Khởi Nghĩa
6897,Cần Thơ,Phường Cái Răng,9 Nam Kỳ Khởi Nghĩa
6898,Vĩnh Long,Xã Mang Thít,528 Lý Thường Kiệt
6899,Cà Mau,Xã Trần Văn Thời,394 Lê Lợi
6900,Vĩnh Long,Xã Long Hồ,358 Pasteur
6901,Đồng Tháp,Xã Lấp Vò,578 Hai Bà Trưng
6902,Đồng Tháp,Phường Hồng Ngự,510 Trần Hưng Đạo
6903,TP. Hồ Chí Minh,Phường Chợ Lớn,142 Điện Biên Phủ
6904,Cà Mau,Phường Cà Mau,325 Hai Bà Trưng
6905,Đồng Nai,Xã Nhơn Trạch,548 3 Tháng 2
6906,Cà Mau,Xã Ngọc Hiển,102 Lê Lợi
6907,Tây Ninh,Phường Trảng Bàng,463 Võ Văn Kiệt
6908,TP. Hồ Chí Minh,Phường Tân Định,14 Quang Trung
6909,Vĩnh Long,Phường Vĩnh Long,511 Nam Kỳ Khởi Nghĩa
6910,Đồng Nai,Phường Long Khánh,443 Nam Kỳ Khởi Nghĩa
6911,Cà Mau,Xã Năm Căn,434 Võ Văn Kiệt
6912,TP. Hồ Chí Minh,Phường Bến Thành,328 Hai Bà Trưng
6913,Đồng Nai,Xã Định Quán,247 Nguyễn Trãi
6914,Tây Ninh,Xã Châu Thành,353 Điện Biên Phủ
6915,TP. Hồ Chí Minh,Phường Bến Thành,85 Điện Biên Phủ
6916,Tây Ninh,Xã Châu Thành,132 Hai Bà Trưng
6917,TP. Hồ Chí Minh,Phường Bến Thành,176 Pasteur
6918,Đồng Tháp,Xã Lấp Vò,374 Võ Văn Kiệt
6919,TP. Hồ Chí Minh,Phường An Khánh,597 Nguyễn Huệ
6920,Vĩnh Long,Xã Bình Minh,208 Quang Trung
6921,TP. Hồ Chí Minh,Phường An Khánh,572 Nam Kỳ Khởi Nghĩa
6922,Đồng Nai,Phường Long Khánh,562 Nguyễn Huệ
6923,TP. Hồ Chí Minh,Phường Thủ Đức,9 Cách Mạng Tháng Tám
6924,TP. Hồ Chí Minh,Phường Chợ Lớn,598 Nguyễn Văn Cừ
6925,An Giang,Xã Chợ Mới,153 3 Tháng 2
6926,TP. Hồ Chí Minh,Phường Tân Bình,227 Nguyễn Văn Cừ
6927,Cà Mau,Xã Trần Văn Thời,466 Nguyễn Huệ
6928,An Giang,Phường Châu Đốc,183 Điện Biên Phủ
6929,TP. Hồ Chí Minh,Phường Bến Thành,227 Nam Kỳ Khởi Nghĩa
6930,TP. Hồ Chí Minh,Phường Thủ Đức,19 Pasteur
6931,TP. Hồ Chí Minh,Phường Chợ Lớn,465 Phạm Văn Đồng
6932,Đồng Tháp,Xã Lai Vung,81 Lê Lợi
6933,TP. Hồ Chí Minh,Phường Thủ Đức,152 Hai Bà Trưng
6934,Đồng Tháp,Phường Sa Đéc,279 Nam Kỳ Khởi Nghĩa
6935,Đồng Nai,Xã Long Thành,216 Quang Trung
6936,Đồng Nai,Phường Trấn Biên,84 Phạm Văn Đồng
6937,Tây Ninh,Xã Dương Minh Châu,28 Pasteur
6938,Cà Mau,Xã Đầm Dơi,192 Hai Bà Trưng
6939,TP. Hồ Chí Minh,Phường Bến Thành,10 Lê Lợi
6940,TP. Hồ Chí Minh,Phường An Khánh,279 Nguyễn Trãi
6941,Cà Mau,Phường Cà Mau,26 Nguyễn Văn Cừ
6942,TP. Hồ Chí Minh,Phường Bến Thành,502 Hai Bà Trưng
6943,Tây Ninh,Xã Gò Dầu,404 Quang Trung
6944,Đồng Nai,Phường Long Khánh,414 Nguyễn Huệ
6945,Đồng Nai,Xã Định Quán,383 Điện Biên Phủ
6946,TP. Hồ Chí Minh,Phường Tân Bình,500 Quang Trung
6947,Đồng Tháp,Xã Tháp Mười,175 Trần Hưng Đạo
6948,An Giang,Phường Châu Đốc,545 Hai Bà Trưng
6949,TP. Hồ Chí Minh,Phường Tân Định,129 3 Tháng 2
6950,Cà Mau,Xã Trần Văn Thời,25 Hai Bà Trưng
6951,Đồng Nai,Phường Trấn Biên,469 Pasteur
6952,TP. Hồ Chí Minh,Phường Bình Thạnh,529 Võ Văn Kiệt
6953,TP. Hồ Chí Minh,Phường Tân Định,146 Hai Bà Trưng
6954,TP. Hồ Chí Minh,Phường Bến Thành,523 Nguyễn Huệ
6955,TP. Hồ Chí Minh,Phường Thủ Đức,76 Lê Lợi
6956,Cần Thơ,Xã Phong Điền,196 Võ Văn Kiệt
6957,Cần Thơ,Phường Ô Môn,75 Nam Kỳ Khởi Nghĩa
6958,TP. Hồ Chí Minh,Phường Sài Gòn,451 Nguyễn Trãi
6959,Đồng Tháp,Phường Cao Lãnh,362 Nguyễn Văn Cừ
6960,Đồng Tháp,Phường Hồng Ngự,214 Lê Lợi
6961,Tây Ninh,Phường Trảng Bàng,280 Võ Văn Kiệt
6962,Cần Thơ,Xã Phong Điền,156 Điện Biên Phủ
6963,Cần Thơ,Phường Thốt Nốt,483 Nguyễn Văn Cừ
6964,TP. Hồ Chí Minh,Phường Tân Định,238 Cách Mạng Tháng Tám
6965,TP. Hồ Chí Minh,Phường Bến Thành,501 Nguyễn Văn Cừ
6966,Đồng Tháp,Phường Hồng Ngự,586 Phạm Văn Đồng
6967,Cà Mau,Xã Ngọc Hiển,11 Quang Trung
6968,Đồng Tháp,Xã Lấp Vò,105 Nguyễn Văn Cừ
6969,Cà Mau,Xã U Minh,444 Trần Hưng Đạo
6970,Cần Thơ,Phường Thốt Nốt,432 Nguyễn Trãi
6971,TP. Hồ Chí Minh,Phường Chợ Lớn,554 Nguyễn Văn Cừ
6972,Vĩnh Long,Phường Vĩnh Long,462 Lê Lợi
6973,TP. Hồ Chí Minh,Phường Tân Bình,404 Điện Biên Phủ
6974,TP. Hồ Chí Minh,Phường An Khánh,342 Điện Biên Phủ
6975,TP. Hồ Chí Minh,Phường Tân Định,401 Võ Văn Kiệt
6976,TP. Hồ Chí Minh,Phường Bến Thành,395 Nguyễn Trãi
6977,Cần Thơ,Xã Phong Điền,100 Quang Trung
6978,An Giang,Xã Tịnh Biên,548 Cách Mạng Tháng Tám
6979,An Giang,Xã Phú Tân,259 Phạm Văn Đồng
6980,Đồng Tháp,Phường Sa Đéc,319 Cách Mạng Tháng Tám
6981,Tây Ninh,Xã Dương Minh Châu,113 Pasteur
6982,An Giang,Xã Tri Tôn,307 Nguyễn Văn Cừ
6983,Cần Thơ,Phường Cái Răng,57 Phạm Văn Đồng
6984,Cần Thơ,Phường Bình Thủy,147 Lý Thường Kiệt
6985,TP. Hồ Chí Minh,Phường Bến Thành,76 Cách Mạng Tháng Tám
6986,TP. Hồ Chí Minh,Phường An Khánh,541 Trần Hưng Đạo
6987,Đồng Nai,Phường Trấn Biên,570 Nam Kỳ Khởi Nghĩa
6988,Cần Thơ,Phường Cái Răng,427 Lý Thường Kiệt
6989,Đồng Tháp,Xã Lấp Vò,370 Nam Kỳ Khởi Nghĩa
6990,Đồng Tháp,Xã Lấp Vò,454 Trần Hưng Đạo
6991,Đồng Nai,Xã Long Thành,424 Nguyễn Trãi
6992,TP. Hồ Chí Minh,Phường Chợ Lớn,592 Lê Lợi
6993,Đồng Nai,Phường Biên Hòa,562 Trần Hưng Đạo
6994,Cà Mau,Xã Đầm Dơi,312 Nguyễn Huệ
6995,TP. Hồ Chí Minh,Phường Sài Gòn,149 Võ Văn Kiệt
6996,TP. Hồ Chí Minh,Phường Bến Thành,220 Lê Lợi
6997,Vĩnh Long,Xã Bình Minh,172 Điện Biên Phủ
6998,Vĩnh Long,Phường Vĩnh Long,373 3 Tháng 2
6999,Vĩnh Long,Phường Vĩnh Long,283 Nguyễn Trãi
7000,Đồng Nai,Phường Long Khánh,124 Nguyễn Trãi
7001,TP. Hồ Chí Minh,Phường Tân Định,337 Nguyễn Trãi
7002,TP. Hồ Chí Minh,Phường Thủ Đức,65 Phạm Văn Đồng
7003,TP. Hồ Chí Minh,Phường Sài Gòn,567 Quang Trung
7004,Đồng Tháp,Xã Tháp Mười,313 Phạm Văn Đồng
7005,Đồng Nai,Phường Trấn Biên,397 Nguyễn Văn Cừ
7006,TP. Hồ Chí Minh,Phường Thủ Đức,217 Điện Biên Phủ
7007,Đồng Nai,Xã Nhơn Trạch,172 Quang Trung
7008,TP. Hồ Chí Minh,Phường Bình Thạnh,331 Hai Bà Trưng
7009,TP. Hồ Chí Minh,Phường Chợ Lớn,347 Điện Biên Phủ
7010,TP. Hồ Chí Minh,Phường Bình Thạnh,172 Nguyễn Huệ
7011,Đồng Nai,Phường Trấn Biên,366 Cách Mạng Tháng Tám
7012,Tây Ninh,Xã Gò Dầu,153 Lý Thường Kiệt
7013,Đồng Tháp,Xã Tháp Mười,66 Điện Biên Phủ
7014,Cà Mau,Xã Đầm Dơi,464 Nam Kỳ Khởi Nghĩa
7015,TP. Hồ Chí Minh,Phường Chợ Lớn,15 Nguyễn Huệ
7016,Vĩnh Long,Xã Trà Ôn,455 Hai Bà Trưng
7017,Đồng Tháp,Phường Cao Lãnh,119 Nguyễn Văn Cừ
7018,TP. Hồ Chí Minh,Phường Tân Định,8 Lê Lợi
7019,TP. Hồ Chí Minh,Phường Bình Thạnh,26 Pasteur
7020,Đồng Nai,Phường Biên Hòa,18 Nguyễn Văn Cừ
7021,TP. Hồ Chí Minh,Phường Thủ Đức,448 Pasteur
7022,Đồng Nai,Phường Biên Hòa,482 Trần Hưng Đạo
7023,Đồng Nai,Xã Định Quán,209 Lê Lợi
7024,An Giang,Phường Châu Đốc,348 Quang Trung
7025,TP. Hồ Chí Minh,Phường An Khánh,111 Quang Trung
7026,TP. Hồ Chí Minh,Phường Bến Thành,160 Cách Mạng Tháng Tám
7027,Đồng Nai,Phường Biên Hòa,406 Điện Biên Phủ
7028,Đồng Nai,Phường Biên Hòa,229 Nguyễn Văn Cừ
7029,Đồng Nai,Xã Định Quán,14 Quang Trung
7030,TP. Hồ Chí Minh,Phường Bình Thạnh,374 Cách Mạng Tháng Tám
7031,TP. Hồ Chí Minh,Phường An Khánh,174 Nguyễn Huệ
7032,TP. Hồ Chí Minh,Phường Tân Bình,121 Nam Kỳ Khởi Nghĩa
7033,TP. Hồ Chí Minh,Phường Thủ Đức,166 Nam Kỳ Khởi Nghĩa
7034,TP. Hồ Chí Minh,Phường Tân Bình,308 Nguyễn Văn Cừ
7035,Đồng Nai,Phường Long Khánh,300 Nguyễn Trãi
7036,Cần Thơ,Phường Bình Thủy,153 Cách Mạng Tháng Tám
7037,Tây Ninh,Xã Dương Minh Châu,337 Nguyễn Văn Cừ
7038,TP. Hồ Chí Minh,Phường Thủ Đức,453 Lê Lợi
7039,Đồng Tháp,Phường Sa Đéc,418 3 Tháng 2
7040,Cà Mau,Xã Đầm Dơi,461 Lê Lợi
7041,Cần Thơ,Phường Ô Môn,411 Lê Lợi
7042,Tây Ninh,Xã Châu Thành,119 Nguyễn Trãi
7043,Đồng Tháp,Phường Sa Đéc,337 Cách Mạng Tháng Tám
7044,Đồng Tháp,Xã Lai Vung,284 Pasteur
7045,TP. Hồ Chí Minh,Phường Bình Thạnh,168 Hai Bà Trưng
7046,Đồng Nai,Phường Trấn Biên,521 Lý Thường Kiệt
7047,Cà Mau,Xã U Minh,575 Phạm Văn Đồng
7048,TP. Hồ Chí Minh,Phường Chợ Lớn,503 Cách Mạng Tháng Tám
7049,TP. Hồ Chí Minh,Phường Chợ Lớn,265 Phạm Văn Đồng
7050,Cần Thơ,Phường Cái Răng,492 Điện Biên Phủ
7051,TP. Hồ Chí Minh,Phường An Khánh,164 Nam Kỳ Khởi Nghĩa
7052,Cà Mau,Xã Ngọc Hiển,324 Lê Lợi
7053,Cần Thơ,Phường Ô Môn,386 Pasteur
7054,TP. Hồ Chí Minh,Phường Tân Bình,275 Nam Kỳ Khởi Nghĩa
7055,Vĩnh Long,Xã Tam Bình,62 Quang Trung
7056,An Giang,Xã Tịnh Biên,395 Phạm Văn Đồng
7057,Cà Mau,Xã U Minh,533 Pasteur
7058,Cà Mau,Xã Trần Văn Thời,498 Lê Lợi
7059,Tây Ninh,Xã Châu Thành,149 Hai Bà Trưng
7060,Đồng Tháp,Phường Cao Lãnh,478 Trần Hưng Đạo
7061,Tây Ninh,Phường Trảng Bàng,579 Nguyễn Huệ
7062,Cà Mau,Xã Đầm Dơi,492 Nguyễn Huệ
7063,TP. Hồ Chí Minh,Phường Thủ Đức,92 Võ Văn Kiệt
7064,TP. Hồ Chí Minh,Phường Sài Gòn,270 Nguyễn Huệ
7065,TP. Hồ Chí Minh,Phường Bình Thạnh,18 Quang Trung
7066,Đồng Nai,Xã Định Quán,496 Lê Lợi
7067,TP. Hồ Chí Minh,Phường Thủ Đức,95 Lý Thường Kiệt
7068,TP. Hồ Chí Minh,Phường Thủ Đức,430 Điện Biên Phủ
7069,TP. Hồ Chí Minh,Phường An Khánh,587 Nguyễn Huệ
7070,Đồng Tháp,Phường Sa Đéc,556 Nguyễn Văn Cừ
7071,An Giang,Xã Chợ Mới,21 Lê Lợi
7072,Đồng Nai,Xã Long Thành,78 Nguyễn Trãi
7073,Đồng Nai,Phường Long Khánh,225 Nguyễn Văn Cừ
7074,TP. Hồ Chí Minh,Phường An Khánh,344 Trần Hưng Đạo
7075,Đồng Nai,Xã Long Thành,164 Nguyễn Huệ
7076,Đồng Nai,Xã Nhơn Trạch,390 Cách Mạng Tháng Tám
7077,TP. Hồ Chí Minh,Phường Tân Bình,173 Nguyễn Trãi
7078,Cà Mau,Xã Năm Căn,65 Pasteur
7079,TP. Hồ Chí Minh,Phường Thủ Đức,478 Pasteur
7080,Tây Ninh,Xã Châu Thành,377 Võ Văn Kiệt
7081,Cà Mau,Xã Trần Văn Thời,15 Trần Hưng Đạo
7082,Đồng Tháp,Xã Tháp Mười,397 Lý Thường Kiệt
7083,TP. Hồ Chí Minh,Phường Bình Thạnh,53 Điện Biên Phủ
7084,An Giang,Xã Tri Tôn,487 Lê Lợi
7085,Cần Thơ,Xã Phong Điền,260 Trần Hưng Đạo
7086,Đồng Nai,Phường Trấn Biên,175 Trần Hưng Đạo
7087,TP. Hồ Chí Minh,Phường Chợ Lớn,133 Quang Trung
7088,An Giang,Xã Tri Tôn,185 Hai Bà Trưng
7089,An Giang,Xã Chợ Mới,591 3 Tháng 2
7090,Đồng Tháp,Xã Lai Vung,161 Pasteur
7091,An Giang,Xã Tịnh Biên,29 Lý Thường Kiệt
7092,Đồng Nai,Phường Trấn Biên,362 Nguyễn Trãi
7093,Cần Thơ,Phường Ninh Kiều,323 Cách Mạng Tháng Tám
7094,Vĩnh Long,Xã Trà Ôn,89 Cách Mạng Tháng Tám
7095,Vĩnh Long,Phường Vĩnh Long,392 Trần Hưng Đạo
7096,TP. Hồ Chí Minh,Phường Bình Thạnh,502 Phạm Văn Đồng
7097,Cần Thơ,Phường Thốt Nốt,52 Điện Biên Phủ
7098,TP. Hồ Chí Minh,Phường Tân Bình,251 Lý Thường Kiệt
7099,TP. Hồ Chí Minh,Phường Bình Thạnh,116 Pasteur
7100,Tây Ninh,Phường Trảng Bàng,423 Lê Lợi
7101,Cần Thơ,Phường Cái Răng,595 Pasteur
7102,Cà Mau,Xã U Minh,108 Hai Bà Trưng
7103,Tây Ninh,Phường Tây Ninh,95 Trần Hưng Đạo
7104,An Giang,Xã Phú Tân,182 Trần Hưng Đạo
7105,TP. Hồ Chí Minh,Phường Thủ Đức,360 Lê Lợi
7106,Đồng Nai,Phường Biên Hòa,78 Pasteur
7107,Tây Ninh,Xã Dương Minh Châu,387 Phạm Văn Đồng
7108,TP. Hồ Chí Minh,Phường Thủ Đức,81 Võ Văn Kiệt
7109,TP. Hồ Chí Minh,Phường Bến Thành,532 Nguyễn Trãi
7110,An Giang,Xã Phú Tân,301 Lê Lợi
7111,Cần Thơ,Phường Thốt Nốt,283 Nam Kỳ Khởi Nghĩa
7112,Vĩnh Long,Phường Vĩnh Long,203 Phạm Văn Đồng
7113,An Giang,Xã Phú Tân,255 Lý Thường Kiệt
7114,TP. Hồ Chí Minh,Phường Thủ Đức,276 Quang Trung
7115,Vĩnh Long,Xã Mang Thít,490 Cách Mạng Tháng Tám
7116,Cần Thơ,Phường Ninh Kiều,291 Nam Kỳ Khởi Nghĩa
7117,Đồng Nai,Phường Long Khánh,390 Nguyễn Trãi
7118,Đồng Nai,Phường Trấn Biên,138 Phạm Văn Đồng
7119,Cà Mau,Xã Ngọc Hiển,245 3 Tháng 2
7120,Cần Thơ,Phường Bình Thủy,110 Nguyễn Huệ
7121,Cần Thơ,Phường Ô Môn,116 Nguyễn Trãi
7122,TP. Hồ Chí Minh,Phường Tân Định,408 Cách Mạng Tháng Tám
7123,Vĩnh Long,Xã Mang Thít,442 3 Tháng 2
7124,TP. Hồ Chí Minh,Phường Sài Gòn,426 Nguyễn Văn Cừ
7125,Cần Thơ,Phường Ô Môn,63 Hai Bà Trưng
7126,TP. Hồ Chí Minh,Phường An Khánh,521 Pasteur
7127,TP. Hồ Chí Minh,Phường Sài Gòn,184 Pasteur
7128,Cà Mau,Phường Cà Mau,171 Hai Bà Trưng
7129,TP. Hồ Chí Minh,Phường Bình Thạnh,546 Nam Kỳ Khởi Nghĩa
7130,TP. Hồ Chí Minh,Phường Bình Thạnh,385 Nguyễn Trãi
7131,TP. Hồ Chí Minh,Phường An Khánh,118 Nguyễn Huệ
7132,Cà Mau,Xã Ngọc Hiển,228 Pasteur
7133,Tây Ninh,Xã Gò Dầu,412 Nguyễn Văn Cừ
7134,Tây Ninh,Xã Dương Minh Châu,42 Cách Mạng Tháng Tám
7135,Đồng Nai,Phường Long Khánh,375 Nguyễn Huệ
7136,An Giang,Xã Phú Tân,484 Cách Mạng Tháng Tám
7137,An Giang,Xã Tịnh Biên,397 Phạm Văn Đồng
7138,TP. Hồ Chí Minh,Phường Tân Định,125 Pasteur
7139,TP. Hồ Chí Minh,Phường Tân Bình,552 Võ Văn Kiệt
7140,Tây Ninh,Xã Châu Thành,211 Pasteur
7141,Đồng Nai,Phường Long Khánh,472 Quang Trung
7142,TP. Hồ Chí Minh,Phường Tân Bình,443 Trần Hưng Đạo
7143,Vĩnh Long,Xã Tam Bình,325 Nguyễn Huệ
7144,TP. Hồ Chí Minh,Phường Bến Thành,426 Quang Trung
7145,Vĩnh Long,Xã Mang Thít,508 Võ Văn Kiệt
7146,TP. Hồ Chí Minh,Phường Tân Định,354 Nguyễn Văn Cừ
7147,Tây Ninh,Phường Tây Ninh,510 Quang Trung
7148,Cần Thơ,Phường Bình Thủy,204 Quang Trung
7149,TP. Hồ Chí Minh,Phường Tân Định,392 Điện Biên Phủ
7150,TP. Hồ Chí Minh,Phường Tân Định,147 Hai Bà Trưng
7151,Vĩnh Long,Xã Long Hồ,39 Điện Biên Phủ
7152,Đồng Tháp,Phường Sa Đéc,541 Trần Hưng Đạo
7153,Đồng Tháp,Phường Sa Đéc,71 Quang Trung
7154,Tây Ninh,Xã Gò Dầu,130 Nguyễn Huệ
7155,An Giang,Phường Châu Đốc,418 Lê Lợi
7156,TP. Hồ Chí Minh,Phường Tân Bình,520 Lý Thường Kiệt
7157,An Giang,Xã Tịnh Biên,261 Phạm Văn Đồng
7158,Đồng Tháp,Phường Cao Lãnh,332 Điện Biên Phủ
7159,TP. Hồ Chí Minh,Phường Tân Định,347 Nam Kỳ Khởi Nghĩa
7160,Đồng Nai,Phường Biên Hòa,20 Quang Trung
7161,An Giang,Xã Tịnh Biên,420 Nguyễn Văn Cừ
7162,TP. Hồ Chí Minh,Phường Bến Thành,31 Võ Văn Kiệt
7163,Tây Ninh,Xã Tân Biên,565 Hai Bà Trưng
7164,Vĩnh Long,Xã Bình Minh,59 Nguyễn Trãi
7165,Tây Ninh,Xã Tân Biên,396 Cách Mạng Tháng Tám
7166,TP. Hồ Chí Minh,Phường Bến Thành,578 3 Tháng 2
7167,TP. Hồ Chí Minh,Phường Chợ Lớn,187 Nguyễn Trãi
7168,Đồng Tháp,Xã Lấp Vò,567 Nguyễn Trãi
7169,TP. Hồ Chí Minh,Phường An Khánh,170 Hai Bà Trưng
7170,Vĩnh Long,Xã Tam Bình,2 Quang Trung
7171,An Giang,Xã Tịnh Biên,256 Võ Văn Kiệt
7172,Vĩnh Long,Xã Long Hồ,291 Phạm Văn Đồng
7173,Cần Thơ,Xã Phong Điền,476 Võ Văn Kiệt
7174,Đồng Nai,Xã Nhơn Trạch,91 Nguyễn Huệ
7175,TP. Hồ Chí Minh,Phường An Khánh,157 Nam Kỳ Khởi Nghĩa
7176,Đồng Tháp,Xã Tháp Mười,154 Pasteur
7177,Đồng Nai,Phường Trấn Biên,371 Nguyễn Văn Cừ
7178,Đồng Nai,Xã Long Thành,439 Điện Biên Phủ
7179,TP. Hồ Chí Minh,Phường Chợ Lớn,159 Điện Biên Phủ
7180,Cần Thơ,Phường Ô Môn,395 Lê Lợi
7181,An Giang,Phường Long Xuyên,466 Trần Hưng Đạo
7182,Vĩnh Long,Xã Tam Bình,474 Cách Mạng Tháng Tám
7183,Tây Ninh,Phường Tây Ninh,138 Nguyễn Trãi
7184,Cần Thơ,Phường Ô Môn,424 Lý Thường Kiệt
7185,Tây Ninh,Xã Gò Dầu,229 Điện Biên Phủ
7186,TP. Hồ Chí Minh,Phường Bến Thành,370 Hai Bà Trưng
7187,Đồng Nai,Phường Biên Hòa,397 Lê Lợi
7188,Cần Thơ,Phường Bình Thủy,552 Lý Thường Kiệt
7189,TP. Hồ Chí Minh,Phường Bến Thành,541 Điện Biên Phủ
7190,TP. Hồ Chí Minh,Phường Thủ Đức,125 Điện Biên Phủ
7191,TP. Hồ Chí Minh,Phường Tân Định,574 Cách Mạng Tháng Tám
7192,TP. Hồ Chí Minh,Phường Sài Gòn,26 Phạm Văn Đồng
7193,Vĩnh Long,Xã Mang Thít,11 Cách Mạng Tháng Tám
7194,TP. Hồ Chí Minh,Phường Sài Gòn,112 Pasteur
7195,TP. Hồ Chí Minh,Phường An Khánh,158 Điện Biên Phủ
7196,Đồng Nai,Phường Long Khánh,67 Quang Trung
7197,Cà Mau,Xã Ngọc Hiển,138 Trần Hưng Đạo
7198,Tây Ninh,Xã Gò Dầu,532 Nguyễn Văn Cừ
7199,An Giang,Phường Châu Đốc,277 Quang Trung
7200,Đồng Nai,Phường Trấn Biên,33 Lý Thường Kiệt
7201,An Giang,Xã Tịnh Biên,484 Võ Văn Kiệt
7202,An Giang,Xã Tri Tôn,462 Nguyễn Văn Cừ
7203,Cần Thơ,Phường Ninh Kiều,321 Cách Mạng Tháng Tám
7204,TP. Hồ Chí Minh,Phường An Khánh,454 Nguyễn Văn Cừ
7205,Cà Mau,Phường Cà Mau,188 Nam Kỳ Khởi Nghĩa
7206,TP. Hồ Chí Minh,Phường An Khánh,435 Trần Hưng Đạo
7207,Cà Mau,Xã Trần Văn Thời,233 Hai Bà Trưng
7208,TP. Hồ Chí Minh,Phường Sài Gòn,359 Nguyễn Huệ
7209,Đồng Nai,Xã Định Quán,405 3 Tháng 2
7210,TP. Hồ Chí Minh,Phường Bến Thành,11 Phạm Văn Đồng
7211,TP. Hồ Chí Minh,Phường Chợ Lớn,174 Quang Trung
7212,Vĩnh Long,Xã Long Hồ,576 Phạm Văn Đồng
7213,TP. Hồ Chí Minh,Phường Thủ Đức,164 Võ Văn Kiệt
7214,Đồng Nai,Phường Biên Hòa,491 Nguyễn Trãi
7215,Cà Mau,Xã U Minh,409 Nam Kỳ Khởi Nghĩa
7216,TP. Hồ Chí Minh,Phường Bình Thạnh,348 Quang Trung
7217,TP. Hồ Chí Minh,Phường Bình Thạnh,373 Phạm Văn Đồng
7218,Đồng Nai,Xã Định Quán,427 Lê Lợi
7219,Vĩnh Long,Xã Tam Bình,112 Quang Trung
7220,Cà Mau,Phường Cà Mau,376 Lê Lợi
7221,Đồng Tháp,Phường Cao Lãnh,118 Quang Trung
7222,Đồng Tháp,Phường Sa Đéc,513 Nam Kỳ Khởi Nghĩa
7223,Vĩnh Long,Xã Mang Thít,471 Phạm Văn Đồng
7224,TP. Hồ Chí Minh,Phường Chợ Lớn,319 Nguyễn Văn Cừ
7225,TP. Hồ Chí Minh,Phường Chợ Lớn,7 Cách Mạng Tháng Tám
7226,Tây Ninh,Xã Châu Thành,313 Lý Thường Kiệt
7227,Tây Ninh,Xã Châu Thành,18 Võ Văn Kiệt
7228,TP. Hồ Chí Minh,Phường Sài Gòn,73 Hai Bà Trưng
7229,Vĩnh Long,Xã Long Hồ,57 Nguyễn Văn Cừ
7230,Cần Thơ,Phường Thốt Nốt,312 Võ Văn Kiệt
7231,TP. Hồ Chí Minh,Phường Bến Thành,21 Nam Kỳ Khởi Nghĩa
7232,Cà Mau,Xã U Minh,521 Quang Trung
7233,TP. Hồ Chí Minh,Phường Bình Thạnh,8 Quang Trung
7234,TP. Hồ Chí Minh,Phường Sài Gòn,226 Phạm Văn Đồng
7235,TP. Hồ Chí Minh,Phường An Khánh,513 Võ Văn Kiệt
7236,Đồng Nai,Xã Long Thành,488 Phạm Văn Đồng
7237,Tây Ninh,Phường Trảng Bàng,338 Nguyễn Huệ
7238,Cà Mau,Xã Đầm Dơi,77 Võ Văn Kiệt
7239,Đồng Tháp,Xã Lai Vung,26 Nguyễn Văn Cừ
7240,An Giang,Xã Chợ Mới,81 Nguyễn Văn Cừ
7241,An Giang,Phường Long Xuyên,533 Điện Biên Phủ
7242,TP. Hồ Chí Minh,Phường An Khánh,42 3 Tháng 2
7243,Vĩnh Long,Xã Tam Bình,205 Trần Hưng Đạo
7244,TP. Hồ Chí Minh,Phường Thủ Đức,365 Trần Hưng Đạo
7245,TP. Hồ Chí Minh,Phường Tân Bình,457 Điện Biên Phủ
7246,TP. Hồ Chí Minh,Phường Sài Gòn,69 Lý Thường Kiệt
7247,Cà Mau,Xã Ngọc Hiển,561 Lê Lợi
7248,Cà Mau,Xã U Minh,459 Hai Bà Trưng
7249,Cần Thơ,Phường Cái Răng,516 Phạm Văn Đồng
7250,An Giang,Xã Phú Tân,594 Nguyễn Huệ
7251,TP. Hồ Chí Minh,Phường Bình Thạnh,204 Nguyễn Huệ
7252,TP. Hồ Chí Minh,Phường Bình Thạnh,135 3 Tháng 2
7253,Đồng Tháp,Phường Hồng Ngự,559 Lê Lợi
7254,Tây Ninh,Xã Dương Minh Châu,217 Phạm Văn Đồng
7255,Cần Thơ,Xã Phong Điền,263 Pasteur
7256,Tây Ninh,Phường Tây Ninh,516 Phạm Văn Đồng
7257,TP. Hồ Chí Minh,Phường An Khánh,243 Điện Biên Phủ
7258,TP. Hồ Chí Minh,Phường Bình Thạnh,278 Nguyễn Huệ
7259,Đồng Tháp,Phường Sa Đéc,463 Lý Thường Kiệt
7260,Tây Ninh,Xã Gò Dầu,528 Nguyễn Huệ
7261,TP. Hồ Chí Minh,Phường Bình Thạnh,130 Quang Trung
7262,An Giang,Phường Long Xuyên,180 Cách Mạng Tháng Tám
7263,TP. Hồ Chí Minh,Phường Bình Thạnh,341 3 Tháng 2
7264,TP. Hồ Chí Minh,Phường Thủ Đức,514 Quang Trung
7265,TP. Hồ Chí Minh,Phường Sài Gòn,85 Pasteur
7266,Cần Thơ,Phường Thốt Nốt,124 Nguyễn Huệ
7267,TP. Hồ Chí Minh,Phường Tân Bình,160 Điện Biên Phủ
7268,Cần Thơ,Xã Phong Điền,110 Phạm Văn Đồng
7269,Cà Mau,Xã Năm Căn,527 Nguyễn Văn Cừ
7270,An Giang,Xã Phú Tân,589 Võ Văn Kiệt
7271,Đồng Nai,Xã Nhơn Trạch,550 Trần Hưng Đạo
7272,Vĩnh Long,Xã Mang Thít,455 Hai Bà Trưng
7273,Vĩnh Long,Xã Tam Bình,288 Nguyễn Trãi
7274,An Giang,Xã Tịnh Biên,364 Nguyễn Trãi
7275,TP. Hồ Chí Minh,Phường Thủ Đức,342 Pasteur
7276,Tây Ninh,Phường Tây Ninh,228 Pasteur
7277,An Giang,Xã Tri Tôn,487 Nguyễn Trãi
7278,TP. Hồ Chí Minh,Phường Bình Thạnh,98 Nguyễn Văn Cừ
7279,Cà Mau,Xã Trần Văn Thời,311 Nam Kỳ Khởi Nghĩa
7280,TP. Hồ Chí Minh,Phường Chợ Lớn,580 Nguyễn Trãi
7281,Vĩnh Long,Xã Long Hồ,408 Lê Lợi
7282,TP. Hồ Chí Minh,Phường Bến Thành,506 Hai Bà Trưng
7283,TP. Hồ Chí Minh,Phường Tân Định,222 Lý Thường Kiệt
7284,Cần Thơ,Phường Bình Thủy,576 Hai Bà Trưng
7285,TP. Hồ Chí Minh,Phường Sài Gòn,129 Phạm Văn Đồng
7286,Đồng Tháp,Phường Cao Lãnh,145 Phạm Văn Đồng
7287,Vĩnh Long,Phường Vĩnh Long,596 Lý Thường Kiệt
7288,TP. Hồ Chí Minh,Phường Chợ Lớn,381 Cách Mạng Tháng Tám
7289,Đồng Tháp,Phường Sa Đéc,499 Nguyễn Văn Cừ
7290,TP. Hồ Chí Minh,Phường Bến Thành,279 Nguyễn Văn Cừ
7291,Cần Thơ,Phường Cái Răng,515 Cách Mạng Tháng Tám
7292,TP. Hồ Chí Minh,Phường Thủ Đức,64 Lê Lợi
7293,TP. Hồ Chí Minh,Phường Tân Định,572 Nam Kỳ Khởi Nghĩa
7294,Cần Thơ,Phường Ô Môn,329 Nguyễn Văn Cừ
7295,Cần Thơ,Phường Ô Môn,409 Nguyễn Văn Cừ
7296,TP. Hồ Chí Minh,Phường Tân Định,223 Cách Mạng Tháng Tám
7297,Cần Thơ,Phường Ninh Kiều,228 Nguyễn Huệ
7298,Cà Mau,Xã Ngọc Hiển,569 Lê Lợi
7299,An Giang,Xã Chợ Mới,579 Võ Văn Kiệt
7300,Tây Ninh,Phường Trảng Bàng,205 Trần Hưng Đạo
7301,Cần Thơ,Xã Phong Điền,271 Nguyễn Huệ
7302,Đồng Nai,Phường Trấn Biên,3 Võ Văn Kiệt
7303,TP. Hồ Chí Minh,Phường Sài Gòn,324 Nguyễn Huệ
7304,TP. Hồ Chí Minh,Phường Tân Bình,359 Nam Kỳ Khởi Nghĩa
7305,TP. Hồ Chí Minh,Phường Chợ Lớn,375 Phạm Văn Đồng
7306,Đồng Tháp,Xã Tháp Mười,220 Phạm Văn Đồng
7307,Tây Ninh,Phường Tây Ninh,237 Nguyễn Trãi
7308,TP. Hồ Chí Minh,Phường Thủ Đức,398 Phạm Văn Đồng
7309,Đồng Tháp,Xã Lai Vung,446 Nguyễn Văn Cừ
7310,TP. Hồ Chí Minh,Phường Bình Thạnh,238 Điện Biên Phủ
7311,Cà Mau,Xã U Minh,12 Phạm Văn Đồng
7312,Đồng Nai,Phường Long Khánh,159 Nguyễn Huệ
7313,TP. Hồ Chí Minh,Phường Sài Gòn,78 3 Tháng 2
7314,Tây Ninh,Xã Tân Biên,504 Lê Lợi
7315,TP. Hồ Chí Minh,Phường Thủ Đức,49 Nguyễn Văn Cừ
7316,An Giang,Xã Tịnh Biên,582 Lê Lợi
7317,Cần Thơ,Xã Phong Điền,244 Nguyễn Huệ
7318,TP. Hồ Chí Minh,Phường Bình Thạnh,392 Lý Thường Kiệt
7319,TP. Hồ Chí Minh,Phường Tân Bình,354 Trần Hưng Đạo
7320,Cần Thơ,Xã Phong Điền,156 Pasteur
7321,Đồng Tháp,Xã Lai Vung,431 Nguyễn Huệ
7322,TP. Hồ Chí Minh,Phường Bình Thạnh,305 Điện Biên Phủ
7323,An Giang,Xã Tri Tôn,261 Trần Hưng Đạo
7324,Vĩnh Long,Xã Bình Minh,369 Nguyễn Trãi
7325,Vĩnh Long,Phường Vĩnh Long,488 Nam Kỳ Khởi Nghĩa
7326,Vĩnh Long,Xã Trà Ôn,311 Hai Bà Trưng
7327,Tây Ninh,Xã Tân Biên,132 Lý Thường Kiệt
7328,Đồng Nai,Xã Nhơn Trạch,148 Nam Kỳ Khởi Nghĩa
7329,Tây Ninh,Phường Tây Ninh,453 Cách Mạng Tháng Tám
7330,TP. Hồ Chí Minh,Phường Tân Định,376 Lý Thường Kiệt
7331,TP. Hồ Chí Minh,Phường Tân Bình,158 Cách Mạng Tháng Tám
7332,TP. Hồ Chí Minh,Phường Chợ Lớn,244 Nguyễn Văn Cừ
7333,Cần Thơ,Phường Cái Răng,96 Võ Văn Kiệt
7334,TP. Hồ Chí Minh,Phường Sài Gòn,284 Quang Trung
7335,An Giang,Xã Phú Tân,472 Cách Mạng Tháng Tám
7336,Cần Thơ,Phường Thốt Nốt,245 Quang Trung
7337,Đồng Tháp,Phường Hồng Ngự,87 Võ Văn Kiệt
7338,Vĩnh Long,Xã Bình Minh,15 Nguyễn Huệ
7339,TP. Hồ Chí Minh,Phường Tân Bình,560 Nam Kỳ Khởi Nghĩa
7340,Đồng Nai,Phường Trấn Biên,562 Hai Bà Trưng
7341,TP. Hồ Chí Minh,Phường Bến Thành,427 Hai Bà Trưng
7342,Tây Ninh,Xã Tân Biên,156 Điện Biên Phủ
7343,Tây Ninh,Xã Dương Minh Châu,542 3 Tháng 2
7344,Tây Ninh,Phường Tây Ninh,154 Điện Biên Phủ
7345,Cần Thơ,Phường Bình Thủy,536 Nam Kỳ Khởi Nghĩa
7346,TP. Hồ Chí Minh,Phường Tân Bình,112 Lê Lợi
7347,Tây Ninh,Phường Trảng Bàng,337 Võ Văn Kiệt
7348,Cần Thơ,Phường Ô Môn,82 Nguyễn Văn Cừ
7349,Vĩnh Long,Phường Vĩnh Long,166 Trần Hưng Đạo
7350,Cà Mau,Xã Đầm Dơi,317 Nam Kỳ Khởi Nghĩa
7351,Vĩnh Long,Xã Mang Thít,163 Điện Biên Phủ
7352,Cà Mau,Xã U Minh,148 Pasteur
7353,TP. Hồ Chí Minh,Phường Bến Thành,392 Pasteur
7354,An Giang,Xã Chợ Mới,183 Hai Bà Trưng
7355,TP. Hồ Chí Minh,Phường Chợ Lớn,517 Nguyễn Huệ
7356,TP. Hồ Chí Minh,Phường Bến Thành,562 Lê Lợi
7357,TP. Hồ Chí Minh,Phường Bến Thành,530 3 Tháng 2
7358,Tây Ninh,Xã Châu Thành,3 Trần Hưng Đạo
7359,Đồng Tháp,Phường Cao Lãnh,430 Lý Thường Kiệt
7360,TP. Hồ Chí Minh,Phường Tân Bình,423 Hai Bà Trưng
7361,Tây Ninh,Phường Trảng Bàng,149 Pasteur
7362,TP. Hồ Chí Minh,Phường Bình Thạnh,203 Nguyễn Văn Cừ
7363,Cần Thơ,Phường Ninh Kiều,30 Nguyễn Huệ
7364,TP. Hồ Chí Minh,Phường Sài Gòn,359 3 Tháng 2
7365,Tây Ninh,Xã Châu Thành,466 Võ Văn Kiệt
7366,Cà Mau,Phường Cà Mau,71 Hai Bà Trưng
7367,Tây Ninh,Xã Tân Biên,412 3 Tháng 2
7368,Cà Mau,Xã U Minh,400 Nguyễn Văn Cừ
7369,Đồng Nai,Xã Định Quán,296 3 Tháng 2
7370,TP. Hồ Chí Minh,Phường Bình Thạnh,299 Võ Văn Kiệt
7371,Vĩnh Long,Xã Tam Bình,177 Quang Trung
7372,TP. Hồ Chí Minh,Phường An Khánh,322 Cách Mạng Tháng Tám
7373,TP. Hồ Chí Minh,Phường Sài Gòn,169 Lý Thường Kiệt
7374,TP. Hồ Chí Minh,Phường Chợ Lớn,511 Quang Trung
7375,TP. Hồ Chí Minh,Phường Bình Thạnh,321 Phạm Văn Đồng
7376,Cà Mau,Xã Trần Văn Thời,534 Điện Biên Phủ
7377,Đồng Nai,Phường Long Khánh,481 Phạm Văn Đồng
7378,Đồng Tháp,Phường Hồng Ngự,528 Nam Kỳ Khởi Nghĩa
7379,Tây Ninh,Xã Dương Minh Châu,492 Phạm Văn Đồng
7380,TP. Hồ Chí Minh,Phường Tân Bình,151 Hai Bà Trưng
7381,Cà Mau,Xã U Minh,264 Quang Trung
7382,Cà Mau,Xã U Minh,186 Võ Văn Kiệt
7383,Vĩnh Long,Xã Long Hồ,45 Cách Mạng Tháng Tám
7384,An Giang,Xã Phú Tân,446 3 Tháng 2
7385,Vĩnh Long,Xã Tam Bình,24 Nam Kỳ Khởi Nghĩa
7386,An Giang,Phường Long Xuyên,503 Pasteur
7387,TP. Hồ Chí Minh,Phường An Khánh,153 Nam Kỳ Khởi Nghĩa
7388,Tây Ninh,Xã Tân Biên,313 Nguyễn Văn Cừ
7389,Đồng Tháp,Xã Lấp Vò,270 Pasteur
7390,Tây Ninh,Xã Dương Minh Châu,559 Nguyễn Huệ
7391,Vĩnh Long,Phường Vĩnh Long,572 Hai Bà Trưng
7392,Đồng Nai,Xã Nhơn Trạch,592 Pasteur
7393,TP. Hồ Chí Minh,Phường Chợ Lớn,421 Hai Bà Trưng
7394,TP. Hồ Chí Minh,Phường Tân Bình,285 Nguyễn Trãi
7395,Đồng Tháp,Phường Sa Đéc,66 Nguyễn Huệ
7396,TP. Hồ Chí Minh,Phường Bình Thạnh,218 Điện Biên Phủ
7397,Đồng Tháp,Phường Hồng Ngự,595 Pasteur
7398,Đồng Tháp,Phường Hồng Ngự,209 Nguyễn Huệ
7399,Đồng Nai,Xã Nhơn Trạch,481 Nam Kỳ Khởi Nghĩa
7400,Đồng Tháp,Xã Tháp Mười,436 Trần Hưng Đạo
7401,Cà Mau,Phường Cà Mau,121 Quang Trung
7402,Cà Mau,Xã Năm Căn,356 Nguyễn Huệ
7403,Vĩnh Long,Xã Trà Ôn,127 Điện Biên Phủ
7404,Vĩnh Long,Xã Bình Minh,21 Võ Văn Kiệt
7405,TP. Hồ Chí Minh,Phường Tân Bình,165 Phạm Văn Đồng
7406,Tây Ninh,Xã Tân Biên,371 Nguyễn Trãi
7407,Vĩnh Long,Xã Bình Minh,383 Pasteur
7408,Tây Ninh,Phường Trảng Bàng,556 Lê Lợi
7409,Đồng Nai,Phường Biên Hòa,221 Hai Bà Trưng
7410,Cà Mau,Xã Năm Căn,114 Phạm Văn Đồng
7411,An Giang,Xã Tịnh Biên,91 Lê Lợi
7412,TP. Hồ Chí Minh,Phường Tân Định,502 Cách Mạng Tháng Tám
7413,Cần Thơ,Phường Bình Thủy,344 3 Tháng 2
7414,TP. Hồ Chí Minh,Phường Tân Bình,577 Trần Hưng Đạo
7415,Cần Thơ,Phường Ninh Kiều,527 Lê Lợi
7416,Cần Thơ,Phường Thốt Nốt,192 Trần Hưng Đạo
7417,Đồng Tháp,Phường Sa Đéc,575 Nguyễn Huệ
7418,TP. Hồ Chí Minh,Phường Tân Định,201 Lý Thường Kiệt
7419,Tây Ninh,Xã Tân Biên,317 Quang Trung
7420,Tây Ninh,Xã Dương Minh Châu,73 Hai Bà Trưng
7421,Cà Mau,Xã Đầm Dơi,159 Hai Bà Trưng
7422,TP. Hồ Chí Minh,Phường Bình Thạnh,169 Nguyễn Trãi
7423,TP. Hồ Chí Minh,Phường Sài Gòn,500 Nam Kỳ Khởi Nghĩa
7424,Đồng Tháp,Xã Tháp Mười,100 Cách Mạng Tháng Tám
7425,Đồng Tháp,Xã Lấp Vò,381 Pasteur
7426,TP. Hồ Chí Minh,Phường Tân Bình,598 Lý Thường Kiệt
7427,Đồng Tháp,Xã Lấp Vò,25 Nam Kỳ Khởi Nghĩa
7428,An Giang,Phường Long Xuyên,67 Võ Văn Kiệt
7429,Cà Mau,Xã U Minh,486 Nam Kỳ Khởi Nghĩa
7430,TP. Hồ Chí Minh,Phường Tân Định,155 Cách Mạng Tháng Tám
7431,An Giang,Xã Tri Tôn,333 Điện Biên Phủ
7432,Tây Ninh,Xã Châu Thành,582 Phạm Văn Đồng
7433,An Giang,Xã Chợ Mới,540 3 Tháng 2
7434,Đồng Tháp,Xã Tháp Mười,488 Phạm Văn Đồng
7435,TP. Hồ Chí Minh,Phường Tân Bình,456 Quang Trung
7436,TP. Hồ Chí Minh,Phường Bến Thành,66 Võ Văn Kiệt
7437,Đồng Nai,Xã Nhơn Trạch,95 Lý Thường Kiệt
7438,TP. Hồ Chí Minh,Phường Bến Thành,364 Lý Thường Kiệt
7439,Vĩnh Long,Phường Vĩnh Long,299 Nguyễn Huệ
7440,Vĩnh Long,Xã Trà Ôn,60 Quang Trung
7441,TP. Hồ Chí Minh,Phường Tân Định,26 Hai Bà Trưng
7442,TP. Hồ Chí Minh,Phường Tân Định,339 Hai Bà Trưng
7443,An Giang,Phường Long Xuyên,438 Quang Trung
7444,Cà Mau,Xã Trần Văn Thời,273 Điện Biên Phủ
7445,Cà Mau,Xã Năm Căn,535 Pasteur
7446,TP. Hồ Chí Minh,Phường Chợ Lớn,159 Pasteur
7447,TP. Hồ Chí Minh,Phường Bến Thành,505 Võ Văn Kiệt
7448,TP. Hồ Chí Minh,Phường Tân Định,226 Hai Bà Trưng
7449,Đồng Nai,Phường Trấn Biên,115 Điện Biên Phủ
7450,Cà Mau,Xã Năm Căn,598 Võ Văn Kiệt
7451,Tây Ninh,Phường Tây Ninh,235 Lê Lợi
7452,Cần Thơ,Phường Thốt Nốt,181 Nam Kỳ Khởi Nghĩa
7453,Đồng Tháp,Phường Cao Lãnh,31 Quang Trung
7454,TP. Hồ Chí Minh,Phường Bình Thạnh,142 Cách Mạng Tháng Tám
7455,Đồng Tháp,Phường Sa Đéc,489 3 Tháng 2
7456,Đồng Tháp,Xã Tháp Mười,12 Lý Thường Kiệt
7457,TP. Hồ Chí Minh,Phường Tân Định,129 Hai Bà Trưng
7458,An Giang,Phường Châu Đốc,278 Hai Bà Trưng
7459,Tây Ninh,Phường Trảng Bàng,371 Võ Văn Kiệt
7460,Vĩnh Long,Xã Mang Thít,352 Pasteur
7461,Đồng Tháp,Xã Tháp Mười,328 Cách Mạng Tháng Tám
7462,Tây Ninh,Xã Tân Biên,77 Võ Văn Kiệt
7463,Cà Mau,Xã U Minh,99 Võ Văn Kiệt
7464,TP. Hồ Chí Minh,Phường Bình Thạnh,238 Nam Kỳ Khởi Nghĩa
7465,Cần Thơ,Phường Ninh Kiều,333 Nguyễn Huệ
7466,Cần Thơ,Phường Ninh Kiều,389 Hai Bà Trưng
7467,Cà Mau,Xã Trần Văn Thời,441 Phạm Văn Đồng
7468,Cần Thơ,Phường Cái Răng,310 Điện Biên Phủ
7469,Cà Mau,Xã Trần Văn Thời,94 Quang Trung
7470,Vĩnh Long,Xã Tam Bình,33 Võ Văn Kiệt
7471,Đồng Nai,Phường Trấn Biên,403 Nam Kỳ Khởi Nghĩa
7472,Đồng Tháp,Phường Hồng Ngự,80 Nguyễn Văn Cừ
7473,Cà Mau,Xã Đầm Dơi,155 Lý Thường Kiệt
7474,Đồng Tháp,Xã Tháp Mười,584 Cách Mạng Tháng Tám
7475,TP. Hồ Chí Minh,Phường Tân Định,307 Nguyễn Huệ
7476,Đồng Tháp,Xã Lai Vung,112 Nam Kỳ Khởi Nghĩa
7477,Vĩnh Long,Xã Bình Minh,144 Hai Bà Trưng
7478,Đồng Tháp,Xã Lai Vung,117 Lê Lợi
7479,Vĩnh Long,Xã Bình Minh,5 Quang Trung
7480,TP. Hồ Chí Minh,Phường Thủ Đức,37 Nam Kỳ Khởi Nghĩa
7481,Đồng Tháp,Phường Hồng Ngự,206 3 Tháng 2
7482,TP. Hồ Chí Minh,Phường Thủ Đức,18 Hai Bà Trưng
7483,Cần Thơ,Phường Ninh Kiều,274 Cách Mạng Tháng Tám
7484,An Giang,Xã Phú Tân,426 Hai Bà Trưng
7485,Cà Mau,Xã Đầm Dơi,218 Nguyễn Huệ
7486,TP. Hồ Chí Minh,Phường Bến Thành,584 Pasteur
7487,TP. Hồ Chí Minh,Phường Thủ Đức,434 Nguyễn Huệ
7488,Cà Mau,Xã Ngọc Hiển,244 Nguyễn Huệ
7489,Cần Thơ,Xã Phong Điền,286 Cách Mạng Tháng Tám
7490,Cà Mau,Xã Năm Căn,463 Pasteur
7491,TP. Hồ Chí Minh,Phường Tân Định,139 Võ Văn Kiệt
7492,Vĩnh Long,Xã Long Hồ,462 Nam Kỳ Khởi Nghĩa
7493,TP. Hồ Chí Minh,Phường An Khánh,546 Nguyễn Trãi
7494,Cà Mau,Xã Ngọc Hiển,356 Nguyễn Huệ
7495,TP. Hồ Chí Minh,Phường Bình Thạnh,519 Võ Văn Kiệt
7496,TP. Hồ Chí Minh,Phường An Khánh,263 Hai Bà Trưng
7497,TP. Hồ Chí Minh,Phường Thủ Đức,195 Nguyễn Huệ
7498,Vĩnh Long,Xã Mang Thít,590 Nguyễn Trãi
7499,Cần Thơ,Xã Phong Điền,3 Lê Lợi
7500,An Giang,Phường Châu Đốc,215 Võ Văn Kiệt
7501,Cần Thơ,Xã Phong Điền,33 Lý Thường Kiệt
7502,TP. Hồ Chí Minh,Phường Bến Thành,421 Điện Biên Phủ
7503,Đồng Nai,Xã Long Thành,211 Lê Lợi
7504,TP. Hồ Chí Minh,Phường An Khánh,62 Trần Hưng Đạo
7505,TP. Hồ Chí Minh,Phường An Khánh,584 Nguyễn Trãi
7506,Vĩnh Long,Phường Vĩnh Long,442 Lý Thường Kiệt
7507,Cà Mau,Xã Đầm Dơi,29 Lê Lợi
7508,Đồng Tháp,Phường Cao Lãnh,36 Trần Hưng Đạo
7509,Đồng Nai,Xã Nhơn Trạch,471 Quang Trung
7510,Đồng Nai,Xã Long Thành,76 Nguyễn Trãi
7511,Tây Ninh,Phường Trảng Bàng,495 Pasteur
7512,Cần Thơ,Phường Ô Môn,246 Pasteur
7513,Cà Mau,Xã Năm Căn,249 Lý Thường Kiệt
7514,An Giang,Xã Tịnh Biên,361 Nam Kỳ Khởi Nghĩa
7515,TP. Hồ Chí Minh,Phường An Khánh,6 Nguyễn Huệ
7516,TP. Hồ Chí Minh,Phường Tân Định,73 Nguyễn Huệ
7517,Đồng Tháp,Xã Lai Vung,343 Điện Biên Phủ
7518,Đồng Tháp,Phường Cao Lãnh,160 Pasteur
7519,TP. Hồ Chí Minh,Phường Sài Gòn,90 Quang Trung
7520,TP. Hồ Chí Minh,Phường Sài Gòn,326 Điện Biên Phủ
7521,Vĩnh Long,Phường Vĩnh Long,23 Nguyễn Văn Cừ
7522,Cần Thơ,Phường Ninh Kiều,246 Lê Lợi
7523,An Giang,Phường Long Xuyên,339 3 Tháng 2
7524,TP. Hồ Chí Minh,Phường Chợ Lớn,157 Lê Lợi
7525,TP. Hồ Chí Minh,Phường Tân Bình,487 Hai Bà Trưng
7526,TP. Hồ Chí Minh,Phường Bình Thạnh,448 Điện Biên Phủ
7527,TP. Hồ Chí Minh,Phường An Khánh,128 Lê Lợi
7528,Đồng Nai,Xã Long Thành,143 3 Tháng 2
7529,An Giang,Xã Phú Tân,352 3 Tháng 2
7530,Tây Ninh,Xã Dương Minh Châu,257 Lê Lợi
7531,Cần Thơ,Phường Ô Môn,93 Pasteur
7532,Cần Thơ,Xã Phong Điền,145 Hai Bà Trưng
7533,TP. Hồ Chí Minh,Phường Bến Thành,116 3 Tháng 2
7534,Cần Thơ,Phường Ninh Kiều,96 Nguyễn Trãi
7535,Đồng Tháp,Xã Lai Vung,104 3 Tháng 2
7536,TP. Hồ Chí Minh,Phường Tân Bình,419 Nguyễn Văn Cừ
7537,Cần Thơ,Phường Thốt Nốt,487 Lý Thường Kiệt
7538,Cần Thơ,Phường Cái Răng,318 Cách Mạng Tháng Tám
7539,TP. Hồ Chí Minh,Phường Thủ Đức,568 Quang Trung
7540,TP. Hồ Chí Minh,Phường Sài Gòn,394 Võ Văn Kiệt
7541,Cần Thơ,Phường Thốt Nốt,253 Cách Mạng Tháng Tám
7542,Tây Ninh,Phường Tây Ninh,106 Lý Thường Kiệt
7543,Vĩnh Long,Xã Long Hồ,106 3 Tháng 2
7544,Tây Ninh,Phường Trảng Bàng,38 Nguyễn Huệ
7545,TP. Hồ Chí Minh,Phường Tân Định,183 Nam Kỳ Khởi Nghĩa
7546,Vĩnh Long,Xã Trà Ôn,353 3 Tháng 2
7547,TP. Hồ Chí Minh,Phường Sài Gòn,458 Điện Biên Phủ
7548,An Giang,Xã Tịnh Biên,410 Hai Bà Trưng
7549,TP. Hồ Chí Minh,Phường Bến Thành,579 Điện Biên Phủ
7550,Vĩnh Long,Phường Vĩnh Long,164 Nguyễn Trãi
7551,Đồng Nai,Phường Biên Hòa,110 3 Tháng 2
7552,Đồng Tháp,Phường Cao Lãnh,554 Lê Lợi
7553,Đồng Nai,Xã Nhơn Trạch,171 Pasteur
7554,Vĩnh Long,Xã Tam Bình,100 Lê Lợi
7555,TP. Hồ Chí Minh,Phường Tân Bình,200 Phạm Văn Đồng
7556,An Giang,Xã Tịnh Biên,252 Trần Hưng Đạo
7557,TP. Hồ Chí Minh,Phường Thủ Đức,443 Cách Mạng Tháng Tám
7558,TP. Hồ Chí Minh,Phường Tân Định,397 Lê Lợi
7559,TP. Hồ Chí Minh,Phường Bình Thạnh,443 Võ Văn Kiệt
7560,Đồng Nai,Xã Định Quán,240 Hai Bà Trưng
7561,Đồng Tháp,Phường Sa Đéc,432 Quang Trung
7562,Vĩnh Long,Xã Tam Bình,557 3 Tháng 2
7563,Cần Thơ,Phường Ô Môn,581 Võ Văn Kiệt
7564,Tây Ninh,Phường Tây Ninh,546 Phạm Văn Đồng
7565,Cần Thơ,Phường Ninh Kiều,258 Nam Kỳ Khởi Nghĩa
7566,Vĩnh Long,Xã Bình Minh,572 Pasteur
7567,TP. Hồ Chí Minh,Phường Sài Gòn,307 Trần Hưng Đạo
7568,TP. Hồ Chí Minh,Phường Bình Thạnh,432 Phạm Văn Đồng
7569,TP. Hồ Chí Minh,Phường Chợ Lớn,318 Lý Thường Kiệt
7570,TP. Hồ Chí Minh,Phường An Khánh,406 Nguyễn Huệ
7571,Đồng Nai,Xã Long Thành,185 Hai Bà Trưng
7572,TP. Hồ Chí Minh,Phường Tân Định,356 3 Tháng 2
7573,Cà Mau,Xã U Minh,19 Phạm Văn Đồng
7574,Tây Ninh,Xã Gò Dầu,48 Nam Kỳ Khởi Nghĩa
7575,Đồng Nai,Xã Nhơn Trạch,512 Trần Hưng Đạo
7576,Cà Mau,Xã Ngọc Hiển,382 Hai Bà Trưng
7577,TP. Hồ Chí Minh,Phường Tân Định,334 Võ Văn Kiệt
7578,TP. Hồ Chí Minh,Phường Bến Thành,360 Hai Bà Trưng
7579,TP. Hồ Chí Minh,Phường Chợ Lớn,547 Điện Biên Phủ
7580,TP. Hồ Chí Minh,Phường Thủ Đức,368 Lý Thường Kiệt
7581,Cần Thơ,Phường Bình Thủy,211 Pasteur
7582,TP. Hồ Chí Minh,Phường Bình Thạnh,432 Nguyễn Trãi
7583,Vĩnh Long,Xã Trà Ôn,354 Lê Lợi
7584,TP. Hồ Chí Minh,Phường Thủ Đức,69 Nguyễn Trãi
7585,Đồng Nai,Phường Trấn Biên,467 Nam Kỳ Khởi Nghĩa
7586,Vĩnh Long,Xã Mang Thít,209 Hai Bà Trưng
7587,Cà Mau,Xã Ngọc Hiển,422 Phạm Văn Đồng
7588,Vĩnh Long,Xã Long Hồ,537 Võ Văn Kiệt
7589,Cà Mau,Xã Trần Văn Thời,71 Lê Lợi
7590,Đồng Tháp,Xã Lấp Vò,140 Lê Lợi
7591,Đồng Nai,Xã Nhơn Trạch,135 Phạm Văn Đồng
7592,TP. Hồ Chí Minh,Phường Chợ Lớn,31 Nguyễn Văn Cừ
7593,Vĩnh Long,Xã Tam Bình,469 Nguyễn Văn Cừ
7594,Cần Thơ,Xã Phong Điền,419 Nam Kỳ Khởi Nghĩa
7595,Đồng Nai,Phường Trấn Biên,557 Nguyễn Trãi
7596,TP. Hồ Chí Minh,Phường Tân Định,457 Nam Kỳ Khởi Nghĩa
7597,TP. Hồ Chí Minh,Phường Bình Thạnh,110 Điện Biên Phủ
7598,An Giang,Xã Phú Tân,181 Võ Văn Kiệt
7599,Tây Ninh,Xã Gò Dầu,325 Lý Thường Kiệt
7600,Đồng Nai,Phường Biên Hòa,399 Võ Văn Kiệt
7601,Tây Ninh,Xã Gò Dầu,377 Pasteur
7602,TP. Hồ Chí Minh,Phường Bến Thành,597 Quang Trung
7603,Cần Thơ,Phường Ô Môn,138 Lê Lợi
7604,Đồng Tháp,Phường Sa Đéc,481 Điện Biên Phủ
7605,An Giang,Xã Tri Tôn,67 Điện Biên Phủ
7606,An Giang,Xã Phú Tân,112 Phạm Văn Đồng
7607,TP. Hồ Chí Minh,Phường An Khánh,295 Điện Biên Phủ
7608,Vĩnh Long,Xã Bình Minh,565 3 Tháng 2
7609,TP. Hồ Chí Minh,Phường Tân Định,389 Điện Biên Phủ
7610,TP. Hồ Chí Minh,Phường Tân Bình,486 Trần Hưng Đạo
7611,Vĩnh Long,Xã Mang Thít,467 Nam Kỳ Khởi Nghĩa
7612,TP. Hồ Chí Minh,Phường Tân Định,227 Điện Biên Phủ
7613,Vĩnh Long,Xã Bình Minh,588 Nguyễn Trãi
7614,Đồng Tháp,Xã Lấp Vò,377 Nguyễn Huệ
7615,An Giang,Xã Phú Tân,270 Nguyễn Huệ
7616,Tây Ninh,Phường Trảng Bàng,502 Quang Trung
7617,Đồng Nai,Phường Long Khánh,224 Võ Văn Kiệt
7618,Đồng Nai,Phường Trấn Biên,114 3 Tháng 2
7619,TP. Hồ Chí Minh,Phường An Khánh,466 Lê Lợi
7620,Đồng Tháp,Phường Hồng Ngự,313 Nguyễn Văn Cừ
7621,TP. Hồ Chí Minh,Phường An Khánh,422 Nguyễn Văn Cừ
7622,Đồng Nai,Phường Trấn Biên,524 Nguyễn Trãi
7623,TP. Hồ Chí Minh,Phường An Khánh,144 Điện Biên Phủ
7624,Vĩnh Long,Xã Mang Thít,231 Pasteur
7625,TP. Hồ Chí Minh,Phường Sài Gòn,460 Quang Trung
7626,TP. Hồ Chí Minh,Phường Thủ Đức,29 Điện Biên Phủ
7627,TP. Hồ Chí Minh,Phường Thủ Đức,515 Quang Trung
7628,Vĩnh Long,Xã Bình Minh,205 Võ Văn Kiệt
7629,TP. Hồ Chí Minh,Phường Sài Gòn,589 Quang Trung
7630,Đồng Tháp,Phường Cao Lãnh,210 Cách Mạng Tháng Tám
7631,Cần Thơ,Phường Ninh Kiều,60 Điện Biên Phủ
7632,TP. Hồ Chí Minh,Phường Bến Thành,468 Trần Hưng Đạo
7633,Cần Thơ,Phường Thốt Nốt,65 Cách Mạng Tháng Tám
7634,TP. Hồ Chí Minh,Phường Bến Thành,297 Điện Biên Phủ
7635,Cà Mau,Xã Ngọc Hiển,173 Nguyễn Văn Cừ
7636,Vĩnh Long,Phường Vĩnh Long,200 Võ Văn Kiệt
7637,Đồng Tháp,Xã Tháp Mười,446 Nguyễn Trãi
7638,Cần Thơ,Phường Cái Răng,147 Pasteur
7639,TP. Hồ Chí Minh,Phường Bến Thành,436 Phạm Văn Đồng
7640,Đồng Nai,Phường Long Khánh,559 Cách Mạng Tháng Tám
7641,TP. Hồ Chí Minh,Phường Bến Thành,306 Nguyễn Huệ
7642,Tây Ninh,Xã Tân Biên,382 Lý Thường Kiệt
7643,TP. Hồ Chí Minh,Phường Bến Thành,414 Hai Bà Trưng
7644,TP. Hồ Chí Minh,Phường Tân Định,83 Quang Trung
7645,Cà Mau,Xã Ngọc Hiển,364 Phạm Văn Đồng
7646,TP. Hồ Chí Minh,Phường Chợ Lớn,154 Nguyễn Văn Cừ
7647,Đồng Nai,Xã Nhơn Trạch,63 Phạm Văn Đồng
7648,Đồng Nai,Phường Trấn Biên,250 Pasteur
7649,Tây Ninh,Phường Tây Ninh,428 Quang Trung
7650,Vĩnh Long,Xã Bình Minh,331 Phạm Văn Đồng
7651,Cà Mau,Xã Đầm Dơi,296 Phạm Văn Đồng
7652,TP. Hồ Chí Minh,Phường Bình Thạnh,43 3 Tháng 2
7653,TP. Hồ Chí Minh,Phường An Khánh,328 Võ Văn Kiệt
7654,An Giang,Xã Chợ Mới,519 Võ Văn Kiệt
7655,Cà Mau,Xã Đầm Dơi,149 Lê Lợi
7656,Cà Mau,Xã U Minh,163 Nguyễn Văn Cừ
7657,Cần Thơ,Phường Thốt Nốt,425 Lê Lợi
7658,Cà Mau,Phường Cà Mau,145 Võ Văn Kiệt
7659,Vĩnh Long,Xã Long Hồ,140 Lý Thường Kiệt
7660,Vĩnh Long,Phường Vĩnh Long,453 Trần Hưng Đạo
7661,Đồng Nai,Xã Long Thành,538 Quang Trung
7662,TP. Hồ Chí Minh,Phường Bình Thạnh,170 Nguyễn Văn Cừ
7663,Vĩnh Long,Xã Mang Thít,473 Nguyễn Huệ
7664,Đồng Nai,Phường Biên Hòa,58 Lê Lợi
7665,Vĩnh Long,Xã Trà Ôn,538 Phạm Văn Đồng
7666,TP. Hồ Chí Minh,Phường Bến Thành,424 Quang Trung
7667,An Giang,Phường Châu Đốc,541 Quang Trung
7668,TP. Hồ Chí Minh,Phường An Khánh,550 Pasteur
7669,An Giang,Phường Châu Đốc,474 Võ Văn Kiệt
7670,Cà Mau,Xã U Minh,402 Phạm Văn Đồng
7671,Vĩnh Long,Phường Vĩnh Long,90 Lý Thường Kiệt
7672,Đồng Tháp,Xã Lấp Vò,589 3 Tháng 2
7673,Vĩnh Long,Xã Mang Thít,437 Điện Biên Phủ
7674,Đồng Nai,Xã Định Quán,45 Quang Trung
7675,An Giang,Xã Tri Tôn,253 Cách Mạng Tháng Tám
7676,TP. Hồ Chí Minh,Phường Bình Thạnh,119 Võ Văn Kiệt
7677,Cần Thơ,Phường Thốt Nốt,106 Hai Bà Trưng
7678,Cần Thơ,Phường Ninh Kiều,212 3 Tháng 2
7679,Đồng Nai,Xã Long Thành,525 Pasteur
7680,Đồng Tháp,Phường Sa Đéc,575 Hai Bà Trưng
7681,Cần Thơ,Phường Thốt Nốt,227 Nguyễn Huệ
7682,TP. Hồ Chí Minh,Phường Chợ Lớn,361 Cách Mạng Tháng Tám
7683,TP. Hồ Chí Minh,Phường Chợ Lớn,189 Phạm Văn Đồng
7684,TP. Hồ Chí Minh,Phường Bình Thạnh,253 Điện Biên Phủ
7685,TP. Hồ Chí Minh,Phường Thủ Đức,167 3 Tháng 2
7686,TP. Hồ Chí Minh,Phường Tân Bình,110 Hai Bà Trưng
7687,TP. Hồ Chí Minh,Phường An Khánh,34 Cách Mạng Tháng Tám
7688,TP. Hồ Chí Minh,Phường Chợ Lớn,286 Nguyễn Huệ
7689,An Giang,Phường Châu Đốc,333 Lý Thường Kiệt
7690,Tây Ninh,Xã Dương Minh Châu,193 Võ Văn Kiệt
7691,Đồng Nai,Xã Nhơn Trạch,587 Nguyễn Trãi
7692,Cần Thơ,Phường Cái Răng,310 Nguyễn Huệ
7693,TP. Hồ Chí Minh,Phường Thủ Đức,169 Võ Văn Kiệt
7694,TP. Hồ Chí Minh,Phường Tân Định,131 Võ Văn Kiệt
7695,TP. Hồ Chí Minh,Phường Sài Gòn,549 Hai Bà Trưng
7696,Cà Mau,Xã Đầm Dơi,379 Nam Kỳ Khởi Nghĩa
7697,TP. Hồ Chí Minh,Phường Thủ Đức,386 Điện Biên Phủ
7698,TP. Hồ Chí Minh,Phường Tân Định,389 Cách Mạng Tháng Tám
7699,TP. Hồ Chí Minh,Phường Bến Thành,223 Võ Văn Kiệt
7700,TP. Hồ Chí Minh,Phường Sài Gòn,295 Hai Bà Trưng
7701,Vĩnh Long,Xã Trà Ôn,210 Lý Thường Kiệt
7702,Tây Ninh,Xã Dương Minh Châu,478 Trần Hưng Đạo
7703,An Giang,Xã Tịnh Biên,411 Nguyễn Huệ
7704,Tây Ninh,Xã Châu Thành,317 Nguyễn Văn Cừ
7705,Cần Thơ,Phường Cái Răng,598 3 Tháng 2
7706,Tây Ninh,Xã Tân Biên,51 Nguyễn Văn Cừ
7707,Đồng Nai,Xã Long Thành,154 Cách Mạng Tháng Tám
7708,Cần Thơ,Phường Thốt Nốt,219 Quang Trung
7709,TP. Hồ Chí Minh,Phường Thủ Đức,288 Hai Bà Trưng
7710,Cà Mau,Phường Cà Mau,301 Lê Lợi
7711,Đồng Tháp,Phường Sa Đéc,542 Trần Hưng Đạo
7712,An Giang,Phường Long Xuyên,29 Pasteur
7713,Đồng Nai,Phường Biên Hòa,153 Nguyễn Trãi
7714,TP. Hồ Chí Minh,Phường Chợ Lớn,297 Điện Biên Phủ
7715,TP. Hồ Chí Minh,Phường Bến Thành,553 Cách Mạng Tháng Tám
7716,Cần Thơ,Xã Phong Điền,121 Hai Bà Trưng
7717,Vĩnh Long,Phường Vĩnh Long,406 Phạm Văn Đồng
7718,Cần Thơ,Phường Bình Thủy,175 Lê Lợi
7719,TP. Hồ Chí Minh,Phường Tân Bình,338 Pasteur
7720,Vĩnh Long,Phường Vĩnh Long,52 Lê Lợi
7721,Đồng Tháp,Phường Sa Đéc,327 Phạm Văn Đồng
7722,TP. Hồ Chí Minh,Phường Bến Thành,460 Lê Lợi
7723,TP. Hồ Chí Minh,Phường Bến Thành,129 Nguyễn Văn Cừ
7724,Đồng Nai,Phường Trấn Biên,150 Điện Biên Phủ
7725,Tây Ninh,Xã Tân Biên,562 3 Tháng 2
7726,TP. Hồ Chí Minh,Phường Tân Bình,443 Nam Kỳ Khởi Nghĩa
7727,TP. Hồ Chí Minh,Phường Sài Gòn,338 3 Tháng 2
7728,Đồng Tháp,Xã Lai Vung,16 Nam Kỳ Khởi Nghĩa
7729,Tây Ninh,Phường Tây Ninh,264 3 Tháng 2
7730,Đồng Tháp,Xã Tháp Mười,17 Pasteur
7731,Cần Thơ,Xã Phong Điền,446 Nguyễn Huệ
7732,TP. Hồ Chí Minh,Phường Chợ Lớn,556 Nam Kỳ Khởi Nghĩa
7733,Vĩnh Long,Xã Trà Ôn,321 Cách Mạng Tháng Tám
7734,Cần Thơ,Phường Ô Môn,83 Lý Thường Kiệt
7735,An Giang,Phường Châu Đốc,446 Điện Biên Phủ
7736,An Giang,Xã Chợ Mới,400 Hai Bà Trưng
7737,TP. Hồ Chí Minh,Phường Tân Bình,74 Nam Kỳ Khởi Nghĩa
7738,TP. Hồ Chí Minh,Phường Chợ Lớn,295 Nam Kỳ Khởi Nghĩa
7739,Tây Ninh,Xã Tân Biên,143 Trần Hưng Đạo
7740,Đồng Nai,Phường Long Khánh,192 3 Tháng 2
7741,TP. Hồ Chí Minh,Phường Bến Thành,371 Pasteur
7742,TP. Hồ Chí Minh,Phường An Khánh,596 Cách Mạng Tháng Tám
7743,Cà Mau,Xã Ngọc Hiển,376 Phạm Văn Đồng
7744,Đồng Tháp,Phường Cao Lãnh,127 Võ Văn Kiệt
7745,TP. Hồ Chí Minh,Phường Chợ Lớn,569 Phạm Văn Đồng
7746,TP. Hồ Chí Minh,Phường An Khánh,245 Nguyễn Văn Cừ
7747,TP. Hồ Chí Minh,Phường Bình Thạnh,242 Cách Mạng Tháng Tám
7748,An Giang,Phường Long Xuyên,266 Hai Bà Trưng
7749,Đồng Nai,Phường Trấn Biên,284 Nguyễn Văn Cừ
7750,Vĩnh Long,Xã Long Hồ,157 Nguyễn Văn Cừ
7751,Cà Mau,Xã Ngọc Hiển,332 Lê Lợi
7752,TP. Hồ Chí Minh,Phường Sài Gòn,390 Pasteur
7753,Tây Ninh,Phường Trảng Bàng,332 Nguyễn Trãi
7754,TP. Hồ Chí Minh,Phường An Khánh,113 Nguyễn Trãi
7755,TP. Hồ Chí Minh,Phường Bình Thạnh,47 Hai Bà Trưng
7756,An Giang,Xã Tịnh Biên,585 Phạm Văn Đồng
7757,TP. Hồ Chí Minh,Phường Bến Thành,108 Lê Lợi
7758,Cà Mau,Xã Đầm Dơi,49 3 Tháng 2
7759,Tây Ninh,Xã Châu Thành,199 Nguyễn Văn Cừ
7760,TP. Hồ Chí Minh,Phường Bình Thạnh,79 3 Tháng 2
7761,TP. Hồ Chí Minh,Phường Thủ Đức,423 Nguyễn Văn Cừ
7762,Vĩnh Long,Xã Long Hồ,170 Hai Bà Trưng
7763,TP. Hồ Chí Minh,Phường Bến Thành,42 3 Tháng 2
7764,Vĩnh Long,Xã Bình Minh,301 3 Tháng 2
7765,Cà Mau,Xã U Minh,190 Nguyễn Huệ
7766,TP. Hồ Chí Minh,Phường Bình Thạnh,21 Quang Trung
7767,An Giang,Xã Phú Tân,496 Điện Biên Phủ
7768,TP. Hồ Chí Minh,Phường Chợ Lớn,239 Pasteur
7769,Đồng Tháp,Xã Lấp Vò,297 3 Tháng 2
7770,Vĩnh Long,Xã Trà Ôn,41 Võ Văn Kiệt
7771,Cà Mau,Xã U Minh,52 Nam Kỳ Khởi Nghĩa
7772,Đồng Nai,Xã Long Thành,291 Cách Mạng Tháng Tám
7773,Tây Ninh,Xã Châu Thành,544 Lê Lợi
7774,Cà Mau,Xã Năm Căn,346 Nguyễn Văn Cừ
7775,TP. Hồ Chí Minh,Phường An Khánh,558 Nam Kỳ Khởi Nghĩa
7776,An Giang,Xã Tri Tôn,573 Võ Văn Kiệt
7777,Vĩnh Long,Phường Vĩnh Long,239 Điện Biên Phủ
7778,TP. Hồ Chí Minh,Phường Tân Bình,509 Lý Thường Kiệt
7779,TP. Hồ Chí Minh,Phường Sài Gòn,143 Trần Hưng Đạo
7780,TP. Hồ Chí Minh,Phường Tân Định,457 Lê Lợi
7781,TP. Hồ Chí Minh,Phường Bình Thạnh,463 Lê Lợi
7782,Vĩnh Long,Xã Mang Thít,6 3 Tháng 2
7783,TP. Hồ Chí Minh,Phường Tân Định,65 Nguyễn Văn Cừ
7784,Đồng Tháp,Phường Cao Lãnh,521 Nguyễn Văn Cừ
7785,Tây Ninh,Phường Trảng Bàng,441 Phạm Văn Đồng
7786,Cần Thơ,Xã Phong Điền,12 Trần Hưng Đạo
7787,Đồng Nai,Phường Trấn Biên,91 Trần Hưng Đạo
7788,Đồng Tháp,Xã Lai Vung,262 Pasteur
7789,TP. Hồ Chí Minh,Phường Sài Gòn,78 Nguyễn Huệ
7790,TP. Hồ Chí Minh,Phường Sài Gòn,41 Quang Trung
7791,TP. Hồ Chí Minh,Phường Thủ Đức,551 Hai Bà Trưng
7792,TP. Hồ Chí Minh,Phường Thủ Đức,137 Pasteur
7793,Cà Mau,Xã Đầm Dơi,39 Hai Bà Trưng
7794,TP. Hồ Chí Minh,Phường Bình Thạnh,489 Quang Trung
7795,Đồng Nai,Phường Biên Hòa,442 Quang Trung
7796,Cần Thơ,Phường Bình Thủy,394 3 Tháng 2
7797,Vĩnh Long,Xã Trà Ôn,236 Quang Trung
7798,Đồng Tháp,Phường Sa Đéc,494 Nguyễn Huệ
7799,TP. Hồ Chí Minh,Phường Sài Gòn,160 Pasteur
7800,Cà Mau,Xã U Minh,315 Nguyễn Văn Cừ
7801,Vĩnh Long,Phường Vĩnh Long,363 Lý Thường Kiệt
7802,An Giang,Phường Long Xuyên,380 Phạm Văn Đồng
7803,TP. Hồ Chí Minh,Phường An Khánh,572 Lý Thường Kiệt
7804,Đồng Tháp,Phường Cao Lãnh,29 Pasteur
7805,Cần Thơ,Phường Cái Răng,14 Lý Thường Kiệt
7806,Cà Mau,Xã Năm Căn,74 Điện Biên Phủ
7807,Đồng Tháp,Xã Lấp Vò,549 Nguyễn Trãi
7808,Đồng Nai,Phường Long Khánh,187 Hai Bà Trưng
7809,Cần Thơ,Xã Phong Điền,289 Nguyễn Văn Cừ
7810,Đồng Nai,Phường Long Khánh,306 Nam Kỳ Khởi Nghĩa
7811,An Giang,Xã Chợ Mới,374 Nam Kỳ Khởi Nghĩa
7812,TP. Hồ Chí Minh,Phường Tân Bình,322 Điện Biên Phủ
7813,Đồng Tháp,Xã Lai Vung,107 Quang Trung
7814,TP. Hồ Chí Minh,Phường Tân Định,584 Võ Văn Kiệt
7815,An Giang,Xã Tri Tôn,449 Hai Bà Trưng
7816,Cần Thơ,Phường Bình Thủy,475 Nam Kỳ Khởi Nghĩa
7817,Cà Mau,Xã Năm Căn,463 Nguyễn Trãi
7818,Cần Thơ,Xã Phong Điền,89 Pasteur
7819,Đồng Nai,Phường Long Khánh,264 Nam Kỳ Khởi Nghĩa
7820,TP. Hồ Chí Minh,Phường Thủ Đức,5 Điện Biên Phủ
7821,An Giang,Xã Tịnh Biên,60 Trần Hưng Đạo
7822,TP. Hồ Chí Minh,Phường Bến Thành,452 Pasteur
7823,TP. Hồ Chí Minh,Phường Bình Thạnh,74 Lê Lợi
7824,TP. Hồ Chí Minh,Phường Tân Định,91 Cách Mạng Tháng Tám
7825,Tây Ninh,Xã Dương Minh Châu,56 Quang Trung
7826,TP. Hồ Chí Minh,Phường Chợ Lớn,304 Lê Lợi
7827,TP. Hồ Chí Minh,Phường Bến Thành,561 Nguyễn Trãi
7828,Cà Mau,Xã Năm Căn,332 Quang Trung
7829,An Giang,Xã Tri Tôn,598 Cách Mạng Tháng Tám
7830,An Giang,Xã Tri Tôn,198 Nguyễn Huệ
7831,TP. Hồ Chí Minh,Phường Tân Bình,511 Phạm Văn Đồng
7832,Cần Thơ,Phường Bình Thủy,221 3 Tháng 2
7833,Cà Mau,Xã Trần Văn Thời,199 Pasteur
7834,Đồng Tháp,Xã Tháp Mười,189 Lê Lợi
7835,An Giang,Phường Châu Đốc,481 Nguyễn Văn Cừ
7836,Đồng Tháp,Phường Sa Đéc,570 Lê Lợi
7837,Đồng Tháp,Phường Sa Đéc,527 Quang Trung
7838,Đồng Nai,Phường Biên Hòa,435 Võ Văn Kiệt
7839,Đồng Nai,Xã Long Thành,457 Nguyễn Huệ
7840,An Giang,Phường Long Xuyên,416 3 Tháng 2
7841,TP. Hồ Chí Minh,Phường Chợ Lớn,37 Lê Lợi
7842,An Giang,Phường Châu Đốc,552 Pasteur
7843,TP. Hồ Chí Minh,Phường Tân Bình,106 Phạm Văn Đồng
7844,TP. Hồ Chí Minh,Phường An Khánh,314 Nam Kỳ Khởi Nghĩa
7845,An Giang,Xã Phú Tân,21 Lê Lợi
7846,TP. Hồ Chí Minh,Phường Thủ Đức,79 Trần Hưng Đạo
7847,Đồng Nai,Phường Long Khánh,382 Lê Lợi
7848,TP. Hồ Chí Minh,Phường Chợ Lớn,126 Nguyễn Huệ
7849,TP. Hồ Chí Minh,Phường Chợ Lớn,551 Trần Hưng Đạo
7850,Đồng Tháp,Xã Lai Vung,213 Quang Trung
7851,TP. Hồ Chí Minh,Phường Bến Thành,24 Nguyễn Văn Cừ
7852,Đồng Nai,Phường Biên Hòa,211 Lê Lợi
7853,TP. Hồ Chí Minh,Phường Tân Định,550 Quang Trung
7854,Cần Thơ,Phường Bình Thủy,268 Lê Lợi
7855,Cần Thơ,Phường Ninh Kiều,101 Nguyễn Huệ
7856,Vĩnh Long,Phường Vĩnh Long,76 Cách Mạng Tháng Tám
7857,Vĩnh Long,Xã Tam Bình,547 Quang Trung
7858,TP. Hồ Chí Minh,Phường Chợ Lớn,6 Phạm Văn Đồng
7859,Đồng Nai,Phường Long Khánh,31 Lý Thường Kiệt
7860,Tây Ninh,Xã Tân Biên,542 Nguyễn Văn Cừ
7861,Đồng Nai,Xã Long Thành,221 Nguyễn Văn Cừ
7862,Đồng Tháp,Phường Sa Đéc,204 Trần Hưng Đạo
7863,An Giang,Xã Chợ Mới,104 Quang Trung
7864,Tây Ninh,Xã Dương Minh Châu,325 Nguyễn Văn Cừ
7865,Vĩnh Long,Xã Tam Bình,325 3 Tháng 2
7866,Đồng Tháp,Xã Lấp Vò,398 Trần Hưng Đạo
7867,Đồng Nai,Xã Nhơn Trạch,551 Trần Hưng Đạo
7868,Vĩnh Long,Phường Vĩnh Long,436 Pasteur
7869,Đồng Tháp,Phường Cao Lãnh,5 Hai Bà Trưng
7870,TP. Hồ Chí Minh,Phường Tân Định,195 Nam Kỳ Khởi Nghĩa
7871,TP. Hồ Chí Minh,Phường Sài Gòn,572 Hai Bà Trưng
7872,Cà Mau,Phường Cà Mau,241 Phạm Văn Đồng
7873,Đồng Tháp,Xã Lai Vung,593 Trần Hưng Đạo
7874,Tây Ninh,Phường Trảng Bàng,26 Điện Biên Phủ
7875,TP. Hồ Chí Minh,Phường Sài Gòn,363 Pasteur
7876,Cần Thơ,Phường Ô Môn,375 Cách Mạng Tháng Tám
7877,TP. Hồ Chí Minh,Phường Tân Định,28 Phạm Văn Đồng
7878,Cà Mau,Phường Cà Mau,432 Nguyễn Văn Cừ
7879,Đồng Nai,Phường Biên Hòa,62 Võ Văn Kiệt
7880,TP. Hồ Chí Minh,Phường Bến Thành,235 3 Tháng 2
7881,TP. Hồ Chí Minh,Phường Chợ Lớn,395 Hai Bà Trưng
7882,An Giang,Xã Phú Tân,338 Phạm Văn Đồng
7883,Đồng Tháp,Phường Sa Đéc,511 Cách Mạng Tháng Tám
7884,TP. Hồ Chí Minh,Phường Bình Thạnh,426 Nam Kỳ Khởi Nghĩa
7885,Đồng Nai,Phường Trấn Biên,486 Nguyễn Trãi
7886,TP. Hồ Chí Minh,Phường Bình Thạnh,142 Lý Thường Kiệt
7887,TP. Hồ Chí Minh,Phường Tân Bình,438 Lý Thường Kiệt
7888,Vĩnh Long,Xã Long Hồ,385 Hai Bà Trưng
7889,Đồng Nai,Xã Long Thành,194 Cách Mạng Tháng Tám
7890,TP. Hồ Chí Minh,Phường Tân Bình,509 Trần Hưng Đạo
7891,Đồng Tháp,Phường Sa Đéc,91 Lý Thường Kiệt
7892,An Giang,Phường Châu Đốc,485 Phạm Văn Đồng
7893,Tây Ninh,Xã Dương Minh Châu,427 Võ Văn Kiệt
7894,TP. Hồ Chí Minh,Phường Chợ Lớn,101 Phạm Văn Đồng
7895,TP. Hồ Chí Minh,Phường Tân Định,442 Điện Biên Phủ
7896,TP. Hồ Chí Minh,Phường Sài Gòn,21 Pasteur
7897,TP. Hồ Chí Minh,Phường Tân Bình,104 Điện Biên Phủ
7898,TP. Hồ Chí Minh,Phường Bình Thạnh,99 Nguyễn Văn Cừ
7899,Cà Mau,Phường Cà Mau,301 Nguyễn Trãi
7900,An Giang,Xã Chợ Mới,167 Lê Lợi
7901,TP. Hồ Chí Minh,Phường Sài Gòn,321 Nguyễn Văn Cừ
7902,Cà Mau,Xã U Minh,491 Quang Trung
7903,An Giang,Phường Long Xuyên,291 Nguyễn Trãi
7904,Đồng Nai,Xã Long Thành,519 Quang Trung
7905,TP. Hồ Chí Minh,Phường An Khánh,395 Lý Thường Kiệt
7906,Đồng Tháp,Phường Hồng Ngự,197 Lý Thường Kiệt
7907,Cần Thơ,Xã Phong Điền,418 Phạm Văn Đồng
7908,TP. Hồ Chí Minh,Phường An Khánh,21 Võ Văn Kiệt
7909,Vĩnh Long,Xã Trà Ôn,477 Cách Mạng Tháng Tám
7910,TP. Hồ Chí Minh,Phường Chợ Lớn,13 Nguyễn Trãi
7911,Đồng Nai,Xã Nhơn Trạch,587 Nam Kỳ Khởi Nghĩa
7912,TP. Hồ Chí Minh,Phường Chợ Lớn,573 Hai Bà Trưng
7913,Đồng Nai,Phường Long Khánh,337 Nguyễn Huệ
7914,Vĩnh Long,Phường Vĩnh Long,353 Nguyễn Trãi
7915,TP. Hồ Chí Minh,Phường An Khánh,498 Phạm Văn Đồng
7916,TP. Hồ Chí Minh,Phường An Khánh,536 Hai Bà Trưng
7917,TP. Hồ Chí Minh,Phường An Khánh,164 Võ Văn Kiệt
7918,TP. Hồ Chí Minh,Phường Tân Bình,412 Điện Biên Phủ
7919,TP. Hồ Chí Minh,Phường Thủ Đức,10 Nam Kỳ Khởi Nghĩa
7920,Cà Mau,Xã U Minh,422 Hai Bà Trưng
7921,Cần Thơ,Xã Phong Điền,419 Nguyễn Văn Cừ
7922,An Giang,Xã Phú Tân,53 Phạm Văn Đồng
7923,Cần Thơ,Phường Ô Môn,110 Pasteur
7924,TP. Hồ Chí Minh,Phường Chợ Lớn,238 Hai Bà Trưng
7925,Vĩnh Long,Xã Mang Thít,276 Cách Mạng Tháng Tám
7926,Cần Thơ,Xã Phong Điền,463 Cách Mạng Tháng Tám
7927,TP. Hồ Chí Minh,Phường Tân Bình,566 Hai Bà Trưng
7928,TP. Hồ Chí Minh,Phường Bến Thành,120 Cách Mạng Tháng Tám
7929,TP. Hồ Chí Minh,Phường Tân Định,597 Lý Thường Kiệt
7930,TP. Hồ Chí Minh,Phường Chợ Lớn,210 Lê Lợi
7931,TP. Hồ Chí Minh,Phường Chợ Lớn,154 Hai Bà Trưng
7932,An Giang,Phường Châu Đốc,208 Hai Bà Trưng
7933,Cần Thơ,Phường Cái Răng,282 Nguyễn Văn Cừ
7934,Cần Thơ,Phường Bình Thủy,340 Nguyễn Trãi
7935,TP. Hồ Chí Minh,Phường Chợ Lớn,562 Lý Thường Kiệt
7936,An Giang,Xã Chợ Mới,533 Điện Biên Phủ
7937,Tây Ninh,Xã Gò Dầu,281 Võ Văn Kiệt
7938,TP. Hồ Chí Minh,Phường An Khánh,71 Nguyễn Trãi
7939,Đồng Tháp,Xã Tháp Mười,568 Nguyễn Huệ
7940,Vĩnh Long,Xã Trà Ôn,199 Nguyễn Văn Cừ
7941,An Giang,Xã Chợ Mới,107 Quang Trung
7942,Đồng Nai,Xã Nhơn Trạch,493 Nguyễn Huệ
7943,Đồng Tháp,Phường Sa Đéc,315 Trần Hưng Đạo
7944,Vĩnh Long,Xã Mang Thít,95 Nguyễn Văn Cừ
7945,TP. Hồ Chí Minh,Phường An Khánh,91 Cách Mạng Tháng Tám
7946,Vĩnh Long,Xã Mang Thít,502 Nguyễn Văn Cừ
7947,Cần Thơ,Phường Ninh Kiều,56 Điện Biên Phủ
7948,An Giang,Xã Tịnh Biên,349 Hai Bà Trưng
7949,Vĩnh Long,Xã Trà Ôn,153 Nguyễn Trãi
7950,TP. Hồ Chí Minh,Phường Tân Bình,207 Lý Thường Kiệt
7951,TP. Hồ Chí Minh,Phường Chợ Lớn,255 Điện Biên Phủ
7952,TP. Hồ Chí Minh,Phường An Khánh,153 Pasteur
7953,TP. Hồ Chí Minh,Phường Bình Thạnh,269 Nguyễn Văn Cừ
7954,Tây Ninh,Phường Trảng Bàng,418 Nguyễn Trãi
7955,Đồng Tháp,Xã Tháp Mười,71 Phạm Văn Đồng
7956,Vĩnh Long,Xã Tam Bình,10 Nam Kỳ Khởi Nghĩa
7957,An Giang,Xã Phú Tân,277 Nguyễn Văn Cừ
7958,An Giang,Xã Phú Tân,263 Nguyễn Trãi
7959,TP. Hồ Chí Minh,Phường Tân Định,57 3 Tháng 2
7960,Vĩnh Long,Xã Long Hồ,231 Phạm Văn Đồng
7961,TP. Hồ Chí Minh,Phường Tân Bình,211 Lý Thường Kiệt
7962,Đồng Tháp,Phường Hồng Ngự,507 Phạm Văn Đồng
7963,TP. Hồ Chí Minh,Phường Tân Bình,294 Hai Bà Trưng
7964,Cần Thơ,Phường Cái Răng,533 Hai Bà Trưng
7965,Tây Ninh,Xã Tân Biên,128 Quang Trung
7966,Cần Thơ,Phường Thốt Nốt,109 Nam Kỳ Khởi Nghĩa
7967,Tây Ninh,Phường Tây Ninh,272 Nam Kỳ Khởi Nghĩa
7968,Cà Mau,Phường Cà Mau,404 Phạm Văn Đồng
7969,Cà Mau,Phường Cà Mau,20 Lê Lợi
7970,Cà Mau,Phường Cà Mau,497 Phạm Văn Đồng
7971,TP. Hồ Chí Minh,Phường Tân Định,287 Lê Lợi
7972,Đồng Nai,Phường Long Khánh,340 Quang Trung
7973,An Giang,Phường Long Xuyên,105 Nguyễn Trãi
7974,Tây Ninh,Xã Dương Minh Châu,295 Trần Hưng Đạo
7975,TP. Hồ Chí Minh,Phường Bến Thành,471 Võ Văn Kiệt
7976,Cà Mau,Xã Ngọc Hiển,145 Võ Văn Kiệt
7977,Vĩnh Long,Xã Bình Minh,552 Cách Mạng Tháng Tám
7978,TP. Hồ Chí Minh,Phường Chợ Lớn,586 Nam Kỳ Khởi Nghĩa
7979,Vĩnh Long,Xã Bình Minh,460 Điện Biên Phủ
7980,Tây Ninh,Phường Trảng Bàng,137 Lê Lợi
7981,Đồng Tháp,Xã Tháp Mười,309 Cách Mạng Tháng Tám
7982,Đồng Nai,Phường Long Khánh,357 Quang Trung
7983,Tây Ninh,Xã Gò Dầu,331 3 Tháng 2
7984,Đồng Tháp,Phường Hồng Ngự,468 Phạm Văn Đồng
7985,TP. Hồ Chí Minh,Phường Sài Gòn,577 Nam Kỳ Khởi Nghĩa
7986,Cần Thơ,Phường Ninh Kiều,247 Lý Thường Kiệt
7987,Đồng Nai,Xã Nhơn Trạch,335 Trần Hưng Đạo
7988,Đồng Nai,Xã Nhơn Trạch,451 Lý Thường Kiệt
7989,Vĩnh Long,Xã Tam Bình,102 Nam Kỳ Khởi Nghĩa
7990,TP. Hồ Chí Minh,Phường Bến Thành,251 Lê Lợi
7991,TP. Hồ Chí Minh,Phường Bình Thạnh,409 Pasteur
7992,TP. Hồ Chí Minh,Phường Tân Định,148 Nguyễn Huệ
7993,Đồng Nai,Phường Biên Hòa,544 Cách Mạng Tháng Tám
7994,TP. Hồ Chí Minh,Phường Bến Thành,107 Trần Hưng Đạo
7995,Cần Thơ,Phường Ô Môn,362 Nguyễn Trãi
7996,Cần Thơ,Phường Thốt Nốt,288 Cách Mạng Tháng Tám
7997,Đồng Nai,Phường Biên Hòa,61 Phạm Văn Đồng
7998,Vĩnh Long,Xã Tam Bình,303 Võ Văn Kiệt
7999,TP. Hồ Chí Minh,Phường Tân Định,172 Cách Mạng Tháng Tám
8000,Đồng Tháp,Xã Lấp Vò,82 Điện Biên Phủ
8001,Vĩnh Long,Xã Tam Bình,336 Trần Hưng Đạo
8002,TP. Hồ Chí Minh,Phường Chợ Lớn,35 Lý Thường Kiệt
8003,Vĩnh Long,Xã Mang Thít,535 Cách Mạng Tháng Tám
8004,Vĩnh Long,Xã Trà Ôn,247 Quang Trung
8005,Tây Ninh,Phường Tây Ninh,415 Nguyễn Huệ
8006,TP. Hồ Chí Minh,Phường Bình Thạnh,332 Phạm Văn Đồng
8007,Đồng Nai,Xã Long Thành,558 Nguyễn Huệ
8008,Vĩnh Long,Xã Long Hồ,421 Lý Thường Kiệt
8009,TP. Hồ Chí Minh,Phường Tân Định,323 Nguyễn Văn Cừ
8010,Đồng Tháp,Xã Tháp Mười,241 Nguyễn Văn Cừ
8011,TP. Hồ Chí Minh,Phường Sài Gòn,525 Điện Biên Phủ
8012,Đồng Nai,Xã Định Quán,460 Pasteur
8013,TP. Hồ Chí Minh,Phường An Khánh,384 Trần Hưng Đạo
8014,TP. Hồ Chí Minh,Phường An Khánh,494 Nam Kỳ Khởi Nghĩa
8015,Vĩnh Long,Xã Long Hồ,24 Lý Thường Kiệt
8016,Cần Thơ,Phường Cái Răng,211 Lê Lợi
8017,Cần Thơ,Phường Bình Thủy,287 Lý Thường Kiệt
8018,TP. Hồ Chí Minh,Phường Thủ Đức,521 Pasteur
8019,TP. Hồ Chí Minh,Phường Tân Định,31 Trần Hưng Đạo
8020,Đồng Tháp,Xã Lai Vung,246 Lê Lợi
8021,Tây Ninh,Xã Châu Thành,591 Nguyễn Văn Cừ
8022,Đồng Tháp,Xã Tháp Mười,314 Quang Trung
8023,Cà Mau,Xã Năm Căn,565 Trần Hưng Đạo
8024,Đồng Tháp,Xã Lai Vung,467 Nguyễn Văn Cừ
8025,TP. Hồ Chí Minh,Phường Thủ Đức,266 Cách Mạng Tháng Tám
8026,TP. Hồ Chí Minh,Phường Bình Thạnh,125 Lê Lợi
8027,Vĩnh Long,Xã Mang Thít,221 Nguyễn Huệ
8028,TP. Hồ Chí Minh,Phường Bình Thạnh,398 Trần Hưng Đạo
8029,TP. Hồ Chí Minh,Phường Thủ Đức,54 3 Tháng 2
8030,Đồng Nai,Phường Trấn Biên,501 Quang Trung
8031,An Giang,Phường Long Xuyên,586 Lý Thường Kiệt
8032,Đồng Nai,Phường Trấn Biên,255 Cách Mạng Tháng Tám
8033,An Giang,Xã Chợ Mới,300 Cách Mạng Tháng Tám
8034,TP. Hồ Chí Minh,Phường An Khánh,294 Lý Thường Kiệt
8035,TP. Hồ Chí Minh,Phường Tân Định,497 Điện Biên Phủ
8036,Tây Ninh,Xã Tân Biên,66 Trần Hưng Đạo
8037,Vĩnh Long,Xã Trà Ôn,143 Hai Bà Trưng
8038,Cần Thơ,Xã Phong Điền,230 Nguyễn Trãi
8039,Đồng Nai,Phường Biên Hòa,484 Pasteur
8040,TP. Hồ Chí Minh,Phường Sài Gòn,526 Pasteur
8041,TP. Hồ Chí Minh,Phường An Khánh,14 Lý Thường Kiệt
8042,Đồng Nai,Phường Long Khánh,81 Cách Mạng Tháng Tám
8043,Đồng Tháp,Phường Hồng Ngự,341 Pasteur
8044,Cà Mau,Xã Đầm Dơi,278 Hai Bà Trưng
8045,Vĩnh Long,Xã Long Hồ,370 Nguyễn Văn Cừ
8046,TP. Hồ Chí Minh,Phường Sài Gòn,193 Nam Kỳ Khởi Nghĩa
8047,TP. Hồ Chí Minh,Phường Tân Bình,528 Nguyễn Trãi
8048,Vĩnh Long,Xã Long Hồ,322 Cách Mạng Tháng Tám
8049,Đồng Nai,Phường Long Khánh,456 Võ Văn Kiệt
8050,Đồng Nai,Xã Long Thành,402 Võ Văn Kiệt
8051,TP. Hồ Chí Minh,Phường Chợ Lớn,261 Lê Lợi
8052,Cần Thơ,Phường Ô Môn,493 Cách Mạng Tháng Tám
8053,Đồng Nai,Phường Biên Hòa,120 Phạm Văn Đồng
8054,Đồng Nai,Phường Trấn Biên,46 Lê Lợi
8055,An Giang,Xã Tri Tôn,97 Võ Văn Kiệt
8056,TP. Hồ Chí Minh,Phường Chợ Lớn,347 Pasteur
8057,Đồng Nai,Xã Nhơn Trạch,474 Nguyễn Văn Cừ
8058,Cà Mau,Xã Trần Văn Thời,335 Nam Kỳ Khởi Nghĩa
8059,An Giang,Xã Tịnh Biên,546 Nguyễn Huệ
8060,Cà Mau,Xã Năm Căn,404 Hai Bà Trưng
8061,TP. Hồ Chí Minh,Phường Tân Định,429 Nguyễn Huệ
8062,TP. Hồ Chí Minh,Phường Sài Gòn,357 Hai Bà Trưng
8063,Cà Mau,Xã Năm Căn,430 Lý Thường Kiệt
8064,TP. Hồ Chí Minh,Phường Tân Bình,20 Nam Kỳ Khởi Nghĩa
8065,Tây Ninh,Xã Gò Dầu,568 Phạm Văn Đồng
8066,TP. Hồ Chí Minh,Phường Tân Bình,287 Nguyễn Trãi
8067,Đồng Tháp,Xã Tháp Mười,337 Nguyễn Huệ
8068,TP. Hồ Chí Minh,Phường Tân Định,374 Nguyễn Văn Cừ
8069,Đồng Tháp,Phường Hồng Ngự,531 Lê Lợi
8070,Tây Ninh,Xã Tân Biên,120 Điện Biên Phủ
8071,Đồng Tháp,Xã Tháp Mười,277 Nam Kỳ Khởi Nghĩa
8072,Cần Thơ,Phường Thốt Nốt,166 Nguyễn Văn Cừ
8073,Đồng Nai,Xã Định Quán,192 Trần Hưng Đạo
8074,TP. Hồ Chí Minh,Phường Bến Thành,543 Trần Hưng Đạo
8075,Đồng Tháp,Phường Cao Lãnh,544 Điện Biên Phủ
8076,Cà Mau,Phường Cà Mau,380 Lê Lợi
8077,Cà Mau,Xã Trần Văn Thời,429 Lê Lợi
8078,Đồng Nai,Xã Định Quán,22 Nam Kỳ Khởi Nghĩa
8079,TP. Hồ Chí Minh,Phường Tân Bình,572 Pasteur
8080,An Giang,Xã Chợ Mới,82 Pasteur
8081,Đồng Tháp,Xã Lai Vung,139 Hai Bà Trưng
8082,Vĩnh Long,Phường Vĩnh Long,87 Nguyễn Huệ
8083,An Giang,Xã Tịnh Biên,358 Hai Bà Trưng
8084,Đồng Nai,Phường Biên Hòa,90 Nguyễn Văn Cừ
8085,Cần Thơ,Phường Ninh Kiều,87 Quang Trung
8086,TP. Hồ Chí Minh,Phường Chợ Lớn,11 Nguyễn Trãi
8087,Cà Mau,Xã U Minh,594 Võ Văn Kiệt
8088,TP. Hồ Chí Minh,Phường An Khánh,9 Lý Thường Kiệt
8089,Cà Mau,Phường Cà Mau,280 Hai Bà Trưng
8090,Đồng Tháp,Xã Tháp Mười,18 Quang Trung
8091,An Giang,Xã Tịnh Biên,56 Lê Lợi
8092,An Giang,Xã Chợ Mới,274 Nam Kỳ Khởi Nghĩa
8093,Đồng Tháp,Xã Lai Vung,301 Pasteur
8094,TP. Hồ Chí Minh,Phường Tân Định,314 Lê Lợi
8095,TP. Hồ Chí Minh,Phường Chợ Lớn,155 Nguyễn Trãi
8096,Cà Mau,Xã Ngọc Hiển,155 Võ Văn Kiệt
8097,Đồng Nai,Xã Nhơn Trạch,151 Lê Lợi
8098,Tây Ninh,Phường Tây Ninh,82 Quang Trung
8099,An Giang,Phường Long Xuyên,514 Cách Mạng Tháng Tám
8100,Cà Mau,Xã U Minh,220 3 Tháng 2
8101,TP. Hồ Chí Minh,Phường Tân Bình,147 Võ Văn Kiệt
8102,Cần Thơ,Phường Bình Thủy,536 Lê Lợi
8103,An Giang,Phường Long Xuyên,479 Trần Hưng Đạo
8104,TP. Hồ Chí Minh,Phường Bến Thành,555 Điện Biên Phủ
8105,TP. Hồ Chí Minh,Phường Bến Thành,210 Hai Bà Trưng
8106,TP. Hồ Chí Minh,Phường Sài Gòn,513 Phạm Văn Đồng
8107,Vĩnh Long,Xã Mang Thít,204 Nam Kỳ Khởi Nghĩa
8108,An Giang,Phường Châu Đốc,84 Nguyễn Văn Cừ
8109,Tây Ninh,Xã Gò Dầu,84 Pasteur
8110,TP. Hồ Chí Minh,Phường Tân Định,389 3 Tháng 2
8111,Đồng Tháp,Phường Hồng Ngự,157 Nguyễn Huệ
8112,TP. Hồ Chí Minh,Phường Chợ Lớn,118 Phạm Văn Đồng
8113,TP. Hồ Chí Minh,Phường Bình Thạnh,148 Nguyễn Huệ
8114,An Giang,Xã Tịnh Biên,1 Trần Hưng Đạo
8115,Cà Mau,Xã U Minh,176 Nguyễn Huệ
8116,Tây Ninh,Phường Tây Ninh,274 Nguyễn Huệ
8117,An Giang,Xã Tri Tôn,490 Nguyễn Văn Cừ
8118,TP. Hồ Chí Minh,Phường Chợ Lớn,326 Võ Văn Kiệt
8119,Vĩnh Long,Xã Trà Ôn,420 Pasteur
8120,Đồng Tháp,Xã Tháp Mười,461 Hai Bà Trưng
8121,Đồng Nai,Xã Nhơn Trạch,120 Hai Bà Trưng
8122,TP. Hồ Chí Minh,Phường Tân Định,93 3 Tháng 2
8123,Cần Thơ,Phường Cái Răng,456 Nguyễn Văn Cừ
8124,Cà Mau,Xã Ngọc Hiển,484 Trần Hưng Đạo
8125,Cần Thơ,Phường Thốt Nốt,584 Cách Mạng Tháng Tám
8126,TP. Hồ Chí Minh,Phường Tân Bình,159 Nam Kỳ Khởi Nghĩa
8127,TP. Hồ Chí Minh,Phường Tân Bình,296 Nguyễn Trãi
8128,Đồng Tháp,Phường Hồng Ngự,6 Nguyễn Văn Cừ
8129,TP. Hồ Chí Minh,Phường Tân Bình,370 Cách Mạng Tháng Tám
8130,Đồng Tháp,Phường Hồng Ngự,451 Lê Lợi
8131,TP. Hồ Chí Minh,Phường Bình Thạnh,333 Nguyễn Văn Cừ
8132,Cà Mau,Phường Cà Mau,304 Võ Văn Kiệt
8133,TP. Hồ Chí Minh,Phường An Khánh,171 Nguyễn Huệ
8134,TP. Hồ Chí Minh,Phường Tân Định,397 Phạm Văn Đồng
8135,Đồng Nai,Xã Nhơn Trạch,57 Cách Mạng Tháng Tám
8136,An Giang,Xã Tịnh Biên,506 3 Tháng 2
8137,Vĩnh Long,Xã Bình Minh,356 3 Tháng 2
8138,Đồng Tháp,Xã Tháp Mười,520 Trần Hưng Đạo
8139,Vĩnh Long,Xã Long Hồ,493 Hai Bà Trưng
8140,Đồng Tháp,Xã Tháp Mười,46 Nguyễn Trãi
8141,TP. Hồ Chí Minh,Phường Sài Gòn,228 Nguyễn Trãi
8142,Đồng Tháp,Phường Cao Lãnh,132 3 Tháng 2
8143,Đồng Nai,Xã Long Thành,175 Nam Kỳ Khởi Nghĩa
8144,An Giang,Xã Chợ Mới,303 Hai Bà Trưng
8145,Đồng Tháp,Xã Lấp Vò,511 Trần Hưng Đạo
8146,TP. Hồ Chí Minh,Phường Bến Thành,576 Trần Hưng Đạo
8147,Tây Ninh,Xã Dương Minh Châu,342 Lý Thường Kiệt
8148,An Giang,Xã Chợ Mới,36 Pasteur
8149,TP. Hồ Chí Minh,Phường Sài Gòn,543 Trần Hưng Đạo
8150,TP. Hồ Chí Minh,Phường Thủ Đức,79 Điện Biên Phủ
8151,Đồng Nai,Phường Biên Hòa,544 Lý Thường Kiệt
8152,Đồng Nai,Xã Định Quán,401 Trần Hưng Đạo
8153,TP. Hồ Chí Minh,Phường Sài Gòn,347 Điện Biên Phủ
8154,Vĩnh Long,Xã Tam Bình,500 Nguyễn Huệ
8155,Cần Thơ,Phường Thốt Nốt,487 Nguyễn Huệ
8156,Đồng Nai,Xã Nhơn Trạch,226 Điện Biên Phủ
8157,Đồng Nai,Phường Long Khánh,308 Hai Bà Trưng
8158,Cần Thơ,Phường Bình Thủy,413 Phạm Văn Đồng
8159,An Giang,Xã Phú Tân,596 Trần Hưng Đạo
8160,Đồng Nai,Phường Trấn Biên,211 Nguyễn Trãi
8161,TP. Hồ Chí Minh,Phường Thủ Đức,302 Nguyễn Văn Cừ
8162,An Giang,Xã Tịnh Biên,342 Hai Bà Trưng
8163,TP. Hồ Chí Minh,Phường Thủ Đức,362 Pasteur
8164,Cần Thơ,Xã Phong Điền,506 Phạm Văn Đồng
8165,TP. Hồ Chí Minh,Phường Tân Định,13 3 Tháng 2
8166,TP. Hồ Chí Minh,Phường Chợ Lớn,572 Nam Kỳ Khởi Nghĩa
8167,Tây Ninh,Xã Dương Minh Châu,457 Võ Văn Kiệt
8168,Cần Thơ,Phường Bình Thủy,495 Nam Kỳ Khởi Nghĩa
8169,Đồng Tháp,Phường Cao Lãnh,110 Nam Kỳ Khởi Nghĩa
8170,Vĩnh Long,Xã Trà Ôn,103 Nguyễn Văn Cừ
8171,Đồng Tháp,Phường Hồng Ngự,135 Nguyễn Văn Cừ
8172,Đồng Nai,Xã Nhơn Trạch,278 Lý Thường Kiệt
8173,Đồng Nai,Xã Long Thành,143 Cách Mạng Tháng Tám
8174,Đồng Nai,Xã Long Thành,52 Pasteur
8175,Cần Thơ,Xã Phong Điền,497 Cách Mạng Tháng Tám
8176,Cà Mau,Xã Trần Văn Thời,277 Trần Hưng Đạo
8177,TP. Hồ Chí Minh,Phường Chợ Lớn,8 Pasteur
8178,An Giang,Xã Tri Tôn,165 Nguyễn Trãi
8179,Đồng Nai,Phường Trấn Biên,312 Trần Hưng Đạo
8180,TP. Hồ Chí Minh,Phường Sài Gòn,246 Võ Văn Kiệt
8181,Vĩnh Long,Xã Bình Minh,28 Điện Biên Phủ
8182,TP. Hồ Chí Minh,Phường Sài Gòn,165 3 Tháng 2
8183,TP. Hồ Chí Minh,Phường Sài Gòn,451 Pasteur
8184,Đồng Nai,Xã Định Quán,384 Nguyễn Văn Cừ
8185,TP. Hồ Chí Minh,Phường Bình Thạnh,417 3 Tháng 2
8186,Cần Thơ,Phường Bình Thủy,549 Nam Kỳ Khởi Nghĩa
8187,An Giang,Phường Long Xuyên,398 Võ Văn Kiệt
8188,Cần Thơ,Phường Thốt Nốt,48 Nam Kỳ Khởi Nghĩa
8189,An Giang,Xã Phú Tân,2 Điện Biên Phủ
8190,TP. Hồ Chí Minh,Phường Chợ Lớn,327 Phạm Văn Đồng
8191,Vĩnh Long,Xã Mang Thít,247 Võ Văn Kiệt
8192,Tây Ninh,Phường Trảng Bàng,221 3 Tháng 2
8193,Tây Ninh,Xã Châu Thành,54 Lý Thường Kiệt
8194,TP. Hồ Chí Minh,Phường An Khánh,46 Pasteur
8195,TP. Hồ Chí Minh,Phường Chợ Lớn,321 Nguyễn Trãi
8196,Cà Mau,Xã Năm Căn,599 Nguyễn Huệ
8197,An Giang,Xã Tịnh Biên,472 Trần Hưng Đạo
8198,TP. Hồ Chí Minh,Phường Tân Định,200 Pasteur
8199,Vĩnh Long,Xã Bình Minh,522 3 Tháng 2
8200,TP. Hồ Chí Minh,Phường Chợ Lớn,584 Cách Mạng Tháng Tám
8201,TP. Hồ Chí Minh,Phường Tân Bình,140 Lý Thường Kiệt
8202,TP. Hồ Chí Minh,Phường Bến Thành,166 Điện Biên Phủ
8203,TP. Hồ Chí Minh,Phường Bến Thành,321 Lê Lợi
8204,Tây Ninh,Xã Tân Biên,159 Hai Bà Trưng
8205,TP. Hồ Chí Minh,Phường Chợ Lớn,104 Cách Mạng Tháng Tám
8206,Tây Ninh,Phường Trảng Bàng,320 Điện Biên Phủ
8207,Tây Ninh,Phường Tây Ninh,336 Hai Bà Trưng
8208,Tây Ninh,Phường Tây Ninh,25 Lê Lợi
8209,Tây Ninh,Xã Dương Minh Châu,44 Trần Hưng Đạo
8210,Cần Thơ,Phường Ô Môn,100 Quang Trung
8211,Cần Thơ,Phường Ninh Kiều,504 Hai Bà Trưng
8212,TP. Hồ Chí Minh,Phường An Khánh,203 Lê Lợi
8213,TP. Hồ Chí Minh,Phường Bến Thành,571 Pasteur
8214,Cà Mau,Xã U Minh,437 Hai Bà Trưng
8215,An Giang,Xã Tri Tôn,77 Điện Biên Phủ
8216,Đồng Nai,Xã Long Thành,288 Phạm Văn Đồng
8217,Tây Ninh,Xã Châu Thành,309 Pasteur
8218,TP. Hồ Chí Minh,Phường Tân Bình,127 Pasteur
8219,An Giang,Xã Chợ Mới,251 Pasteur
8220,An Giang,Xã Chợ Mới,264 Võ Văn Kiệt
8221,An Giang,Xã Tịnh Biên,354 Nguyễn Văn Cừ
8222,TP. Hồ Chí Minh,Phường Bình Thạnh,280 Phạm Văn Đồng
8223,Đồng Tháp,Phường Hồng Ngự,104 Pasteur
8224,TP. Hồ Chí Minh,Phường Sài Gòn,490 Điện Biên Phủ
8225,Cà Mau,Xã Năm Căn,84 Lý Thường Kiệt
8226,TP. Hồ Chí Minh,Phường Tân Định,221 Điện Biên Phủ
8227,Đồng Tháp,Phường Hồng Ngự,505 Trần Hưng Đạo
8228,Cần Thơ,Phường Bình Thủy,89 Quang Trung
8229,Đồng Tháp,Phường Sa Đéc,172 Nguyễn Huệ
8230,TP. Hồ Chí Minh,Phường Tân Định,526 Điện Biên Phủ
8231,TP. Hồ Chí Minh,Phường Sài Gòn,552 Trần Hưng Đạo
8232,An Giang,Xã Phú Tân,20 Phạm Văn Đồng
8233,Đồng Nai,Xã Long Thành,163 Pasteur
8234,Cần Thơ,Phường Thốt Nốt,592 Phạm Văn Đồng
8235,TP. Hồ Chí Minh,Phường Bình Thạnh,583 Lý Thường Kiệt
8236,Vĩnh Long,Xã Mang Thít,66 Trần Hưng Đạo
8237,TP. Hồ Chí Minh,Phường An Khánh,505 Nguyễn Huệ
8238,TP. Hồ Chí Minh,Phường Thủ Đức,586 Lý Thường Kiệt
8239,Vĩnh Long,Xã Trà Ôn,316 Trần Hưng Đạo
8240,Đồng Nai,Xã Định Quán,173 Phạm Văn Đồng
8241,TP. Hồ Chí Minh,Phường Thủ Đức,256 Lê Lợi
8242,Đồng Tháp,Xã Tháp Mười,364 3 Tháng 2
8243,Cần Thơ,Phường Thốt Nốt,444 Hai Bà Trưng
8244,Cà Mau,Xã Đầm Dơi,457 Nam Kỳ Khởi Nghĩa
8245,Cà Mau,Xã Đầm Dơi,19 Pasteur
8246,Đồng Tháp,Phường Cao Lãnh,202 Nguyễn Huệ
8247,Đồng Nai,Phường Biên Hòa,6 Lê Lợi
8248,Cần Thơ,Phường Ô Môn,164 Lê Lợi
8249,An Giang,Xã Chợ Mới,413 Điện Biên Phủ
8250,Đồng Tháp,Xã Tháp Mười,148 Quang Trung
8251,Cần Thơ,Xã Phong Điền,293 Lê Lợi
8252,Cà Mau,Phường Cà Mau,177 Pasteur
8253,Đồng Nai,Xã Định Quán,361 Nguyễn Văn Cừ
8254,Cà Mau,Xã U Minh,456 Nam Kỳ Khởi Nghĩa
8255,Cần Thơ,Phường Bình Thủy,173 Nguyễn Trãi
8256,Đồng Nai,Xã Nhơn Trạch,397 Phạm Văn Đồng
8257,TP. Hồ Chí Minh,Phường Tân Định,565 Quang Trung
8258,Tây Ninh,Phường Trảng Bàng,471 Võ Văn Kiệt
8259,Vĩnh Long,Xã Mang Thít,355 Điện Biên Phủ
8260,Cần Thơ,Phường Ninh Kiều,584 Quang Trung
8261,Cần Thơ,Xã Phong Điền,122 Điện Biên Phủ
8262,An Giang,Xã Phú Tân,174 Nam Kỳ Khởi Nghĩa
8263,Đồng Nai,Phường Biên Hòa,83 Lê Lợi
8264,Cần Thơ,Phường Bình Thủy,134 Lý Thường Kiệt
8265,TP. Hồ Chí Minh,Phường An Khánh,548 Phạm Văn Đồng
8266,Đồng Nai,Xã Nhơn Trạch,500 Lê Lợi
8267,Tây Ninh,Xã Tân Biên,506 Võ Văn Kiệt
8268,Tây Ninh,Xã Châu Thành,19 Cách Mạng Tháng Tám
8269,Đồng Tháp,Phường Hồng Ngự,394 Pasteur
8270,Cà Mau,Phường Cà Mau,312 Hai Bà Trưng
8271,Đồng Nai,Phường Biên Hòa,193 Điện Biên Phủ
8272,TP. Hồ Chí Minh,Phường Sài Gòn,303 3 Tháng 2
8273,Đồng Tháp,Phường Hồng Ngự,447 Cách Mạng Tháng Tám
8274,TP. Hồ Chí Minh,Phường Tân Định,86 3 Tháng 2
8275,TP. Hồ Chí Minh,Phường Bình Thạnh,597 Nam Kỳ Khởi Nghĩa
8276,TP. Hồ Chí Minh,Phường Chợ Lớn,577 Lê Lợi
8277,Cà Mau,Xã U Minh,241 3 Tháng 2
8278,Đồng Tháp,Xã Tháp Mười,337 Nam Kỳ Khởi Nghĩa
8279,TP. Hồ Chí Minh,Phường Chợ Lớn,86 Quang Trung
8280,Vĩnh Long,Xã Bình Minh,38 Trần Hưng Đạo
8281,An Giang,Xã Tri Tôn,565 Nguyễn Văn Cừ
8282,TP. Hồ Chí Minh,Phường Thủ Đức,274 Lê Lợi
8283,Cần Thơ,Phường Ninh Kiều,163 Nguyễn Trãi
8284,Tây Ninh,Xã Tân Biên,234 Pasteur
8285,TP. Hồ Chí Minh,Phường Tân Định,60 Điện Biên Phủ
8286,Đồng Nai,Xã Long Thành,34 Pasteur
8287,Cần Thơ,Phường Thốt Nốt,560 Võ Văn Kiệt
8288,Cần Thơ,Phường Bình Thủy,267 Pasteur
8289,Cần Thơ,Phường Ninh Kiều,278 Trần Hưng Đạo
8290,Vĩnh Long,Phường Vĩnh Long,598 Nam Kỳ Khởi Nghĩa
8291,Cần Thơ,Xã Phong Điền,55 Hai Bà Trưng
8292,TP. Hồ Chí Minh,Phường Bến Thành,93 Võ Văn Kiệt
8293,Cà Mau,Xã U Minh,296 Pasteur
8294,TP. Hồ Chí Minh,Phường Sài Gòn,34 Pasteur
8295,Đồng Nai,Xã Long Thành,77 Hai Bà Trưng
8296,Vĩnh Long,Xã Mang Thít,316 Pasteur
8297,TP. Hồ Chí Minh,Phường Tân Định,223 Nguyễn Huệ
8298,Cần Thơ,Phường Ô Môn,67 Nguyễn Văn Cừ
8299,Đồng Nai,Phường Long Khánh,587 Nguyễn Văn Cừ
8300,Cà Mau,Xã Năm Căn,254 Nguyễn Trãi
8301,Đồng Nai,Phường Long Khánh,208 Hai Bà Trưng
8302,Đồng Nai,Phường Biên Hòa,202 Võ Văn Kiệt
8303,Cần Thơ,Xã Phong Điền,82 Lý Thường Kiệt
8304,Vĩnh Long,Xã Mang Thít,167 Điện Biên Phủ
8305,Đồng Tháp,Phường Sa Đéc,116 Phạm Văn Đồng
8306,Đồng Tháp,Xã Tháp Mười,167 Nguyễn Trãi
8307,TP. Hồ Chí Minh,Phường Tân Định,216 3 Tháng 2
8308,TP. Hồ Chí Minh,Phường Bến Thành,81 Nam Kỳ Khởi Nghĩa
8309,Tây Ninh,Phường Tây Ninh,63 Quang Trung
8310,Vĩnh Long,Xã Long Hồ,97 Nam Kỳ Khởi Nghĩa
8311,Cần Thơ,Xã Phong Điền,514 Pasteur
8312,Đồng Nai,Phường Long Khánh,507 Võ Văn Kiệt
8313,Vĩnh Long,Phường Vĩnh Long,66 Trần Hưng Đạo
8314,TP. Hồ Chí Minh,Phường Bình Thạnh,189 3 Tháng 2
8315,Cần Thơ,Phường Ô Môn,450 Nguyễn Trãi
8316,Tây Ninh,Xã Gò Dầu,189 Phạm Văn Đồng
8317,An Giang,Xã Tri Tôn,541 Quang Trung
8318,Cần Thơ,Xã Phong Điền,326 Lý Thường Kiệt
8319,TP. Hồ Chí Minh,Phường Chợ Lớn,482 Cách Mạng Tháng Tám
8320,Tây Ninh,Xã Châu Thành,202 Nguyễn Huệ
8321,TP. Hồ Chí Minh,Phường Thủ Đức,517 Cách Mạng Tháng Tám
8322,Cà Mau,Xã Ngọc Hiển,14 Nam Kỳ Khởi Nghĩa
8323,Đồng Tháp,Phường Cao Lãnh,233 Phạm Văn Đồng
8324,Tây Ninh,Phường Trảng Bàng,239 Lê Lợi
8325,An Giang,Xã Tri Tôn,231 Cách Mạng Tháng Tám
8326,TP. Hồ Chí Minh,Phường Tân Bình,136 Trần Hưng Đạo
8327,TP. Hồ Chí Minh,Phường Tân Định,433 Lê Lợi
8328,Đồng Nai,Xã Nhơn Trạch,354 Lê Lợi
8329,Cần Thơ,Phường Thốt Nốt,376 Võ Văn Kiệt
8330,Cần Thơ,Phường Cái Răng,81 Cách Mạng Tháng Tám
8331,An Giang,Xã Tịnh Biên,395 Hai Bà Trưng
8332,Vĩnh Long,Xã Trà Ôn,486 Pasteur
8333,Đồng Tháp,Phường Hồng Ngự,225 Võ Văn Kiệt
8334,TP. Hồ Chí Minh,Phường Chợ Lớn,418 3 Tháng 2
8335,TP. Hồ Chí Minh,Phường Sài Gòn,384 Nguyễn Trãi
8336,TP. Hồ Chí Minh,Phường Bến Thành,493 Nguyễn Huệ
8337,Đồng Tháp,Xã Tháp Mười,196 Hai Bà Trưng
8338,TP. Hồ Chí Minh,Phường Chợ Lớn,334 Phạm Văn Đồng
8339,Vĩnh Long,Xã Tam Bình,455 Phạm Văn Đồng
8340,TP. Hồ Chí Minh,Phường Bình Thạnh,218 Nguyễn Văn Cừ
8341,Cà Mau,Xã Đầm Dơi,31 Nguyễn Trãi
8342,Cần Thơ,Phường Bình Thủy,426 Lý Thường Kiệt
8343,Cần Thơ,Phường Cái Răng,549 Lý Thường Kiệt
8344,An Giang,Phường Châu Đốc,424 Nguyễn Văn Cừ
8345,TP. Hồ Chí Minh,Phường Tân Bình,68 Cách Mạng Tháng Tám
8346,Cần Thơ,Phường Ô Môn,455 Nguyễn Trãi
8347,Đồng Nai,Xã Long Thành,344 Nguyễn Trãi
8348,TP. Hồ Chí Minh,Phường Sài Gòn,513 Lý Thường Kiệt
8349,Đồng Nai,Phường Long Khánh,229 Lý Thường Kiệt
8350,An Giang,Xã Phú Tân,267 3 Tháng 2
8351,Vĩnh Long,Xã Trà Ôn,380 3 Tháng 2
8352,Vĩnh Long,Xã Long Hồ,326 Hai Bà Trưng
8353,An Giang,Xã Chợ Mới,42 Điện Biên Phủ
8354,An Giang,Phường Châu Đốc,404 Hai Bà Trưng
8355,Vĩnh Long,Xã Tam Bình,591 Nguyễn Trãi
8356,Vĩnh Long,Xã Tam Bình,84 Lê Lợi
8357,Tây Ninh,Xã Châu Thành,561 Nam Kỳ Khởi Nghĩa
8358,Đồng Tháp,Phường Hồng Ngự,30 Lý Thường Kiệt
8359,Tây Ninh,Phường Trảng Bàng,335 3 Tháng 2
8360,Cà Mau,Xã Đầm Dơi,415 Phạm Văn Đồng
8361,TP. Hồ Chí Minh,Phường Bình Thạnh,294 Pasteur
8362,Đồng Nai,Phường Trấn Biên,497 Nguyễn Huệ
8363,Tây Ninh,Phường Tây Ninh,547 Lê Lợi
8364,Vĩnh Long,Xã Bình Minh,591 Hai Bà Trưng
8365,Đồng Nai,Phường Biên Hòa,51 Phạm Văn Đồng
8366,Đồng Nai,Xã Long Thành,380 Hai Bà Trưng
8367,Đồng Nai,Phường Trấn Biên,29 Trần Hưng Đạo
8368,Đồng Tháp,Phường Cao Lãnh,218 Quang Trung
8369,TP. Hồ Chí Minh,Phường An Khánh,126 Nguyễn Trãi
8370,TP. Hồ Chí Minh,Phường Tân Bình,495 Nguyễn Văn Cừ
8371,TP. Hồ Chí Minh,Phường Sài Gòn,329 Điện Biên Phủ
8372,Cà Mau,Phường Cà Mau,378 Trần Hưng Đạo
8373,TP. Hồ Chí Minh,Phường Bến Thành,213 Quang Trung
8374,TP. Hồ Chí Minh,Phường Tân Định,524 Lê Lợi
8375,TP. Hồ Chí Minh,Phường Tân Bình,292 Nguyễn Huệ
8376,TP. Hồ Chí Minh,Phường Chợ Lớn,474 Phạm Văn Đồng
8377,TP. Hồ Chí Minh,Phường Bến Thành,281 Lý Thường Kiệt
8378,Cần Thơ,Phường Ninh Kiều,319 Cách Mạng Tháng Tám
8379,TP. Hồ Chí Minh,Phường An Khánh,254 Nguyễn Văn Cừ
8380,An Giang,Xã Tịnh Biên,55 Võ Văn Kiệt
8381,TP. Hồ Chí Minh,Phường Tân Định,142 3 Tháng 2
8382,Cần Thơ,Phường Ô Môn,97 Nguyễn Trãi
8383,Đồng Nai,Phường Trấn Biên,321 Điện Biên Phủ
8384,Tây Ninh,Phường Trảng Bàng,103 Hai Bà Trưng
8385,An Giang,Xã Tri Tôn,79 3 Tháng 2
8386,TP. Hồ Chí Minh,Phường Tân Định,78 Pasteur
8387,TP. Hồ Chí Minh,Phường Bình Thạnh,217 Lê Lợi
8388,TP. Hồ Chí Minh,Phường An Khánh,194 Điện Biên Phủ
8389,TP. Hồ Chí Minh,Phường Sài Gòn,331 Lý Thường Kiệt
8390,Đồng Tháp,Xã Lấp Vò,222 Cách Mạng Tháng Tám
8391,TP. Hồ Chí Minh,Phường An Khánh,467 Phạm Văn Đồng
8392,Cần Thơ,Phường Cái Răng,77 Nguyễn Văn Cừ
8393,Cần Thơ,Xã Phong Điền,130 Cách Mạng Tháng Tám
8394,TP. Hồ Chí Minh,Phường Thủ Đức,135 3 Tháng 2
8395,Đồng Nai,Phường Long Khánh,264 Nguyễn Huệ
8396,TP. Hồ Chí Minh,Phường Bình Thạnh,135 Nguyễn Huệ
8397,TP. Hồ Chí Minh,Phường Tân Định,117 Lý Thường Kiệt
8398,Đồng Nai,Phường Long Khánh,287 Trần Hưng Đạo
8399,Cần Thơ,Phường Ninh Kiều,532 Nguyễn Huệ
8400,Vĩnh Long,Phường Vĩnh Long,68 Lê Lợi
8401,TP. Hồ Chí Minh,Phường Tân Bình,32 Trần Hưng Đạo
8402,Đồng Tháp,Xã Tháp Mười,518 Nguyễn Huệ
8403,TP. Hồ Chí Minh,Phường Sài Gòn,179 Lê Lợi
8404,An Giang,Xã Phú Tân,34 Hai Bà Trưng
8405,Đồng Nai,Xã Long Thành,19 Nguyễn Trãi
8406,Tây Ninh,Xã Dương Minh Châu,398 Pasteur
8407,Tây Ninh,Phường Trảng Bàng,546 Nguyễn Trãi
8408,TP. Hồ Chí Minh,Phường Sài Gòn,559 Phạm Văn Đồng
8409,Đồng Nai,Phường Long Khánh,374 Lê Lợi
8410,TP. Hồ Chí Minh,Phường Tân Bình,457 Trần Hưng Đạo
8411,Đồng Nai,Xã Long Thành,58 Cách Mạng Tháng Tám
8412,Đồng Nai,Xã Nhơn Trạch,69 Phạm Văn Đồng
8413,Tây Ninh,Xã Châu Thành,1 Điện Biên Phủ
8414,An Giang,Xã Tri Tôn,306 Võ Văn Kiệt
8415,Tây Ninh,Phường Trảng Bàng,300 Nguyễn Huệ
8416,TP. Hồ Chí Minh,Phường Tân Bình,253 Nguyễn Trãi
8417,Cần Thơ,Phường Ninh Kiều,85 Quang Trung
8418,Đồng Tháp,Xã Tháp Mười,81 Quang Trung
8419,TP. Hồ Chí Minh,Phường Tân Định,575 Cách Mạng Tháng Tám
8420,Đồng Tháp,Phường Sa Đéc,434 Nguyễn Văn Cừ
8421,Đồng Nai,Xã Nhơn Trạch,393 3 Tháng 2
8422,Đồng Nai,Phường Long Khánh,532 Cách Mạng Tháng Tám
8423,Cần Thơ,Phường Bình Thủy,107 Lý Thường Kiệt
8424,TP. Hồ Chí Minh,Phường Chợ Lớn,518 Hai Bà Trưng
8425,Cà Mau,Xã Năm Căn,320 Nguyễn Trãi
8426,Đồng Nai,Phường Long Khánh,578 Cách Mạng Tháng Tám
8427,TP. Hồ Chí Minh,Phường Sài Gòn,269 Lê Lợi
8428,TP. Hồ Chí Minh,Phường Bến Thành,136 Võ Văn Kiệt
8429,Vĩnh Long,Xã Long Hồ,6 Nam Kỳ Khởi Nghĩa
8430,TP. Hồ Chí Minh,Phường Sài Gòn,530 Phạm Văn Đồng
8431,Cần Thơ,Phường Bình Thủy,279 Cách Mạng Tháng Tám
8432,Cà Mau,Xã U Minh,108 Lý Thường Kiệt
8433,Đồng Tháp,Phường Cao Lãnh,228 Võ Văn Kiệt
8434,TP. Hồ Chí Minh,Phường Bình Thạnh,315 3 Tháng 2
8435,TP. Hồ Chí Minh,Phường Thủ Đức,96 Võ Văn Kiệt
8436,An Giang,Xã Phú Tân,168 Cách Mạng Tháng Tám
8437,An Giang,Phường Châu Đốc,557 Điện Biên Phủ
8438,Cà Mau,Xã Trần Văn Thời,449 Nguyễn Huệ
8439,TP. Hồ Chí Minh,Phường Bến Thành,518 Hai Bà Trưng
8440,An Giang,Xã Phú Tân,226 Võ Văn Kiệt
8441,TP. Hồ Chí Minh,Phường Sài Gòn,451 Lê Lợi
8442,TP. Hồ Chí Minh,Phường Thủ Đức,140 Nam Kỳ Khởi Nghĩa
8443,Vĩnh Long,Phường Vĩnh Long,5 Nguyễn Văn Cừ
8444,TP. Hồ Chí Minh,Phường Chợ Lớn,545 Pasteur
8445,Đồng Nai,Xã Long Thành,409 Nguyễn Huệ
8446,Tây Ninh,Phường Tây Ninh,2 Phạm Văn Đồng
8447,TP. Hồ Chí Minh,Phường Bến Thành,345 Cách Mạng Tháng Tám
8448,Vĩnh Long,Xã Tam Bình,252 Võ Văn Kiệt
8449,TP. Hồ Chí Minh,Phường Thủ Đức,418 Lê Lợi
8450,TP. Hồ Chí Minh,Phường Bến Thành,525 Điện Biên Phủ
8451,TP. Hồ Chí Minh,Phường Tân Bình,538 Cách Mạng Tháng Tám
8452,Đồng Nai,Phường Biên Hòa,484 Nguyễn Trãi
8453,An Giang,Xã Tịnh Biên,539 Hai Bà Trưng
8454,Đồng Tháp,Xã Lấp Vò,171 Điện Biên Phủ
8455,Đồng Tháp,Xã Tháp Mười,362 Nguyễn Văn Cừ
8456,Vĩnh Long,Xã Tam Bình,266 Nguyễn Văn Cừ
8457,TP. Hồ Chí Minh,Phường Tân Bình,500 Nguyễn Trãi
8458,TP. Hồ Chí Minh,Phường Tân Định,246 Lý Thường Kiệt
8459,An Giang,Xã Tịnh Biên,530 3 Tháng 2
8460,Cà Mau,Xã Trần Văn Thời,331 Võ Văn Kiệt
8461,Cần Thơ,Phường Bình Thủy,336 Võ Văn Kiệt
8462,Đồng Nai,Phường Trấn Biên,224 Quang Trung
8463,Cà Mau,Xã Năm Căn,293 Hai Bà Trưng
8464,TP. Hồ Chí Minh,Phường An Khánh,150 Quang Trung
8465,TP. Hồ Chí Minh,Phường Sài Gòn,134 Lê Lợi
8466,Đồng Tháp,Xã Tháp Mười,229 Nguyễn Huệ
8467,TP. Hồ Chí Minh,Phường Thủ Đức,282 Võ Văn Kiệt
8468,TP. Hồ Chí Minh,Phường Sài Gòn,547 Nam Kỳ Khởi Nghĩa
8469,Đồng Tháp,Phường Sa Đéc,514 Pasteur
8470,TP. Hồ Chí Minh,Phường Tân Bình,528 Hai Bà Trưng
8471,TP. Hồ Chí Minh,Phường Chợ Lớn,4 Lý Thường Kiệt
8472,Đồng Tháp,Phường Cao Lãnh,274 Lê Lợi
8473,TP. Hồ Chí Minh,Phường Chợ Lớn,253 Nam Kỳ Khởi Nghĩa
8474,TP. Hồ Chí Minh,Phường An Khánh,78 Lê Lợi
8475,TP. Hồ Chí Minh,Phường Bến Thành,38 Lê Lợi
8476,TP. Hồ Chí Minh,Phường An Khánh,555 Quang Trung
8477,An Giang,Xã Tịnh Biên,137 Nguyễn Huệ
8478,Tây Ninh,Phường Trảng Bàng,328 Hai Bà Trưng
8479,Đồng Tháp,Xã Lấp Vò,235 Võ Văn Kiệt
8480,Đồng Nai,Phường Biên Hòa,146 Nguyễn Trãi
8481,Cà Mau,Xã Đầm Dơi,450 3 Tháng 2
8482,Cà Mau,Xã Trần Văn Thời,11 Nam Kỳ Khởi Nghĩa
8483,TP. Hồ Chí Minh,Phường An Khánh,246 Nguyễn Văn Cừ
8484,TP. Hồ Chí Minh,Phường An Khánh,350 Hai Bà Trưng
8485,Đồng Nai,Xã Long Thành,281 Võ Văn Kiệt
8486,Đồng Nai,Xã Định Quán,372 Hai Bà Trưng
8487,Đồng Nai,Xã Long Thành,43 Quang Trung
8488,Đồng Tháp,Phường Cao Lãnh,299 Điện Biên Phủ
8489,Tây Ninh,Xã Tân Biên,344 Trần Hưng Đạo
8490,Vĩnh Long,Xã Trà Ôn,241 Nam Kỳ Khởi Nghĩa
8491,Vĩnh Long,Xã Trà Ôn,220 Lê Lợi
8492,TP. Hồ Chí Minh,Phường Tân Bình,253 Cách Mạng Tháng Tám
8493,Đồng Nai,Xã Long Thành,134 Quang Trung
8494,TP. Hồ Chí Minh,Phường Tân Bình,282 3 Tháng 2
8495,TP. Hồ Chí Minh,Phường An Khánh,564 Nguyễn Trãi
8496,Vĩnh Long,Phường Vĩnh Long,498 Võ Văn Kiệt
8497,Cần Thơ,Phường Thốt Nốt,24 Pasteur
8498,TP. Hồ Chí Minh,Phường Bến Thành,56 Điện Biên Phủ
8499,Tây Ninh,Xã Gò Dầu,509 Pasteur
8500,TP. Hồ Chí Minh,Phường Sài Gòn,593 Cách Mạng Tháng Tám
8501,TP. Hồ Chí Minh,Phường Tân Bình,511 Nguyễn Trãi
8502,TP. Hồ Chí Minh,Phường Bến Thành,367 Nam Kỳ Khởi Nghĩa
8503,Cà Mau,Xã Trần Văn Thời,576 Phạm Văn Đồng
8504,Cần Thơ,Phường Ninh Kiều,161 Nguyễn Huệ
8505,TP. Hồ Chí Minh,Phường Chợ Lớn,140 3 Tháng 2
8506,TP. Hồ Chí Minh,Phường An Khánh,451 Nam Kỳ Khởi Nghĩa
8507,Đồng Nai,Xã Nhơn Trạch,598 Cách Mạng Tháng Tám
8508,Cà Mau,Xã Trần Văn Thời,514 Pasteur
8509,Cần Thơ,Phường Cái Răng,366 Phạm Văn Đồng
8510,TP. Hồ Chí Minh,Phường Tân Bình,302 Nguyễn Văn Cừ
8511,Đồng Nai,Xã Định Quán,426 Lý Thường Kiệt
8512,Đồng Nai,Xã Long Thành,40 Lê Lợi
8513,Đồng Nai,Xã Định Quán,140 Lê Lợi
8514,Tây Ninh,Xã Gò Dầu,69 Pasteur
8515,TP. Hồ Chí Minh,Phường Bến Thành,521 Nguyễn Trãi
8516,TP. Hồ Chí Minh,Phường Tân Bình,395 Nam Kỳ Khởi Nghĩa
8517,TP. Hồ Chí Minh,Phường Chợ Lớn,111 Nguyễn Huệ
8518,Cần Thơ,Phường Ô Môn,594 Nguyễn Văn Cừ
8519,Đồng Tháp,Phường Cao Lãnh,62 Hai Bà Trưng
8520,Tây Ninh,Phường Tây Ninh,283 Nam Kỳ Khởi Nghĩa
8521,Cần Thơ,Phường Cái Răng,86 Lý Thường Kiệt
8522,TP. Hồ Chí Minh,Phường An Khánh,105 Lê Lợi
8523,Cần Thơ,Phường Thốt Nốt,599 Nam Kỳ Khởi Nghĩa
8524,Tây Ninh,Phường Tây Ninh,437 3 Tháng 2
8525,TP. Hồ Chí Minh,Phường Bình Thạnh,411 3 Tháng 2
8526,Đồng Tháp,Phường Cao Lãnh,397 Lý Thường Kiệt
8527,Cần Thơ,Phường Cái Răng,373 3 Tháng 2
8528,An Giang,Xã Tịnh Biên,27 Võ Văn Kiệt
8529,TP. Hồ Chí Minh,Phường Bến Thành,491 Cách Mạng Tháng Tám
8530,TP. Hồ Chí Minh,Phường Thủ Đức,597 Võ Văn Kiệt
8531,Đồng Tháp,Phường Hồng Ngự,266 Trần Hưng Đạo
8532,TP. Hồ Chí Minh,Phường Bình Thạnh,297 Võ Văn Kiệt
8533,Cần Thơ,Phường Ô Môn,184 Nguyễn Huệ
8534,Vĩnh Long,Xã Mang Thít,87 Trần Hưng Đạo
8535,Đồng Nai,Xã Long Thành,308 3 Tháng 2
8536,TP. Hồ Chí Minh,Phường Sài Gòn,31 Lê Lợi
8537,An Giang,Phường Châu Đốc,38 3 Tháng 2
8538,An Giang,Phường Long Xuyên,333 Pasteur
8539,TP. Hồ Chí Minh,Phường Tân Bình,132 Lý Thường Kiệt
8540,Tây Ninh,Xã Dương Minh Châu,248 Nam Kỳ Khởi Nghĩa
8541,Cần Thơ,Xã Phong Điền,351 Nguyễn Huệ
8542,Cà Mau,Xã U Minh,406 Hai Bà Trưng
8543,TP. Hồ Chí Minh,Phường Sài Gòn,333 Võ Văn Kiệt
8544,Cần Thơ,Phường Ninh Kiều,393 Lê Lợi
8545,TP. Hồ Chí Minh,Phường Sài Gòn,344 Võ Văn Kiệt
8546,Vĩnh Long,Xã Long Hồ,2 Võ Văn Kiệt
8547,Cà Mau,Xã Trần Văn Thời,343 Võ Văn Kiệt
8548,Cần Thơ,Phường Cái Răng,76 Pasteur
8549,Vĩnh Long,Xã Trà Ôn,43 Phạm Văn Đồng
8550,Vĩnh Long,Xã Mang Thít,196 Phạm Văn Đồng
8551,Vĩnh Long,Xã Trà Ôn,335 Hai Bà Trưng
8552,Cần Thơ,Phường Cái Răng,503 Phạm Văn Đồng
8553,Đồng Nai,Xã Nhơn Trạch,149 Hai Bà Trưng
8554,Tây Ninh,Xã Dương Minh Châu,525 Pasteur
8555,Đồng Tháp,Phường Cao Lãnh,430 Võ Văn Kiệt
8556,TP. Hồ Chí Minh,Phường Tân Bình,535 Lê Lợi
8557,Cần Thơ,Phường Cái Răng,268 Cách Mạng Tháng Tám
8558,Đồng Nai,Xã Định Quán,8 3 Tháng 2
8559,TP. Hồ Chí Minh,Phường Tân Định,459 Điện Biên Phủ
8560,TP. Hồ Chí Minh,Phường Bình Thạnh,465 Cách Mạng Tháng Tám
8561,Cà Mau,Phường Cà Mau,563 Cách Mạng Tháng Tám
8562,TP. Hồ Chí Minh,Phường Sài Gòn,456 Trần Hưng Đạo
8563,Cần Thơ,Phường Ninh Kiều,387 Nguyễn Văn Cừ
8564,Cần Thơ,Phường Thốt Nốt,322 Lý Thường Kiệt
8565,Đồng Nai,Xã Định Quán,536 Nguyễn Trãi
8566,Cần Thơ,Phường Bình Thủy,254 Cách Mạng Tháng Tám
8567,TP. Hồ Chí Minh,Phường Tân Bình,346 Lê Lợi
8568,Cần Thơ,Phường Ninh Kiều,102 Hai Bà Trưng
8569,Cà Mau,Xã Đầm Dơi,588 Lê Lợi
8570,Cà Mau,Xã U Minh,357 Pasteur
8571,Vĩnh Long,Xã Bình Minh,461 Pasteur
8572,Cần Thơ,Phường Bình Thủy,217 Quang Trung
8573,Vĩnh Long,Xã Tam Bình,269 Phạm Văn Đồng
8574,Cần Thơ,Phường Thốt Nốt,161 Lý Thường Kiệt
8575,TP. Hồ Chí Minh,Phường Chợ Lớn,149 Điện Biên Phủ
8576,TP. Hồ Chí Minh,Phường Chợ Lớn,2 Lý Thường Kiệt
8577,Cần Thơ,Phường Thốt Nốt,173 Nam Kỳ Khởi Nghĩa
8578,Đồng Nai,Phường Biên Hòa,367 Nguyễn Trãi
8579,Tây Ninh,Xã Châu Thành,332 Võ Văn Kiệt
8580,Vĩnh Long,Xã Bình Minh,576 Lê Lợi
8581,TP. Hồ Chí Minh,Phường Thủ Đức,160 Nam Kỳ Khởi Nghĩa
8582,Cần Thơ,Phường Thốt Nốt,146 Trần Hưng Đạo
8583,TP. Hồ Chí Minh,Phường Sài Gòn,153 Nguyễn Huệ
8584,Đồng Tháp,Xã Tháp Mười,443 Lê Lợi
8585,An Giang,Xã Chợ Mới,495 Pasteur
8586,Vĩnh Long,Xã Trà Ôn,176 Hai Bà Trưng
8587,TP. Hồ Chí Minh,Phường An Khánh,381 Lê Lợi
8588,Vĩnh Long,Xã Mang Thít,232 Lý Thường Kiệt
8589,Đồng Tháp,Phường Sa Đéc,492 Pasteur
8590,Vĩnh Long,Xã Long Hồ,286 Phạm Văn Đồng
8591,Đồng Nai,Phường Trấn Biên,189 3 Tháng 2
8592,Đồng Tháp,Xã Tháp Mười,270 Hai Bà Trưng
8593,Tây Ninh,Xã Tân Biên,500 Hai Bà Trưng
8594,Đồng Nai,Phường Trấn Biên,181 Võ Văn Kiệt
8595,TP. Hồ Chí Minh,Phường Bình Thạnh,157 Nguyễn Huệ
8596,Cần Thơ,Phường Ninh Kiều,190 Hai Bà Trưng
8597,Cần Thơ,Phường Ô Môn,65 Võ Văn Kiệt
8598,TP. Hồ Chí Minh,Phường Chợ Lớn,175 Hai Bà Trưng
8599,Cần Thơ,Xã Phong Điền,273 Võ Văn Kiệt
8600,TP. Hồ Chí Minh,Phường Chợ Lớn,117 Hai Bà Trưng
8601,TP. Hồ Chí Minh,Phường An Khánh,386 Trần Hưng Đạo
8602,An Giang,Xã Chợ Mới,273 Nguyễn Huệ
8603,TP. Hồ Chí Minh,Phường Bến Thành,568 Nguyễn Văn Cừ
8604,Đồng Tháp,Phường Hồng Ngự,427 Điện Biên Phủ
8605,Tây Ninh,Phường Tây Ninh,56 Võ Văn Kiệt
8606,Đồng Nai,Phường Trấn Biên,359 Quang Trung
8607,TP. Hồ Chí Minh,Phường Chợ Lớn,35 Hai Bà Trưng
8608,Cần Thơ,Phường Bình Thủy,502 Hai Bà Trưng
8609,Cà Mau,Xã Trần Văn Thời,117 Hai Bà Trưng
8610,Đồng Tháp,Phường Sa Đéc,513 Võ Văn Kiệt
8611,Tây Ninh,Xã Dương Minh Châu,131 Quang Trung
8612,TP. Hồ Chí Minh,Phường Tân Định,455 Trần Hưng Đạo
8613,Tây Ninh,Phường Trảng Bàng,542 Lý Thường Kiệt
8614,Vĩnh Long,Xã Long Hồ,475 Nguyễn Văn Cừ
8615,Tây Ninh,Xã Tân Biên,559 Quang Trung
8616,TP. Hồ Chí Minh,Phường Bến Thành,392 Điện Biên Phủ
8617,Tây Ninh,Xã Dương Minh Châu,138 Nguyễn Huệ
8618,Đồng Nai,Xã Nhơn Trạch,14 Nguyễn Huệ
8619,Đồng Nai,Phường Trấn Biên,377 Nam Kỳ Khởi Nghĩa
8620,Cần Thơ,Phường Bình Thủy,225 Quang Trung
8621,Đồng Nai,Phường Biên Hòa,522 Lý Thường Kiệt
8622,Đồng Tháp,Xã Lấp Vò,458 Nguyễn Văn Cừ
8623,Vĩnh Long,Xã Long Hồ,562 Pasteur
8624,Cần Thơ,Phường Cái Răng,110 Lý Thường Kiệt
8625,TP. Hồ Chí Minh,Phường Tân Bình,381 Nguyễn Huệ
8626,TP. Hồ Chí Minh,Phường Thủ Đức,279 Phạm Văn Đồng
8627,Vĩnh Long,Phường Vĩnh Long,109 Võ Văn Kiệt
8628,Đồng Nai,Xã Nhơn Trạch,42 Nguyễn Trãi
8629,Đồng Tháp,Phường Sa Đéc,448 Phạm Văn Đồng
8630,Đồng Tháp,Xã Lấp Vò,410 Lý Thường Kiệt
8631,Vĩnh Long,Xã Mang Thít,193 Lý Thường Kiệt
8632,Đồng Tháp,Xã Tháp Mười,262 Pasteur
8633,TP. Hồ Chí Minh,Phường Tân Bình,147 3 Tháng 2
8634,Cà Mau,Xã Ngọc Hiển,105 Nam Kỳ Khởi Nghĩa
8635,TP. Hồ Chí Minh,Phường Bến Thành,594 Pasteur
8636,Cần Thơ,Phường Cái Răng,568 Võ Văn Kiệt
8637,An Giang,Xã Chợ Mới,408 Lê Lợi
8638,TP. Hồ Chí Minh,Phường Tân Bình,563 Điện Biên Phủ
8639,Cà Mau,Xã Năm Căn,115 Hai Bà Trưng
8640,TP. Hồ Chí Minh,Phường An Khánh,381 Nguyễn Huệ
8641,TP. Hồ Chí Minh,Phường Bình Thạnh,114 Điện Biên Phủ
8642,TP. Hồ Chí Minh,Phường Tân Bình,506 3 Tháng 2
8643,An Giang,Xã Tịnh Biên,343 Nguyễn Huệ
8644,Vĩnh Long,Xã Mang Thít,146 Nam Kỳ Khởi Nghĩa
8645,Đồng Tháp,Xã Lấp Vò,370 Võ Văn Kiệt
8646,An Giang,Phường Long Xuyên,207 Lê Lợi
8647,Vĩnh Long,Xã Trà Ôn,118 Nguyễn Trãi
8648,An Giang,Xã Tri Tôn,441 Trần Hưng Đạo
8649,Đồng Nai,Xã Định Quán,587 Pasteur
8650,An Giang,Xã Chợ Mới,381 Võ Văn Kiệt
8651,Vĩnh Long,Xã Tam Bình,217 Võ Văn Kiệt
8652,Đồng Tháp,Xã Lấp Vò,33 Võ Văn Kiệt
8653,Đồng Tháp,Phường Hồng Ngự,61 Quang Trung
8654,TP. Hồ Chí Minh,Phường Tân Bình,287 Lê Lợi
8655,Đồng Tháp,Xã Tháp Mười,568 Lý Thường Kiệt
8656,TP. Hồ Chí Minh,Phường Chợ Lớn,465 Điện Biên Phủ
8657,Cần Thơ,Xã Phong Điền,551 Lê Lợi
8658,Đồng Nai,Phường Biên Hòa,573 Lê Lợi
8659,TP. Hồ Chí Minh,Phường Bình Thạnh,37 Lý Thường Kiệt
8660,Cà Mau,Phường Cà Mau,205 Nam Kỳ Khởi Nghĩa
8661,TP. Hồ Chí Minh,Phường Chợ Lớn,366 Nguyễn Trãi
8662,TP. Hồ Chí Minh,Phường Tân Bình,236 Nguyễn Huệ
8663,Cần Thơ,Phường Cái Răng,102 Trần Hưng Đạo
8664,Đồng Nai,Xã Long Thành,505 Nguyễn Văn Cừ
8665,Vĩnh Long,Xã Tam Bình,497 Nguyễn Văn Cừ
8666,Vĩnh Long,Xã Bình Minh,211 Nguyễn Trãi
8667,Cần Thơ,Phường Ninh Kiều,162 Pasteur
8668,Đồng Nai,Phường Biên Hòa,11 Nguyễn Trãi
8669,Đồng Tháp,Xã Lai Vung,465 Nguyễn Trãi
8670,Cà Mau,Xã Đầm Dơi,510 Lê Lợi
8671,Vĩnh Long,Xã Mang Thít,258 3 Tháng 2
8672,TP. Hồ Chí Minh,Phường An Khánh,437 Hai Bà Trưng
8673,TP. Hồ Chí Minh,Phường Chợ Lớn,192 3 Tháng 2
8674,TP. Hồ Chí Minh,Phường Tân Bình,155 Võ Văn Kiệt
8675,TP. Hồ Chí Minh,Phường Bến Thành,117 Quang Trung
8676,Cần Thơ,Phường Ô Môn,336 3 Tháng 2
8677,TP. Hồ Chí Minh,Phường Thủ Đức,2 Điện Biên Phủ
8678,Đồng Nai,Phường Biên Hòa,519 Lê Lợi
8679,An Giang,Phường Long Xuyên,517 Lê Lợi
8680,Vĩnh Long,Xã Tam Bình,160 Nam Kỳ Khởi Nghĩa
8681,Đồng Tháp,Phường Sa Đéc,2 Hai Bà Trưng
8682,Đồng Tháp,Xã Lai Vung,581 Nguyễn Huệ
8683,Vĩnh Long,Xã Bình Minh,93 Phạm Văn Đồng
8684,An Giang,Xã Chợ Mới,582 Pasteur
8685,TP. Hồ Chí Minh,Phường Chợ Lớn,444 Nguyễn Văn Cừ
8686,TP. Hồ Chí Minh,Phường An Khánh,327 Phạm Văn Đồng
8687,Đồng Nai,Phường Long Khánh,592 3 Tháng 2
8688,Đồng Tháp,Phường Hồng Ngự,518 Điện Biên Phủ
8689,Đồng Tháp,Phường Sa Đéc,398 Nguyễn Văn Cừ
8690,Vĩnh Long,Xã Bình Minh,269 Lê Lợi
8691,TP. Hồ Chí Minh,Phường Chợ Lớn,525 Nguyễn Trãi
8692,Đồng Nai,Phường Long Khánh,582 Lê Lợi
8693,Đồng Tháp,Xã Tháp Mười,545 Lý Thường Kiệt
8694,An Giang,Xã Tịnh Biên,498 Trần Hưng Đạo
8695,TP. Hồ Chí Minh,Phường Chợ Lớn,478 Nguyễn Văn Cừ
8696,Tây Ninh,Xã Dương Minh Châu,549 Trần Hưng Đạo
8697,TP. Hồ Chí Minh,Phường Sài Gòn,151 Nguyễn Huệ
8698,Đồng Nai,Phường Trấn Biên,183 Quang Trung
8699,Cần Thơ,Phường Bình Thủy,85 Lê Lợi
8700,TP. Hồ Chí Minh,Phường Tân Định,548 Nguyễn Trãi
8701,Vĩnh Long,Xã Bình Minh,124 Trần Hưng Đạo
8702,Cà Mau,Phường Cà Mau,523 Lý Thường Kiệt
8703,Đồng Nai,Phường Trấn Biên,464 Trần Hưng Đạo
8704,An Giang,Xã Tri Tôn,202 Phạm Văn Đồng
8705,Cần Thơ,Xã Phong Điền,72 Võ Văn Kiệt
8706,Vĩnh Long,Phường Vĩnh Long,584 Phạm Văn Đồng
8707,Cà Mau,Xã Năm Căn,9 Nguyễn Văn Cừ
8708,Vĩnh Long,Xã Trà Ôn,320 Nguyễn Huệ
8709,TP. Hồ Chí Minh,Phường Bến Thành,556 Nam Kỳ Khởi Nghĩa
8710,Vĩnh Long,Xã Tam Bình,410 Pasteur
8711,An Giang,Xã Phú Tân,483 Hai Bà Trưng
8712,Vĩnh Long,Xã Long Hồ,29 Võ Văn Kiệt
8713,Đồng Tháp,Xã Tháp Mười,96 Điện Biên Phủ
8714,Vĩnh Long,Phường Vĩnh Long,446 Quang Trung
8715,An Giang,Xã Tịnh Biên,20 Quang Trung
8716,Đồng Nai,Xã Nhơn Trạch,451 Nguyễn Trãi
8717,Đồng Nai,Xã Định Quán,57 Nguyễn Huệ
8718,Cà Mau,Xã Ngọc Hiển,71 Nam Kỳ Khởi Nghĩa
8719,TP. Hồ Chí Minh,Phường Tân Định,142 Nam Kỳ Khởi Nghĩa
8720,TP. Hồ Chí Minh,Phường Bến Thành,255 Nguyễn Huệ
8721,TP. Hồ Chí Minh,Phường Tân Định,166 Quang Trung
8722,Cà Mau,Xã Ngọc Hiển,122 3 Tháng 2
8723,Tây Ninh,Xã Tân Biên,530 Pasteur
8724,Đồng Tháp,Xã Lai Vung,471 Nguyễn Trãi
8725,TP. Hồ Chí Minh,Phường Tân Bình,220 Nam Kỳ Khởi Nghĩa
8726,Cần Thơ,Phường Ô Môn,169 Lý Thường Kiệt
8727,TP. Hồ Chí Minh,Phường Bình Thạnh,237 Nguyễn Văn Cừ
8728,TP. Hồ Chí Minh,Phường Bình Thạnh,423 Nguyễn Văn Cừ
8729,TP. Hồ Chí Minh,Phường An Khánh,488 Võ Văn Kiệt
8730,TP. Hồ Chí Minh,Phường Chợ Lớn,10 Điện Biên Phủ
8731,Đồng Nai,Xã Định Quán,28 Cách Mạng Tháng Tám
8732,TP. Hồ Chí Minh,Phường Bình Thạnh,203 Lý Thường Kiệt
8733,Đồng Tháp,Phường Hồng Ngự,241 Phạm Văn Đồng
8734,Cà Mau,Xã U Minh,364 Cách Mạng Tháng Tám
8735,TP. Hồ Chí Minh,Phường An Khánh,506 Pasteur
8736,Đồng Tháp,Phường Hồng Ngự,551 Lê Lợi
8737,Đồng Nai,Phường Long Khánh,125 Phạm Văn Đồng
8738,TP. Hồ Chí Minh,Phường Thủ Đức,320 Nguyễn Trãi
8739,TP. Hồ Chí Minh,Phường Tân Định,475 Hai Bà Trưng
8740,Tây Ninh,Xã Tân Biên,24 Trần Hưng Đạo
8741,TP. Hồ Chí Minh,Phường Tân Định,309 Điện Biên Phủ
8742,TP. Hồ Chí Minh,Phường An Khánh,69 Phạm Văn Đồng
8743,Vĩnh Long,Xã Long Hồ,382 Pasteur
8744,Vĩnh Long,Xã Trà Ôn,44 Cách Mạng Tháng Tám
8745,Tây Ninh,Xã Tân Biên,41 Cách Mạng Tháng Tám
8746,TP. Hồ Chí Minh,Phường Chợ Lớn,111 Quang Trung
8747,Đồng Nai,Xã Nhơn Trạch,425 Nguyễn Trãi
8748,Vĩnh Long,Phường Vĩnh Long,376 Quang Trung
8749,Cà Mau,Xã Năm Căn,190 Lý Thường Kiệt
8750,TP. Hồ Chí Minh,Phường Sài Gòn,310 Điện Biên Phủ
8751,Tây Ninh,Phường Trảng Bàng,455 Nguyễn Trãi
8752,TP. Hồ Chí Minh,Phường Bình Thạnh,61 Võ Văn Kiệt
8753,An Giang,Xã Phú Tân,274 Nam Kỳ Khởi Nghĩa
8754,Cà Mau,Phường Cà Mau,126 Lê Lợi
8755,Đồng Nai,Phường Biên Hòa,411 Nguyễn Văn Cừ
8756,Cà Mau,Xã Ngọc Hiển,470 Điện Biên Phủ
8757,An Giang,Xã Tri Tôn,18 Điện Biên Phủ
8758,Tây Ninh,Xã Tân Biên,575 Điện Biên Phủ
8759,Vĩnh Long,Xã Bình Minh,160 Lý Thường Kiệt
8760,Cà Mau,Xã U Minh,475 Nam Kỳ Khởi Nghĩa
8761,TP. Hồ Chí Minh,Phường Chợ Lớn,341 Võ Văn Kiệt
8762,Tây Ninh,Xã Châu Thành,356 Nguyễn Huệ
8763,Cà Mau,Xã Năm Căn,370 Pasteur
8764,Đồng Nai,Xã Định Quán,305 Hai Bà Trưng
8765,An Giang,Xã Tri Tôn,168 3 Tháng 2
8766,Đồng Nai,Phường Trấn Biên,54 Lê Lợi
8767,Vĩnh Long,Xã Mang Thít,67 Nguyễn Văn Cừ
8768,Đồng Nai,Phường Trấn Biên,208 3 Tháng 2
8769,Tây Ninh,Xã Dương Minh Châu,56 Nguyễn Trãi
8770,Vĩnh Long,Xã Tam Bình,23 Quang Trung
8771,TP. Hồ Chí Minh,Phường Tân Định,3 Lê Lợi
8772,An Giang,Xã Tịnh Biên,148 Lý Thường Kiệt
8773,TP. Hồ Chí Minh,Phường Bến Thành,279 Nguyễn Huệ
8774,Tây Ninh,Xã Tân Biên,277 Pasteur
8775,Đồng Tháp,Xã Lai Vung,592 Pasteur
8776,TP. Hồ Chí Minh,Phường Sài Gòn,397 Lê Lợi
8777,TP. Hồ Chí Minh,Phường An Khánh,436 Lê Lợi
8778,Tây Ninh,Phường Tây Ninh,502 Nam Kỳ Khởi Nghĩa
8779,Tây Ninh,Xã Châu Thành,315 Lý Thường Kiệt
8780,Đồng Nai,Phường Trấn Biên,326 Hai Bà Trưng
8781,TP. Hồ Chí Minh,Phường Tân Định,174 Nguyễn Huệ
8782,Cà Mau,Phường Cà Mau,330 Cách Mạng Tháng Tám
8783,TP. Hồ Chí Minh,Phường Bình Thạnh,265 Nguyễn Văn Cừ
8784,TP. Hồ Chí Minh,Phường Thủ Đức,23 3 Tháng 2
8785,TP. Hồ Chí Minh,Phường Bến Thành,30 Quang Trung
8786,Cần Thơ,Phường Bình Thủy,311 Nguyễn Trãi
8787,TP. Hồ Chí Minh,Phường Sài Gòn,297 Lý Thường Kiệt
8788,TP. Hồ Chí Minh,Phường Sài Gòn,371 Pasteur
8789,An Giang,Xã Chợ Mới,360 Phạm Văn Đồng
8790,Cần Thơ,Phường Ô Môn,230 Nam Kỳ Khởi Nghĩa
8791,Đồng Tháp,Phường Cao Lãnh,139 Nguyễn Văn Cừ
8792,Vĩnh Long,Phường Vĩnh Long,461 Hai Bà Trưng
8793,TP. Hồ Chí Minh,Phường Bình Thạnh,187 Lê Lợi
8794,Đồng Nai,Xã Định Quán,157 Phạm Văn Đồng
8795,Đồng Nai,Phường Biên Hòa,229 Nguyễn Trãi
8796,Đồng Nai,Xã Long Thành,351 Cách Mạng Tháng Tám
8797,Cà Mau,Xã Trần Văn Thời,65 Nguyễn Văn Cừ
8798,Tây Ninh,Xã Dương Minh Châu,141 Nguyễn Trãi
8799,Tây Ninh,Xã Dương Minh Châu,231 Nguyễn Huệ
8800,An Giang,Phường Châu Đốc,66 Quang Trung
8801,TP. Hồ Chí Minh,Phường Chợ Lớn,526 Nguyễn Văn Cừ
8802,TP. Hồ Chí Minh,Phường An Khánh,55 Nguyễn Huệ
8803,TP. Hồ Chí Minh,Phường Tân Định,30 Quang Trung
8804,Đồng Tháp,Xã Lai Vung,165 Điện Biên Phủ
8805,Cần Thơ,Phường Cái Răng,92 Võ Văn Kiệt
8806,TP. Hồ Chí Minh,Phường Thủ Đức,482 Nguyễn Văn Cừ
8807,Vĩnh Long,Phường Vĩnh Long,258 Lý Thường Kiệt
8808,Đồng Tháp,Xã Lai Vung,466 Phạm Văn Đồng
8809,Đồng Tháp,Phường Sa Đéc,298 Phạm Văn Đồng
8810,Đồng Tháp,Xã Lai Vung,531 Quang Trung
8811,Tây Ninh,Xã Dương Minh Châu,560 Nguyễn Văn Cừ
8812,TP. Hồ Chí Minh,Phường Chợ Lớn,322 3 Tháng 2
8813,TP. Hồ Chí Minh,Phường Sài Gòn,408 Điện Biên Phủ
8814,TP. Hồ Chí Minh,Phường Thủ Đức,420 Nguyễn Trãi
8815,Cần Thơ,Phường Thốt Nốt,161 Nam Kỳ Khởi Nghĩa
8816,Vĩnh Long,Xã Bình Minh,158 Nam Kỳ Khởi Nghĩa
8817,TP. Hồ Chí Minh,Phường Tân Định,47 Nguyễn Huệ
8818,Đồng Tháp,Xã Tháp Mười,366 Trần Hưng Đạo
8819,TP. Hồ Chí Minh,Phường Tân Định,86 Nam Kỳ Khởi Nghĩa
8820,TP. Hồ Chí Minh,Phường Thủ Đức,515 Nguyễn Trãi
8821,An Giang,Phường Long Xuyên,60 Trần Hưng Đạo
8822,TP. Hồ Chí Minh,Phường Thủ Đức,17 3 Tháng 2
8823,Cần Thơ,Phường Cái Răng,377 Nguyễn Huệ
8824,Đồng Tháp,Xã Tháp Mười,198 Lý Thường Kiệt
8825,Cần Thơ,Phường Bình Thủy,263 Quang Trung
8826,An Giang,Phường Long Xuyên,45 3 Tháng 2
8827,Cần Thơ,Phường Ninh Kiều,576 Phạm Văn Đồng
8828,Đồng Nai,Xã Long Thành,36 Pasteur
8829,TP. Hồ Chí Minh,Phường Bến Thành,222 Cách Mạng Tháng Tám
8830,TP. Hồ Chí Minh,Phường Chợ Lớn,102 Nguyễn Văn Cừ
8831,TP. Hồ Chí Minh,Phường An Khánh,490 Lê Lợi
8832,Đồng Nai,Phường Biên Hòa,289 Võ Văn Kiệt
8833,Đồng Nai,Phường Trấn Biên,155 Nguyễn Huệ
8834,TP. Hồ Chí Minh,Phường Chợ Lớn,568 Nguyễn Huệ
8835,Cần Thơ,Phường Bình Thủy,278 Hai Bà Trưng
8836,Vĩnh Long,Xã Mang Thít,254 Điện Biên Phủ
8837,TP. Hồ Chí Minh,Phường Chợ Lớn,367 Quang Trung
8838,Cà Mau,Xã U Minh,335 Lý Thường Kiệt
8839,TP. Hồ Chí Minh,Phường Sài Gòn,212 Pasteur
8840,Cà Mau,Phường Cà Mau,558 Lý Thường Kiệt
8841,An Giang,Xã Tịnh Biên,193 Nam Kỳ Khởi Nghĩa
8842,Vĩnh Long,Xã Long Hồ,63 3 Tháng 2
8843,TP. Hồ Chí Minh,Phường Thủ Đức,224 Cách Mạng Tháng Tám
8844,Tây Ninh,Xã Dương Minh Châu,111 Điện Biên Phủ
8845,Đồng Nai,Xã Định Quán,59 Nam Kỳ Khởi Nghĩa
8846,Tây Ninh,Xã Dương Minh Châu,221 Nam Kỳ Khởi Nghĩa
8847,Cần Thơ,Phường Ô Môn,185 Quang Trung
8848,An Giang,Xã Tịnh Biên,55 Nguyễn Huệ
8849,TP. Hồ Chí Minh,Phường Tân Định,87 Võ Văn Kiệt
8850,Đồng Tháp,Phường Sa Đéc,566 Nguyễn Huệ
8851,TP. Hồ Chí Minh,Phường Chợ Lớn,374 Võ Văn Kiệt
8852,TP. Hồ Chí Minh,Phường Chợ Lớn,177 Nguyễn Văn Cừ
8853,Tây Ninh,Phường Trảng Bàng,439 Lý Thường Kiệt
8854,An Giang,Phường Long Xuyên,487 Trần Hưng Đạo
8855,TP. Hồ Chí Minh,Phường Tân Định,126 Điện Biên Phủ
8856,TP. Hồ Chí Minh,Phường Chợ Lớn,507 Nguyễn Văn Cừ
8857,Cần Thơ,Phường Ninh Kiều,414 Pasteur
8858,TP. Hồ Chí Minh,Phường An Khánh,585 Trần Hưng Đạo
8859,Đồng Nai,Xã Định Quán,563 Lý Thường Kiệt
8860,Tây Ninh,Phường Trảng Bàng,398 Pasteur
8861,Cần Thơ,Phường Bình Thủy,325 Cách Mạng Tháng Tám
8862,TP. Hồ Chí Minh,Phường Thủ Đức,202 Quang Trung
8863,Cà Mau,Xã Trần Văn Thời,301 3 Tháng 2
8864,Tây Ninh,Phường Trảng Bàng,416 Nam Kỳ Khởi Nghĩa
8865,Đồng Nai,Xã Nhơn Trạch,40 Lê Lợi
8866,Đồng Tháp,Xã Tháp Mười,55 Quang Trung
8867,Cần Thơ,Phường Ninh Kiều,362 Điện Biên Phủ
8868,Cà Mau,Xã Trần Văn Thời,454 Nam Kỳ Khởi Nghĩa
8869,Cần Thơ,Phường Thốt Nốt,86 Nguyễn Văn Cừ
8870,Cà Mau,Xã Đầm Dơi,588 Nguyễn Văn Cừ
8871,TP. Hồ Chí Minh,Phường An Khánh,136 Trần Hưng Đạo
8872,TP. Hồ Chí Minh,Phường Tân Định,335 Nguyễn Huệ
8873,Vĩnh Long,Xã Long Hồ,135 Quang Trung
8874,TP. Hồ Chí Minh,Phường Tân Bình,557 Hai Bà Trưng
8875,Tây Ninh,Xã Gò Dầu,567 Cách Mạng Tháng Tám
8876,TP. Hồ Chí Minh,Phường Chợ Lớn,77 Pasteur
8877,TP. Hồ Chí Minh,Phường Tân Định,408 Nguyễn Trãi
8878,Đồng Tháp,Phường Cao Lãnh,260 Trần Hưng Đạo
8879,TP. Hồ Chí Minh,Phường An Khánh,135 Nguyễn Trãi
8880,Đồng Nai,Phường Trấn Biên,100 Quang Trung
8881,TP. Hồ Chí Minh,Phường An Khánh,505 Nguyễn Văn Cừ
8882,Đồng Tháp,Xã Lấp Vò,343 Cách Mạng Tháng Tám
8883,Tây Ninh,Phường Trảng Bàng,309 Lý Thường Kiệt
8884,Đồng Nai,Xã Nhơn Trạch,154 3 Tháng 2
8885,Đồng Nai,Phường Long Khánh,13 Phạm Văn Đồng
8886,Đồng Nai,Xã Long Thành,54 Quang Trung
8887,TP. Hồ Chí Minh,Phường Tân Bình,597 Nguyễn Trãi
8888,TP. Hồ Chí Minh,Phường Tân Định,279 Nam Kỳ Khởi Nghĩa
8889,TP. Hồ Chí Minh,Phường An Khánh,482 Phạm Văn Đồng
8890,Tây Ninh,Phường Tây Ninh,503 Trần Hưng Đạo
8891,TP. Hồ Chí Minh,Phường Tân Định,79 Trần Hưng Đạo
8892,Tây Ninh,Phường Trảng Bàng,220 Lê Lợi
8893,Cần Thơ,Phường Ninh Kiều,318 Điện Biên Phủ
8894,Vĩnh Long,Xã Long Hồ,144 Lê Lợi
8895,Tây Ninh,Xã Dương Minh Châu,593 Lê Lợi
8896,TP. Hồ Chí Minh,Phường Tân Định,160 Cách Mạng Tháng Tám
8897,Đồng Nai,Phường Trấn Biên,349 Hai Bà Trưng
8898,Đồng Tháp,Xã Tháp Mười,111 Lê Lợi
8899,Cần Thơ,Phường Ninh Kiều,430 Điện Biên Phủ
8900,TP. Hồ Chí Minh,Phường Chợ Lớn,60 Nguyễn Huệ
8901,TP. Hồ Chí Minh,Phường Thủ Đức,81 Trần Hưng Đạo
8902,An Giang,Xã Phú Tân,582 Lý Thường Kiệt
8903,An Giang,Phường Long Xuyên,152 Quang Trung
8904,TP. Hồ Chí Minh,Phường Bình Thạnh,309 Pasteur
8905,Đồng Nai,Xã Long Thành,235 Phạm Văn Đồng
8906,TP. Hồ Chí Minh,Phường Tân Định,482 Cách Mạng Tháng Tám
8907,TP. Hồ Chí Minh,Phường Thủ Đức,13 Võ Văn Kiệt
8908,An Giang,Xã Tri Tôn,265 Trần Hưng Đạo
8909,Tây Ninh,Xã Dương Minh Châu,278 Trần Hưng Đạo
8910,TP. Hồ Chí Minh,Phường Chợ Lớn,520 3 Tháng 2
8911,Cà Mau,Xã Đầm Dơi,39 Trần Hưng Đạo
8912,TP. Hồ Chí Minh,Phường Bến Thành,10 Điện Biên Phủ
8913,TP. Hồ Chí Minh,Phường Tân Bình,288 Lý Thường Kiệt
8914,Đồng Nai,Phường Trấn Biên,311 Lê Lợi
8915,Đồng Nai,Xã Long Thành,471 Điện Biên Phủ
8916,An Giang,Phường Long Xuyên,220 Võ Văn Kiệt
8917,TP. Hồ Chí Minh,Phường Thủ Đức,48 Cách Mạng Tháng Tám
8918,Tây Ninh,Xã Gò Dầu,274 Lý Thường Kiệt
8919,TP. Hồ Chí Minh,Phường Thủ Đức,307 Lý Thường Kiệt
8920,An Giang,Xã Tri Tôn,489 Nguyễn Huệ
8921,TP. Hồ Chí Minh,Phường Sài Gòn,199 Lê Lợi
8922,Vĩnh Long,Xã Long Hồ,268 Pasteur
8923,Đồng Nai,Phường Trấn Biên,456 Pasteur
8924,Đồng Nai,Xã Định Quán,304 Phạm Văn Đồng
8925,Đồng Tháp,Phường Cao Lãnh,325 Hai Bà Trưng
8926,TP. Hồ Chí Minh,Phường Tân Định,292 Lê Lợi
8927,An Giang,Xã Tri Tôn,213 Quang Trung
8928,TP. Hồ Chí Minh,Phường Bến Thành,443 Pasteur
8929,Vĩnh Long,Xã Mang Thít,115 Phạm Văn Đồng
8930,Đồng Tháp,Phường Sa Đéc,130 Nguyễn Văn Cừ
8931,TP. Hồ Chí Minh,Phường Tân Định,334 Trần Hưng Đạo
8932,Cần Thơ,Phường Thốt Nốt,535 3 Tháng 2
8933,Vĩnh Long,Xã Long Hồ,34 Nguyễn Trãi
8934,An Giang,Phường Châu Đốc,471 Nguyễn Huệ
8935,TP. Hồ Chí Minh,Phường Tân Định,553 Điện Biên Phủ
8936,An Giang,Xã Tri Tôn,291 Trần Hưng Đạo
8937,An Giang,Xã Phú Tân,418 Võ Văn Kiệt
8938,TP. Hồ Chí Minh,Phường Tân Định,266 Pasteur
8939,Vĩnh Long,Xã Mang Thít,436 3 Tháng 2
8940,Đồng Tháp,Phường Hồng Ngự,226 Nguyễn Huệ
8941,An Giang,Xã Tịnh Biên,317 Lê Lợi
8942,TP. Hồ Chí Minh,Phường Thủ Đức,92 Phạm Văn Đồng
8943,TP. Hồ Chí Minh,Phường Sài Gòn,573 Cách Mạng Tháng Tám
8944,An Giang,Phường Long Xuyên,477 Nguyễn Huệ
8945,TP. Hồ Chí Minh,Phường Chợ Lớn,108 Nguyễn Trãi
8946,TP. Hồ Chí Minh,Phường Chợ Lớn,203 Nam Kỳ Khởi Nghĩa
8947,TP. Hồ Chí Minh,Phường Tân Định,589 Nguyễn Văn Cừ
8948,Cà Mau,Phường Cà Mau,562 Cách Mạng Tháng Tám
8949,Vĩnh Long,Xã Long Hồ,84 Nguyễn Huệ
8950,Tây Ninh,Phường Trảng Bàng,451 Cách Mạng Tháng Tám
8951,Vĩnh Long,Xã Trà Ôn,465 Nguyễn Văn Cừ
8952,An Giang,Xã Phú Tân,376 Trần Hưng Đạo
8953,TP. Hồ Chí Minh,Phường Bến Thành,439 Nguyễn Văn Cừ
8954,Đồng Nai,Phường Biên Hòa,349 Điện Biên Phủ
8955,TP. Hồ Chí Minh,Phường An Khánh,417 Trần Hưng Đạo
8956,Cần Thơ,Phường Thốt Nốt,80 Cách Mạng Tháng Tám
8957,Đồng Nai,Xã Định Quán,375 Quang Trung
8958,Cần Thơ,Phường Bình Thủy,350 3 Tháng 2
8959,TP. Hồ Chí Minh,Phường Thủ Đức,279 Điện Biên Phủ
8960,Đồng Nai,Xã Định Quán,597 Pasteur
8961,TP. Hồ Chí Minh,Phường An Khánh,568 Trần Hưng Đạo
8962,TP. Hồ Chí Minh,Phường Tân Định,65 Phạm Văn Đồng
8963,TP. Hồ Chí Minh,Phường An Khánh,260 Nguyễn Trãi
8964,Đồng Tháp,Phường Sa Đéc,418 Nguyễn Văn Cừ
8965,Tây Ninh,Phường Tây Ninh,194 Lý Thường Kiệt
8966,TP. Hồ Chí Minh,Phường Chợ Lớn,160 Quang Trung
8967,TP. Hồ Chí Minh,Phường Chợ Lớn,192 Cách Mạng Tháng Tám
8968,TP. Hồ Chí Minh,Phường Bến Thành,119 Nam Kỳ Khởi Nghĩa
8969,Đồng Tháp,Xã Lai Vung,544 Nguyễn Huệ
8970,TP. Hồ Chí Minh,Phường Bến Thành,264 Điện Biên Phủ
8971,Cần Thơ,Xã Phong Điền,212 Điện Biên Phủ
8972,TP. Hồ Chí Minh,Phường Thủ Đức,422 Nguyễn Trãi
8973,An Giang,Phường Châu Đốc,53 Nguyễn Trãi
8974,An Giang,Xã Phú Tân,555 Điện Biên Phủ
8975,Cà Mau,Xã Ngọc Hiển,429 Hai Bà Trưng
8976,Tây Ninh,Xã Gò Dầu,34 Pasteur
8977,Cà Mau,Xã U Minh,210 Nguyễn Huệ
8978,Đồng Tháp,Xã Lai Vung,526 Hai Bà Trưng
8979,Tây Ninh,Xã Tân Biên,176 Võ Văn Kiệt
8980,TP. Hồ Chí Minh,Phường Tân Định,64 Nguyễn Huệ
8981,TP. Hồ Chí Minh,Phường Chợ Lớn,23 3 Tháng 2
8982,TP. Hồ Chí Minh,Phường Thủ Đức,487 Nguyễn Huệ
8983,Đồng Nai,Xã Long Thành,553 Nguyễn Văn Cừ
8984,Cần Thơ,Phường Thốt Nốt,92 Phạm Văn Đồng
8985,Cần Thơ,Phường Ô Môn,308 Cách Mạng Tháng Tám
8986,Vĩnh Long,Xã Trà Ôn,381 Pasteur
8987,Cần Thơ,Phường Bình Thủy,182 Nguyễn Văn Cừ
8988,TP. Hồ Chí Minh,Phường An Khánh,416 Pasteur
8989,TP. Hồ Chí Minh,Phường Bình Thạnh,85 Điện Biên Phủ
8990,Đồng Tháp,Phường Sa Đéc,222 Điện Biên Phủ
8991,TP. Hồ Chí Minh,Phường Thủ Đức,525 Nguyễn Huệ
8992,Vĩnh Long,Xã Trà Ôn,98 Nguyễn Huệ
8993,Cà Mau,Xã Đầm Dơi,560 Nam Kỳ Khởi Nghĩa
8994,Đồng Nai,Xã Nhơn Trạch,397 Trần Hưng Đạo
8995,Đồng Tháp,Xã Lai Vung,184 Nguyễn Trãi
8996,TP. Hồ Chí Minh,Phường Chợ Lớn,523 3 Tháng 2
8997,Tây Ninh,Xã Châu Thành,309 Nguyễn Văn Cừ
8998,TP. Hồ Chí Minh,Phường Tân Định,320 Nguyễn Huệ
8999,Cà Mau,Xã Ngọc Hiển,460 Phạm Văn Đồng
9000,Đồng Nai,Phường Long Khánh,52 3 Tháng 2
9001,Vĩnh Long,Xã Mang Thít,250 Lý Thường Kiệt
9002,Cần Thơ,Xã Phong Điền,14 Nguyễn Văn Cừ
9003,Đồng Nai,Phường Long Khánh,537 Cách Mạng Tháng Tám
9004,Cần Thơ,Phường Ô Môn,22 Nguyễn Huệ
9005,Vĩnh Long,Xã Mang Thít,291 3 Tháng 2
9006,Cà Mau,Xã Năm Căn,470 Trần Hưng Đạo
9007,Cà Mau,Xã Đầm Dơi,472 Pasteur
9008,Cần Thơ,Phường Cái Răng,292 Lý Thường Kiệt
9009,Cà Mau,Xã Năm Căn,469 Điện Biên Phủ
9010,Cà Mau,Xã Trần Văn Thời,583 Quang Trung
9011,TP. Hồ Chí Minh,Phường Bình Thạnh,192 Phạm Văn Đồng
9012,Cần Thơ,Phường Thốt Nốt,328 Nam Kỳ Khởi Nghĩa
9013,TP. Hồ Chí Minh,Phường Tân Bình,544 Lý Thường Kiệt
9014,Vĩnh Long,Xã Bình Minh,462 Quang Trung
9015,TP. Hồ Chí Minh,Phường Bến Thành,162 Cách Mạng Tháng Tám
9016,Đồng Nai,Phường Long Khánh,476 Hai Bà Trưng
9017,Tây Ninh,Phường Tây Ninh,458 3 Tháng 2
9018,An Giang,Xã Phú Tân,277 Điện Biên Phủ
9019,TP. Hồ Chí Minh,Phường Bến Thành,498 Nguyễn Văn Cừ
9020,Đồng Nai,Xã Nhơn Trạch,496 Nguyễn Văn Cừ
9021,Đồng Nai,Xã Long Thành,498 Lê Lợi
9022,TP. Hồ Chí Minh,Phường Tân Định,583 Điện Biên Phủ
9023,An Giang,Xã Tịnh Biên,188 Lý Thường Kiệt
9024,An Giang,Xã Tri Tôn,300 3 Tháng 2
9025,An Giang,Xã Tịnh Biên,277 Lý Thường Kiệt
9026,TP. Hồ Chí Minh,Phường Tân Định,329 Pasteur
9027,TP. Hồ Chí Minh,Phường Bến Thành,200 Nguyễn Trãi
9028,Cần Thơ,Phường Ninh Kiều,135 Pasteur
9029,Cần Thơ,Phường Thốt Nốt,277 Điện Biên Phủ
9030,TP. Hồ Chí Minh,Phường Tân Bình,493 Nguyễn Văn Cừ
9031,An Giang,Xã Tịnh Biên,1 Điện Biên Phủ
9032,Đồng Tháp,Phường Cao Lãnh,487 Phạm Văn Đồng
9033,Đồng Nai,Xã Long Thành,534 Quang Trung
9034,Đồng Nai,Phường Trấn Biên,362 Nguyễn Văn Cừ
9035,Tây Ninh,Xã Châu Thành,260 Hai Bà Trưng
9036,An Giang,Xã Tri Tôn,124 Pasteur
9037,Tây Ninh,Xã Tân Biên,96 Cách Mạng Tháng Tám
9038,Đồng Tháp,Xã Lai Vung,261 3 Tháng 2
9039,Tây Ninh,Xã Châu Thành,405 Lê Lợi
9040,TP. Hồ Chí Minh,Phường Sài Gòn,454 Nguyễn Văn Cừ
9041,An Giang,Xã Phú Tân,168 Nguyễn Văn Cừ
9042,An Giang,Xã Tịnh Biên,127 Lý Thường Kiệt
9043,Đồng Tháp,Xã Tháp Mười,273 Pasteur
9044,An Giang,Xã Tịnh Biên,576 Võ Văn Kiệt
9045,Đồng Tháp,Phường Hồng Ngự,304 Lý Thường Kiệt
9046,Cần Thơ,Xã Phong Điền,262 Trần Hưng Đạo
9047,Vĩnh Long,Xã Bình Minh,320 Điện Biên Phủ
9048,Cà Mau,Phường Cà Mau,106 Nam Kỳ Khởi Nghĩa
9049,Đồng Nai,Phường Long Khánh,120 Lê Lợi
9050,TP. Hồ Chí Minh,Phường Bến Thành,84 Nguyễn Văn Cừ
9051,TP. Hồ Chí Minh,Phường An Khánh,588 Hai Bà Trưng
9052,TP. Hồ Chí Minh,Phường An Khánh,524 Nguyễn Huệ
9053,TP. Hồ Chí Minh,Phường An Khánh,271 Phạm Văn Đồng
9054,TP. Hồ Chí Minh,Phường Bình Thạnh,428 Nam Kỳ Khởi Nghĩa
9055,Cà Mau,Phường Cà Mau,388 Lý Thường Kiệt
9056,Tây Ninh,Xã Gò Dầu,231 Điện Biên Phủ
9057,TP. Hồ Chí Minh,Phường Chợ Lớn,425 Nguyễn Văn Cừ
9058,Cà Mau,Phường Cà Mau,125 Pasteur
9059,Vĩnh Long,Phường Vĩnh Long,186 Nguyễn Trãi
9060,TP. Hồ Chí Minh,Phường Sài Gòn,405 Phạm Văn Đồng
9061,An Giang,Phường Long Xuyên,425 Nguyễn Huệ
9062,An Giang,Phường Long Xuyên,203 Cách Mạng Tháng Tám
9063,Vĩnh Long,Xã Trà Ôn,512 Nguyễn Huệ
9064,Vĩnh Long,Xã Mang Thít,284 Nguyễn Huệ
9065,An Giang,Xã Tri Tôn,316 Võ Văn Kiệt
9066,Cần Thơ,Phường Thốt Nốt,514 Điện Biên Phủ
9067,Cần Thơ,Phường Ninh Kiều,154 Phạm Văn Đồng
9068,Cà Mau,Phường Cà Mau,298 Nguyễn Huệ
9069,Cà Mau,Phường Cà Mau,571 Cách Mạng Tháng Tám
9070,Vĩnh Long,Xã Bình Minh,543 Nguyễn Văn Cừ
9071,An Giang,Xã Chợ Mới,479 Quang Trung
9072,TP. Hồ Chí Minh,Phường Bến Thành,495 Pasteur
9073,TP. Hồ Chí Minh,Phường An Khánh,84 Phạm Văn Đồng
9074,Vĩnh Long,Xã Tam Bình,422 Lý Thường Kiệt
9075,TP. Hồ Chí Minh,Phường Tân Bình,394 Nguyễn Văn Cừ
9076,TP. Hồ Chí Minh,Phường Thủ Đức,82 Lý Thường Kiệt
9077,TP. Hồ Chí Minh,Phường Chợ Lớn,591 Nguyễn Văn Cừ
9078,TP. Hồ Chí Minh,Phường Bình Thạnh,474 Nguyễn Huệ
9079,An Giang,Xã Tịnh Biên,19 Cách Mạng Tháng Tám
9080,TP. Hồ Chí Minh,Phường Bến Thành,431 Cách Mạng Tháng Tám
9081,Đồng Nai,Xã Long Thành,407 Nguyễn Huệ
9082,Đồng Nai,Phường Trấn Biên,590 Võ Văn Kiệt
9083,Vĩnh Long,Xã Bình Minh,204 Nguyễn Huệ
9084,Đồng Nai,Phường Trấn Biên,450 Phạm Văn Đồng
9085,Đồng Tháp,Phường Sa Đéc,343 Võ Văn Kiệt
9086,An Giang,Phường Châu Đốc,218 Nguyễn Văn Cừ
9087,Đồng Nai,Xã Định Quán,450 Hai Bà Trưng
9088,Cà Mau,Xã Ngọc Hiển,4 Hai Bà Trưng
9089,TP. Hồ Chí Minh,Phường An Khánh,261 Pasteur
9090,Cần Thơ,Phường Bình Thủy,390 Nguyễn Văn Cừ
9091,Vĩnh Long,Xã Mang Thít,520 Võ Văn Kiệt
9092,TP. Hồ Chí Minh,Phường An Khánh,263 Phạm Văn Đồng
9093,Tây Ninh,Xã Gò Dầu,385 Cách Mạng Tháng Tám
9094,Tây Ninh,Phường Tây Ninh,414 Điện Biên Phủ
9095,Tây Ninh,Xã Châu Thành,596 Cách Mạng Tháng Tám
9096,Đồng Nai,Phường Long Khánh,527 Lê Lợi
9097,TP. Hồ Chí Minh,Phường Thủ Đức,155 Điện Biên Phủ
9098,TP. Hồ Chí Minh,Phường Bình Thạnh,411 Nguyễn Huệ
9099,TP. Hồ Chí Minh,Phường Thủ Đức,27 Phạm Văn Đồng
9100,TP. Hồ Chí Minh,Phường Tân Định,4 Cách Mạng Tháng Tám
9101,TP. Hồ Chí Minh,Phường Tân Định,469 Nguyễn Trãi
9102,Đồng Nai,Phường Long Khánh,518 Quang Trung
9103,Đồng Nai,Xã Nhơn Trạch,346 Hai Bà Trưng
9104,Tây Ninh,Xã Dương Minh Châu,507 Pasteur
9105,Đồng Nai,Xã Nhơn Trạch,373 Lê Lợi
9106,Cần Thơ,Phường Bình Thủy,396 Nguyễn Văn Cừ
9107,An Giang,Xã Tri Tôn,42 Quang Trung
9108,Cà Mau,Xã Năm Căn,68 Võ Văn Kiệt
9109,TP. Hồ Chí Minh,Phường Thủ Đức,385 Nam Kỳ Khởi Nghĩa
9110,Cần Thơ,Phường Cái Răng,518 Nguyễn Trãi
9111,Cần Thơ,Phường Bình Thủy,80 Quang Trung
9112,Tây Ninh,Phường Trảng Bàng,317 Võ Văn Kiệt
9113,TP. Hồ Chí Minh,Phường Chợ Lớn,316 Nguyễn Trãi
9114,Tây Ninh,Xã Gò Dầu,185 Lê Lợi
9115,Tây Ninh,Phường Trảng Bàng,152 Võ Văn Kiệt
9116,Cà Mau,Xã Đầm Dơi,41 Cách Mạng Tháng Tám
9117,Đồng Nai,Phường Long Khánh,287 Phạm Văn Đồng
9118,TP. Hồ Chí Minh,Phường Bình Thạnh,276 3 Tháng 2
9119,Vĩnh Long,Xã Mang Thít,157 Điện Biên Phủ
9120,Tây Ninh,Xã Dương Minh Châu,453 Nam Kỳ Khởi Nghĩa
9121,Đồng Tháp,Xã Tháp Mười,538 Hai Bà Trưng
9122,TP. Hồ Chí Minh,Phường Bình Thạnh,433 Võ Văn Kiệt
9123,An Giang,Xã Tịnh Biên,294 Lê Lợi
9124,Cà Mau,Xã Đầm Dơi,591 Phạm Văn Đồng
9125,TP. Hồ Chí Minh,Phường Tân Định,509 3 Tháng 2
9126,Vĩnh Long,Xã Mang Thít,198 Nguyễn Huệ
9127,Tây Ninh,Phường Trảng Bàng,97 Lý Thường Kiệt
9128,Cà Mau,Xã Ngọc Hiển,227 Lý Thường Kiệt
9129,Đồng Nai,Phường Trấn Biên,520 Võ Văn Kiệt
9130,Vĩnh Long,Phường Vĩnh Long,521 Nguyễn Huệ
9131,Cần Thơ,Xã Phong Điền,396 Nguyễn Trãi
9132,Đồng Tháp,Xã Lấp Vò,563 Pasteur
9133,TP. Hồ Chí Minh,Phường Thủ Đức,249 Lý Thường Kiệt
9134,Cần Thơ,Phường Bình Thủy,303 Phạm Văn Đồng
9135,Vĩnh Long,Xã Long Hồ,215 Quang Trung
9136,Tây Ninh,Xã Gò Dầu,364 Nam Kỳ Khởi Nghĩa
9137,TP. Hồ Chí Minh,Phường Chợ Lớn,141 Cách Mạng Tháng Tám
9138,Đồng Nai,Phường Long Khánh,434 Nam Kỳ Khởi Nghĩa
9139,An Giang,Xã Chợ Mới,444 Trần Hưng Đạo
9140,Vĩnh Long,Xã Mang Thít,155 Hai Bà Trưng
9141,TP. Hồ Chí Minh,Phường Tân Định,255 Trần Hưng Đạo
9142,Đồng Nai,Xã Nhơn Trạch,33 Võ Văn Kiệt
9143,Cà Mau,Phường Cà Mau,458 Lý Thường Kiệt
9144,TP. Hồ Chí Minh,Phường Thủ Đức,213 Lý Thường Kiệt
9145,Tây Ninh,Xã Châu Thành,5 Võ Văn Kiệt
9146,Đồng Tháp,Phường Sa Đéc,11 Trần Hưng Đạo
9147,TP. Hồ Chí Minh,Phường Chợ Lớn,443 Lý Thường Kiệt
9148,Đồng Nai,Phường Trấn Biên,582 Nam Kỳ Khởi Nghĩa
9149,TP. Hồ Chí Minh,Phường An Khánh,433 Cách Mạng Tháng Tám
9150,Đồng Tháp,Phường Cao Lãnh,249 Nguyễn Văn Cừ
9151,An Giang,Xã Tri Tôn,535 Pasteur
9152,TP. Hồ Chí Minh,Phường Tân Bình,80 Võ Văn Kiệt
9153,Vĩnh Long,Xã Tam Bình,351 Trần Hưng Đạo
9154,TP. Hồ Chí Minh,Phường Bình Thạnh,57 Hai Bà Trưng
9155,TP. Hồ Chí Minh,Phường Thủ Đức,19 Nguyễn Huệ
9156,An Giang,Xã Phú Tân,96 Lê Lợi
9157,Đồng Tháp,Xã Tháp Mười,265 Quang Trung
9158,Cà Mau,Xã Trần Văn Thời,488 Điện Biên Phủ
9159,TP. Hồ Chí Minh,Phường Thủ Đức,349 Điện Biên Phủ
9160,Đồng Nai,Xã Nhơn Trạch,358 Pasteur
9161,Cà Mau,Xã Đầm Dơi,154 Phạm Văn Đồng
9162,TP. Hồ Chí Minh,Phường Sài Gòn,491 Nguyễn Trãi
9163,Đồng Tháp,Phường Cao Lãnh,144 Quang Trung
9164,TP. Hồ Chí Minh,Phường Bình Thạnh,106 Trần Hưng Đạo
9165,An Giang,Xã Tịnh Biên,502 Lý Thường Kiệt
9166,An Giang,Phường Long Xuyên,106 3 Tháng 2
9167,Tây Ninh,Xã Châu Thành,476 Nguyễn Trãi
9168,Cần Thơ,Phường Bình Thủy,247 Nguyễn Trãi
9169,TP. Hồ Chí Minh,Phường Sài Gòn,51 Cách Mạng Tháng Tám
9170,An Giang,Xã Phú Tân,558 Cách Mạng Tháng Tám
9171,Đồng Tháp,Phường Cao Lãnh,247 Pasteur
9172,Cà Mau,Xã Ngọc Hiển,531 Võ Văn Kiệt
9173,Đồng Tháp,Phường Cao Lãnh,233 Nguyễn Huệ
9174,Đồng Nai,Phường Trấn Biên,440 Nam Kỳ Khởi Nghĩa
9175,TP. Hồ Chí Minh,Phường Thủ Đức,143 Hai Bà Trưng
9176,An Giang,Xã Tịnh Biên,433 Võ Văn Kiệt
9177,Đồng Tháp,Xã Tháp Mười,487 Nam Kỳ Khởi Nghĩa
9178,Tây Ninh,Xã Gò Dầu,103 Cách Mạng Tháng Tám
9179,An Giang,Xã Chợ Mới,225 Lý Thường Kiệt
9180,TP. Hồ Chí Minh,Phường Tân Định,17 Nguyễn Văn Cừ
9181,TP. Hồ Chí Minh,Phường Tân Bình,455 Pasteur
9182,Tây Ninh,Xã Dương Minh Châu,12 Hai Bà Trưng
9183,Cần Thơ,Phường Thốt Nốt,544 Pasteur
9184,Cà Mau,Xã U Minh,206 Hai Bà Trưng
9185,TP. Hồ Chí Minh,Phường Sài Gòn,320 3 Tháng 2
9186,TP. Hồ Chí Minh,Phường Bến Thành,259 Nguyễn Văn Cừ
9187,Cà Mau,Xã Ngọc Hiển,491 Điện Biên Phủ
9188,An Giang,Phường Châu Đốc,182 Trần Hưng Đạo
9189,Đồng Tháp,Xã Tháp Mười,122 Điện Biên Phủ
9190,Vĩnh Long,Xã Long Hồ,214 Lê Lợi
9191,An Giang,Xã Phú Tân,196 Quang Trung
9192,Đồng Nai,Xã Long Thành,517 Lê Lợi
9193,Đồng Nai,Xã Long Thành,500 Nguyễn Văn Cừ
9194,TP. Hồ Chí Minh,Phường Sài Gòn,341 Điện Biên Phủ
9195,TP. Hồ Chí Minh,Phường Bình Thạnh,384 Lý Thường Kiệt
9196,Đồng Nai,Phường Trấn Biên,569 Quang Trung
9197,Cần Thơ,Phường Ô Môn,5 Quang Trung
9198,Cà Mau,Xã Năm Căn,311 Pasteur
9199,TP. Hồ Chí Minh,Phường Tân Bình,91 Lý Thường Kiệt
9200,TP. Hồ Chí Minh,Phường Tân Định,42 Trần Hưng Đạo
9201,TP. Hồ Chí Minh,Phường Tân Bình,165 Pasteur
9202,TP. Hồ Chí Minh,Phường Thủ Đức,581 3 Tháng 2
9203,An Giang,Xã Tri Tôn,590 Lý Thường Kiệt
9204,Đồng Nai,Phường Trấn Biên,444 Nam Kỳ Khởi Nghĩa
9205,TP. Hồ Chí Minh,Phường Thủ Đức,466 Lê Lợi
9206,Vĩnh Long,Phường Vĩnh Long,578 Nguyễn Huệ
9207,TP. Hồ Chí Minh,Phường Bến Thành,131 Phạm Văn Đồng
9208,Tây Ninh,Xã Dương Minh Châu,563 Cách Mạng Tháng Tám
9209,Đồng Nai,Phường Biên Hòa,316 Lê Lợi
9210,TP. Hồ Chí Minh,Phường Sài Gòn,351 Hai Bà Trưng
9211,TP. Hồ Chí Minh,Phường Tân Định,8 Nam Kỳ Khởi Nghĩa
9212,TP. Hồ Chí Minh,Phường An Khánh,311 Nguyễn Trãi
9213,Vĩnh Long,Phường Vĩnh Long,207 Lý Thường Kiệt
9214,Tây Ninh,Xã Tân Biên,528 Lý Thường Kiệt
9215,Cần Thơ,Phường Ô Môn,474 Điện Biên Phủ
9216,TP. Hồ Chí Minh,Phường Tân Bình,366 Phạm Văn Đồng
9217,TP. Hồ Chí Minh,Phường An Khánh,327 Nam Kỳ Khởi Nghĩa
9218,TP. Hồ Chí Minh,Phường Tân Định,113 Nguyễn Trãi
9219,Cần Thơ,Phường Bình Thủy,15 Cách Mạng Tháng Tám
9220,Tây Ninh,Xã Châu Thành,371 Quang Trung
9221,Cần Thơ,Phường Ninh Kiều,508 Lê Lợi
9222,Đồng Tháp,Phường Sa Đéc,363 Võ Văn Kiệt
9223,Vĩnh Long,Xã Long Hồ,88 Lê Lợi
9224,TP. Hồ Chí Minh,Phường Tân Định,58 Lý Thường Kiệt
9225,Đồng Nai,Phường Biên Hòa,466 Nam Kỳ Khởi Nghĩa
9226,Vĩnh Long,Xã Mang Thít,410 Võ Văn Kiệt
9227,An Giang,Phường Châu Đốc,338 Hai Bà Trưng
9228,Đồng Tháp,Phường Cao Lãnh,570 Điện Biên Phủ
9229,Vĩnh Long,Xã Mang Thít,564 Nam Kỳ Khởi Nghĩa
9230,TP. Hồ Chí Minh,Phường Bến Thành,468 Pasteur
9231,TP. Hồ Chí Minh,Phường Chợ Lớn,35 Nguyễn Trãi
9232,Đồng Nai,Xã Nhơn Trạch,135 Trần Hưng Đạo
9233,Vĩnh Long,Xã Long Hồ,203 Nam Kỳ Khởi Nghĩa
9234,Đồng Tháp,Xã Tháp Mười,580 Nguyễn Văn Cừ
9235,TP. Hồ Chí Minh,Phường An Khánh,553 3 Tháng 2
9236,Cần Thơ,Phường Ninh Kiều,349 Hai Bà Trưng
9237,Đồng Tháp,Phường Hồng Ngự,467 Phạm Văn Đồng
9238,TP. Hồ Chí Minh,Phường Bến Thành,40 Phạm Văn Đồng
9239,Cà Mau,Xã U Minh,166 Nguyễn Huệ
9240,Đồng Nai,Xã Long Thành,471 Trần Hưng Đạo
9241,Vĩnh Long,Xã Long Hồ,336 Trần Hưng Đạo
9242,An Giang,Xã Tịnh Biên,565 Phạm Văn Đồng
9243,An Giang,Xã Tịnh Biên,290 Nguyễn Huệ
9244,TP. Hồ Chí Minh,Phường Chợ Lớn,69 Nguyễn Trãi
9245,TP. Hồ Chí Minh,Phường Chợ Lớn,308 Hai Bà Trưng
9246,TP. Hồ Chí Minh,Phường Bến Thành,453 Pasteur
9247,Đồng Nai,Phường Biên Hòa,212 Trần Hưng Đạo
9248,Đồng Nai,Xã Nhơn Trạch,444 Lê Lợi
9249,Đồng Tháp,Phường Sa Đéc,408 Nguyễn Văn Cừ
9250,Vĩnh Long,Xã Tam Bình,97 Nguyễn Huệ
9251,Cần Thơ,Phường Ô Môn,212 Điện Biên Phủ
9252,Đồng Nai,Phường Trấn Biên,282 Điện Biên Phủ
9253,TP. Hồ Chí Minh,Phường Sài Gòn,567 Lý Thường Kiệt
9254,TP. Hồ Chí Minh,Phường Thủ Đức,263 Nam Kỳ Khởi Nghĩa
9255,Vĩnh Long,Xã Mang Thít,72 3 Tháng 2
9256,TP. Hồ Chí Minh,Phường Chợ Lớn,246 Nguyễn Huệ
9257,An Giang,Xã Tri Tôn,181 Hai Bà Trưng
9258,Vĩnh Long,Xã Bình Minh,85 Điện Biên Phủ
9259,Cần Thơ,Phường Thốt Nốt,510 3 Tháng 2
9260,Vĩnh Long,Xã Bình Minh,379 Trần Hưng Đạo
9261,TP. Hồ Chí Minh,Phường Tân Định,542 Nguyễn Trãi
9262,Đồng Tháp,Xã Tháp Mười,591 Nam Kỳ Khởi Nghĩa
9263,Cần Thơ,Phường Bình Thủy,301 Nguyễn Huệ
9264,Cà Mau,Xã Đầm Dơi,568 Lê Lợi
9265,TP. Hồ Chí Minh,Phường Tân Bình,570 Võ Văn Kiệt
9266,TP. Hồ Chí Minh,Phường An Khánh,45 Nam Kỳ Khởi Nghĩa
9267,Vĩnh Long,Xã Mang Thít,530 Hai Bà Trưng
9268,Cần Thơ,Phường Cái Răng,532 Nguyễn Trãi
9269,TP. Hồ Chí Minh,Phường Sài Gòn,258 Võ Văn Kiệt
9270,An Giang,Phường Châu Đốc,468 Hai Bà Trưng
9271,Đồng Nai,Xã Nhơn Trạch,484 3 Tháng 2
9272,TP. Hồ Chí Minh,Phường Bến Thành,545 Pasteur
9273,Cà Mau,Xã Trần Văn Thời,304 Cách Mạng Tháng Tám
9274,Cà Mau,Xã U Minh,200 Võ Văn Kiệt
9275,TP. Hồ Chí Minh,Phường An Khánh,88 Lê Lợi
9276,An Giang,Xã Chợ Mới,555 Cách Mạng Tháng Tám
9277,Cần Thơ,Phường Thốt Nốt,387 Lê Lợi
9278,Tây Ninh,Xã Gò Dầu,219 Cách Mạng Tháng Tám
9279,TP. Hồ Chí Minh,Phường An Khánh,493 Trần Hưng Đạo
9280,TP. Hồ Chí Minh,Phường Sài Gòn,187 Nam Kỳ Khởi Nghĩa
9281,Vĩnh Long,Xã Bình Minh,149 Nguyễn Văn Cừ
9282,Cần Thơ,Phường Bình Thủy,140 Nguyễn Văn Cừ
9283,TP. Hồ Chí Minh,Phường Sài Gòn,58 Lê Lợi
9284,TP. Hồ Chí Minh,Phường Tân Bình,584 Phạm Văn Đồng
9285,Đồng Nai,Xã Long Thành,475 3 Tháng 2
9286,Cần Thơ,Phường Thốt Nốt,545 Nguyễn Văn Cừ
9287,Cần Thơ,Phường Ninh Kiều,450 Nguyễn Văn Cừ
9288,TP. Hồ Chí Minh,Phường An Khánh,52 3 Tháng 2
9289,Đồng Nai,Phường Long Khánh,398 Nam Kỳ Khởi Nghĩa
9290,TP. Hồ Chí Minh,Phường Bến Thành,270 3 Tháng 2
9291,TP. Hồ Chí Minh,Phường Bến Thành,85 Pasteur
9292,Cà Mau,Xã U Minh,594 Quang Trung
9293,Cà Mau,Xã U Minh,15 Nguyễn Trãi
9294,TP. Hồ Chí Minh,Phường Sài Gòn,178 3 Tháng 2
9295,TP. Hồ Chí Minh,Phường Chợ Lớn,316 Hai Bà Trưng
9296,Đồng Nai,Xã Định Quán,44 Điện Biên Phủ
9297,Cần Thơ,Phường Ô Môn,140 Lý Thường Kiệt
9298,Cà Mau,Xã U Minh,136 Điện Biên Phủ
9299,Tây Ninh,Phường Tây Ninh,10 Nguyễn Văn Cừ
9300,TP. Hồ Chí Minh,Phường Tân Bình,355 Lê Lợi
9301,Tây Ninh,Xã Dương Minh Châu,547 Quang Trung
9302,Đồng Nai,Xã Định Quán,121 3 Tháng 2
9303,Vĩnh Long,Phường Vĩnh Long,498 Trần Hưng Đạo
9304,TP. Hồ Chí Minh,Phường Tân Bình,290 Quang Trung
9305,An Giang,Xã Phú Tân,475 Nguyễn Huệ
9306,Cần Thơ,Xã Phong Điền,34 Cách Mạng Tháng Tám
9307,Đồng Nai,Xã Long Thành,451 Nguyễn Huệ
9308,TP. Hồ Chí Minh,Phường An Khánh,305 Nam Kỳ Khởi Nghĩa
9309,TP. Hồ Chí Minh,Phường Tân Bình,50 Võ Văn Kiệt
9310,Đồng Tháp,Xã Lai Vung,502 Cách Mạng Tháng Tám
9311,Cần Thơ,Xã Phong Điền,463 3 Tháng 2
9312,Cần Thơ,Phường Ô Môn,477 Phạm Văn Đồng
9313,An Giang,Xã Tịnh Biên,521 Cách Mạng Tháng Tám
9314,Cà Mau,Phường Cà Mau,518 Nguyễn Huệ
9315,TP. Hồ Chí Minh,Phường Bến Thành,223 Nguyễn Trãi
9316,Đồng Nai,Xã Long Thành,426 Nguyễn Trãi
9317,Vĩnh Long,Xã Long Hồ,469 Quang Trung
9318,Tây Ninh,Phường Tây Ninh,416 Quang Trung
9319,Tây Ninh,Xã Dương Minh Châu,340 3 Tháng 2
9320,Vĩnh Long,Xã Bình Minh,270 Võ Văn Kiệt
9321,Đồng Tháp,Phường Cao Lãnh,513 Võ Văn Kiệt
9322,TP. Hồ Chí Minh,Phường Bình Thạnh,359 Hai Bà Trưng
9323,Vĩnh Long,Xã Tam Bình,264 Nguyễn Văn Cừ
9324,An Giang,Xã Phú Tân,237 Võ Văn Kiệt
9325,Đồng Nai,Phường Biên Hòa,432 Điện Biên Phủ
9326,Đồng Tháp,Xã Lấp Vò,267 Lý Thường Kiệt
9327,TP. Hồ Chí Minh,Phường An Khánh,51 Trần Hưng Đạo
9328,TP. Hồ Chí Minh,Phường Sài Gòn,48 Pasteur
9329,TP. Hồ Chí Minh,Phường An Khánh,366 Pasteur
9330,Đồng Nai,Xã Long Thành,559 Hai Bà Trưng
9331,TP. Hồ Chí Minh,Phường Sài Gòn,477 Nam Kỳ Khởi Nghĩa
9332,Cà Mau,Xã U Minh,534 Nguyễn Huệ
9333,Cà Mau,Phường Cà Mau,81 3 Tháng 2
9334,TP. Hồ Chí Minh,Phường Chợ Lớn,432 Quang Trung
9335,Đồng Nai,Xã Nhơn Trạch,479 Trần Hưng Đạo
9336,Cần Thơ,Phường Ninh Kiều,405 Lê Lợi
9337,TP. Hồ Chí Minh,Phường Tân Bình,47 3 Tháng 2
9338,Đồng Nai,Phường Trấn Biên,178 Nguyễn Huệ
9339,Đồng Nai,Phường Trấn Biên,517 Nguyễn Văn Cừ
9340,TP. Hồ Chí Minh,Phường Bình Thạnh,62 Quang Trung
9341,TP. Hồ Chí Minh,Phường An Khánh,190 Quang Trung
9342,TP. Hồ Chí Minh,Phường An Khánh,62 Hai Bà Trưng
9343,Tây Ninh,Xã Tân Biên,366 Pasteur
9344,Vĩnh Long,Xã Trà Ôn,418 Cách Mạng Tháng Tám
9345,TP. Hồ Chí Minh,Phường Bến Thành,52 Quang Trung
9346,Tây Ninh,Phường Trảng Bàng,531 Pasteur
9347,Tây Ninh,Xã Dương Minh Châu,578 Lý Thường Kiệt
9348,Vĩnh Long,Phường Vĩnh Long,427 Nam Kỳ Khởi Nghĩa
9349,Vĩnh Long,Phường Vĩnh Long,374 Phạm Văn Đồng
9350,Đồng Nai,Xã Định Quán,439 Pasteur
9351,Cần Thơ,Phường Cái Răng,256 Nguyễn Văn Cừ
9352,Cần Thơ,Xã Phong Điền,494 Phạm Văn Đồng
9353,Đồng Nai,Phường Trấn Biên,567 Nguyễn Huệ
9354,TP. Hồ Chí Minh,Phường Bình Thạnh,403 Nam Kỳ Khởi Nghĩa
9355,TP. Hồ Chí Minh,Phường Bến Thành,149 Điện Biên Phủ
9356,TP. Hồ Chí Minh,Phường Sài Gòn,150 Trần Hưng Đạo
9357,Tây Ninh,Xã Tân Biên,156 Võ Văn Kiệt
9358,TP. Hồ Chí Minh,Phường An Khánh,396 Nguyễn Huệ
9359,Đồng Tháp,Xã Lấp Vò,96 Phạm Văn Đồng
9360,Cà Mau,Xã Đầm Dơi,68 Hai Bà Trưng
9361,TP. Hồ Chí Minh,Phường Bến Thành,364 Nguyễn Trãi
9362,Đồng Nai,Phường Trấn Biên,382 Quang Trung
9363,TP. Hồ Chí Minh,Phường Thủ Đức,371 Hai Bà Trưng
9364,Đồng Nai,Xã Nhơn Trạch,267 Lý Thường Kiệt
9365,TP. Hồ Chí Minh,Phường Tân Định,203 Phạm Văn Đồng
9366,Cần Thơ,Phường Thốt Nốt,232 Phạm Văn Đồng
9367,Cà Mau,Xã Ngọc Hiển,310 Cách Mạng Tháng Tám
9368,An Giang,Xã Phú Tân,415 Quang Trung
9369,Cần Thơ,Phường Bình Thủy,470 Lê Lợi
9370,TP. Hồ Chí Minh,Phường Bến Thành,353 Điện Biên Phủ
9371,Tây Ninh,Xã Dương Minh Châu,188 Cách Mạng Tháng Tám
9372,TP. Hồ Chí Minh,Phường Bến Thành,363 Nam Kỳ Khởi Nghĩa
9373,TP. Hồ Chí Minh,Phường An Khánh,324 Pasteur
9374,TP. Hồ Chí Minh,Phường Chợ Lớn,378 3 Tháng 2
9375,TP. Hồ Chí Minh,Phường Bến Thành,84 Nguyễn Huệ
9376,TP. Hồ Chí Minh,Phường Bến Thành,496 Điện Biên Phủ
9377,Cần Thơ,Phường Thốt Nốt,157 Lê Lợi
9378,TP. Hồ Chí Minh,Phường An Khánh,420 Lê Lợi
9379,Cà Mau,Phường Cà Mau,164 Cách Mạng Tháng Tám
9380,Tây Ninh,Xã Gò Dầu,404 Nguyễn Văn Cừ
9381,TP. Hồ Chí Minh,Phường Sài Gòn,9 Nguyễn Trãi
9382,TP. Hồ Chí Minh,Phường Tân Bình,5 Trần Hưng Đạo
9383,An Giang,Phường Long Xuyên,382 Lý Thường Kiệt
9384,An Giang,Xã Tri Tôn,130 3 Tháng 2
9385,TP. Hồ Chí Minh,Phường Bình Thạnh,42 Võ Văn Kiệt
9386,TP. Hồ Chí Minh,Phường Bến Thành,130 Cách Mạng Tháng Tám
9387,Đồng Nai,Xã Nhơn Trạch,571 Pasteur
9388,Đồng Nai,Phường Biên Hòa,89 Nguyễn Văn Cừ
9389,TP. Hồ Chí Minh,Phường Bến Thành,272 Điện Biên Phủ
9390,Đồng Nai,Phường Biên Hòa,78 Cách Mạng Tháng Tám
9391,Tây Ninh,Phường Trảng Bàng,74 Phạm Văn Đồng
9392,TP. Hồ Chí Minh,Phường Tân Bình,581 Nguyễn Trãi
9393,An Giang,Xã Tịnh Biên,564 Trần Hưng Đạo
9394,Cần Thơ,Phường Ô Môn,149 Nguyễn Văn Cừ
9395,An Giang,Xã Tri Tôn,460 Võ Văn Kiệt
9396,Đồng Tháp,Phường Cao Lãnh,265 Nguyễn Trãi
9397,Cần Thơ,Phường Cái Răng,283 Nguyễn Huệ
9398,TP. Hồ Chí Minh,Phường Tân Định,178 Võ Văn Kiệt
9399,TP. Hồ Chí Minh,Phường Bến Thành,562 Điện Biên Phủ
9400,Cà Mau,Xã Ngọc Hiển,399 Võ Văn Kiệt
9401,Đồng Nai,Xã Long Thành,96 Trần Hưng Đạo
9402,Tây Ninh,Xã Châu Thành,596 Nam Kỳ Khởi Nghĩa
9403,Cà Mau,Xã Trần Văn Thời,172 Hai Bà Trưng
9404,TP. Hồ Chí Minh,Phường Thủ Đức,500 Phạm Văn Đồng
9405,Tây Ninh,Phường Tây Ninh,328 Hai Bà Trưng
9406,TP. Hồ Chí Minh,Phường Sài Gòn,116 Nguyễn Trãi
9407,Cà Mau,Phường Cà Mau,259 Lý Thường Kiệt
9408,TP. Hồ Chí Minh,Phường Bình Thạnh,169 Phạm Văn Đồng
9409,Vĩnh Long,Xã Bình Minh,305 Nguyễn Văn Cừ
9410,Cần Thơ,Phường Ninh Kiều,292 Lê Lợi
9411,Cà Mau,Xã Ngọc Hiển,117 Điện Biên Phủ
9412,Vĩnh Long,Xã Trà Ôn,20 Võ Văn Kiệt
9413,An Giang,Xã Tri Tôn,244 Điện Biên Phủ
9414,Đồng Tháp,Xã Lai Vung,315 Điện Biên Phủ
9415,Đồng Nai,Xã Nhơn Trạch,579 Võ Văn Kiệt
9416,TP. Hồ Chí Minh,Phường Tân Bình,586 Cách Mạng Tháng Tám
9417,TP. Hồ Chí Minh,Phường Bến Thành,328 Nguyễn Huệ
9418,TP. Hồ Chí Minh,Phường Chợ Lớn,342 Trần Hưng Đạo
9419,Vĩnh Long,Xã Tam Bình,378 Pasteur
9420,Cần Thơ,Phường Cái Răng,155 Nguyễn Huệ
9421,Cà Mau,Xã Đầm Dơi,468 3 Tháng 2
9422,Cần Thơ,Phường Ô Môn,497 Nam Kỳ Khởi Nghĩa
9423,Vĩnh Long,Xã Trà Ôn,177 Nguyễn Văn Cừ
9424,Tây Ninh,Phường Trảng Bàng,76 Điện Biên Phủ
9425,TP. Hồ Chí Minh,Phường Tân Bình,356 Điện Biên Phủ
9426,Đồng Tháp,Xã Lấp Vò,539 Lý Thường Kiệt
9427,Đồng Nai,Xã Nhơn Trạch,465 3 Tháng 2
9428,TP. Hồ Chí Minh,Phường Bến Thành,483 Cách Mạng Tháng Tám
9429,Cà Mau,Xã Ngọc Hiển,137 Điện Biên Phủ
9430,Cà Mau,Xã Ngọc Hiển,44 Võ Văn Kiệt
9431,Đồng Nai,Xã Long Thành,332 Phạm Văn Đồng
9432,Vĩnh Long,Xã Long Hồ,121 Phạm Văn Đồng
9433,TP. Hồ Chí Minh,Phường Thủ Đức,186 Nguyễn Trãi
9434,Đồng Nai,Phường Long Khánh,378 Nguyễn Huệ
9435,TP. Hồ Chí Minh,Phường An Khánh,193 Trần Hưng Đạo
9436,Vĩnh Long,Xã Long Hồ,507 Điện Biên Phủ
9437,Cà Mau,Phường Cà Mau,308 Phạm Văn Đồng
9438,TP. Hồ Chí Minh,Phường Sài Gòn,159 Võ Văn Kiệt
9439,Cà Mau,Xã Năm Căn,23 Nam Kỳ Khởi Nghĩa
9440,Cà Mau,Xã Trần Văn Thời,167 Lý Thường Kiệt
9441,Đồng Nai,Phường Trấn Biên,588 3 Tháng 2
9442,An Giang,Xã Chợ Mới,475 Điện Biên Phủ
9443,Cà Mau,Phường Cà Mau,171 Quang Trung
9444,Cà Mau,Xã Trần Văn Thời,388 Điện Biên Phủ
9445,TP. Hồ Chí Minh,Phường Tân Bình,51 Lê Lợi
9446,TP. Hồ Chí Minh,Phường Thủ Đức,462 Lý Thường Kiệt
9447,Đồng Nai,Xã Nhơn Trạch,403 Nguyễn Trãi
9448,TP. Hồ Chí Minh,Phường Tân Định,380 Nguyễn Huệ
9449,Cà Mau,Xã U Minh,540 Pasteur
9450,Cần Thơ,Xã Phong Điền,495 Pasteur
9451,Đồng Tháp,Xã Lai Vung,154 Trần Hưng Đạo
9452,TP. Hồ Chí Minh,Phường Thủ Đức,345 Quang Trung
9453,An Giang,Xã Chợ Mới,380 Lê Lợi
9454,Vĩnh Long,Xã Mang Thít,261 Nam Kỳ Khởi Nghĩa
9455,Vĩnh Long,Xã Tam Bình,81 3 Tháng 2
9456,Cần Thơ,Phường Bình Thủy,345 Nguyễn Huệ
9457,Đồng Tháp,Xã Tháp Mười,73 Quang Trung
9458,TP. Hồ Chí Minh,Phường Bình Thạnh,172 Điện Biên Phủ
9459,Cà Mau,Xã Ngọc Hiển,117 Nguyễn Huệ
9460,TP. Hồ Chí Minh,Phường Thủ Đức,16 Nam Kỳ Khởi Nghĩa
9461,Vĩnh Long,Xã Long Hồ,302 Phạm Văn Đồng
9462,Vĩnh Long,Xã Mang Thít,311 Lý Thường Kiệt
9463,An Giang,Xã Tri Tôn,62 Cách Mạng Tháng Tám
9464,Đồng Tháp,Xã Lai Vung,159 Võ Văn Kiệt
9465,Cà Mau,Xã Ngọc Hiển,263 Điện Biên Phủ
9466,Vĩnh Long,Xã Mang Thít,365 Nguyễn Văn Cừ
9467,An Giang,Phường Long Xuyên,439 Lý Thường Kiệt
9468,Tây Ninh,Xã Tân Biên,93 Pasteur
9469,TP. Hồ Chí Minh,Phường Bến Thành,481 Cách Mạng Tháng Tám
9470,Đồng Nai,Phường Trấn Biên,437 Cách Mạng Tháng Tám
9471,Đồng Tháp,Xã Lai Vung,208 Trần Hưng Đạo
9472,TP. Hồ Chí Minh,Phường Sài Gòn,408 3 Tháng 2
9473,Tây Ninh,Phường Trảng Bàng,178 Nguyễn Huệ
9474,Tây Ninh,Xã Gò Dầu,436 Hai Bà Trưng
9475,Vĩnh Long,Xã Tam Bình,288 Trần Hưng Đạo
9476,Cà Mau,Xã U Minh,97 Cách Mạng Tháng Tám
9477,Cà Mau,Phường Cà Mau,553 Lê Lợi
9478,Tây Ninh,Xã Tân Biên,526 Nam Kỳ Khởi Nghĩa
9479,An Giang,Xã Tịnh Biên,536 Võ Văn Kiệt
9480,Cần Thơ,Phường Cái Răng,556 Võ Văn Kiệt
9481,TP. Hồ Chí Minh,Phường Tân Bình,333 Điện Biên Phủ
9482,TP. Hồ Chí Minh,Phường An Khánh,204 Võ Văn Kiệt
9483,TP. Hồ Chí Minh,Phường Tân Bình,203 Nguyễn Huệ
9484,TP. Hồ Chí Minh,Phường Tân Định,343 Võ Văn Kiệt
9485,Cần Thơ,Phường Cái Răng,539 Hai Bà Trưng
9486,Vĩnh Long,Xã Long Hồ,372 Lê Lợi
9487,Cà Mau,Xã Ngọc Hiển,372 Nguyễn Huệ
9488,Đồng Tháp,Phường Sa Đéc,354 Trần Hưng Đạo
9489,Đồng Nai,Xã Long Thành,213 Cách Mạng Tháng Tám
9490,Cà Mau,Xã Đầm Dơi,334 Điện Biên Phủ
9491,Đồng Nai,Phường Biên Hòa,452 Lê Lợi
9492,Tây Ninh,Phường Trảng Bàng,235 Điện Biên Phủ
9493,TP. Hồ Chí Minh,Phường Bến Thành,212 Võ Văn Kiệt
9494,TP. Hồ Chí Minh,Phường Sài Gòn,88 3 Tháng 2
9495,TP. Hồ Chí Minh,Phường Thủ Đức,114 Quang Trung
9496,Đồng Nai,Xã Định Quán,484 Hai Bà Trưng
9497,Cần Thơ,Phường Ninh Kiều,232 Hai Bà Trưng
9498,Cần Thơ,Phường Ô Môn,485 Trần Hưng Đạo
9499,TP. Hồ Chí Minh,Phường Chợ Lớn,398 Nguyễn Trãi
9500,An Giang,Xã Tịnh Biên,137 Trần Hưng Đạo
9501,Tây Ninh,Xã Châu Thành,405 Nam Kỳ Khởi Nghĩa
9502,TP. Hồ Chí Minh,Phường Thủ Đức,232 Lý Thường Kiệt
9503,Vĩnh Long,Xã Mang Thít,249 Điện Biên Phủ
9504,Vĩnh Long,Xã Bình Minh,62 3 Tháng 2
9505,An Giang,Phường Long Xuyên,420 Phạm Văn Đồng
9506,TP. Hồ Chí Minh,Phường Sài Gòn,66 Điện Biên Phủ
9507,TP. Hồ Chí Minh,Phường An Khánh,119 Phạm Văn Đồng
9508,An Giang,Xã Tịnh Biên,144 Điện Biên Phủ
9509,TP. Hồ Chí Minh,Phường Bến Thành,514 Nam Kỳ Khởi Nghĩa
9510,Cà Mau,Xã U Minh,414 Quang Trung
9511,Đồng Tháp,Xã Tháp Mười,454 Phạm Văn Đồng
9512,Đồng Nai,Xã Nhơn Trạch,223 Nam Kỳ Khởi Nghĩa
9513,An Giang,Phường Châu Đốc,437 Võ Văn Kiệt
9514,TP. Hồ Chí Minh,Phường Sài Gòn,438 Võ Văn Kiệt
9515,Cần Thơ,Phường Cái Răng,239 Nguyễn Trãi
9516,An Giang,Xã Phú Tân,545 3 Tháng 2
9517,TP. Hồ Chí Minh,Phường Tân Định,577 Điện Biên Phủ
9518,Cần Thơ,Phường Thốt Nốt,336 Lý Thường Kiệt
9519,Tây Ninh,Xã Gò Dầu,315 Lý Thường Kiệt
9520,Vĩnh Long,Phường Vĩnh Long,408 Quang Trung
9521,Cà Mau,Xã Trần Văn Thời,465 Nam Kỳ Khởi Nghĩa
9522,An Giang,Xã Tri Tôn,275 Nguyễn Văn Cừ
9523,TP. Hồ Chí Minh,Phường Bến Thành,410 Nguyễn Trãi
9524,Đồng Nai,Xã Định Quán,267 Lê Lợi
9525,Cà Mau,Xã Đầm Dơi,68 Lê Lợi
9526,Đồng Nai,Xã Định Quán,370 Nguyễn Trãi
9527,TP. Hồ Chí Minh,Phường Thủ Đức,405 Nam Kỳ Khởi Nghĩa
9528,Cần Thơ,Phường Cái Răng,458 Điện Biên Phủ
9529,TP. Hồ Chí Minh,Phường Bến Thành,501 3 Tháng 2
9530,TP. Hồ Chí Minh,Phường Chợ Lớn,20 Nguyễn Trãi
9531,TP. Hồ Chí Minh,Phường Sài Gòn,454 Điện Biên Phủ
9532,Đồng Tháp,Xã Tháp Mười,50 Lê Lợi
9533,Cần Thơ,Xã Phong Điền,394 Lê Lợi
9534,Vĩnh Long,Xã Bình Minh,33 Lê Lợi
9535,Cần Thơ,Phường Cái Răng,462 Phạm Văn Đồng
9536,Đồng Tháp,Phường Sa Đéc,530 Trần Hưng Đạo
9537,Cần Thơ,Xã Phong Điền,172 Điện Biên Phủ
9538,Đồng Tháp,Xã Lấp Vò,534 Pasteur
9539,Đồng Nai,Xã Nhơn Trạch,195 Quang Trung
9540,Vĩnh Long,Xã Long Hồ,416 Trần Hưng Đạo
9541,Đồng Nai,Xã Nhơn Trạch,492 Lê Lợi
9542,Cà Mau,Xã Trần Văn Thời,104 Pasteur
9543,TP. Hồ Chí Minh,Phường An Khánh,267 Nguyễn Văn Cừ
9544,TP. Hồ Chí Minh,Phường Bến Thành,476 Nguyễn Văn Cừ
9545,Tây Ninh,Xã Tân Biên,528 Pasteur
9546,Tây Ninh,Xã Gò Dầu,437 Lý Thường Kiệt
9547,TP. Hồ Chí Minh,Phường Bến Thành,367 3 Tháng 2
9548,TP. Hồ Chí Minh,Phường Bình Thạnh,324 Hai Bà Trưng
9549,Cần Thơ,Xã Phong Điền,589 Quang Trung
9550,TP. Hồ Chí Minh,Phường Thủ Đức,29 Pasteur
9551,TP. Hồ Chí Minh,Phường Chợ Lớn,483 Pasteur
9552,Tây Ninh,Phường Tây Ninh,228 3 Tháng 2
9553,Đồng Nai,Xã Nhơn Trạch,55 Nguyễn Văn Cừ
9554,TP. Hồ Chí Minh,Phường Tân Định,108 Nguyễn Huệ
9555,Cần Thơ,Phường Ninh Kiều,465 Nguyễn Văn Cừ
9556,Cần Thơ,Phường Bình Thủy,592 Trần Hưng Đạo
9557,Cà Mau,Xã Ngọc Hiển,24 Trần Hưng Đạo
9558,Cà Mau,Xã Năm Căn,554 3 Tháng 2
9559,An Giang,Xã Tịnh Biên,64 Cách Mạng Tháng Tám
9560,An Giang,Xã Tịnh Biên,390 Cách Mạng Tháng Tám
9561,TP. Hồ Chí Minh,Phường Tân Bình,346 Điện Biên Phủ
9562,Cà Mau,Phường Cà Mau,228 Điện Biên Phủ
9563,TP. Hồ Chí Minh,Phường Sài Gòn,416 Trần Hưng Đạo
9564,Cần Thơ,Phường Cái Răng,466 Nguyễn Văn Cừ
9565,Đồng Nai,Xã Định Quán,317 Nguyễn Trãi
9566,TP. Hồ Chí Minh,Phường Tân Bình,495 Điện Biên Phủ
9567,TP. Hồ Chí Minh,Phường Chợ Lớn,400 3 Tháng 2
9568,An Giang,Xã Chợ Mới,496 Võ Văn Kiệt
9569,An Giang,Xã Tịnh Biên,241 Nguyễn Huệ
9570,TP. Hồ Chí Minh,Phường Sài Gòn,486 Phạm Văn Đồng
9571,An Giang,Phường Châu Đốc,312 Nguyễn Trãi
9572,Vĩnh Long,Xã Trà Ôn,258 Nguyễn Trãi
9573,Vĩnh Long,Phường Vĩnh Long,561 Nguyễn Huệ
9574,Cà Mau,Xã Năm Căn,461 Quang Trung
9575,Đồng Tháp,Phường Hồng Ngự,157 Hai Bà Trưng
9576,TP. Hồ Chí Minh,Phường Bình Thạnh,584 Lý Thường Kiệt
9577,TP. Hồ Chí Minh,Phường Bình Thạnh,453 Võ Văn Kiệt
9578,TP. Hồ Chí Minh,Phường Sài Gòn,416 Nam Kỳ Khởi Nghĩa
9579,Tây Ninh,Phường Trảng Bàng,593 Nam Kỳ Khởi Nghĩa
9580,TP. Hồ Chí Minh,Phường Chợ Lớn,82 Phạm Văn Đồng
9581,Cần Thơ,Phường Ô Môn,168 Quang Trung
9582,Cần Thơ,Phường Bình Thủy,210 Nam Kỳ Khởi Nghĩa
9583,Tây Ninh,Xã Gò Dầu,263 Lê Lợi
9584,Cần Thơ,Phường Bình Thủy,486 Nguyễn Văn Cừ
9585,An Giang,Xã Chợ Mới,137 Phạm Văn Đồng
9586,TP. Hồ Chí Minh,Phường Sài Gòn,289 Cách Mạng Tháng Tám
9587,TP. Hồ Chí Minh,Phường Bến Thành,149 Lê Lợi
9588,Đồng Nai,Xã Định Quán,161 Võ Văn Kiệt
9589,TP. Hồ Chí Minh,Phường Bến Thành,377 Quang Trung
9590,Cà Mau,Xã U Minh,143 Phạm Văn Đồng
9591,Cần Thơ,Phường Cái Răng,143 Nam Kỳ Khởi Nghĩa
9592,Cần Thơ,Phường Cái Răng,51 Cách Mạng Tháng Tám
9593,TP. Hồ Chí Minh,Phường Bến Thành,596 Lê Lợi
9594,TP. Hồ Chí Minh,Phường Tân Bình,561 Nguyễn Huệ
9595,TP. Hồ Chí Minh,Phường Thủ Đức,314 Nguyễn Trãi
9596,An Giang,Xã Tịnh Biên,373 3 Tháng 2
9597,Vĩnh Long,Xã Long Hồ,388 Nam Kỳ Khởi Nghĩa
9598,TP. Hồ Chí Minh,Phường Tân Định,403 Pasteur
9599,TP. Hồ Chí Minh,Phường Thủ Đức,257 Trần Hưng Đạo
9600,TP. Hồ Chí Minh,Phường An Khánh,582 Lê Lợi
9601,Vĩnh Long,Xã Mang Thít,426 3 Tháng 2
9602,TP. Hồ Chí Minh,Phường Bến Thành,173 Nguyễn Trãi
9603,TP. Hồ Chí Minh,Phường Tân Định,592 Hai Bà Trưng
9604,Đồng Nai,Phường Long Khánh,145 Điện Biên Phủ
9605,Đồng Nai,Xã Định Quán,260 Nguyễn Trãi
9606,An Giang,Phường Long Xuyên,183 Trần Hưng Đạo
9607,Đồng Nai,Xã Nhơn Trạch,569 Trần Hưng Đạo
9608,Đồng Nai,Phường Biên Hòa,579 Nguyễn Huệ
9609,Đồng Tháp,Xã Lấp Vò,123 Hai Bà Trưng
9610,TP. Hồ Chí Minh,Phường Bến Thành,399 Lý Thường Kiệt
9611,TP. Hồ Chí Minh,Phường Bến Thành,554 Cách Mạng Tháng Tám
9612,TP. Hồ Chí Minh,Phường Tân Định,188 3 Tháng 2
9613,Đồng Tháp,Phường Sa Đéc,474 Cách Mạng Tháng Tám
9614,An Giang,Phường Châu Đốc,444 Nguyễn Huệ
9615,Đồng Tháp,Phường Cao Lãnh,497 Nguyễn Văn Cừ
9616,Tây Ninh,Phường Trảng Bàng,554 Lê Lợi
9617,Đồng Tháp,Phường Cao Lãnh,460 Nguyễn Văn Cừ
9618,TP. Hồ Chí Minh,Phường Tân Bình,494 Nguyễn Văn Cừ
9619,Đồng Nai,Xã Nhơn Trạch,113 Nguyễn Huệ
9620,Đồng Tháp,Xã Lai Vung,323 Lý Thường Kiệt
9621,Đồng Nai,Phường Long Khánh,338 Nguyễn Văn Cừ
9622,An Giang,Phường Long Xuyên,308 Trần Hưng Đạo
9623,Cà Mau,Xã Đầm Dơi,431 Pasteur
9624,Đồng Nai,Xã Nhơn Trạch,505 Lê Lợi
9625,TP. Hồ Chí Minh,Phường Bến Thành,577 Nguyễn Văn Cừ
9626,TP. Hồ Chí Minh,Phường Thủ Đức,193 Cách Mạng Tháng Tám
9627,Cà Mau,Xã Ngọc Hiển,309 Lý Thường Kiệt
9628,Vĩnh Long,Phường Vĩnh Long,56 Trần Hưng Đạo
9629,Cần Thơ,Phường Ninh Kiều,305 Lý Thường Kiệt
9630,Cà Mau,Xã Ngọc Hiển,257 Nguyễn Huệ
9631,Đồng Tháp,Xã Lai Vung,455 Quang Trung
9632,TP. Hồ Chí Minh,Phường Bình Thạnh,1 Nam Kỳ Khởi Nghĩa
9633,Cà Mau,Xã Đầm Dơi,124 Lý Thường Kiệt
9634,Tây Ninh,Xã Tân Biên,43 Quang Trung
9635,TP. Hồ Chí Minh,Phường Bến Thành,439 Nguyễn Trãi
9636,TP. Hồ Chí Minh,Phường Sài Gòn,574 Trần Hưng Đạo
9637,An Giang,Xã Tri Tôn,151 3 Tháng 2
9638,Đồng Nai,Xã Long Thành,519 Phạm Văn Đồng
9639,TP. Hồ Chí Minh,Phường Bến Thành,546 3 Tháng 2
9640,Vĩnh Long,Xã Long Hồ,450 Hai Bà Trưng
9641,Đồng Nai,Xã Định Quán,23 3 Tháng 2
9642,Vĩnh Long,Xã Trà Ôn,467 Nguyễn Văn Cừ
9643,Vĩnh Long,Xã Long Hồ,194 3 Tháng 2
9644,TP. Hồ Chí Minh,Phường Bình Thạnh,28 Quang Trung
9645,Đồng Tháp,Phường Cao Lãnh,235 3 Tháng 2
9646,Vĩnh Long,Xã Trà Ôn,409 Nam Kỳ Khởi Nghĩa
9647,Vĩnh Long,Xã Long Hồ,265 Hai Bà Trưng
9648,Tây Ninh,Xã Gò Dầu,204 3 Tháng 2
9649,Vĩnh Long,Xã Trà Ôn,279 Nguyễn Trãi
9650,TP. Hồ Chí Minh,Phường Bến Thành,193 Võ Văn Kiệt
9651,Đồng Nai,Phường Long Khánh,440 Nguyễn Văn Cừ
9652,TP. Hồ Chí Minh,Phường An Khánh,225 3 Tháng 2
9653,Vĩnh Long,Xã Long Hồ,182 Lê Lợi
9654,An Giang,Xã Chợ Mới,464 Võ Văn Kiệt
9655,Cà Mau,Phường Cà Mau,291 Quang Trung
9656,TP. Hồ Chí Minh,Phường An Khánh,272 3 Tháng 2
9657,Vĩnh Long,Xã Mang Thít,546 Nguyễn Huệ
9658,An Giang,Xã Tri Tôn,26 Võ Văn Kiệt
9659,TP. Hồ Chí Minh,Phường Chợ Lớn,479 Nguyễn Trãi
9660,Đồng Nai,Phường Long Khánh,318 Nguyễn Văn Cừ
9661,Cần Thơ,Xã Phong Điền,192 Hai Bà Trưng
9662,Cần Thơ,Phường Bình Thủy,82 Võ Văn Kiệt
9663,Tây Ninh,Xã Tân Biên,5 Pasteur
9664,TP. Hồ Chí Minh,Phường Tân Bình,271 Lê Lợi
9665,Cần Thơ,Phường Thốt Nốt,549 Hai Bà Trưng
9666,Đồng Nai,Phường Trấn Biên,118 Cách Mạng Tháng Tám
9667,Cần Thơ,Phường Thốt Nốt,127 Trần Hưng Đạo
9668,An Giang,Xã Phú Tân,509 Trần Hưng Đạo
9669,Cần Thơ,Phường Ô Môn,96 Võ Văn Kiệt
9670,TP. Hồ Chí Minh,Phường Bến Thành,258 Hai Bà Trưng
9671,TP. Hồ Chí Minh,Phường An Khánh,48 3 Tháng 2
9672,Cà Mau,Xã U Minh,7 Phạm Văn Đồng
9673,An Giang,Xã Phú Tân,481 Lê Lợi
9674,TP. Hồ Chí Minh,Phường Tân Định,273 Nguyễn Văn Cừ
9675,Cần Thơ,Phường Ninh Kiều,82 Võ Văn Kiệt
9676,Vĩnh Long,Xã Bình Minh,225 Lý Thường Kiệt
9677,Đồng Tháp,Xã Tháp Mười,69 Điện Biên Phủ
9678,An Giang,Phường Châu Đốc,103 Cách Mạng Tháng Tám
9679,Đồng Nai,Phường Trấn Biên,493 Võ Văn Kiệt
9680,TP. Hồ Chí Minh,Phường Chợ Lớn,412 Điện Biên Phủ
9681,Đồng Nai,Xã Định Quán,566 Lý Thường Kiệt
9682,Cà Mau,Xã U Minh,293 Trần Hưng Đạo
9683,TP. Hồ Chí Minh,Phường Thủ Đức,551 Pasteur
9684,Đồng Nai,Xã Long Thành,304 Quang Trung
9685,Đồng Nai,Xã Long Thành,409 Cách Mạng Tháng Tám
9686,TP. Hồ Chí Minh,Phường Thủ Đức,442 Quang Trung
9687,TP. Hồ Chí Minh,Phường Tân Định,394 Quang Trung
9688,Vĩnh Long,Xã Long Hồ,496 Phạm Văn Đồng
9689,Đồng Tháp,Xã Lấp Vò,566 Phạm Văn Đồng
9690,Vĩnh Long,Xã Mang Thít,473 Điện Biên Phủ
9691,Tây Ninh,Xã Gò Dầu,165 Nguyễn Huệ
9692,TP. Hồ Chí Minh,Phường Tân Định,493 Nguyễn Văn Cừ
9693,Tây Ninh,Phường Trảng Bàng,547 Lý Thường Kiệt
9694,TP. Hồ Chí Minh,Phường An Khánh,436 Nguyễn Trãi
9695,Cà Mau,Xã Ngọc Hiển,225 Pasteur
9696,TP. Hồ Chí Minh,Phường Bình Thạnh,490 Lý Thường Kiệt
9697,Đồng Tháp,Phường Hồng Ngự,321 Nam Kỳ Khởi Nghĩa
9698,TP. Hồ Chí Minh,Phường Bình Thạnh,68 Nam Kỳ Khởi Nghĩa
9699,Vĩnh Long,Xã Tam Bình,247 Phạm Văn Đồng
9700,Cần Thơ,Phường Thốt Nốt,96 Pasteur
9701,TP. Hồ Chí Minh,Phường Thủ Đức,403 Nam Kỳ Khởi Nghĩa
9702,Đồng Nai,Phường Biên Hòa,70 3 Tháng 2
9703,TP. Hồ Chí Minh,Phường An Khánh,304 3 Tháng 2
9704,Vĩnh Long,Xã Tam Bình,70 3 Tháng 2
9705,Đồng Tháp,Phường Sa Đéc,271 Pasteur
9706,Tây Ninh,Xã Gò Dầu,453 Nguyễn Huệ
9707,Cà Mau,Xã Năm Căn,348 Trần Hưng Đạo
9708,TP. Hồ Chí Minh,Phường An Khánh,485 Nguyễn Huệ
9709,TP. Hồ Chí Minh,Phường Bến Thành,281 Lê Lợi
9710,Cà Mau,Xã Trần Văn Thời,248 Cách Mạng Tháng Tám
9711,Vĩnh Long,Phường Vĩnh Long,52 Lý Thường Kiệt
9712,An Giang,Phường Châu Đốc,524 Nguyễn Huệ
9713,TP. Hồ Chí Minh,Phường Thủ Đức,284 Lý Thường Kiệt
9714,An Giang,Xã Tri Tôn,202 Võ Văn Kiệt
9715,Đồng Tháp,Phường Sa Đéc,30 Trần Hưng Đạo
9716,Tây Ninh,Xã Châu Thành,237 Nguyễn Văn Cừ
9717,Đồng Nai,Xã Định Quán,134 Pasteur
9718,Đồng Tháp,Xã Tháp Mười,264 Nam Kỳ Khởi Nghĩa
9719,An Giang,Phường Châu Đốc,486 Điện Biên Phủ
9720,TP. Hồ Chí Minh,Phường Thủ Đức,586 Quang Trung
9721,Cần Thơ,Phường Bình Thủy,292 Nguyễn Trãi
9722,TP. Hồ Chí Minh,Phường Chợ Lớn,30 Trần Hưng Đạo
9723,Vĩnh Long,Xã Long Hồ,435 Hai Bà Trưng
9724,TP. Hồ Chí Minh,Phường Tân Định,261 Phạm Văn Đồng
9725,Đồng Nai,Xã Long Thành,251 3 Tháng 2
9726,Vĩnh Long,Phường Vĩnh Long,437 Điện Biên Phủ
9727,Vĩnh Long,Xã Bình Minh,477 Nguyễn Văn Cừ
9728,Đồng Tháp,Phường Cao Lãnh,368 Nguyễn Văn Cừ
9729,TP. Hồ Chí Minh,Phường Bình Thạnh,318 Lý Thường Kiệt
9730,TP. Hồ Chí Minh,Phường Tân Bình,57 Điện Biên Phủ
9731,TP. Hồ Chí Minh,Phường Thủ Đức,439 Lê Lợi
9732,TP. Hồ Chí Minh,Phường Tân Định,577 Nguyễn Trãi
9733,Vĩnh Long,Xã Mang Thít,152 Lê Lợi
9734,An Giang,Xã Chợ Mới,36 Nguyễn Trãi
9735,Tây Ninh,Xã Châu Thành,367 Võ Văn Kiệt
9736,Đồng Nai,Xã Nhơn Trạch,271 Trần Hưng Đạo
9737,TP. Hồ Chí Minh,Phường Sài Gòn,522 3 Tháng 2
9738,Cà Mau,Xã Ngọc Hiển,150 Cách Mạng Tháng Tám
9739,Cần Thơ,Phường Ninh Kiều,27 Lý Thường Kiệt
9740,Đồng Nai,Phường Long Khánh,356 Pasteur
9741,Cà Mau,Xã Đầm Dơi,420 Phạm Văn Đồng
9742,Đồng Nai,Xã Long Thành,536 Lý Thường Kiệt
9743,Vĩnh Long,Xã Bình Minh,567 Lê Lợi
9744,Cần Thơ,Phường Thốt Nốt,447 Hai Bà Trưng
9745,Vĩnh Long,Xã Trà Ôn,323 Cách Mạng Tháng Tám
9746,TP. Hồ Chí Minh,Phường Thủ Đức,154 Trần Hưng Đạo
9747,Đồng Nai,Phường Long Khánh,522 Nguyễn Trãi
9748,An Giang,Phường Long Xuyên,377 Điện Biên Phủ
9749,An Giang,Xã Phú Tân,304 Điện Biên Phủ
9750,Đồng Tháp,Phường Hồng Ngự,416 Võ Văn Kiệt
9751,Cà Mau,Xã Trần Văn Thời,544 Phạm Văn Đồng
9752,TP. Hồ Chí Minh,Phường Thủ Đức,133 Nguyễn Văn Cừ
9753,Cần Thơ,Phường Cái Răng,498 Pasteur
9754,Đồng Tháp,Phường Sa Đéc,277 Lê Lợi
9755,An Giang,Xã Phú Tân,181 Nam Kỳ Khởi Nghĩa
9756,TP. Hồ Chí Minh,Phường Thủ Đức,73 Điện Biên Phủ
9757,Cà Mau,Phường Cà Mau,322 Võ Văn Kiệt
9758,Đồng Tháp,Xã Lấp Vò,202 Lý Thường Kiệt
9759,Đồng Nai,Xã Định Quán,36 Nam Kỳ Khởi Nghĩa
9760,Vĩnh Long,Xã Long Hồ,450 Quang Trung
9761,Đồng Tháp,Phường Sa Đéc,290 Quang Trung
9762,TP. Hồ Chí Minh,Phường An Khánh,82 Trần Hưng Đạo
9763,TP. Hồ Chí Minh,Phường Sài Gòn,288 Nam Kỳ Khởi Nghĩa
9764,TP. Hồ Chí Minh,Phường Sài Gòn,521 Pasteur
9765,Cà Mau,Xã Đầm Dơi,50 Nguyễn Huệ
9766,Cần Thơ,Xã Phong Điền,135 Hai Bà Trưng
9767,Vĩnh Long,Xã Trà Ôn,267 Nguyễn Văn Cừ
9768,TP. Hồ Chí Minh,Phường Bình Thạnh,299 Cách Mạng Tháng Tám
9769,TP. Hồ Chí Minh,Phường Tân Bình,508 Nguyễn Huệ
9770,TP. Hồ Chí Minh,Phường Bến Thành,302 Hai Bà Trưng
9771,Đồng Tháp,Phường Hồng Ngự,460 Pasteur
9772,An Giang,Phường Châu Đốc,505 Nguyễn Văn Cừ
9773,Cà Mau,Xã Năm Căn,232 Trần Hưng Đạo
9774,Đồng Tháp,Phường Sa Đéc,80 Quang Trung
9775,Vĩnh Long,Xã Bình Minh,4 Nguyễn Trãi
9776,TP. Hồ Chí Minh,Phường Chợ Lớn,34 Nguyễn Văn Cừ
9777,TP. Hồ Chí Minh,Phường Bình Thạnh,76 Phạm Văn Đồng
9778,Đồng Tháp,Phường Sa Đéc,107 Lý Thường Kiệt
9779,TP. Hồ Chí Minh,Phường Chợ Lớn,579 Quang Trung
9780,Tây Ninh,Phường Tây Ninh,269 Quang Trung
9781,Cần Thơ,Xã Phong Điền,272 Nguyễn Văn Cừ
9782,Đồng Tháp,Xã Lấp Vò,523 Điện Biên Phủ
9783,Cần Thơ,Phường Thốt Nốt,540 Pasteur
9784,TP. Hồ Chí Minh,Phường Tân Bình,232 Nam Kỳ Khởi Nghĩa
9785,Tây Ninh,Phường Tây Ninh,182 3 Tháng 2
9786,Vĩnh Long,Xã Long Hồ,117 Võ Văn Kiệt
9787,Đồng Tháp,Xã Tháp Mười,516 Pasteur
9788,Đồng Nai,Xã Long Thành,555 Hai Bà Trưng
9789,Đồng Nai,Phường Trấn Biên,325 Quang Trung
9790,Cần Thơ,Phường Ninh Kiều,109 Nguyễn Huệ
9791,Đồng Nai,Xã Nhơn Trạch,484 Nguyễn Huệ
9792,Tây Ninh,Xã Dương Minh Châu,342 Phạm Văn Đồng
9793,TP. Hồ Chí Minh,Phường Tân Bình,357 Nguyễn Trãi
9794,An Giang,Xã Chợ Mới,528 Võ Văn Kiệt
9795,Cần Thơ,Phường Cái Răng,530 Hai Bà Trưng
9796,Cần Thơ,Phường Cái Răng,396 Quang Trung
9797,Cà Mau,Xã Đầm Dơi,541 3 Tháng 2
9798,TP. Hồ Chí Minh,Phường Chợ Lớn,553 Trần Hưng Đạo
9799,TP. Hồ Chí Minh,Phường Thủ Đức,24 Nguyễn Trãi
9800,An Giang,Xã Tịnh Biên,507 3 Tháng 2
9801,Đồng Nai,Xã Long Thành,34 Cách Mạng Tháng Tám
9802,TP. Hồ Chí Minh,Phường An Khánh,567 Võ Văn Kiệt
9803,Đồng Nai,Phường Trấn Biên,550 Nguyễn Trãi
9804,Vĩnh Long,Xã Tam Bình,375 Pasteur
9805,An Giang,Xã Tịnh Biên,427 Lý Thường Kiệt
9806,TP. Hồ Chí Minh,Phường Bình Thạnh,132 Trần Hưng Đạo
9807,Cà Mau,Xã Trần Văn Thời,579 Điện Biên Phủ
9808,TP. Hồ Chí Minh,Phường Sài Gòn,154 Điện Biên Phủ
9809,Đồng Nai,Xã Định Quán,283 Quang Trung
9810,TP. Hồ Chí Minh,Phường Tân Định,378 Pasteur
9811,TP. Hồ Chí Minh,Phường Sài Gòn,131 Cách Mạng Tháng Tám
9812,Vĩnh Long,Xã Trà Ôn,88 Quang Trung
9813,TP. Hồ Chí Minh,Phường Bình Thạnh,561 Quang Trung
9814,TP. Hồ Chí Minh,Phường Sài Gòn,109 Nguyễn Trãi
9815,TP. Hồ Chí Minh,Phường Tân Bình,255 Võ Văn Kiệt
9816,TP. Hồ Chí Minh,Phường Chợ Lớn,453 Nguyễn Văn Cừ
9817,Vĩnh Long,Xã Bình Minh,269 Trần Hưng Đạo
9818,TP. Hồ Chí Minh,Phường Bến Thành,222 Điện Biên Phủ
9819,Vĩnh Long,Xã Trà Ôn,285 Hai Bà Trưng
9820,TP. Hồ Chí Minh,Phường Tân Bình,73 Điện Biên Phủ
9821,Đồng Nai,Phường Biên Hòa,372 Pasteur
9822,Cần Thơ,Phường Ô Môn,397 Nam Kỳ Khởi Nghĩa
9823,Cần Thơ,Phường Bình Thủy,589 Phạm Văn Đồng
9824,Vĩnh Long,Xã Bình Minh,184 Lê Lợi
9825,Đồng Nai,Xã Long Thành,591 Phạm Văn Đồng
9826,TP. Hồ Chí Minh,Phường Tân Định,157 Hai Bà Trưng
9827,Cà Mau,Xã Trần Văn Thời,150 Lý Thường Kiệt
9828,Vĩnh Long,Xã Trà Ôn,340 Võ Văn Kiệt
9829,TP. Hồ Chí Minh,Phường Thủ Đức,512 Võ Văn Kiệt
9830,Đồng Tháp,Phường Cao Lãnh,262 Võ Văn Kiệt
9831,TP. Hồ Chí Minh,Phường Bình Thạnh,562 Phạm Văn Đồng
9832,Vĩnh Long,Xã Long Hồ,577 Võ Văn Kiệt
9833,Cà Mau,Xã Ngọc Hiển,587 Phạm Văn Đồng
9834,Đồng Nai,Phường Long Khánh,316 Nguyễn Trãi
9835,An Giang,Xã Chợ Mới,1 Nguyễn Trãi
9836,Đồng Nai,Xã Định Quán,526 Nguyễn Trãi
9837,An Giang,Xã Phú Tân,61 Phạm Văn Đồng
9838,Cần Thơ,Phường Thốt Nốt,371 Nguyễn Văn Cừ
9839,Vĩnh Long,Xã Trà Ôn,573 Điện Biên Phủ
9840,TP. Hồ Chí Minh,Phường Tân Định,372 Trần Hưng Đạo
9841,Tây Ninh,Xã Dương Minh Châu,223 Cách Mạng Tháng Tám
9842,Đồng Nai,Xã Định Quán,320 Nguyễn Huệ
9843,An Giang,Xã Phú Tân,173 Trần Hưng Đạo
9844,Tây Ninh,Xã Châu Thành,571 Nam Kỳ Khởi Nghĩa
9845,TP. Hồ Chí Minh,Phường Chợ Lớn,10 Nguyễn Trãi
9846,TP. Hồ Chí Minh,Phường An Khánh,301 Võ Văn Kiệt
9847,Cà Mau,Phường Cà Mau,54 Nguyễn Trãi
9848,Đồng Nai,Phường Long Khánh,500 Cách Mạng Tháng Tám
9849,TP. Hồ Chí Minh,Phường An Khánh,224 Hai Bà Trưng
9850,An Giang,Xã Chợ Mới,59 Nam Kỳ Khởi Nghĩa
9851,TP. Hồ Chí Minh,Phường Chợ Lớn,417 Pasteur
9852,Cần Thơ,Phường Thốt Nốt,322 Nguyễn Văn Cừ
9853,Đồng Tháp,Phường Hồng Ngự,222 Lê Lợi
9854,Vĩnh Long,Xã Trà Ôn,386 3 Tháng 2
9855,TP. Hồ Chí Minh,Phường Tân Định,86 Nguyễn Trãi
9856,Vĩnh Long,Xã Mang Thít,61 Lý Thường Kiệt
9857,TP. Hồ Chí Minh,Phường Bình Thạnh,332 Võ Văn Kiệt
9858,An Giang,Phường Châu Đốc,100 Quang Trung
9859,Đồng Tháp,Xã Lấp Vò,209 Điện Biên Phủ
9860,Vĩnh Long,Xã Tam Bình,174 Nguyễn Trãi
9861,Đồng Nai,Phường Long Khánh,246 Võ Văn Kiệt
9862,TP. Hồ Chí Minh,Phường Bình Thạnh,493 Phạm Văn Đồng
9863,TP. Hồ Chí Minh,Phường Thủ Đức,16 Cách Mạng Tháng Tám
9864,TP. Hồ Chí Minh,Phường An Khánh,10 Quang Trung
9865,Đồng Nai,Xã Long Thành,573 3 Tháng 2
9866,Đồng Nai,Phường Long Khánh,546 Cách Mạng Tháng Tám
9867,TP. Hồ Chí Minh,Phường Bến Thành,413 3 Tháng 2
9868,Cà Mau,Xã Ngọc Hiển,152 Lê Lợi
9869,TP. Hồ Chí Minh,Phường Thủ Đức,354 3 Tháng 2
9870,Đồng Nai,Xã Định Quán,29 Nguyễn Văn Cừ
9871,Tây Ninh,Phường Trảng Bàng,507 Nam Kỳ Khởi Nghĩa
9872,Đồng Tháp,Xã Tháp Mười,370 Lê Lợi
9873,Đồng Tháp,Phường Cao Lãnh,27 Pasteur
9874,TP. Hồ Chí Minh,Phường Tân Định,390 Nguyễn Trãi
9875,Đồng Tháp,Phường Hồng Ngự,176 Phạm Văn Đồng
9876,Đồng Tháp,Xã Tháp Mười,116 Pasteur
9877,Đồng Nai,Xã Nhơn Trạch,67 Trần Hưng Đạo
9878,Tây Ninh,Xã Dương Minh Châu,203 Lê Lợi
9879,Đồng Tháp,Phường Cao Lãnh,422 Lê Lợi
9880,TP. Hồ Chí Minh,Phường Sài Gòn,487 Pasteur
9881,Đồng Tháp,Phường Cao Lãnh,68 Nguyễn Trãi
9882,TP. Hồ Chí Minh,Phường Tân Bình,420 Hai Bà Trưng
9883,Cần Thơ,Phường Bình Thủy,340 Trần Hưng Đạo
