STT;Ma_ky_bao_cao;Nam_bao_cao;Tuan_bao_cao;Loai_luong_(XNK);Ten_nuoc_doi_tac;Mo_hang_hoa;Don_vi_so_luong;So_luong;So_luong_thay_the;Trong_luong_tinh_kg;Gia_tri_CIF_(USD);Gia_tri_FOB_(USD);Gia_tri_chinh_(USD)
1;20150101;2015;52;Nhập khẩu;Thế giới;Máy in, máy photocopy, máy fax và phụ tùng;Cái;0;0;311044,02;4606236,29;4448924,82;4606236,29
2;20150101;2015;52;Nhập khẩu;Trung Quốc;Máy in, máy photocopy, máy fax và phụ tùng;chiếc/đơn vị;200;200;1300;21839,74;21000;21839,74
3;20150101;2015;52;Nhập khẩu;Hàn Quốc;Máy in, máy photocopy, máy fax và phụ tùng;kg;437,54;437,54;437,54;14781,78;14609,09;14781,78
4;20150101;2015;52;Nhập khẩu;Philippines;Máy in, máy photocopy, máy fax và phụ tùng;chiếc/đơn vị;550;550;4400;52358,4;49390;52358,4
6;20150101;2015;52;Nhập khẩu;Thế giới;Máy xử lý dữ liệu tự động (máy tính) và bộ phận;chiếc/đơn vị;6412;6412;3659,93;726228,76;707812,5;726228,76
7;20150101;2015;52;Nhập khẩu;Trung Quốc;Máy xử lý dữ liệu tự động (máy tính) và bộ phận;chiếc/đơn vị;1512;1512;1108,54;88634,33;86494,68;88634,33
8;20150101;2015;52;Nhập khẩu;Trung Quốc;Máy xử lý dữ liệu tự động (máy tính) và bộ phận;chiếc/đơn vị;4900;4900;2551,39;637594,43;621317,82;637594,43
30;20150101;2015;52;Nhập khẩu;Châu Á khác (chưa xác định);Điện thoại (kể cả di động) và thiết bị truyền dữ liệu;chiếc/đơn vị;12000;12000;865,74;33749,64;33396,55;33749,64
32;20150101;2015;52;Nhập khẩu;Thế giới;Thiết bị phát sóng vô tuyến/truyền hình, camera;chiếc/đơn vị;77;77;3,63;1179,84;1042,15;1179,84
34;20150101;2015;52;Nhập khẩu;Thế giới;Màn hình, máy chiếu, thiết bị thu truyền hình;chiếc/đơn vị;132348;132348;28513,28;1106008,28;1042787,2;1106008,28
35;20150101;2015;52;Nhập khẩu;Trung Quốc;Màn hình, máy chiếu, thiết bị thu truyền hình;chiếc/đơn vị;95995;95995;4335,17;159527,2;157918,59;159527,2
36;20150101;2015;52;Nhập khẩu;Hàn Quốc;Màn hình, máy chiếu, thiết bị thu truyền hình;chiếc/đơn vị;13350;13350;782,11;22387,85;22143,61;22387,85
37;20150101;2015;52;Nhập khẩu;Trung Quốc;Màn hình, máy chiếu, thiết bị thu truyền hình;chiếc/đơn vị;23003;23003;23396;924093,23;862725;924093,23
40;20150101;2015;52;Nhập khẩu;Hồng Kông (Trung Quốc);Mạch tích hợp điện tử;chiếc/đơn vị;201900;201900;805,52;16368,49;16144,37;16368,49
41;20150101;2015;52;Nhập khẩu;Nhật Bản;Mạch tích hợp điện tử;chiếc/đơn vị;1069500;1069500;2173,23;74974,97;73030,62;74974,97
43;20150101;2015;52;Nhập khẩu;Malaysia;Mạch tích hợp điện tử;chiếc/đơn vị;38100;38100;195,19;7252,2;6794,16;7252,2
44;20150101;2015;52;Nhập khẩu;Mexico;Mạch tích hợp điện tử;chiếc/đơn vị;7500;7500;116,81;2417,87;2375;2417,87
45;20150101;2015;52;Nhập khẩu;Châu Á khác (chưa xác định);Mạch tích hợp điện tử;chiếc/đơn vị;1246700;1246700;23556,91;883177,25;866957,76;883177,25
46;20150101;2015;52;Nhập khẩu;Philippines;Mạch tích hợp điện tử;chiếc/đơn vị;39000;39000;215,26;10792,98;10655,78;10792,98
47;20150101;2015;52;Nhập khẩu;Singapore;Mạch tích hợp điện tử;chiếc/đơn vị;50704;50704;2391,95;98046,39;95702,29;98046,39
48;20150101;2015;52;Nhập khẩu;Trung Quốc;Mạch tích hợp điện tử;chiếc/đơn vị;56;56;0,75;93,22;59,44;93,22
50;20150101;2015;52;Nhập khẩu;Hoa Kỳ;Mạch tích hợp điện tử;chiếc/đơn vị;137312;137312;3418,94;114075,22;111994,31;114075,22
53;20150101;2015;52;Nhập khẩu (hàng nước ngoài);Thế giới;Máy xử lý dữ liệu tự động (máy tính) và bộ phận;chiếc/đơn vị;895761;895761;0;0;126972080,2;126972080,2
54;20150101;2015;52;Nhập khẩu (hàng nước ngoài);Canada;Máy xử lý dữ liệu tự động (máy tính) và bộ phận;chiếc/đơn vị;15;15;0;0;8351,95;8351,95
55;20150101;2015;52;Nhập khẩu (hàng nước ngoài);Trung Quốc;Máy xử lý dữ liệu tự động (máy tính) và bộ phận;chiếc/đơn vị;800;800;0;0;2404,491;2404,491
56;20150101;2015;52;Nhập khẩu (hàng nước ngoài);Hàn Quốc;Máy xử lý dữ liệu tự động (máy tính) và bộ phận;chiếc/đơn vị;50;50;0;0;7533,499;7533,499
57;20150101;2015;52;Nhập khẩu (hàng nước ngoài);Malaysia;Máy xử lý dữ liệu tự động (máy tính) và bộ phận;chiếc/đơn vị;2469;2469;0;0;133542,777;133542,777
58;20150101;2015;52;Nhập khẩu (hàng nước ngoài);Trung Quốc;Máy xử lý dữ liệu tự động (máy tính) và bộ phận;chiếc/đơn vị;890115;890115;0;0;126697002,6;126697002,6
59;20150101;2015;52;Nhập khẩu (hàng nước ngoài);Thái Lan;Máy xử lý dữ liệu tự động (máy tính) và bộ phận;chiếc/đơn vị;2312;2312;0;0;123244,856;123244,856
81;20150101;2015;52;Nhập khẩu (hàng nước ngoài);Thế giới;Thiết bị phát sóng vô tuyến/truyền hình, camera;chiếc/đơn vị;65317;65317;0;0;3822321,32;3822321,32
83;20150101;2015;52;Nhập khẩu (hàng nước ngoài);Thế giới;Màn hình, máy chiếu, thiết bị thu truyền hình;chiếc/đơn vị;54;54;0;0;27458,775;27458,775
86;20150101;2015;52;Nhập khẩu (hàng nước ngoài);Nhật Bản;Mạch tích hợp điện tử;chiếc/đơn vị;228;228;0;0;94295,499;94295,499
95;20150101;2015;52;Nhập khẩu;Hàn Quốc;Máy in, máy photocopy, máy fax và phụ tùng;kg;328;0;328;2240;0;2240
96;20150101;2015;52;Nhập khẩu;Malaysia;Máy in, máy photocopy, máy fax và phụ tùng;kg;39;0;39;8061;0;8061
97;20150101;2015;52;Nhập khẩu;Singapore;Máy in, máy photocopy, máy fax và phụ tùng;kg;31;0;31;6873;0;6873
99;20150101;2015;52;Nhập khẩu;Thái Lan;Máy in, máy photocopy, máy fax và phụ tùng;kg;5;5;5;283;0;283
101;20150101;2015;52;Nhập khẩu;Áo;Máy in, máy photocopy, máy fax và phụ tùng;kg;878;878;878;14828,641;0;14828,641
102;20150101;2015;52;Nhập khẩu;Séc;Máy in, máy photocopy, máy fax và phụ tùng;chiếc/đơn vị;173;173;293,036;12943,579;0;12943,579
115;20150101;2015;52;Nhập khẩu;Trung Quốc;Máy xử lý dữ liệu tự động (máy tính) và bộ phận;chiếc/đơn vị;2404,191;0;6366,056;971290;0;971290
122;20150101;2015;52;Nhập khẩu;Châu Á khác (chưa xác định);Máy xử lý dữ liệu tự động (máy tính) và bộ phận;chiếc/đơn vị;212,782;0;427,742;84279;0;84279
127;20150101;2015;52;Nhập khẩu;Trung Quốc;Máy xử lý dữ liệu tự động (máy tính) và bộ phận;chiếc/đơn vị;450513,997;0;872224,545;56453314;0;56453314
129;20150101;2015;52;Nhập khẩu;Hoa Kỳ;Máy xử lý dữ liệu tự động (máy tính) và bộ phận;chiếc/đơn vị;63,924;0;376,046;82292;0;82292
130;20150101;2015;52;Nhập khẩu;Thế giới;Máy xử lý dữ liệu tự động (máy tính) và bộ phận;chiếc/đơn vị;7282;7282;6854;1484052,413;0;1484052,413
131;20150101;2015;52;Nhập khẩu;Áo;Máy xử lý dữ liệu tự động (máy tính) và bộ phận;chiếc/đơn vị;465;465;345;74304,086;0;74304,086
132;20150101;2015;52;Nhập khẩu;Séc;Máy xử lý dữ liệu tự động (máy tính) và bộ phận;chiếc/đơn vị;30;30;81;1716,417;0;1716,417
133;20150101;2015;52;Nhập khẩu;Đức;Máy xử lý dữ liệu tự động (máy tính) và bộ phận;chiếc/đơn vị;1546;1546;1080;223454,809;0;223454,809
134;20150101;2015;52;Nhập khẩu;Hy Lạp;Máy xử lý dữ liệu tự động (máy tính) và bộ phận;chiếc/đơn vị;2287;2287;3324;608159,58;0;608159,58
135;20150101;2015;52;Nhập khẩu;Ý;Máy xử lý dữ liệu tự động (máy tính) và bộ phận;chiếc/đơn vị;1153;1153;904;238688,422;0;238688,422
136;20150101;2015;52;Nhập khẩu;Malta;Máy xử lý dữ liệu tự động (máy tính) và bộ phận;chiếc/đơn vị;120;120;76;23699,198;0;23699,198
137;20150101;2015;52;Nhập khẩu;Ba Lan;Máy xử lý dữ liệu tự động (máy tính) và bộ phận;chiếc/đơn vị;180;180;84;20570,371;0;20570,371
138;20150101;2015;52;Nhập khẩu;Trung Quốc;Máy xử lý dữ liệu tự động (máy tính) và bộ phận;chiếc/đơn vị;801;801;421;164189,062;0;164189,062
139;20150101;2015;52;Nhập khẩu;Slovenia;Máy xử lý dữ liệu tự động (máy tính) và bộ phận;chiếc/đơn vị;700;700;539;129270,469;0;129270,469
221;20150101;2015;52;Nhập khẩu;Hồng Kông (Trung Quốc);Điện thoại (kể cả di động) và thiết bị truyền dữ liệu;kg;74;74;74;6971;0;6971
222;20150101;2015;52;Nhập khẩu;Hungary;Điện thoại (kể cả di động) và thiết bị truyền dữ liệu;kg;3;3;3;949;0;949
223;20150101;2015;52;Nhập khẩu;Ireland;Điện thoại (kể cả di động) và thiết bị truyền dữ liệu;kg;17;17;17;21654;0;21654
224;20150101;2015;52;Nhập khẩu;Ý;Điện thoại (kể cả di động) và thiết bị truyền dữ liệu;kg;1;1;1;608;0;608
225;20150101;2015;52;Nhập khẩu;Nhật Bản;Điện thoại (kể cả di động) và thiết bị truyền dữ liệu;kg;4,359;0;4,359;95992;0;95992
229;20150101;2015;52;Nhập khẩu;Slovakia;Điện thoại (kể cả di động) và thiết bị truyền dữ liệu;kg;2;2;2;310;0;310
233;20150101;2015;52;Nhập khẩu;Áo;Điện thoại (kể cả di động) và thiết bị truyền dữ liệu;chiếc/đơn vị;540;540;159;97137,863;0;97137,863
236;20150101;2015;52;Nhập khẩu;Đức;Điện thoại (kể cả di động) và thiết bị truyền dữ liệu;chiếc/đơn vị;81561;81561;16534;2453387,321;0;2453387,321
240;20150101;2015;52;Nhập khẩu;Ba Lan;Điện thoại (kể cả di động) và thiết bị truyền dữ liệu;chiếc/đơn vị;390;390;115;55974,931;0;55974,931
241;20150101;2015;52;Nhập khẩu;Trung Quốc;Điện thoại (kể cả di động) và thiết bị truyền dữ liệu;chiếc/đơn vị;25884;25884;9179;6275743,929;0;6275743,929
242;20150101;2015;52;Nhập khẩu;Slovenia;Điện thoại (kể cả di động) và thiết bị truyền dữ liệu;chiếc/đơn vị;908;908;285;161188,939;0;161188,939
243;20150101;2015;52;Nhập khẩu;Thế giới;Điện thoại (kể cả di động) và thiết bị truyền dữ liệu;chiếc/đơn vị;11787,733;0;13136,9;2061524,957;1979808,479;2061524,957
244;20150101;2015;52;Nhập khẩu;Trung Quốc;Điện thoại (kể cả di động) và thiết bị truyền dữ liệu;chiếc/đơn vị;1460,004;0;1873;255336,14;244248,2;255336,14
245;20150101;2015;52;Nhập khẩu;Trung Quốc;Điện thoại (kể cả di động) và thiết bị truyền dữ liệu;chiếc/đơn vị;10327,729;0;11263,9;1806188,817;1735560,279;1806188,817
257;20150101;2015;52;Nhập khẩu;Trung Quốc;Màn hình, máy chiếu, thiết bị thu truyền hình;chiếc/đơn vị;1671,598;0;1759,71;89102;0;89102
258;20150101;2015;52;Nhập khẩu;Trung Quốc;Màn hình, máy chiếu, thiết bị thu truyền hình;chiếc/đơn vị;2834,851;0;13436,467;880246;0;880246
260;20150101;2015;52;Nhập khẩu;Thế giới;Màn hình, máy chiếu, thiết bị thu truyền hình;chiếc/đơn vị;994;994;11842;143088,497;0;143088,497
262;20150101;2015;52;Nhập khẩu;Thế giới;Màn hình, máy chiếu, thiết bị thu truyền hình;chiếc/đơn vị;13;13;325;2231,231;0;2231,231
270;20150101;2015;52;Nhập khẩu;Trung Quốc;Mạch tích hợp điện tử;chiếc/đơn vị;14274343,55;0;1779,523;17055958;0;17055958
279;20150101;2015;52;Nhập khẩu;Châu Á khác (chưa xác định);Mạch tích hợp điện tử;chiếc/đơn vị;21527,558;0;6;33256;0;33256
280;20150101;2015;52;Nhập khẩu;Philippines;Mạch tích hợp điện tử;chiếc/đơn vị;901276,984;0;214,106;593643;0;593643
282;20150101;2015;52;Nhập khẩu;Trung Quốc;Mạch tích hợp điện tử;chiếc/đơn vị;657322082,6;0;398969,021;1716563322;0;1716563322
284;20150101;2015;52;Nhập khẩu;Hoa Kỳ;Mạch tích hợp điện tử;chiếc/đơn vị;314926,322;0;66,048;458573;0;458573
291;20150101;2015;52;Xuất khẩu;Hàn Quốc;Máy in, máy photocopy, máy fax và phụ tùng;kg;20;20;20;0;4329;4329
293;20150101;2015;52;Xuất khẩu;Thái Lan;Máy in, máy photocopy, máy fax và phụ tùng;kg;669;669;669;0;8273;8273
294;20150101;2015;52;Xuất khẩu;Hoa Kỳ;Máy in, máy photocopy, máy fax và phụ tùng;kg;4;4;4;0;61;61
296;20150101;2015;52;Xuất khẩu;Trung Quốc;Máy xử lý dữ liệu tự động (máy tính) và bộ phận;chiếc/đơn vị;1675622,051;0;2821188,361;0;475274869;475274869
317;20150101;2015;52;Xuất khẩu;Hàn Quốc;Điện thoại (kể cả di động) và thiết bị truyền dữ liệu;kg;471;471;471;0;280388;280388
319;20150101;2015;52;Xuất khẩu;Ấn Độ;Điện thoại (kể cả di động) và thiết bị truyền dữ liệu;chiếc/đơn vị;1160,997;0;338,558;0;231040;231040
322;20150101;2015;52;Xuất khẩu;Hoa Kỳ;Điện thoại (kể cả di động) và thiết bị truyền dữ liệu;kg;160;160;160;0;1877;1877
326;20150101;2015;52;Xuất khẩu;Trung Quốc;Màn hình, máy chiếu, thiết bị thu truyền hình;chiếc/đơn vị;2347266,829;0;4371778,7;0;212884247;212884247
336;20150101;2015;52;Nhập khẩu;Nhật Bản;Máy in, máy photocopy, máy fax và phụ tùng;kg;5475;5475;5475;343441,374;0;343441,374
341;20150101;2015;52;Nhập khẩu;Hoa Kỳ;Máy in, máy photocopy, máy fax và phụ tùng;kg;21;21;21;363,826;0;363,826
342;20150101;2015;52;Nhập khẩu;Thế giới;Máy xử lý dữ liệu tự động (máy tính) và bộ phận;chiếc/đơn vị;2462403,238;0;1143437,874;354888692,5;0;354888692,5
343;20150101;2015;52;Nhập khẩu;Trung Quốc;Máy xử lý dữ liệu tự động (máy tính) và bộ phận;chiếc/đơn vị;4970;4970;4340;408521,786;0;408521,786
344;20150101;2015;52;Nhập khẩu;Nhật Bản;Máy xử lý dữ liệu tự động (máy tính) và bộ phận;chiếc/đơn vị;332;332;1099;80967,832;0;80967,832
345;20150101;2015;52;Nhập khẩu;Hàn Quốc;Máy xử lý dữ liệu tự động (máy tính) và bộ phận;chiếc/đơn vị;720;720;409;104642,008;0;104642,008
347;20150101;2015;52;Nhập khẩu;Trung Quốc;Máy xử lý dữ liệu tự động (máy tính) và bộ phận;chiếc/đơn vị;2454271,101;0;1136117,874;354104870,2;0;354104870,2
349;20150101;2015;52;Nhập khẩu;Hoa Kỳ;Máy xử lý dữ liệu tự động (máy tính) và bộ phận;chiếc/đơn vị;1389,137;0;919;85789,63;0;85789,63
381;20150101;2015;52;Nhập khẩu;Brazil;Điện thoại (kể cả di động) và thiết bị truyền dữ liệu;kg;10;10;10;1217,928;0;1217,928
383;20150101;2015;52;Nhập khẩu;Pháp;Điện thoại (kể cả di động) và thiết bị truyền dữ liệu;chiếc/đơn vị;7,453;0;27;2993,797;0;2993,797
384;20150101;2015;52;Nhập khẩu;Hồng Kông (Trung Quốc);Điện thoại (kể cả di động) và thiết bị truyền dữ liệu;kg;140;140;140;3965,477;0;3965,477
386;20150101;2015;52;Nhập khẩu;Hàn Quốc;Điện thoại (kể cả di động) và thiết bị truyền dữ liệu;chiếc/đơn vị;17763;17763;6318;6128862,801;0;6128862,801
388;20150101;2015;52;Nhập khẩu;Mexico;Điện thoại (kể cả di động) và thiết bị truyền dữ liệu;kg;6;6;6;1517,419;0;1517,419
389;20150101;2015;52;Nhập khẩu;Qatar;Điện thoại (kể cả di động) và thiết bị truyền dữ liệu;chiếc/đơn vị;558;558;143;46125,986;0;46125,986
390;20150101;2015;52;Nhập khẩu;Ấn Độ;Điện thoại (kể cả di động) và thiết bị truyền dữ liệu;chiếc/đơn vị;3890;3890;1195;756747,244;0;756747,244
392;20150101;2015;52;Nhập khẩu;Thái Lan;Điện thoại (kể cả di động) và thiết bị truyền dữ liệu;chiếc/đơn vị;233,329;0;3;21097,447;0;21097,447
396;20150101;2015;52;Nhập khẩu;Venezuela;Điện thoại (kể cả di động) và thiết bị truyền dữ liệu;chiếc/đơn vị;615;615;252;9030,196;0;9030,196
397;20150101;2015;52;Nhập khẩu;Thế giới;Thiết bị phát sóng vô tuyến/truyền hình, camera;chiếc/đơn vị;1099;1099;1116;287194,825;0;287194,825
401;20150101;2015;52;Nhập khẩu;Trung Quốc;Thiết bị phát sóng vô tuyến/truyền hình, camera;chiếc/đơn vị;1091;1091;1111;285623,054;0;285623,054
403;20150101;2015;52;Nhập khẩu;Thế giới;Màn hình, máy chiếu, thiết bị thu truyền hình;chiếc/đơn vị;403028,267;0;419409;25285859,65;0;25285859,65
405;20150101;2015;52;Nhập khẩu;Indonesia;Màn hình, máy chiếu, thiết bị thu truyền hình;chiếc/đơn vị;2026;2026;2250;71554,954;0;71554,954
406;20150101;2015;52;Nhập khẩu;Trung Quốc;Màn hình, máy chiếu, thiết bị thu truyền hình;chiếc/đơn vị;401001,267;0;417153;25214193,78;0;25214193,78
417;20150101;2015;52;Nhập khẩu;Thế giới;Máy xử lý dữ liệu tự động (máy tính) và bộ phận;chiếc/đơn vị;58;58;1037;3412,927;0;3412,927
418;20150101;2015;52;Nhập khẩu;Trung Quốc;Máy xử lý dữ liệu tự động (máy tính) và bộ phận;chiếc/đơn vị;57;57;37;2618,682;0;2618,682
420;20150101;2015;52;Nhập khẩu;Thế giới;Máy xử lý dữ liệu tự động (máy tính) và bộ phận;chiếc/đơn vị;55209;55209;38125;11605335,89;0;11605335,89
430;20150101;2015;52;Nhập khẩu;Trung Quốc;Điện thoại (kể cả di động) và thiết bị truyền dữ liệu;chiếc/đơn vị;1571;1571;314;79078,879;0;79078,879
433;20150101;2015;52;Nhập khẩu;Thế giới;Điện thoại (kể cả di động) và thiết bị truyền dữ liệu;chiếc/đơn vị;387840,224;0;170476;87450690,6;0;87450690,6
434;20150101;2015;52;Nhập khẩu;Trung Quốc;Điện thoại (kể cả di động) và thiết bị truyền dữ liệu;chiếc/đơn vị;40;40;32;10520,234;0;10520,234
435;20150101;2015;52;Nhập khẩu;Trung Quốc;Điện thoại (kể cả di động) và thiết bị truyền dữ liệu;chiếc/đơn vị;387800,224;0;170444;87440170,37;0;87440170,37
440;20150101;2015;52;Nhập khẩu;Thế giới;Máy in, máy photocopy, máy fax và phụ tùng;Cái;0;11854;91972,25;1700975,93;1655389,93;1700975,93
445;20150101;2015;52;Nhập khẩu;Pháp;Máy in, máy photocopy, máy fax và phụ tùng;kg;43;43;43;249,48;0;249,48
453;20150101;2015;52;Nhập khẩu;Thế giới;Máy xử lý dữ liệu tự động (máy tính) và bộ phận;chiếc/đơn vị;126;126;10;1490,531;0;1490,531
455;20150101;2015;52;Nhập khẩu;Thế giới;Máy xử lý dữ liệu tự động (máy tính) và bộ phận;chiếc/đơn vị;17075;17075;7807,37;2216704,17;2143226,01;2216704,17
456;20150101;2015;52;Nhập khẩu;Trung Quốc;Máy xử lý dữ liệu tự động (máy tính) và bộ phận;chiếc/đơn vị;14;14;21,57;7629,74;6802;7629,74
457;20150101;2015;52;Nhập khẩu;Malaysia;Máy xử lý dữ liệu tự động (máy tính) và bộ phận;chiếc/đơn vị;27;27;13,38;1138,19;943,14;1138,19
460;20150101;2015;52;Nhập khẩu;Trung Quốc;Máy xử lý dữ liệu tự động (máy tính) và bộ phận;chiếc/đơn vị;16852;16852;7680,16;2198448,16;2127483,02;2198448,16
463;20150101;2015;52;Nhập khẩu;Bỉ;Máy xử lý dữ liệu tự động (máy tính) và bộ phận;chiếc/đơn vị;73,206;0;33,057;10234,205;0;10234,205
506;20150101;2015;52;Nhập khẩu;Trung Quốc;Điện thoại (kể cả di động) và thiết bị truyền dữ liệu;chiếc/đơn vị;100;100;32;7883,007;0;7883,007
510;20150101;2015;52;Nhập khẩu;Thế giới;Điện thoại (kể cả di động) và thiết bị truyền dữ liệu;Cái;0;384981;96650,93;31464355,89;30829248,83;31464355,89
511;20150101;2015;52;Nhập khẩu;Trung Quốc;Điện thoại (kể cả di động) và thiết bị truyền dữ liệu;Cái;0;12054;2935,39;586283,88;564762,16;586283,88
513;20150101;2015;52;Nhập khẩu;Đức;Điện thoại (kể cả di động) và thiết bị truyền dữ liệu;kg;5,6;1;5,6;30650,1;29847;30650,1
514;20150101;2015;52;Nhập khẩu;Hàn Quốc;Điện thoại (kể cả di động) và thiết bị truyền dữ liệu;chiếc/đơn vị;8;8;3,58;11205,59;10150;11205,59
515;20150101;2015;52;Nhập khẩu;Châu Á khác (chưa xác định);Điện thoại (kể cả di động) và thiết bị truyền dữ liệu;chiếc/đơn vị;61;61;159,37;13749,38;11285;13749,38
516;20150101;2015;52;Nhập khẩu;Trung Quốc;Điện thoại (kể cả di động) và thiết bị truyền dữ liệu;Cái;0;372855;93546,16;30819872,54;30210854,67;30819872,54
520;20150101;2015;52;Nhập khẩu;Ý;Điện thoại (kể cả di động) và thiết bị truyền dữ liệu;chiếc/đơn vị;58,823;0;13;10287,427;0;10287,427
525;20150101;2015;52;Nhập khẩu;Thế giới;Điện thoại (kể cả di động) và thiết bị truyền dữ liệu;chiếc/đơn vị;65,07;0;120;11379,915;0;11379,915
527;20150101;2015;52;Nhập khẩu;Thế giới;Thiết bị phát sóng vô tuyến/truyền hình, camera;chiếc/đơn vị;125;125;1613;246435,36;0;246435,36
533;20150101;2015;52;Nhập khẩu;Thế giới;Màn hình, máy chiếu, thiết bị thu truyền hình;chiếc/đơn vị;0,283;0;6;151,905;0;151,905
545;20150101;2015;52;Xuất khẩu;Thế giới;Máy xử lý dữ liệu tự động (máy tính) và bộ phận;chiếc/đơn vị;55;55;248;0;107817,817;107817,817
547;20150101;2015;52;Xuất khẩu;Thế giới;Máy xử lý dữ liệu tự động (máy tính) và bộ phận;chiếc/đơn vị;232,461;0;188;0;80847,263;80847,263
548;20150101;2015;52;Xuất khẩu;Đức;Máy xử lý dữ liệu tự động (máy tính) và bộ phận;chiếc/đơn vị;5,169;0;10;0;1797,814;1797,814
549;20150101;2015;52;Xuất khẩu;Tây Ban Nha;Máy xử lý dữ liệu tự động (máy tính) và bộ phận;chiếc/đơn vị;227,292;0;178;0;79049,45;79049,45
559;20150101;2015;52;Xuất khẩu;Tây Ban Nha;Điện thoại (kể cả di động) và thiết bị truyền dữ liệu;chiếc/đơn vị;875,457;0;73;0;174217,113;174217,113
560;20150101;2015;52;Xuất khẩu;Thế giới;Thiết bị phát sóng vô tuyến/truyền hình, camera;chiếc/đơn vị;892;892;5211;0;431399,995;431399,995
562;20150101;2015;52;Xuất khẩu;Thế giới;Màn hình, máy chiếu, thiết bị thu truyền hình;chiếc/đơn vị;24;24;359;0;24562,093;24562,093
564;20150101;2015;52;Xuất khẩu;Thế giới;Mạch tích hợp điện tử;chiếc/đơn vị;19;19;783;0;30669,565;30669,565
569;20150101;2015;52;Nhập khẩu;Thế giới;Máy in, máy photocopy, máy fax và phụ tùng;chiếc/đơn vị;3739;3739;17033;135831,02;135831,02;135831,02
571;20150101;2015;52;Nhập khẩu;Thế giới;Máy xử lý dữ liệu tự động (máy tính) và bộ phận;chiếc/đơn vị;170186;170186;138308;13356890;13356890;13356890
573;20150101;2015;52;Nhập khẩu;Trung Quốc;Máy xử lý dữ liệu tự động (máy tính) và bộ phận;chiếc/đơn vị;170059;170059;138279;13350217,39;13350217,39;13350217,39
590;20150101;2015;52;Nhập khẩu;Thế giới;Thiết bị phát sóng vô tuyến/truyền hình, camera;chiếc/đơn vị;32828;32828;942,336;375800,929;375800,929;375800,929
592;20150101;2015;52;Nhập khẩu;Thế giới;Màn hình, máy chiếu, thiết bị thu truyền hình;chiếc/đơn vị;116508;116508;117244,033;4915526,481;4915526,481;4915526,481
602;20150101;2015;52;Nhập khẩu (hàng nước ngoài);Thế giới;Máy xử lý dữ liệu tự động (máy tính) và bộ phận;chiếc/đơn vị;838438;838438;406711,6;118870323,5;0;118870323,5
610;20150101;2015;52;Nhập khẩu (hàng nước ngoài);Trung Quốc;Điện thoại (kể cả di động) và thiết bị truyền dữ liệu;chiếc/đơn vị;3365;3365;546;552765,733;0;552765,733
613;20150101;2015;52;Nhập khẩu (hàng nước ngoài);Thế giới;Thiết bị phát sóng vô tuyến/truyền hình, camera;chiếc/đơn vị;300;300;3;3332,687;0;3332,687
642;20150101;2015;52;Nhập khẩu;Thế giới;Máy xử lý dữ liệu tự động (máy tính) và bộ phận;chiếc/đơn vị;403627;403627;222701,333;72810250,09;0;72810250,09
643;20150101;2015;52;Nhập khẩu;Trung Quốc;Máy xử lý dữ liệu tự động (máy tính) và bộ phận;chiếc/đơn vị;1123;1123;547,194;148806,743;0;148806,743
644;20150101;2015;52;Nhập khẩu;Hàn Quốc;Máy xử lý dữ liệu tự động (máy tính) và bộ phận;chiếc/đơn vị;87;87;143,448;39009,895;0;39009,895
645;20150101;2015;52;Nhập khẩu;Trung Quốc;Máy xử lý dữ liệu tự động (máy tính) và bộ phận;chiếc/đơn vị;402417;402417;222010,692;72622433,45;0;72622433,45
652;20150101;2015;52;Nhập khẩu;Trung Quốc;Điện thoại (kể cả di động) và thiết bị truyền dữ liệu;chiếc/đơn vị;48899,444;0;4036,313;4291444,184;0;4291444,184
653;20150101;2015;52;Nhập khẩu;Hàn Quốc;Điện thoại (kể cả di động) và thiết bị truyền dữ liệu;chiếc/đơn vị;31287,263;0;10226,8;9238112,322;0;9238112,322
656;20150101;2015;52;Nhập khẩu;Trung Quốc;Thiết bị phát sóng vô tuyến/truyền hình, camera;chiếc/đơn vị;122;122;92,177;24188,506;0;24188,506
658;20150101;2015;52;Nhập khẩu;Thế giới;Màn hình, máy chiếu, thiết bị thu truyền hình;chiếc/đơn vị;41;41;3062,673;47072,731;0;47072,731
663;20150101;2015;52;Nhập khẩu;Trung Quốc;Máy in, máy photocopy, máy fax và phụ tùng;kg;250;250;250;3301;3220;3301
665;20150101;2015;52;Nhập khẩu;Thế giới;Máy xử lý dữ liệu tự động (máy tính) và bộ phận;chiếc/đơn vị;1039222;1039222;516190;110023439;103991296;110023439
683;20150101;2015;52;Nhập khẩu;Malaysia;Điện thoại (kể cả di động) và thiết bị truyền dữ liệu;chiếc/đơn vị;3201;3201;1182;52620;51337;52620
685;20150101;2015;52;Nhập khẩu;Thế giới;Điện thoại (kể cả di động) và thiết bị truyền dữ liệu;chiếc/đơn vị;77408,504;0;25586,763;13537765,78;0;13537765,78
686;20150101;2015;52;Nhập khẩu;Trung Quốc;Điện thoại (kể cả di động) và thiết bị truyền dữ liệu;chiếc/đơn vị;676,423;0;223,586;118297,804;0;118297,804
687;20150101;2015;52;Nhập khẩu;Trung Quốc;Điện thoại (kể cả di động) và thiết bị truyền dữ liệu;chiếc/đơn vị;76732,081;0;25363,177;13419467,98;0;13419467,98
688;20150101;2015;52;Nhập khẩu;Thế giới;Thiết bị phát sóng vô tuyến/truyền hình, camera;chiếc/đơn vị;5177;5177;155;48818;44688;48818
690;20150101;2015;52;Nhập khẩu;Thế giới;Màn hình, máy chiếu, thiết bị thu truyền hình;chiếc/đơn vị;70;70;32;2887;2587;2887
694;20150101;2015;52;Nhập khẩu;Trung Quốc;Mạch tích hợp điện tử;chiếc/đơn vị;14748,036;0;48;15653;13807;15653
697;20150101;2015;52;Xuất khẩu;Thế giới;Máy xử lý dữ liệu tự động (máy tính) và bộ phận;chiếc/đơn vị;3245;3245;957;0;181774;181774
706;20160101;2016;52;Nhập khẩu;Hàn Quốc;Máy in, máy photocopy, máy fax và phụ tùng;kg;27,97;27,97;27,97;834,22;824,37;834,22
712;20160101;2016;52;Nhập khẩu;Hy Lạp;Máy in, máy photocopy, máy fax và phụ tùng;chiếc/đơn vị;23;23;164;1883,826;0;1883,826
716;20160101;2016;52;Nhập khẩu;Thế giới;Máy xử lý dữ liệu tự động (máy tính) và bộ phận;chiếc/đơn vị;39555;39555;16516,75;3736739,8;3576678,85;3736739,8
717;20160101;2016;52;Nhập khẩu;Malaysia;Máy xử lý dữ liệu tự động (máy tính) và bộ phận;chiếc/đơn vị;2576;2576;505,43;121830,95;113676,97;121830,95
718;20160101;2016;52;Nhập khẩu;Trung Quốc;Máy xử lý dữ liệu tự động (máy tính) và bộ phận;chiếc/đơn vị;35078;35078;15185,75;3505497,41;3362143,07;3505497,41
719;20160101;2016;52;Nhập khẩu;Thái Lan;Máy xử lý dữ liệu tự động (máy tính) và bộ phận;chiếc/đơn vị;1901;1901;825,57;109411,44;100858,81;109411,44
720;20160101;2016;52;Nhập khẩu;Thế giới;Máy xử lý dữ liệu tự động (máy tính) và bộ phận;chiếc/đơn vị;11960;11960;8510,786;2168869,895;0;2168869,895
721;20160101;2016;52;Nhập khẩu;Bỉ;Máy xử lý dữ liệu tự động (máy tính) và bộ phận;chiếc/đơn vị;294;294;153;48808,688;0;48808,688
722;20160101;2016;52;Nhập khẩu;Đức;Máy xử lý dữ liệu tự động (máy tính) và bộ phận;chiếc/đơn vị;414;414;1032,786;138115,964;0;138115,964
723;20160101;2016;52;Nhập khẩu;Hungary;Máy xử lý dữ liệu tự động (máy tính) và bộ phận;chiếc/đơn vị;1470;1470;2309;84682,824;0;84682,824
725;20160101;2016;52;Nhập khẩu;Hà Lan;Máy xử lý dữ liệu tự động (máy tính) và bộ phận;chiếc/đơn vị;442;442;720;25849,874;0;25849,874
728;20160101;2016;52;Nhập khẩu;Slovakia;Máy xử lý dữ liệu tự động (máy tính) và bộ phận;chiếc/đơn vị;9191;9191;4140;1859088,782;0;1859088,782
729;20160101;2016;52;Nhập khẩu;Trung Quốc;Máy xử lý dữ liệu tự động (máy tính) và bộ phận;chiếc/đơn vị;123;123;127;5455,235;0;5455,235
786;20160101;2016;52;Nhập khẩu;Israel;Điện thoại (kể cả di động) và thiết bị truyền dữ liệu;chiếc/đơn vị;60;60;20;4530,58;4347,4;4530,58
787;20160101;2016;52;Nhập khẩu;Hàn Quốc;Điện thoại (kể cả di động) và thiết bị truyền dữ liệu;chiếc/đơn vị;262790;262790;18373,12;616336,07;592843,9;616336,07
788;20160101;2016;52;Nhập khẩu;Châu Á khác (chưa xác định);Điện thoại (kể cả di động) và thiết bị truyền dữ liệu;chiếc/đơn vị;15967;15967;1105,95;39933,41;39558,68;39933,41
792;20160101;2016;52;Nhập khẩu;Úc;Điện thoại (kể cả di động) và thiết bị truyền dữ liệu;chiếc/đơn vị;51,168;0;160;5135,137;0;5135,137
794;20160101;2016;52;Nhập khẩu;Séc;Điện thoại (kể cả di động) và thiết bị truyền dữ liệu;chiếc/đơn vị;395;395;176;6338,049;0;6338,049
796;20160101;2016;52;Nhập khẩu;Hungary;Điện thoại (kể cả di động) và thiết bị truyền dữ liệu;chiếc/đơn vị;1268;1268;547;30025,283;0;30025,283
802;20160101;2016;52;Nhập khẩu;Thế giới;Thiết bị phát sóng vô tuyến/truyền hình, camera;chiếc/đơn vị;2725;2725;784,96;492438,98;413935,09;492438,98
804;20160101;2016;52;Nhập khẩu;Thế giới;Thiết bị phát sóng vô tuyến/truyền hình, camera;chiếc/đơn vị;268;268;94,419;91177,529;0;91177,529
806;20160101;2016;52;Nhập khẩu;Đức;Thiết bị phát sóng vô tuyến/truyền hình, camera;chiếc/đơn vị;117;117;51,419;61897,067;0;61897,067
807;20160101;2016;52;Nhập khẩu;Slovakia;Thiết bị phát sóng vô tuyến/truyền hình, camera;chiếc/đơn vị;150;150;42;28844,428;0;28844,428
808;20160101;2016;52;Nhập khẩu;Thế giới;Màn hình, máy chiếu, thiết bị thu truyền hình;chiếc/đơn vị;448420;448420;137158,18;5772610,41;5609968,57;5772610,41
809;20160101;2016;52;Nhập khẩu;Trung Quốc;Màn hình, máy chiếu, thiết bị thu truyền hình;chiếc/đơn vị;388710;388710;72812,18;3537085,85;3451643,57;3537085,85
810;20160101;2016;52;Nhập khẩu;Trung Quốc;Màn hình, máy chiếu, thiết bị thu truyền hình;chiếc/đơn vị;59710;59710;64346;2235524,56;2158325;2235524,56
811;20160101;2016;52;Nhập khẩu;Thế giới;Màn hình, máy chiếu, thiết bị thu truyền hình;chiếc/đơn vị;30382;30382;34177;1319360,973;0;1319360,973
812;20160101;2016;52;Nhập khẩu;Bỉ;Màn hình, máy chiếu, thiết bị thu truyền hình;chiếc/đơn vị;181;181;323;23647,646;0;23647,646
813;20160101;2016;52;Nhập khẩu;Hàn Quốc;Màn hình, máy chiếu, thiết bị thu truyền hình;chiếc/đơn vị;30200;30200;33844;1293916,594;0;1293916,594
817;20160101;2016;52;Nhập khẩu;Hồng Kông (Trung Quốc);Mạch tích hợp điện tử;chiếc/đơn vị;456500;456500;1845,47;47358,32;45445,99;47358,32
818;20160101;2016;52;Nhập khẩu;Nhật Bản;Mạch tích hợp điện tử;chiếc/đơn vị;3075859;3075859;6672,67;208551,65;201931,48;208551,65
820;20160101;2016;52;Nhập khẩu;Malaysia;Mạch tích hợp điện tử;chiếc/đơn vị;162800;162800;871,23;29776,62;28902,39;29776,62
821;20160101;2016;52;Nhập khẩu;Mexico;Mạch tích hợp điện tử;chiếc/đơn vị;6631;6631;38,64;1544,69;1517,74;1544,69
822;20160101;2016;52;Nhập khẩu;Châu Á khác (chưa xác định);Mạch tích hợp điện tử;chiếc/đơn vị;4160242;4160242;87181,75;2786382,8;2714004,16;2786382,8
823;20160101;2016;52;Nhập khẩu;Philippines;Mạch tích hợp điện tử;chiếc/đơn vị;157500;157500;906,92;37169,89;36479,36;37169,89
824;20160101;2016;52;Nhập khẩu;Singapore;Mạch tích hợp điện tử;chiếc/đơn vị;223136;223136;4937,35;208614,78;203757,5;208614,78
825;20160101;2016;52;Nhập khẩu;Trung Quốc;Mạch tích hợp điện tử;chiếc/đơn vị;197220;197220;1103,91;26875,7;26650,79;26875,7
827;20160101;2016;52;Nhập khẩu;Vương quốc Anh;Mạch tích hợp điện tử;chiếc/đơn vị;3000;3000;9,92;269,03;255,9;269,03
828;20160101;2016;52;Nhập khẩu;Hoa Kỳ;Mạch tích hợp điện tử;chiếc/đơn vị;592024;592024;5946,82;194680,2;190190,9;194680,2
840;20160101;2016;52;Nhập khẩu (hàng nước ngoài);Thế giới;Máy xử lý dữ liệu tự động (máy tính) và bộ phận;chiếc/đơn vị;937342;937342;0;0;117809820;117809820
843;20160101;2016;52;Nhập khẩu (hàng nước ngoài);Hàn Quốc;Máy xử lý dữ liệu tự động (máy tính) và bộ phận;chiếc/đơn vị;3111;3111;0;0;360229,381;360229,381
844;20160101;2016;52;Nhập khẩu (hàng nước ngoài);Malaysia;Máy xử lý dữ liệu tự động (máy tính) và bộ phận;chiếc/đơn vị;3017;3017;0;0;217821,695;217821,695
846;20160101;2016;52;Nhập khẩu (hàng nước ngoài);Trung Quốc;Máy xử lý dữ liệu tự động (máy tính) và bộ phận;chiếc/đơn vị;927010;927010;0;0;116844948,2;116844948,2
847;20160101;2016;52;Nhập khẩu (hàng nước ngoài);Thái Lan;Máy xử lý dữ liệu tự động (máy tính) và bộ phận;chiếc/đơn vị;4124;4124;0;0;378791,239;378791,239
864;20160101;2016;52;Nhập khẩu (hàng nước ngoài);Thế giới;Thiết bị phát sóng vô tuyến/truyền hình, camera;chiếc/đơn vị;63004;63004;0;0;3907702,365;3907702,365
865;20160101;2016;52;Nhập khẩu (hàng nước ngoài);Châu Á khác (chưa xác định);Thiết bị phát sóng vô tuyến/truyền hình, camera;chiếc/đơn vị;114;114;0;0;8885,908;8885,908
866;20160101;2016;52;Nhập khẩu (hàng nước ngoài);Trung Quốc;Thiết bị phát sóng vô tuyến/truyền hình, camera;chiếc/đơn vị;62890;62890;0;0;3898816,458;3898816,458
876;20160101;2016;52;Nhập khẩu;Đức;Máy in, máy photocopy, máy fax và phụ tùng;kg;0,74;0;0,74;44;0;44
877;20160101;2016;52;Nhập khẩu;Ý;Máy in, máy photocopy, máy fax và phụ tùng;kg;19,308;0;19,308;1123;0;1123
878;20160101;2016;52;Nhập khẩu;Nhật Bản;Máy in, máy photocopy, máy fax và phụ tùng;kg;2604,851;0;2604,851;151501;0;151501
879;20160101;2016;52;Nhập khẩu;Hàn Quốc;Máy in, máy photocopy, máy fax và phụ tùng;kg;888,91;0;888,91;51700;0;51700
880;20160101;2016;52;Nhập khẩu;Mexico;Máy in, máy photocopy, máy fax và phụ tùng;kg;7,41;0;7,41;431;0;431
883;20160101;2016;52;Nhập khẩu;Hoa Kỳ;Máy in, máy photocopy, máy fax và phụ tùng;kg;70,975;0;70,975;4128;0;4128
884;20160101;2016;52;Nhập khẩu;Thế giới;Máy in, máy photocopy, máy fax và phụ tùng;chiếc/đơn vị;1002;1002;2130;19524,986;0;19524,986
886;20160101;2016;52;Nhập khẩu;Trung Quốc;Máy in, máy photocopy, máy fax và phụ tùng;chiếc/đơn vị;1001;1001;1980;19149,941;0;19149,941
889;20160101;2016;52;Nhập khẩu;Séc;Máy in, máy photocopy, máy fax và phụ tùng;chiếc/đơn vị;37;37;193;8839,727;0;8839,727
891;20160101;2016;52;Nhập khẩu;Hy Lạp;Máy in, máy photocopy, máy fax và phụ tùng;chiếc/đơn vị;929;929;7104;141913,82;0;141913,82
905;20160101;2016;52;Nhập khẩu;Trung Quốc;Máy xử lý dữ liệu tự động (máy tính) và bộ phận;chiếc/đơn vị;6588,575;0;15897,913;2626565;0;2626565
913;20160101;2016;52;Nhập khẩu;Châu Á khác (chưa xác định);Máy xử lý dữ liệu tự động (máy tính) và bộ phận;chiếc/đơn vị;234,41;0;386,632;75070;0;75070
917;20160101;2016;52;Nhập khẩu;Trung Quốc;Máy xử lý dữ liệu tự động (máy tính) và bộ phận;chiếc/đơn vị;375426,608;0;656470,167;50370511;0;50370511
923;20160101;2016;52;Nhập khẩu;Thế giới;Máy xử lý dữ liệu tự động (máy tính) và bộ phận;chiếc/đơn vị;9544;9544;9142;1608979,811;0;1608979,811
925;20160101;2016;52;Nhập khẩu;Bỉ;Máy xử lý dữ liệu tự động (máy tính) và bộ phận;chiếc/đơn vị;52;52;160;4284,822;0;4284,822
927;20160101;2016;52;Nhập khẩu;Đức;Máy xử lý dữ liệu tự động (máy tính) và bộ phận;chiếc/đơn vị;211;211;180;42420,951;0;42420,951
928;20160101;2016;52;Nhập khẩu;Hy Lạp;Máy xử lý dữ liệu tự động (máy tính) và bộ phận;chiếc/đơn vị;2237;2237;4278;427696,25;0;427696,25
929;20160101;2016;52;Nhập khẩu;Ý;Máy xử lý dữ liệu tự động (máy tính) và bộ phận;chiếc/đơn vị;281;281;219;49630,21;0;49630,21
932;20160101;2016;52;Nhập khẩu;Ba Lan;Máy xử lý dữ liệu tự động (máy tính) và bộ phận;chiếc/đơn vị;135;135;60;14867,921;0;14867,921
933;20160101;2016;52;Nhập khẩu;Trung Quốc;Máy xử lý dữ liệu tự động (máy tính) và bộ phận;chiếc/đơn vị;5750;5750;3665;951510,422;0;951510,422
934;20160101;2016;52;Nhập khẩu;Slovenia;Máy xử lý dữ liệu tự động (máy tính) và bộ phận;chiếc/đơn vị;405;405;215;46982,498;0;46982,498
1018;20160101;2016;52;Nhập khẩu;Áo;Điện thoại (kể cả di động) và thiết bị truyền dữ liệu;chiếc/đơn vị;37,647;0;13,008;6982;0;6982
1020;20160101;2016;52;Nhập khẩu;Hồng Kông (Trung Quốc);Điện thoại (kể cả di động) và thiết bị truyền dữ liệu;kg;16,055;0;0;3040;0;3040
1021;20160101;2016;52;Nhập khẩu;Hungary;Điện thoại (kể cả di động) và thiết bị truyền dữ liệu;kg;5,614;0;0;1063;0;1063
1022;20160101;2016;52;Nhập khẩu;Ireland;Điện thoại (kể cả di động) và thiết bị truyền dữ liệu;kg;4,97;0;0;941;0;941
1024;20160101;2016;52;Nhập khẩu;Nhật Bản;Điện thoại (kể cả di động) và thiết bị truyền dữ liệu;kg;49,554;0;0;9383;0;9383
1027;20160101;2016;52;Nhập khẩu;Mexico;Điện thoại (kể cả di động) và thiết bị truyền dữ liệu;kg;79,446;0;0;15043;0;15043
1028;20160101;2016;52;Nhập khẩu;Châu Á khác (chưa xác định);Điện thoại (kể cả di động) và thiết bị truyền dữ liệu;kg;351,12;0;0;66484;0;66484
1030;20160101;2016;52;Nhập khẩu;Slovakia;Điện thoại (kể cả di động) và thiết bị truyền dữ liệu;kg;0,069;0;0;13;0;13
1032;20160101;2016;52;Nhập khẩu;Thái Lan;Điện thoại (kể cả di động) và thiết bị truyền dữ liệu;kg;560,675;0;0;106163;0;106163
1035;20160101;2016;52;Nhập khẩu;Áo;Điện thoại (kể cả di động) và thiết bị truyền dữ liệu;chiếc/đơn vị;845;845;243;156955,525;0;156955,525
1037;20160101;2016;52;Nhập khẩu;Séc;Điện thoại (kể cả di động) và thiết bị truyền dữ liệu;chiếc/đơn vị;1374,277;0;1170;86606,305;0;86606,305
1039;20160101;2016;52;Nhập khẩu;Đức;Điện thoại (kể cả di động) và thiết bị truyền dữ liệu;chiếc/đơn vị;55479,682;0;13577;1855887,808;0;1855887,808
1040;20160101;2016;52;Nhập khẩu;Hy Lạp;Điện thoại (kể cả di động) và thiết bị truyền dữ liệu;chiếc/đơn vị;31668,829;0;8142;5649270,955;0;5649270,955
1041;20160101;2016;52;Nhập khẩu;Ý;Điện thoại (kể cả di động) và thiết bị truyền dữ liệu;chiếc/đơn vị;5619;5619;2155;1449975,409;0;1449975,409
1042;20160101;2016;52;Nhập khẩu;Hà Lan;Điện thoại (kể cả di động) và thiết bị truyền dữ liệu;chiếc/đơn vị;35;35;162;21697,513;0;21697,513
1043;20160101;2016;52;Nhập khẩu;Ba Lan;Điện thoại (kể cả di động) và thiết bị truyền dữ liệu;chiếc/đơn vị;2616;2616;801;489398,344;0;489398,344
1044;20160101;2016;52;Nhập khẩu;Romania;Điện thoại (kể cả di động) và thiết bị truyền dữ liệu;chiếc/đơn vị;2962;2962;976;485506,473;0;485506,473
1045;20160101;2016;52;Nhập khẩu;Slovakia;Điện thoại (kể cả di động) và thiết bị truyền dữ liệu;chiếc/đơn vị;106;106;45;40116,379;0;40116,379
1046;20160101;2016;52;Nhập khẩu;Trung Quốc;Điện thoại (kể cả di động) và thiết bị truyền dữ liệu;chiếc/đơn vị;58420;58420;23487;20455028,38;0;20455028,38
1047;20160101;2016;52;Nhập khẩu;Slovenia;Điện thoại (kể cả di động) và thiết bị truyền dữ liệu;chiếc/đơn vị;3414;3414;1428;1015479,454;0;1015479,454
1048;20160101;2016;52;Nhập khẩu;Tây Ban Nha;Điện thoại (kể cả di động) và thiết bị truyền dữ liệu;chiếc/đơn vị;970;970;291;214816,665;0;214816,665
1049;20160101;2016;52;Nhập khẩu;Thế giới;Điện thoại (kể cả di động) và thiết bị truyền dữ liệu;chiếc/đơn vị;30,186;0;3,2;5598,26;5042,97;5598,26
1067;20160101;2016;52;Nhập khẩu;Trung Quốc;Màn hình, máy chiếu, thiết bị thu truyền hình;chiếc/đơn vị;14,171;0;70,369;2564;0;2564
1071;20160101;2016;52;Nhập khẩu;Trung Quốc;Màn hình, máy chiếu, thiết bị thu truyền hình;chiếc/đơn vị;44442,195;0;268478,565;18109842;0;18109842
1072;20160101;2016;52;Nhập khẩu;Thế giới;Màn hình, máy chiếu, thiết bị thu truyền hình;chiếc/đơn vị;75;75;2050;1340,644;0;1340,644
1077;20160101;2016;52;Nhập khẩu;Trung Quốc;Mạch tích hợp điện tử;chiếc/đơn vị;3414742,244;0;1748,488;3493877;0;3493877
1084;20160101;2016;52;Nhập khẩu;Malaysia;Mạch tích hợp điện tử;chiếc/đơn vị;8676153,102;0;3351,686;25444976;0;25444976
1086;20160101;2016;52;Nhập khẩu;Châu Á khác (chưa xác định);Mạch tích hợp điện tử;chiếc/đơn vị;1351170,379;0;402,316;1846015;0;1846015
1092;20160101;2016;52;Nhập khẩu;Thế giới;Mạch tích hợp điện tử;chiếc/đơn vị;5648,45;0;52;18802,961;0;18802,961
1097;20160101;2016;52;Xuất khẩu;Thái Lan;Máy in, máy photocopy, máy fax và phụ tùng;kg;28,577;0;28,577;0;1817;1817
1101;20160101;2016;52;Xuất khẩu;Trung Quốc;Máy xử lý dữ liệu tự động (máy tính) và bộ phận;chiếc/đơn vị;1362182,332;0;2430947,969;0;407935111;407935111
1131;20160101;2016;52;Xuất khẩu;Hàn Quốc;Điện thoại (kể cả di động) và thiết bị truyền dữ liệu;kg;571,7;0;0;0;91177;91177
1135;20160101;2016;52;Xuất khẩu;Hoa Kỳ;Điện thoại (kể cả di động) và thiết bị truyền dữ liệu;kg;1584,07;0;0;0;252634;252634
1138;20160101;2016;52;Xuất khẩu;Thế giới;Màn hình, máy chiếu, thiết bị thu truyền hình;chiếc/đơn vị;2845258,867;0;5768587,225;0;256790867;256790867
1155;20160101;2016;52;Nhập khẩu;Úc;Máy in, máy photocopy, máy fax và phụ tùng;kg;85;85;85;670,533;0;670,533
1157;20160101;2016;52;Nhập khẩu;Nhật Bản;Máy in, máy photocopy, máy fax và phụ tùng;chiếc/đơn vị;11;11;757;33768,952;0;33768,952
1158;20160101;2016;52;Nhập khẩu;Philippines;Máy in, máy photocopy, máy fax và phụ tùng;chiếc/đơn vị;1890;1890;20454;201115,528;0;201115,528
1161;20160101;2016;52;Nhập khẩu;Thế giới;Máy xử lý dữ liệu tự động (máy tính) và bộ phận;chiếc/đơn vị;1945191,125;0;734606,573;336214349,3;0;336214349,3
1162;20160101;2016;52;Nhập khẩu;Trung Quốc;Máy xử lý dữ liệu tự động (máy tính) và bộ phận;chiếc/đơn vị;953;953;715;25453,684;0;25453,684
1163;20160101;2016;52;Nhập khẩu;Nhật Bản;Máy xử lý dữ liệu tự động (máy tính) và bộ phận;chiếc/đơn vị;32;32;109;5368,687;0;5368,687
1164;20160101;2016;52;Nhập khẩu;Malaysia;Máy xử lý dữ liệu tự động (máy tính) và bộ phận;chiếc/đơn vị;48;48;25;1155,175;0;1155,175
1165;20160101;2016;52;Nhập khẩu;Châu Á khác (chưa xác định);Máy xử lý dữ liệu tự động (máy tính) và bộ phận;chiếc/đơn vị;25;25;5;3871,607;0;3871,607
1166;20160101;2016;52;Nhập khẩu;Trung Quốc;Máy xử lý dữ liệu tự động (máy tính) và bộ phận;chiếc/đơn vị;1943691,125;0;733459,222;336146551,4;0;336146551,4
1167;20160101;2016;52;Nhập khẩu;Thái Lan;Máy xử lý dữ liệu tự động (máy tính) và bộ phận;chiếc/đơn vị;428;428;225,508;10924,371;0;10924,371
1194;20160101;2016;52;Nhập khẩu;Bỉ;Điện thoại (kể cả di động) và thiết bị truyền dữ liệu;chiếc/đơn vị;1584;1584;323;21941,686;0;21941,686
1197;20160101;2016;52;Nhập khẩu;Pháp;Điện thoại (kể cả di động) và thiết bị truyền dữ liệu;chiếc/đơn vị;4,561;0;14;2211,872;0;2211,872
1199;20160101;2016;52;Nhập khẩu;Châu Á khác (chưa xác định);Điện thoại (kể cả di động) và thiết bị truyền dữ liệu;chiếc/đơn vị;115,726;0;255;52958,799;0;52958,799
1201;20160101;2016;52;Nhập khẩu;Hoa Kỳ;Điện thoại (kể cả di động) và thiết bị truyền dữ liệu;chiếc/đơn vị;0,205;0;8;99,584;0;99,584
1203;20160101;2016;52;Nhập khẩu;Thế giới;Thiết bị phát sóng vô tuyến/truyền hình, camera;chiếc/đơn vị;17837;17837;3887;3191262,823;0;3191262,823
1204;20160101;2016;52;Nhập khẩu;Trung Quốc;Thiết bị phát sóng vô tuyến/truyền hình, camera;chiếc/đơn vị;1300;1300;4;27951,031;0;27951,031
1205;20160101;2016;52;Nhập khẩu;Nhật Bản;Thiết bị phát sóng vô tuyến/truyền hình, camera;chiếc/đơn vị;80;80;100;25829,89;0;25829,89
1206;20160101;2016;52;Nhập khẩu;Philippines;Thiết bị phát sóng vô tuyến/truyền hình, camera;chiếc/đơn vị;280;280;480;110079,106;0;110079,106
1207;20160101;2016;52;Nhập khẩu;Trung Quốc;Thiết bị phát sóng vô tuyến/truyền hình, camera;chiếc/đơn vị;16175;16175;3298;3027097,405;0;3027097,405
1209;20160101;2016;52;Nhập khẩu;Thế giới;Màn hình, máy chiếu, thiết bị thu truyền hình;chiếc/đơn vị;367756,27;0;386659;36664718,4;0;36664718,4
1210;20160101;2016;52;Nhập khẩu;Trung Quốc;Màn hình, máy chiếu, thiết bị thu truyền hình;chiếc/đơn vị;2819,27;0;4138;723858,779;0;723858,779
1211;20160101;2016;52;Nhập khẩu;Trung Quốc;Màn hình, máy chiếu, thiết bị thu truyền hình;chiếc/đơn vị;364937;364937;382521;35940859,62;0;35940859,62
1213;20160101;2016;52;Nhập khẩu;Bỉ;Mạch tích hợp điện tử;chiếc/đơn vị;127500;127500;7;95232,23;0;95232,23
1216;20160101;2016;52;Nhập khẩu;Châu Á khác (chưa xác định);Mạch tích hợp điện tử;chiếc/đơn vị;1210,568;0;3,003;1545,766;0;1545,766
1226;20160101;2016;52;Nhập khẩu;Thế giới;Máy xử lý dữ liệu tự động (máy tính) và bộ phận;chiếc/đơn vị;52694;52694;44293;9943401,522;0;9943401,522
1237;20160101;2016;52;Nhập khẩu;Trung Quốc;Điện thoại (kể cả di động) và thiết bị truyền dữ liệu;kg;7;7;7;1194,626;0;1194,626
1244;20160101;2016;52;Nhập khẩu;Thế giới;Màn hình, máy chiếu, thiết bị thu truyền hình;chiếc/đơn vị;6121;6121;7003;231403,395;0;231403,395
1252;20160101;2016;52;Nhập khẩu;Thế giới;Máy in, máy photocopy, máy fax và phụ tùng;Cái;0;11483;59806,48;1216598,4;1191529,29;1216598,4
1266;20160101;2016;52;Nhập khẩu;Thế giới;Máy xử lý dữ liệu tự động (máy tính) và bộ phận;chiếc/đơn vị;1038337;1038337;8493;1320217,76;0;1320217,76
1268;20160101;2016;52;Nhập khẩu;Thế giới;Máy xử lý dữ liệu tự động (máy tính) và bộ phận;chiếc/đơn vị;15827;15827;9131,77;512920,75;504937,89;512920,75
1269;20160101;2016;52;Nhập khẩu;Trung Quốc;Máy xử lý dữ liệu tự động (máy tính) và bộ phận;chiếc/đơn vị;15444;15444;8791,73;218969,27;216642,13;218969,27
1272;20160101;2016;52;Nhập khẩu;Trung Quốc;Máy xử lý dữ liệu tự động (máy tính) và bộ phận;chiếc/đơn vị;331;331;333,48;292614,12;287052,94;292614,12
1273;20160101;2016;52;Nhập khẩu;Thế giới;Máy xử lý dữ liệu tự động (máy tính) và bộ phận;chiếc/đơn vị;5917;5917;5446,529;870352,688;0;870352,688
1275;20160101;2016;52;Nhập khẩu;Bỉ;Máy xử lý dữ liệu tự động (máy tính) và bộ phận;chiếc/đơn vị;26;26;30,7;9192,421;0;9192,421
1278;20160101;2016;52;Nhập khẩu;Đức;Máy xử lý dữ liệu tự động (máy tính) và bộ phận;chiếc/đơn vị;455;455;1557,439;309314,076;0;309314,076
1279;20160101;2016;52;Nhập khẩu;Hà Lan;Máy xử lý dữ liệu tự động (máy tính) và bộ phận;chiếc/đơn vị;4950;4950;3208;351532,391;0;351532,391
1281;20160101;2016;52;Nhập khẩu;Tây Ban Nha;Máy xử lý dữ liệu tự động (máy tính) và bộ phận;chiếc/đơn vị;406;406;590,651;190308,232;0;190308,232
1329;20160101;2016;52;Nhập khẩu;Nam Phi;Điện thoại (kể cả di động) và thiết bị truyền dữ liệu;chiếc/đơn vị;11346;11346;7,11;991,14;0;991,14
1332;20160101;2016;52;Nhập khẩu;Thế giới;Điện thoại (kể cả di động) và thiết bị truyền dữ liệu;Cái;0;7691;7218,64;1819746,28;1753667,32;1819746,28
1333;20160101;2016;52;Nhập khẩu;Trung Quốc;Điện thoại (kể cả di động) và thiết bị truyền dữ liệu;Cái;0;1852;3512,52;828725,04;794232,49;828725,04
1334;20160101;2016;52;Nhập khẩu;Châu Á khác (chưa xác định);Điện thoại (kể cả di động) và thiết bị truyền dữ liệu;chiếc/đơn vị;741;741;992,65;135111,52;123747;135111,52
1335;20160101;2016;52;Nhập khẩu;Trung Quốc;Điện thoại (kể cả di động) và thiết bị truyền dữ liệu;Cái;0;5040;2562,19;803898,99;787035,53;803898,99
1337;20160101;2016;52;Nhập khẩu;Hoa Kỳ;Điện thoại (kể cả di động) và thiết bị truyền dữ liệu;Cái;0;57;147,03;45870,22;42652,3;45870,22
1346;20160101;2016;52;Nhập khẩu;Thế giới;Điện thoại (kể cả di động) và thiết bị truyền dữ liệu;chiếc/đơn vị;133,545;0;163,58;24767,294;0;24767,294
1352;20160101;2016;52;Nhập khẩu;Thế giới;Thiết bị phát sóng vô tuyến/truyền hình, camera;chiếc/đơn vị;761;761;1152,052;362441,823;0;362441,823
1353;20160101;2016;52;Nhập khẩu;Đức;Thiết bị phát sóng vô tuyến/truyền hình, camera;chiếc/đơn vị;564;564;929;296001,715;0;296001,715
1355;20160101;2016;52;Nhập khẩu;Tây Ban Nha;Thiết bị phát sóng vô tuyến/truyền hình, camera;chiếc/đơn vị;137;137;198;65277,364;0;65277,364
1358;20160101;2016;52;Nhập khẩu;Thế giới;Màn hình, máy chiếu, thiết bị thu truyền hình;chiếc/đơn vị;112;112;165,44;13294,659;0;13294,659
1360;20160101;2016;52;Nhập khẩu;Ý;Màn hình, máy chiếu, thiết bị thu truyền hình;chiếc/đơn vị;42;42;34;6983,098;0;6983,098
1361;20160101;2016;52;Nhập khẩu;Hà Lan;Màn hình, máy chiếu, thiết bị thu truyền hình;chiếc/đơn vị;62;62;124;5979,665;0;5979,665
1367;20160101;2016;52;Nhập khẩu;Tây Ban Nha;Mạch tích hợp điện tử;chiếc/đơn vị;5,233;0;0,017;3,319;0;3,319
1378;20160101;2016;52;Xuất khẩu;Thế giới;Điện thoại (kể cả di động) và thiết bị truyền dữ liệu;kg;0,119;0;0,119;0;26,558;26,558
1384;20160101;2016;52;Nhập khẩu;Thế giới;Máy in, máy photocopy, máy fax và phụ tùng;kg;267;267;267;2791,609;2791,609;2791,609
1386;20160101;2016;52;Nhập khẩu;Thế giới;Máy in, máy photocopy, máy fax và phụ tùng;kg;15,87;15,87;15,87;5953,21;0;5953,21
1388;20160101;2016;52;Nhập khẩu;Thế giới;Máy xử lý dữ liệu tự động (máy tính) và bộ phận;chiếc/đơn vị;7850;7850;2530;767202,218;766543,61;767202,218
1390;20160101;2016;52;Nhập khẩu;Trung Quốc;Máy xử lý dữ liệu tự động (máy tính) và bộ phận;chiếc/đơn vị;7829;7829;2529;767040,61;766382,002;767040,61
1412;20160101;2016;52;Nhập khẩu;Thế giới;Thiết bị phát sóng vô tuyến/truyền hình, camera;chiếc/đơn vị;107628;107628;3221,241;1184018,718;1183636,837;1184018,718
1414;20160101;2016;52;Nhập khẩu;Trung Quốc;Thiết bị phát sóng vô tuyến/truyền hình, camera;chiếc/đơn vị;107626;107626;3221;1183947,876;1183565,995;1183947,876
1415;20160101;2016;52;Nhập khẩu;Thế giới;Màn hình, máy chiếu, thiết bị thu truyền hình;chiếc/đơn vị;58436,415;0;78039,442;3054977,011;3054977,011;3054977,011
1416;20160101;2016;52;Nhập khẩu;Trung Quốc;Màn hình, máy chiếu, thiết bị thu truyền hình;chiếc/đơn vị;2424;2424;6240,022;265657,827;265657,827;265657,827
1417;20160101;2016;52;Nhập khẩu;Malaysia;Màn hình, máy chiếu, thiết bị thu truyền hình;chiếc/đơn vị;430;430;31;22039,546;22039,546;22039,546
1418;20160101;2016;52;Nhập khẩu;Trung Quốc;Màn hình, máy chiếu, thiết bị thu truyền hình;chiếc/đơn vị;55582,415;0;71768,42;2767279,638;2767279,638;2767279,638
1419;20160101;2016;52;Nhập khẩu;Thế giới;Màn hình, máy chiếu, thiết bị thu truyền hình;chiếc/đơn vị;164;164;85;15193,14;0;15193,14
1427;20160101;2016;52;Nhập khẩu;Trung Quốc;Mạch tích hợp điện tử;chiếc/đơn vị;169043,094;0;2563,102;258523,837;258468,492;258523,837
1434;20160101;2016;52;Nhập khẩu (hàng nước ngoài);Thế giới;Máy xử lý dữ liệu tự động (máy tính) và bộ phận;chiếc/đơn vị;697100;697100;222579,6;109897169,7;0;109897169,7
1436;20160101;2016;52;Nhập khẩu (hàng nước ngoài);Trung Quốc;Máy xử lý dữ liệu tự động (máy tính) và bộ phận;chiếc/đơn vị;697095;697095;222578,6;109896037,5;0;109896037,5
1448;20160101;2016;52;Nhập khẩu (hàng nước ngoài);Thế giới;Thiết bị phát sóng vô tuyến/truyền hình, camera;chiếc/đơn vị;5789;5789;1146;1065433,961;0;1065433,961
1450;20160101;2016;52;Nhập khẩu (hàng nước ngoài);Trung Quốc;Thiết bị phát sóng vô tuyến/truyền hình, camera;chiếc/đơn vị;5784;5784;1143;1065280,979;0;1065280,979
1461;20160101;2016;52;Nhập khẩu;Thế giới;Máy xử lý dữ liệu tự động (máy tính) và bộ phận;chiếc/đơn vị;697101;697101;222597,2;109897214,4;0;109897214,4
1463;20160101;2016;52;Nhập khẩu;Trung Quốc;Máy xử lý dữ liệu tự động (máy tính) và bộ phận;chiếc/đơn vị;697096;697096;222596,2;109896082,2;0;109896082,2
1475;20160101;2016;52;Nhập khẩu;Thế giới;Thiết bị phát sóng vô tuyến/truyền hình, camera;chiếc/đơn vị;5790;5790;1149;1065446,121;0;1065446,121
1477;20160101;2016;52;Nhập khẩu;Trung Quốc;Thiết bị phát sóng vô tuyến/truyền hình, camera;chiếc/đơn vị;5785;5785;1146;1065293,139;0;1065293,139
1488;20160101;2016;52;Nhập khẩu;Thế giới;Máy xử lý dữ liệu tự động (máy tính) và bộ phận;chiếc/đơn vị;269413;269413;118100,874;52876527,63;0;52876527,63
1489;20160101;2016;52;Nhập khẩu;Trung Quốc;Máy xử lý dữ liệu tự động (máy tính) và bộ phận;chiếc/đơn vị;1370;1370;1550,854;436126,612;0;436126,612
1490;20160101;2016;52;Nhập khẩu;Trung Quốc;Máy xử lý dữ liệu tự động (máy tính) và bộ phận;chiếc/đơn vị;268043;268043;116550,02;52440401,02;0;52440401,02
1507;20160101;2016;52;Nhập khẩu;Hàn Quốc;Điện thoại (kể cả di động) và thiết bị truyền dữ liệu;chiếc/đơn vị;4379;4379;1000;1521013,455;0;1521013,455
1508;20160101;2016;52;Nhập khẩu;Malaysia;Điện thoại (kể cả di động) và thiết bị truyền dữ liệu;kg;1,43;0;1,43;116,767;0;116,767
1511;20160101;2016;52;Nhập khẩu;Thế giới;Thiết bị phát sóng vô tuyến/truyền hình, camera;chiếc/đơn vị;4696;4696;3000,691;885331,185;0;885331,185
1523;20160101;2016;52;Nhập khẩu;Thế giới;Máy xử lý dữ liệu tự động (máy tính) và bộ phận;chiếc/đơn vị;607495;607495;259907;63205890;59758369;63205890
1526;20160101;2016;52;Nhập khẩu;Trung Quốc;Máy xử lý dữ liệu tự động (máy tính) và bộ phận;chiếc/đơn vị;607454;607454;259878;63205575;59758068;63205575
1550;20160101;2016;52;Nhập khẩu;Trung Quốc;Điện thoại (kể cả di động) và thiết bị truyền dữ liệu;chiếc/đơn vị;28018,547;0;8977;626489;599455;626489
1553;20160101;2016;52;Nhập khẩu;Trung Quốc;Điện thoại (kể cả di động) và thiết bị truyền dữ liệu;kg;27,89;27,89;27,89;14155,42;0;14155,42
1555;20160101;2016;52;Nhập khẩu;Thế giới;Điện thoại (kể cả di động) và thiết bị truyền dữ liệu;chiếc/đơn vị;232987,42;0;80518,582;43213885,85;0;43213885,85
1556;20160101;2016;52;Nhập khẩu;Trung Quốc;Điện thoại (kể cả di động) và thiết bị truyền dữ liệu;chiếc/đơn vị;1510,924;0;522,044;280216,072;0;280216,072
1557;20160101;2016;52;Nhập khẩu;Triều Tiên;Điện thoại (kể cả di động) và thiết bị truyền dữ liệu;chiếc/đơn vị;2584,351;0;892,928;479294,133;0;479294,133
1558;20160101;2016;52;Nhập khẩu;Hàn Quốc;Điện thoại (kể cả di động) và thiết bị truyền dữ liệu;chiếc/đơn vị;4007,59;0;1384,675;743248,107;0;743248,107
1559;20160101;2016;52;Nhập khẩu;Trung Quốc;Điện thoại (kể cả di động) và thiết bị truyền dữ liệu;chiếc/đơn vị;224884,556;0;77718,935;41711127,54;0;41711127,54
1560;20160101;2016;52;Nhập khẩu;Thế giới;Thiết bị phát sóng vô tuyến/truyền hình, camera;chiếc/đơn vị;5085;5085;1011;307418;290524;307418
1562;20160101;2016;52;Nhập khẩu;Thế giới;Thiết bị phát sóng vô tuyến/truyền hình, camera;chiếc/đơn vị;387;387;1,85;2823,73;0;2823,73
1564;20160101;2016;52;Nhập khẩu;Trung Quốc;Thiết bị phát sóng vô tuyến/truyền hình, camera;chiếc/đơn vị;347;347;1,65;2712,47;0;2712,47
1566;20160101;2016;52;Nhập khẩu;Hàn Quốc;Màn hình, máy chiếu, thiết bị thu truyền hình;chiếc/đơn vị;631;631;735;95497;93168;95497
1567;20160101;2016;52;Nhập khẩu;Trung Quốc;Màn hình, máy chiếu, thiết bị thu truyền hình;chiếc/đơn vị;69;69;185;11905;11477;11905
1568;20160101;2016;52;Nhập khẩu;Thế giới;Màn hình, máy chiếu, thiết bị thu truyền hình;chiếc/đơn vị;18;18;240,886;7210,9;0;7210,9
1573;20160101;2016;52;Nhập khẩu;Trung Quốc;Mạch tích hợp điện tử;chiếc/đơn vị;3887,342;0;37;3265;2816;3265
1574;20160101;2016;52;Nhập khẩu;Thế giới;Mạch tích hợp điện tử;chiếc/đơn vị;1351,649;0;1,207;1575,48;0;1575,48
1575;20160101;2016;52;Nhập khẩu;Trung Quốc;Mạch tích hợp điện tử;chiếc/đơn vị;28;28;0,03;2,17;0;2,17
1576;20160101;2016;52;Nhập khẩu;Trung Quốc;Mạch tích hợp điện tử;chiếc/đơn vị;1323,649;0;1,177;1573,31;0;1573,31
1579;20160101;2016;52;Xuất khẩu;Thế giới;Máy xử lý dữ liệu tự động (máy tính) và bộ phận;chiếc/đơn vị;4609;4609;6942;0;1708338;1708338
1585;20160101;2016;52;Xuất khẩu;Thế giới;Điện thoại (kể cả di động) và thiết bị truyền dữ liệu;chiếc/đơn vị;34663;34663;18920;0;18966215;18966215
1587;20160101;2016;52;Xuất khẩu;Thế giới;Màn hình, máy chiếu, thiết bị thu truyền hình;chiếc/đơn vị;16;16;1236;0;14738;14738
1595;20170101;2017;52;Nhập khẩu (hàng nước ngoài);Thế giới;Điện thoại (kể cả di động) và thiết bị truyền dữ liệu;chiếc/đơn vị;2344;2344;392,72;45630,24;0;45630,24
1598;20170101;2017;52;Nhập khẩu;Philippines;Máy in, máy photocopy, máy fax và phụ tùng;chiếc/đơn vị;400;400;3951,46;62018,01;60450;62018,01
1604;20170101;2017;52;Nhập khẩu;Hy Lạp;Máy in, máy photocopy, máy fax và phụ tùng;chiếc/đơn vị;242;242;1212;29280,529;0;29280,529
1609;20170101;2017;52;Nhập khẩu;Bắc Macedonia;Máy in, máy photocopy, máy fax và phụ tùng;chiếc/đơn vị;105;105;924;2844,292;0;2844,292
1610;20170101;2017;52;Nhập khẩu;Thế giới;Máy xử lý dữ liệu tự động (máy tính) và bộ phận;chiếc/đơn vị;141754;141754;61328,16;15524440,2;14566263,71;15524440,2
1612;20170101;2017;52;Nhập khẩu;Trung Quốc;Máy xử lý dữ liệu tự động (máy tính) và bộ phận;chiếc/đơn vị;140772;140772;60992,17;15462951,36;14509717,47;15462951,36
1614;20170101;2017;52;Nhập khẩu;Thế giới;Máy xử lý dữ liệu tự động (máy tính) và bộ phận;chiếc/đơn vị;9335;9335;14192,437;1913123,158;0;1913123,158
1615;20170101;2017;52;Nhập khẩu;Áo;Máy xử lý dữ liệu tự động (máy tính) và bộ phận;chiếc/đơn vị;144;144;230;7309,431;0;7309,431
1616;20170101;2017;52;Nhập khẩu;Bỉ;Máy xử lý dữ liệu tự động (máy tính) và bộ phận;chiếc/đơn vị;213;213;201,502;68024,098;0;68024,098
1617;20170101;2017;52;Nhập khẩu;Đức;Máy xử lý dữ liệu tự động (máy tính) và bộ phận;chiếc/đơn vị;950;950;395,935;302403,109;0;302403,109
1618;20170101;2017;52;Nhập khẩu;Hungary;Máy xử lý dữ liệu tự động (máy tính) và bộ phận;chiếc/đơn vị;724;724;1166;40172,367;0;40172,367
1620;20170101;2017;52;Nhập khẩu;Hà Lan;Máy xử lý dữ liệu tự động (máy tính) và bộ phận;chiếc/đơn vị;439;439;752;25851,413;0;25851,413
1622;20170101;2017;52;Nhập khẩu;Slovakia;Máy xử lý dữ liệu tự động (máy tính) và bộ phận;chiếc/đơn vị;6794;6794;11415;1462909,431;0;1462909,431
1684;20170101;2017;52;Nhập khẩu;Trung Quốc;Điện thoại (kể cả di động) và thiết bị truyền dữ liệu;chiếc/đơn vị;21048;21048;3247,18;97241;94960,03;97241
1687;20170101;2017;52;Nhập khẩu;Hàn Quốc;Điện thoại (kể cả di động) và thiết bị truyền dữ liệu;chiếc/đơn vị;8000;8000;668,69;36654,61;35760,68;36654,61
1688;20170101;2017;52;Nhập khẩu;Malaysia;Điện thoại (kể cả di động) và thiết bị truyền dữ liệu;chiếc/đơn vị;13398;13398;4725,54;243199,61;241462,11;243199,61
1696;20170101;2017;52;Nhập khẩu;Hungary;Điện thoại (kể cả di động) và thiết bị truyền dữ liệu;chiếc/đơn vị;1304;1304;525;21186,705;0;21186,705
1697;20170101;2017;52;Nhập khẩu;Ý;Điện thoại (kể cả di động) và thiết bị truyền dữ liệu;chiếc/đơn vị;129;129;19;22940,02;0;22940,02
1700;20170101;2017;52;Nhập khẩu;Serbia;Điện thoại (kể cả di động) và thiết bị truyền dữ liệu;chiếc/đơn vị;500;500;54;83178,035;0;83178,035
1705;20170101;2017;52;Nhập khẩu;Thế giới;Điện thoại (kể cả di động) và thiết bị truyền dữ liệu;chiếc/đơn vị;67942;67942;11900;1612200;0;1612200
1707;20170101;2017;52;Nhập khẩu;Thế giới;Thiết bị phát sóng vô tuyến/truyền hình, camera;chiếc/đơn vị;4599;4599;128,51;43978,43;42048,03;43978,43
1709;20170101;2017;52;Nhập khẩu;Thế giới;Thiết bị phát sóng vô tuyến/truyền hình, camera;chiếc/đơn vị;290;290;113;128679,183;0;128679,183
1710;20170101;2017;52;Nhập khẩu;Đức;Thiết bị phát sóng vô tuyến/truyền hình, camera;chiếc/đơn vị;189;189;100;113738,119;0;113738,119
1713;20170101;2017;52;Nhập khẩu;Thế giới;Màn hình, máy chiếu, thiết bị thu truyền hình;chiếc/đơn vị;364875;364875;114117,83;4925079,18;4782935,47;4925079,18
1714;20170101;2017;52;Nhập khẩu;Trung Quốc;Màn hình, máy chiếu, thiết bị thu truyền hình;chiếc/đơn vị;254352;254352;9939,2;323301,41;315731,71;323301,41
1715;20170101;2017;52;Nhập khẩu;Hàn Quốc;Màn hình, máy chiếu, thiết bị thu truyền hình;chiếc/đơn vị;33863;33863;1586,69;54962,18;53611,58;54962,18
1716;20170101;2017;52;Nhập khẩu;Trung Quốc;Màn hình, máy chiếu, thiết bị thu truyền hình;chiếc/đơn vị;76660;76660;102591,94;4546815,59;4413592,18;4546815,59
1717;20170101;2017;52;Nhập khẩu;Thế giới;Màn hình, máy chiếu, thiết bị thu truyền hình;chiếc/đơn vị;43730;43730;154542;3973651,432;0;3973651,432
1718;20170101;2017;52;Nhập khẩu;Bỉ;Màn hình, máy chiếu, thiết bị thu truyền hình;chiếc/đơn vị;468;468;1120;63616,226;0;63616,226
1720;20170101;2017;52;Nhập khẩu;Hàn Quốc;Màn hình, máy chiếu, thiết bị thu truyền hình;chiếc/đơn vị;23230;23230;22042;818937,945;0;818937,945
1721;20170101;2017;52;Nhập khẩu;Thổ Nhĩ Kỳ;Màn hình, máy chiếu, thiết bị thu truyền hình;chiếc/đơn vị;20031;20031;131378;3090577,802;0;3090577,802
1725;20170101;2017;52;Nhập khẩu;Hồng Kông (Trung Quốc);Mạch tích hợp điện tử;chiếc/đơn vị;330500;330500;1304,84;52189,23;50927,9;52189,23
1726;20170101;2017;52;Nhập khẩu;Nhật Bản;Mạch tích hợp điện tử;chiếc/đơn vị;2706695;2706695;4518,94;141071,41;137226,86;141071,41
1728;20170101;2017;52;Nhập khẩu;Malaysia;Mạch tích hợp điện tử;chiếc/đơn vị;26400;26400;229,89;7109,84;6890,4;7109,84
1729;20170101;2017;52;Nhập khẩu;Châu Á khác (chưa xác định);Mạch tích hợp điện tử;chiếc/đơn vị;3605160;3605160;60119,67;2201613,39;2142683,29;2201613,39
1730;20170101;2017;52;Nhập khẩu;Philippines;Mạch tích hợp điện tử;chiếc/đơn vị;400000;400000;2789,77;99344,92;96618,47;99344,92
1731;20170101;2017;52;Nhập khẩu;Singapore;Mạch tích hợp điện tử;chiếc/đơn vị;318560;318560;11139,44;341821,09;331024,34;341821,09
1732;20170101;2017;52;Nhập khẩu;Trung Quốc;Mạch tích hợp điện tử;chiếc/đơn vị;122329;122329;809,37;21684,93;21286,51;21684,93
1733;20170101;2017;52;Nhập khẩu;Thái Lan;Mạch tích hợp điện tử;chiếc/đơn vị;734869;734869;2101,95;67859,11;66067,01;67859,11
1734;20170101;2017;52;Nhập khẩu;Vương quốc Anh;Mạch tích hợp điện tử;chiếc/đơn vị;59000;59000;106,61;5360,33;5187,83;5360,33
1735;20170101;2017;52;Nhập khẩu;Hoa Kỳ;Mạch tích hợp điện tử;chiếc/đơn vị;38880;38880;846,5;27833,85;26961,4;27833,85
1736;20170101;2017;52;Nhập khẩu;Khu vực khác (chưa xác định);Mạch tích hợp điện tử;chiếc/đơn vị;122000;122000;402,17;11951,19;11651,09;11951,19
1746;20170101;2017;52;Nhập khẩu (hàng nước ngoài);Nhật Bản;Máy in, máy photocopy, máy fax và phụ tùng;kg;132,322;0;0;0;8046,04;8046,04
1748;20170101;2017;52;Nhập khẩu (hàng nước ngoài);Thế giới;Máy xử lý dữ liệu tự động (máy tính) và bộ phận;chiếc/đơn vị;1040982;0;0;0;132262345,1;132262345,1
1749;20170101;2017;52;Nhập khẩu (hàng nước ngoài);Brazil;Máy xử lý dữ liệu tự động (máy tính) và bộ phận;chiếc/đơn vị;3;0;0;0;134,075;134,075
1750;20170101;2017;52;Nhập khẩu (hàng nước ngoài);Canada;Máy xử lý dữ liệu tự động (máy tính) và bộ phận;chiếc/đơn vị;1;0;0;0;4902,983;4902,983
1751;20170101;2017;52;Nhập khẩu (hàng nước ngoài);Trung Quốc;Máy xử lý dữ liệu tự động (máy tính) và bộ phận;chiếc/đơn vị;223;0;0;0;29185,965;29185,965
1752;20170101;2017;52;Nhập khẩu (hàng nước ngoài);Malaysia;Máy xử lý dữ liệu tự động (máy tính) và bộ phận;chiếc/đơn vị;2868;0;0;0;191584,667;191584,667
1755;20170101;2017;52;Nhập khẩu (hàng nước ngoài);Trung Quốc;Máy xử lý dữ liệu tự động (máy tính) và bộ phận;chiếc/đơn vị;1032064;0;0;0;131528325,4;131528325,4
1756;20170101;2017;52;Nhập khẩu (hàng nước ngoài);Thái Lan;Máy xử lý dữ liệu tự động (máy tính) và bộ phận;chiếc/đơn vị;5821;0;0;0;497534,52;497534,52
1779;20170101;2017;52;Nhập khẩu (hàng nước ngoài);Philippines;Điện thoại (kể cả di động) và thiết bị truyền dữ liệu;chiếc/đơn vị;642,596;0;0;0;22430,59;22430,59
1782;20170101;2017;52;Nhập khẩu (hàng nước ngoài);Thế giới;Thiết bị phát sóng vô tuyến/truyền hình, camera;chiếc/đơn vị;57914;0;0;0;4627905,31;4627905,31
1784;20170101;2017;52;Nhập khẩu (hàng nước ngoài);Trung Quốc;Thiết bị phát sóng vô tuyến/truyền hình, camera;chiếc/đơn vị;480;0;0;0;16578,294;16578,294
1785;20170101;2017;52;Nhập khẩu (hàng nước ngoài);Châu Á khác (chưa xác định);Thiết bị phát sóng vô tuyến/truyền hình, camera;chiếc/đơn vị;33;0;0;0;2860,266;2860,266
1786;20170101;2017;52;Nhập khẩu (hàng nước ngoài);Trung Quốc;Thiết bị phát sóng vô tuyến/truyền hình, camera;chiếc/đơn vị;57400;0;0;0;4606667,525;4606667,525
1787;20170101;2017;52;Nhập khẩu (hàng nước ngoài);Thế giới;Màn hình, máy chiếu, thiết bị thu truyền hình;chiếc/đơn vị;116037;0;0;0;20752374,74;20752374,74
1788;20170101;2017;52;Nhập khẩu (hàng nước ngoài);Trung Quốc;Màn hình, máy chiếu, thiết bị thu truyền hình;chiếc/đơn vị;3024;0;0;0;885088,261;885088,261
1790;20170101;2017;52;Nhập khẩu (hàng nước ngoài);Trung Quốc;Màn hình, máy chiếu, thiết bị thu truyền hình;chiếc/đơn vị;113010;0;0;0;19866053,6;19866053,6
1791;20170101;2017;52;Nhập khẩu (hàng nước ngoài);Thế giới;Mạch tích hợp điện tử;chiếc/đơn vị;3188;0;0;0;149626,134;149626,134
1792;20170101;2017;52;Nhập khẩu (hàng nước ngoài);Trung Quốc;Mạch tích hợp điện tử;chiếc/đơn vị;40;0;0;0;540,153;540,153
1793;20170101;2017;52;Nhập khẩu (hàng nước ngoài);Trung Quốc;Mạch tích hợp điện tử;chiếc/đơn vị;3138;0;0;0;149026,65;149026,65
1794;20170101;2017;52;Nhập khẩu (hàng nước ngoài);Hoa Kỳ;Mạch tích hợp điện tử;chiếc/đơn vị;10;0;0;0;59,332;59,332
1802;20170101;2017;52;Nhập khẩu;Hồng Kông (Trung Quốc);Máy in, máy photocopy, máy fax và phụ tùng;kg;2,345;0;2,345;78;0;78
1808;20170101;2017;52;Nhập khẩu;Thế giới;Máy in, máy photocopy, máy fax và phụ tùng;Cái;0;27572;159897,75;2721096,57;2653605,53;2721096,57
1809;20170101;2017;52;Nhập khẩu;Nhật Bản;Máy in, máy photocopy, máy fax và phụ tùng;kg;13625,66;9840;13625,66;427332,61;419142,59;427332,61
1810;20170101;2017;52;Nhập khẩu;Trung Quốc;Máy in, máy photocopy, máy fax và phụ tùng;Cái;0;17732;146272,09;2293763,96;2234462,94;2293763,96
1835;20170101;2017;52;Nhập khẩu;Trung Quốc;Máy xử lý dữ liệu tự động (máy tính) và bộ phận;chiếc/đơn vị;2797,686;0;6696,678;1264601;0;1264601
1844;20170101;2017;52;Nhập khẩu;Châu Á khác (chưa xác định);Máy xử lý dữ liệu tự động (máy tính) và bộ phận;chiếc/đơn vị;480,271;0;627,693;122621;0;122621
1849;20170101;2017;52;Nhập khẩu;Trung Quốc;Máy xử lý dữ liệu tự động (máy tính) và bộ phận;chiếc/đơn vị;328325,016;0;512131,474;46565698;0;46565698
1852;20170101;2017;52;Nhập khẩu;Thế giới;Máy xử lý dữ liệu tự động (máy tính) và bộ phận;chiếc/đơn vị;89463;89463;57971,4;13399726,27;12985634,92;13399726,27
1854;20170101;2017;52;Nhập khẩu;Thế giới;Máy xử lý dữ liệu tự động (máy tính) và bộ phận;chiếc/đơn vị;5101;5101;7138;870770,541;0;870770,541
1855;20170101;2017;52;Nhập khẩu;Áo;Máy xử lý dữ liệu tự động (máy tính) và bộ phận;chiếc/đơn vị;65;65;77;3582,218;0;3582,218
1856;20170101;2017;52;Nhập khẩu;Bỉ;Máy xử lý dữ liệu tự động (máy tính) và bộ phận;chiếc/đơn vị;835;835;2247;51266,053;0;51266,053
1857;20170101;2017;52;Nhập khẩu;Đức;Máy xử lý dữ liệu tự động (máy tính) và bộ phận;chiếc/đơn vị;157;157;391;11883,114;0;11883,114
1858;20170101;2017;52;Nhập khẩu;Hy Lạp;Máy xử lý dữ liệu tự động (máy tính) và bộ phận;chiếc/đơn vị;696;696;1825;210647,097;0;210647,097
1859;20170101;2017;52;Nhập khẩu;Ý;Máy xử lý dữ liệu tự động (máy tính) và bộ phận;chiếc/đơn vị;183;183;154;47326,856;0;47326,856
1860;20170101;2017;52;Nhập khẩu;Hà Lan;Máy xử lý dữ liệu tự động (máy tính) và bộ phận;chiếc/đơn vị;141;141;352;13472,576;0;13472,576
1861;20170101;2017;52;Nhập khẩu;Ba Lan;Máy xử lý dữ liệu tự động (máy tính) và bộ phận;chiếc/đơn vị;798;798;562;101260,086;0;101260,086
1862;20170101;2017;52;Nhập khẩu;Trung Quốc;Máy xử lý dữ liệu tự động (máy tính) và bộ phận;chiếc/đơn vị;1790;1790;1246;355939,889;0;355939,889
1863;20170101;2017;52;Nhập khẩu;Slovenia;Máy xử lý dữ liệu tự động (máy tính) và bộ phận;chiếc/đơn vị;436;436;284;75392,651;0;75392,651
1864;20170101;2017;52;Nhập khẩu;Thế giới;Máy xử lý dữ liệu tự động (máy tính) và bộ phận;chiếc/đơn vị;4895;4895;3578;585958;542213;585958
1865;20170101;2017;52;Nhập khẩu;Trung Quốc;Máy xử lý dữ liệu tự động (máy tính) và bộ phận;chiếc/đơn vị;4894;4894;3574;582724;539098;582724
1869;20170101;2017;52;Nhập khẩu;Trung Quốc;Máy xử lý dữ liệu tự động (máy tính) và bộ phận;chiếc/đơn vị;1116,795;0;1147,82;0;483344,28;483344,28
1994;20170101;2017;52;Nhập khẩu;Hàn Quốc;Điện thoại (kể cả di động) và thiết bị truyền dữ liệu;kg;11427,373;0;11427,373;3596547;0;3596547
1999;20170101;2017;52;Nhập khẩu;Slovakia;Điện thoại (kể cả di động) và thiết bị truyền dữ liệu;kg;0,028;0;0,028;15;0;15
2002;20170101;2017;52;Nhập khẩu;Thế giới;Điện thoại (kể cả di động) và thiết bị truyền dữ liệu;Cái;0;2128627;641298,31;252249824,3;248066014,1;252249824,3
2004;20170101;2017;52;Nhập khẩu;Hàn Quốc;Điện thoại (kể cả di động) và thiết bị truyền dữ liệu;kg;17,43;150;17,43;14124,43;13100;14124,43
2005;20170101;2017;52;Nhập khẩu;Malaysia;Điện thoại (kể cả di động) và thiết bị truyền dữ liệu;kg;19,48;31;19,48;4074,04;3441,47;4074,04
2006;20170101;2017;52;Nhập khẩu;Trung Quốc;Điện thoại (kể cả di động) và thiết bị truyền dữ liệu;Cái;0;2127146;640885,2;252070490,8;247890521,2;252070490,8
2008;20170101;2017;52;Nhập khẩu;Áo;Điện thoại (kể cả di động) và thiết bị truyền dữ liệu;chiếc/đơn vị;2060;2060;775;393953,655;0;393953,655
2009;20170101;2017;52;Nhập khẩu;Séc;Điện thoại (kể cả di động) và thiết bị truyền dữ liệu;chiếc/đơn vị;1750;1750;589;302415,604;0;302415,604
2014;20170101;2017;52;Nhập khẩu;Ý;Điện thoại (kể cả di động) và thiết bị truyền dữ liệu;chiếc/đơn vị;133;133;56;31701,108;0;31701,108
2015;20170101;2017;52;Nhập khẩu;Ba Lan;Điện thoại (kể cả di động) và thiết bị truyền dữ liệu;chiếc/đơn vị;460;460;116;63259,877;0;63259,877
2016;20170101;2017;52;Nhập khẩu;Romania;Điện thoại (kể cả di động) và thiết bị truyền dữ liệu;chiếc/đơn vị;1440;1440;472;270034,428;0;270034,428
2018;20170101;2017;52;Nhập khẩu;Trung Quốc;Điện thoại (kể cả di động) và thiết bị truyền dữ liệu;chiếc/đơn vị;59742,182;0;22827;22937349,17;0;22937349,17
2019;20170101;2017;52;Nhập khẩu;Slovenia;Điện thoại (kể cả di động) và thiết bị truyền dữ liệu;chiếc/đơn vị;1203;1203;510;343225,33;0;343225,33
2021;20170101;2017;52;Nhập khẩu;Trung Quốc;Điện thoại (kể cả di động) và thiết bị truyền dữ liệu;kg;109;109;109;33962;31415;33962
2023;20170101;2017;52;Nhập khẩu;Thế giới;Điện thoại (kể cả di động) và thiết bị truyền dữ liệu;chiếc/đơn vị;157027,725;0;42910,6;0;28867553,08;28867553,08
2024;20170101;2017;52;Nhập khẩu;Trung Quốc;Điện thoại (kể cả di động) và thiết bị truyền dữ liệu;chiếc/đơn vị;84684,534;0;27911;0;15568176,13;15568176,13
2025;20170101;2017;52;Nhập khẩu;Trung Quốc;Điện thoại (kể cả di động) và thiết bị truyền dữ liệu;chiếc/đơn vị;69261,285;0;14291,1;0;12732807,58;12732807,58
2026;20170101;2017;52;Nhập khẩu;Hoa Kỳ;Điện thoại (kể cả di động) và thiết bị truyền dữ liệu;chiếc/đơn vị;3081,907;0;708,5;0;566569,371;566569,371
2036;20170101;2017;52;Nhập khẩu;Thế giới;Thiết bị phát sóng vô tuyến/truyền hình, camera;chiếc/đơn vị;766;766;264,99;97173,57;93419,84;97173,57
2047;20170101;2017;52;Nhập khẩu;Malaysia;Màn hình, máy chiếu, thiết bị thu truyền hình;chiếc/đơn vị;8,849;0;84,902;2648;0;2648
2048;20170101;2017;52;Nhập khẩu;Trung Quốc;Màn hình, máy chiếu, thiết bị thu truyền hình;chiếc/đơn vị;70825,149;0;362264,825;29301217;0;29301217
2050;20170101;2017;52;Nhập khẩu;Thế giới;Màn hình, máy chiếu, thiết bị thu truyền hình;chiếc/đơn vị;191087;191087;190871,35;5630685,4;5485737,49;5630685,4
2052;20170101;2017;52;Nhập khẩu;Thế giới;Màn hình, máy chiếu, thiết bị thu truyền hình;chiếc/đơn vị;107;107;840;16992,662;0;16992,662
2054;20170101;2017;52;Nhập khẩu;Thế giới;Màn hình, máy chiếu, thiết bị thu truyền hình;chiếc/đơn vị;42801;42801;41820;2333782;2184018;2333782
2056;20170101;2017;52;Nhập khẩu;Trung Quốc;Màn hình, máy chiếu, thiết bị thu truyền hình;chiếc/đơn vị;42798;42798;41768;2333351;2183587;2333351
2076;20170101;2017;52;Nhập khẩu;Thế giới;Mạch tích hợp điện tử;chiếc/đơn vị;66;66;4,45;1005,24;925,06;1005,24
2083;20170101;2017;52;Nhập khẩu;Trung Quốc;Mạch tích hợp điện tử;chiếc/đơn vị;3573,871;0;35;4362;4232;4362
2085;20170101;2017;52;Xuất khẩu;Hồng Kông (Trung Quốc);Máy in, máy photocopy, máy fax và phụ tùng;kg;49;49;49;0;1943;1943
2089;20170101;2017;52;Xuất khẩu;Malaysia;Máy xử lý dữ liệu tự động (máy tính) và bộ phận;chiếc/đơn vị;2431,415;0;4456,753;0;924507;924507
2090;20170101;2017;52;Xuất khẩu;Trung Quốc;Máy xử lý dữ liệu tự động (máy tính) và bộ phận;chiếc/đơn vị;1926836,916;0;3025911,312;0;530838746;530838746
2115;20170101;2017;52;Xuất khẩu;Nhật Bản;Điện thoại (kể cả di động) và thiết bị truyền dữ liệu;kg;89;89;89;0;34092;34092
2116;20170101;2017;52;Xuất khẩu;Hàn Quốc;Điện thoại (kể cả di động) và thiết bị truyền dữ liệu;kg;304;304;304;0;74880;74880
2122;20170101;2017;52;Xuất khẩu;Thế giới;Màn hình, máy chiếu, thiết bị thu truyền hình;chiếc/đơn vị;1759475,968;0;4346188,963;0;172882531;172882531
2123;20170101;2017;52;Xuất khẩu;Philippines;Màn hình, máy chiếu, thiết bị thu truyền hình;chiếc/đơn vị;764,736;0;5816;0;98942;98942
2124;20170101;2017;52;Xuất khẩu;Trung Quốc;Màn hình, máy chiếu, thiết bị thu truyền hình;chiếc/đơn vị;1758711,232;0;4340372,963;0;172783589;172783589
2133;20170101;2017;52;Nhập khẩu;Khu vực khác (chưa xác định);Máy in, máy photocopy, máy fax và phụ tùng;kg;36,769;0;36,769;1690,846;0;1690,846
2134;20170101;2017;52;Nhập khẩu;Thế giới;Máy xử lý dữ liệu tự động (máy tính) và bộ phận;chiếc/đơn vị;8589;8589;2966,88;1389853,95;1354609,28;1389853,95
2136;20170101;2017;52;Nhập khẩu;Trung Quốc;Máy xử lý dữ liệu tự động (máy tính) và bộ phận;chiếc/đơn vị;8339;8339;2941,88;1364103,95;1329709,28;1364103,95
2139;20170101;2017;52;Nhập khẩu;Thế giới;Máy xử lý dữ liệu tự động (máy tính) và bộ phận;chiếc/đơn vị;9;9;13,128;1112,771;0;1112,771
2145;20170101;2017;52;Nhập khẩu;Hồng Kông (Trung Quốc);Máy xử lý dữ liệu tự động (máy tính) và bộ phận;chiếc/đơn vị;1705,313;0;5056;692848,584;0;692848,584
2149;20170101;2017;52;Nhập khẩu;Mexico;Máy xử lý dữ liệu tự động (máy tính) và bộ phận;kg;31;31;31;2282,304;0;2282,304
2150;20170101;2017;52;Nhập khẩu;Châu Á khác (chưa xác định);Máy xử lý dữ liệu tự động (máy tính) và bộ phận;chiếc/đơn vị;361,404;0;456;71716,494;0;71716,494
2155;20170101;2017;52;Nhập khẩu;Hoa Kỳ;Máy xử lý dữ liệu tự động (máy tính) và bộ phận;chiếc/đơn vị;174,728;0;880,64;139958,739;0;139958,739
2196;20170101;2017;52;Nhập khẩu;Thế giới;Điện thoại (kể cả di động) và thiết bị truyền dữ liệu;Cái;0;146489;46558,38;29304254,64;28915729,53;29304254,64
2197;20170101;2017;52;Nhập khẩu;Trung Quốc;Điện thoại (kể cả di động) và thiết bị truyền dữ liệu;chiếc/đơn vị;18250;18250;6038,93;3336355,19;3285049;3336355,19
2199;20170101;2017;52;Nhập khẩu;Hồng Kông (Trung Quốc);Điện thoại (kể cả di động) và thiết bị truyền dữ liệu;chiếc/đơn vị;1000;1000;331,1;108215,57;105000;108215,57
2200;20170101;2017;52;Nhập khẩu;Trung Quốc;Điện thoại (kể cả di động) và thiết bị truyền dữ liệu;Cái;0;127139;40147,85;25838683,88;25504981,53;25838683,88
2201;20170101;2017;52;Nhập khẩu;Thế giới;Điện thoại (kể cả di động) và thiết bị truyền dữ liệu;kg;9451,6;9451,6;9451,6;519940,763;0;519940,763
2204;20170101;2017;52;Nhập khẩu;Trung Quốc;Điện thoại (kể cả di động) và thiết bị truyền dữ liệu;chiếc/đơn vị;199,141;0;34;3357,519;0;3357,519
2209;20170101;2017;52;Nhập khẩu;Hàn Quốc;Điện thoại (kể cả di động) và thiết bị truyền dữ liệu;chiếc/đơn vị;7,476;0;8;1399,633;0;1399,633
2222;20170101;2017;52;Nhập khẩu;Canada;Thiết bị phát sóng vô tuyến/truyền hình, camera;chiếc/đơn vị;226,809;0;378,488;93506,741;0;93506,741
2227;20170101;2017;52;Nhập khẩu;Thế giới;Màn hình, máy chiếu, thiết bị thu truyền hình;chiếc/đơn vị;213907;213907;1388866,581;29936540,92;28537338,86;29936540,92
2229;20170101;2017;52;Nhập khẩu;Trung Quốc;Màn hình, máy chiếu, thiết bị thu truyền hình;chiếc/đơn vị;213707;213707;1385653,121;29848833,51;28450338,86;29848833,51
2237;20170101;2017;52;Nhập khẩu;Hàn Quốc;Màn hình, máy chiếu, thiết bị thu truyền hình;chiếc/đơn vị;1093,732;0;400;58682,98;0;58682,98
2239;20170101;2017;52;Nhập khẩu;Thế giới;Mạch tích hợp điện tử;Cái;0;49164938;9475,31;2775780,41;2712645,69;2775780,41
2243;20170101;2017;52;Nhập khẩu;Thế giới;Mạch tích hợp điện tử;kg;0,485;0;0,485;114,101;0;114,101
2256;20170101;2017;52;Nhập khẩu;Châu Á khác (chưa xác định);Máy in, máy photocopy, máy fax và phụ tùng;kg;0,537;0;0,537;21,459;0;21,459
2260;20170101;2017;52;Nhập khẩu;Thế giới;Máy xử lý dữ liệu tự động (máy tính) và bộ phận;chiếc/đơn vị;1779363,045;0;706474;336809711,8;0;336809711,8
2262;20170101;2017;52;Nhập khẩu;Trung Quốc;Máy xử lý dữ liệu tự động (máy tính) và bộ phận;chiếc/đơn vị;116;116;1142;143123,515;0;143123,515
2265;20170101;2017;52;Nhập khẩu;Trung Quốc;Máy xử lý dữ liệu tự động (máy tính) và bộ phận;chiếc/đơn vị;1779228,045;0;705168;336635501,5;0;336635501,5
2299;20170101;2017;52;Nhập khẩu;Malaysia;Điện thoại (kể cả di động) và thiết bị truyền dữ liệu;chiếc/đơn vị;0,849;0;1;84,705;0;84,705
2303;20170101;2017;52;Nhập khẩu;Các Tiểu vương quốc Ả Rập Thống nhất;Điện thoại (kể cả di động) và thiết bị truyền dữ liệu;chiếc/đơn vị;4200;4200;310;9136,865;0;9136,865
2304;20170101;2017;52;Nhập khẩu;Hoa Kỳ;Điện thoại (kể cả di động) và thiết bị truyền dữ liệu;chiếc/đơn vị;0,163;0;0,634;101,646;0;101,646
2305;20170101;2017;52;Nhập khẩu;Thế giới;Thiết bị phát sóng vô tuyến/truyền hình, camera;chiếc/đơn vị;37653;37653;9333,672;6135287,506;0;6135287,506
2307;20170101;2017;52;Nhập khẩu;Nhật Bản;Thiết bị phát sóng vô tuyến/truyền hình, camera;chiếc/đơn vị;45;45;126;15826,315;0;15826,315
2308;20170101;2017;52;Nhập khẩu;Philippines;Thiết bị phát sóng vô tuyến/truyền hình, camera;chiếc/đơn vị;185;185;209;74022,161;0;74022,161
2309;20170101;2017;52;Nhập khẩu;Trung Quốc;Thiết bị phát sóng vô tuyến/truyền hình, camera;chiếc/đơn vị;37410;37410;8967,672;5939074,173;0;5939074,173
2311;20170101;2017;52;Nhập khẩu;Thế giới;Màn hình, máy chiếu, thiết bị thu truyền hình;chiếc/đơn vị;178425;178425;243074;32927526,19;0;32927526,19
2315;20170101;2017;52;Nhập khẩu;Trung Quốc;Màn hình, máy chiếu, thiết bị thu truyền hình;chiếc/đơn vị;178369;178369;243013;32919879,01;0;32919879,01
2319;20170101;2017;52;Nhập khẩu;Bỉ;Mạch tích hợp điện tử;chiếc/đơn vị;16459,332;0;3;22220,992;0;22220,992
2326;20170101;2017;52;Nhập khẩu;Hoa Kỳ;Mạch tích hợp điện tử;chiếc/đơn vị;6480,454;0;17,16;23787,473;0;23787,473
2328;20170101;2017;52;Nhập khẩu;Châu Á khác (chưa xác định);Máy in, máy photocopy, máy fax và phụ tùng;kg;67;67;67;4401,508;0;4401,508
2338;20170101;2017;52;Nhập khẩu;Thế giới;Máy xử lý dữ liệu tự động (máy tính) và bộ phận;chiếc/đơn vị;1009;1009;4023;279688,62;0;279688,62
2340;20170101;2017;52;Nhập khẩu;Thế giới;Máy xử lý dữ liệu tự động (máy tính) và bộ phận;chiếc/đơn vị;43635;43635;39922;9195359,329;0;9195359,329
2342;20170101;2017;52;Nhập khẩu;Thế giới;Máy xử lý dữ liệu tự động (máy tính) và bộ phận;chiếc/đơn vị;4059;4059;372;39196,619;0;39196,619
2343;20170101;2017;52;Nhập khẩu;Đức;Máy xử lý dữ liệu tự động (máy tính) và bộ phận;chiếc/đơn vị;4023;4023;192;35948,018;0;35948,018
2369;20170101;2017;52;Nhập khẩu;Trung Quốc;Điện thoại (kể cả di động) và thiết bị truyền dữ liệu;chiếc/đơn vị;21752;21752;4235,2;397540,227;0;397540,227
2376;20170101;2017;52;Nhập khẩu;Đức;Điện thoại (kể cả di động) và thiết bị truyền dữ liệu;chiếc/đơn vị;1,546;0;2,588;578,131;0;578,131
2377;20170101;2017;52;Nhập khẩu;Ý;Điện thoại (kể cả di động) và thiết bị truyền dữ liệu;chiếc/đơn vị;186;186;115;3206,822;0;3206,822
2380;20170101;2017;52;Nhập khẩu;Thế giới;Thiết bị phát sóng vô tuyến/truyền hình, camera;chiếc/đơn vị;600;600;324;76225,225;0;76225,225
2393;20170101;2017;52;Nhập khẩu;Thế giới;Máy in, máy photocopy, máy fax và phụ tùng;Cái;0;3846;16885;274885,55;251892,77;274885,55
2395;20170101;2017;52;Nhập khẩu;Trung Quốc;Máy in, máy photocopy, máy fax và phụ tùng;Cái;0;3840;16870,27;273147,14;250566,52;273147,14
2397;20170101;2017;52;Nhập khẩu;Bỉ;Máy in, máy photocopy, máy fax và phụ tùng;kg;16,13;0;16,13;755,962;0;755,962
2398;20170101;2017;52;Nhập khẩu;Pháp;Máy in, máy photocopy, máy fax và phụ tùng;kg;6,153;0;6,153;222,608;0;222,608
2405;20170101;2017;52;Nhập khẩu;Vương quốc Anh;Máy in, máy photocopy, máy fax và phụ tùng;kg;1,153;0;1,153;37,29;0;37,29
2406;20170101;2017;52;Nhập khẩu;Thế giới;Máy xử lý dữ liệu tự động (máy tính) và bộ phận;chiếc/đơn vị;33;33;39;4834,651;0;4834,651
2409;20170101;2017;52;Nhập khẩu;Thế giới;Máy xử lý dữ liệu tự động (máy tính) và bộ phận;chiếc/đơn vị;420;420;588,34;97416,82;89225,95;97416,82
2412;20170101;2017;52;Nhập khẩu;Trung Quốc;Máy xử lý dữ liệu tự động (máy tính) và bộ phận;chiếc/đơn vị;351;351;135,15;48141,02;46549,94;48141,02
2414;20170101;2017;52;Nhập khẩu;Áo;Máy xử lý dữ liệu tự động (máy tính) và bộ phận;chiếc/đơn vị;4,744;0;6;2069,008;0;2069,008
2415;20170101;2017;52;Nhập khẩu;Bỉ;Máy xử lý dữ liệu tự động (máy tính) và bộ phận;chiếc/đơn vị;72,885;0;147;10921,333;0;10921,333
2418;20170101;2017;52;Nhập khẩu;Hà Lan;Máy xử lý dữ liệu tự động (máy tính) và bộ phận;chiếc/đơn vị;1335,143;0;2586,969;255886,883;0;255886,883
2419;20170101;2017;52;Nhập khẩu;Trung Quốc;Máy xử lý dữ liệu tự động (máy tính) và bộ phận;chiếc/đơn vị;6119,67;0;8330;2669206,497;0;2669206,497
2475;20170101;2017;52;Nhập khẩu;Nam Phi;Điện thoại (kể cả di động) và thiết bị truyền dữ liệu;chiếc/đơn vị;1233,692;0;6806,953;820796,74;0;820796,74
2482;20170101;2017;52;Nhập khẩu;Thế giới;Điện thoại (kể cả di động) và thiết bị truyền dữ liệu;Cái;0;746;2842,08;65278,83;63660,33;65278,83
2483;20170101;2017;52;Nhập khẩu;Trung Quốc;Điện thoại (kể cả di động) và thiết bị truyền dữ liệu;kg;10,9;2;10,9;1639;1437;1639
2485;20170101;2017;52;Nhập khẩu;Trung Quốc;Điện thoại (kể cả di động) và thiết bị truyền dữ liệu;Cái;0;735;2828,58;62855,5;61443,12;62855,5
2487;20170101;2017;52;Nhập khẩu;Phần Lan;Điện thoại (kể cả di động) và thiết bị truyền dữ liệu;chiếc/đơn vị;5544,091;0;1999;1019210,639;0;1019210,639
2493;20170101;2017;52;Nhập khẩu;Vương quốc Anh;Điện thoại (kể cả di động) và thiết bị truyền dữ liệu;kg;750;750;750;603155,885;0;603155,885
2494;20170101;2017;52;Nhập khẩu;Thế giới;Điện thoại (kể cả di động) và thiết bị truyền dữ liệu;chiếc/đơn vị;116,642;0;40;21632,46;0;21632,46
2518;20170101;2017;52;Nhập khẩu;Trung Quốc;Màn hình, máy chiếu, thiết bị thu truyền hình;chiếc/đơn vị;10,704;0;61;3335,724;0;3335,724
2519;20170101;2017;52;Nhập khẩu;Thế giới;Mạch tích hợp điện tử;chiếc/đơn vị;410;410;38;11817,48;0;11817,48
2530;20170101;2017;52;Xuất khẩu;Thế giới;Máy xử lý dữ liệu tự động (máy tính) và bộ phận;chiếc/đơn vị;162;162;1234;0;273761,315;273761,315
2549;20170101;2017;52;Xuất khẩu;Thế giới;Thiết bị phát sóng vô tuyến/truyền hình, camera;chiếc/đơn vị;675;675;382;0;272539,952;272539,952
2562;20170101;2017;52;Nhập khẩu;Thế giới;Máy in, máy photocopy, máy fax và phụ tùng;kg;1273382;1273382;1273382;17575416;17007157;17575416
2564;20170101;2017;52;Nhập khẩu;Thế giới;Máy in, máy photocopy, máy fax và phụ tùng;kg;0,6;0,6;0,6;221,4;0;221,4
2566;20170101;2017;52;Nhập khẩu;Thế giới;Máy xử lý dữ liệu tự động (máy tính) và bộ phận;chiếc/đơn vị;5671;5671;3290;715571,576;693725,805;715571,576
2567;20170101;2017;52;Nhập khẩu;Trung Quốc;Máy xử lý dữ liệu tự động (máy tính) và bộ phận;chiếc/đơn vị;83;83;6;794,166;761,405;794,166
2569;20170101;2017;52;Nhập khẩu;Trung Quốc;Máy xử lý dữ liệu tự động (máy tính) và bộ phận;chiếc/đơn vị;5547;5547;3272;713315,604;691562,466;713315,604
2571;20170101;2017;52;Nhập khẩu;Thế giới;Máy xử lý dữ liệu tự động (máy tính) và bộ phận;chiếc/đơn vị;1043;1043;489,99;189039,06;0;189039,06
2589;20170101;2017;52;Nhập khẩu;Thế giới;Điện thoại (kể cả di động) và thiết bị truyền dữ liệu;chiếc/đơn vị;16848,034;0;18344;3154437;3057566;3154437
2590;20170101;2017;52;Nhập khẩu;Trung Quốc;Điện thoại (kể cả di động) và thiết bị truyền dữ liệu;chiếc/đơn vị;850,072;0;617;159158;155005;159158
2591;20170101;2017;52;Nhập khẩu;Trung Quốc;Điện thoại (kể cả di động) và thiết bị truyền dữ liệu;chiếc/đơn vị;15997,962;0;17727;2995279;2902561;2995279
2593;20170101;2017;52;Nhập khẩu;Trung Quốc;Điện thoại (kể cả di động) và thiết bị truyền dữ liệu;kg;0,707;0;0,707;215,769;215,769;215,769
2598;20170101;2017;52;Nhập khẩu;Thế giới;Thiết bị phát sóng vô tuyến/truyền hình, camera;chiếc/đơn vị;113917;113917;4738;1181316,459;1164818,598;1181316,459
2600;20170101;2017;52;Nhập khẩu;Thế giới;Màn hình, máy chiếu, thiết bị thu truyền hình;chiếc/đơn vị;75563,064;0;200149,073;5614951,757;5613572,416;5614951,757
2605;20170101;2017;52;Nhập khẩu;Hàn Quốc;Mạch tích hợp điện tử;chiếc/đơn vị;64542,908;0;73;76751,657;75075,21;76751,657
2608;20170101;2017;52;Nhập khẩu;Trung Quốc;Mạch tích hợp điện tử;chiếc/đơn vị;141941,791;0;1411,183;306939,976;293520,496;306939,976
2612;20170101;2017;52;Nhập khẩu (hàng nước ngoài);Trung Quốc;Máy in, máy photocopy, máy fax và phụ tùng;kg;92;92;92;10026,902;0;10026,902
2615;20170101;2017;52;Nhập khẩu (hàng nước ngoài);Châu Á khác (chưa xác định);Máy in, máy photocopy, máy fax và phụ tùng;chiếc/đơn vị;660;660;4474,4;37687,22;0;37687,22
2617;20170101;2017;52;Nhập khẩu (hàng nước ngoài);Thế giới;Máy xử lý dữ liệu tự động (máy tính) và bộ phận;chiếc/đơn vị;890254;890254;150989,5;137568916,7;0;137568916,7
2618;20170101;2017;52;Nhập khẩu (hàng nước ngoài);Trung Quốc;Máy xử lý dữ liệu tự động (máy tính) và bộ phận;chiếc/đơn vị;1112;1112;100;207392,147;0;207392,147
2620;20170101;2017;52;Nhập khẩu (hàng nước ngoài);Trung Quốc;Máy xử lý dữ liệu tự động (máy tính) và bộ phận;chiếc/đơn vị;889140;889140;150877,5;137358489,1;0;137358489,1
2630;20170101;2017;52;Nhập khẩu (hàng nước ngoài);Trung Quốc;Điện thoại (kể cả di động) và thiết bị truyền dữ liệu;chiếc/đơn vị;3602;3602;360;1949289,046;0;1949289,046
2631;20170101;2017;52;Nhập khẩu (hàng nước ngoài);Hàn Quốc;Điện thoại (kể cả di động) và thiết bị truyền dữ liệu;chiếc/đơn vị;1951,232;0;241;1017828,686;0;1017828,686
2633;20170101;2017;52;Nhập khẩu (hàng nước ngoài);Thế giới;Thiết bị phát sóng vô tuyến/truyền hình, camera;chiếc/đơn vị;3509;3509;1087,3;579279,506;0;579279,506
2635;20170101;2017;52;Nhập khẩu (hàng nước ngoài);Thế giới;Màn hình, máy chiếu, thiết bị thu truyền hình;chiếc/đơn vị;195586;195586;342409,69;47111794,41;0;47111794,41
2637;20170101;2017;52;Nhập khẩu (hàng nước ngoài);Thế giới;Mạch tích hợp điện tử;chiếc/đơn vị;9034,4;0;57,5;10887,651;0;10887,651
2638;20170101;2017;52;Nhập khẩu (hàng nước ngoài);Trung Quốc;Mạch tích hợp điện tử;chiếc/đơn vị;2039,374;0;28,5;2759,404;0;2759,404
2639;20170101;2017;52;Nhập khẩu (hàng nước ngoài);Trung Quốc;Mạch tích hợp điện tử;chiếc/đơn vị;6995,026;0;29;8128,247;0;8128,247
2646;20170101;2017;52;Nhập khẩu;Thế giới;Máy xử lý dữ liệu tự động (máy tính) và bộ phận;chiếc/đơn vị;890256;890256;150992,5;137569961,3;0;137569961,3
2672;20170101;2017;52;Nhập khẩu;Thế giới;Máy xử lý dữ liệu tự động (máy tính) và bộ phận;chiếc/đơn vị;287156;287156;86831,602;59801949,07;0;59801949,07
2674;20170101;2017;52;Nhập khẩu;Trung Quốc;Máy xử lý dữ liệu tự động (máy tính) và bộ phận;chiếc/đơn vị;286746;286746;86440,573;59680065,72;0;59680065,72
2688;20170101;2017;52;Nhập khẩu;Hàn Quốc;Điện thoại (kể cả di động) và thiết bị truyền dữ liệu;chiếc/đơn vị;8915;8915;4000,229;3636342,905;0;3636342,905
2692;20170101;2017;52;Nhập khẩu;Thế giới;Thiết bị phát sóng vô tuyến/truyền hình, camera;chiếc/đơn vị;5174;5174;1911,867;624769,37;0;624769,37
2694;20170101;2017;52;Nhập khẩu;Trung Quốc;Thiết bị phát sóng vô tuyến/truyền hình, camera;chiếc/đơn vị;5166;5166;1905,77;622777,046;0;622777,046
2703;20170101;2017;52;Nhập khẩu (hàng nước ngoài);Thế giới;Máy xử lý dữ liệu tự động (máy tính) và bộ phận;chiếc/đơn vị;1066192;1066192;206149;176504867,7;0;176504867,7
2706;20170101;2017;52;Nhập khẩu (hàng nước ngoài);Trung Quốc;Máy xử lý dữ liệu tự động (máy tính) và bộ phận;chiếc/đơn vị;1064748;1064748;205368;176271109,6;0;176271109,6
2709;20170101;2017;52;Nhập khẩu (hàng nước ngoài);Vương quốc Anh;Máy xử lý dữ liệu tự động (máy tính) và bộ phận;chiếc/đơn vị;283;283;167;63047,576;0;63047,576
2740;20170101;2017;52;Nhập khẩu (hàng nước ngoài);Hoa Kỳ;Điện thoại (kể cả di động) và thiết bị truyền dữ liệu;chiếc/đơn vị;1224;1224;890;33364,941;0;33364,941
2741;20170101;2017;52;Nhập khẩu (hàng nước ngoài);Thế giới;Thiết bị phát sóng vô tuyến/truyền hình, camera;chiếc/đơn vị;25086;25086;7477;1686998,719;0;1686998,719
2742;20170101;2017;52;Nhập khẩu (hàng nước ngoài);Trung Quốc;Thiết bị phát sóng vô tuyến/truyền hình, camera;chiếc/đơn vị;1134;1134;986;194010,38;0;194010,38
2744;20170101;2017;52;Nhập khẩu (hàng nước ngoài);Trung Quốc;Thiết bị phát sóng vô tuyến/truyền hình, camera;chiếc/đơn vị;22960;22960;6310;1470890,636;0;1470890,636
2745;20170101;2017;52;Nhập khẩu (hàng nước ngoài);Hoa Kỳ;Thiết bị phát sóng vô tuyến/truyền hình, camera;chiếc/đơn vị;912;912;119;1921,035;0;1921,035
2746;20170101;2017;52;Nhập khẩu (hàng nước ngoài);Thế giới;Màn hình, máy chiếu, thiết bị thu truyền hình;chiếc/đơn vị;38699;38699;68213;8096687,832;0;8096687,832
2747;20170101;2017;52;Nhập khẩu (hàng nước ngoài);Trung Quốc;Màn hình, máy chiếu, thiết bị thu truyền hình;chiếc/đơn vị;302;302;112;8029,437;0;8029,437
2748;20170101;2017;52;Nhập khẩu (hàng nước ngoài);Trung Quốc;Màn hình, máy chiếu, thiết bị thu truyền hình;chiếc/đơn vị;38397;38397;68101;8088658,395;0;8088658,395
2750;20170101;2017;52;Nhập khẩu (hàng nước ngoài);Hàn Quốc;Mạch tích hợp điện tử;kg;3059;3059;3059;30726,255;0;30726,255
2756;20170101;2017;52;Nhập khẩu;Các Tiểu vương quốc Ả Rập Thống nhất;Máy in, máy photocopy, máy fax và phụ tùng;kg;165;165;165;1322;1296;1322
2765;20170101;2017;52;Nhập khẩu;Thế giới;Máy xử lý dữ liệu tự động (máy tính) và bộ phận;chiếc/đơn vị;465009;465009;228765;52104101;49558471;52104101
2767;20170101;2017;52;Nhập khẩu;Trung Quốc;Máy xử lý dữ liệu tự động (máy tính) và bộ phận;chiếc/đơn vị;464409;464409;228394;52096266;49550794;52096266
2768;20170101;2017;52;Nhập khẩu;Thế giới;Máy xử lý dữ liệu tự động (máy tính) và bộ phận;chiếc/đơn vị;12;12;2533;2110,98;0;2110,98
2771;20170101;2017;52;Nhập khẩu;Thế giới;Máy xử lý dữ liệu tự động (máy tính) và bộ phận;chiếc/đơn vị;2918;2918;1722,832;434931,37;0;434931,37
2830;20170101;2017;52;Nhập khẩu;Trung Quốc;Điện thoại (kể cả di động) và thiết bị truyền dữ liệu;chiếc/đơn vị;2751,355;0;825;354002;350639;354002
2834;20170101;2017;52;Nhập khẩu;Thế giới;Điện thoại (kể cả di động) và thiết bị truyền dữ liệu;chiếc/đơn vị;17831;17831;6284;485679,99;0;485679,99
2836;20170101;2017;52;Nhập khẩu;Thế giới;Điện thoại (kể cả di động) và thiết bị truyền dữ liệu;kg;59,53;59,53;59,53;36960,15;0;36960,15
2851;20170101;2017;52;Nhập khẩu;Nam Phi;Điện thoại (kể cả di động) và thiết bị truyền dữ liệu;chiếc/đơn vị;1512,339;0;548,194;278024,345;0;278024,345
2852;20170101;2017;52;Nhập khẩu;Thế giới;Thiết bị phát sóng vô tuyến/truyền hình, camera;chiếc/đơn vị;14813;14813;1075;506719;483271;506719
2861;20170101;2017;52;Nhập khẩu;Thế giới;Màn hình, máy chiếu, thiết bị thu truyền hình;chiếc/đơn vị;68883;68883;64901;4511549;4354962;4511549
2862;20170101;2017;52;Nhập khẩu;Trung Quốc;Màn hình, máy chiếu, thiết bị thu truyền hình;chiếc/đơn vị;68882;68882;64890;4511091;4354523;4511091
2864;20170101;2017;52;Nhập khẩu;Thế giới;Màn hình, máy chiếu, thiết bị thu truyền hình;chiếc/đơn vị;533;533;8681;205543,33;0;205543,33
2866;20170101;2017;52;Nhập khẩu;Thế giới;Màn hình, máy chiếu, thiết bị thu truyền hình;chiếc/đơn vị;16014;16014;20490;674903,68;0;674903,68
2892;20170101;2017;52;Xuất khẩu;Thế giới;Thiết bị phát sóng vô tuyến/truyền hình, camera;chiếc/đơn vị;115;115;90;0;7150;7150
2896;20170101;2017;52;Xuất khẩu;Thế giới;Màn hình, máy chiếu, thiết bị thu truyền hình;chiếc/đơn vị;148;148;7771;0;182043;182043
2902;20170101;2017;52;Xuất khẩu;Thế giới;Mạch tích hợp điện tử;chiếc/đơn vị;81604,763;0;188;0;341033,61;341033,61
2906;20180101;2018;52;Nhập khẩu (hàng nước ngoài);Thế giới;Máy xử lý dữ liệu tự động (máy tính) và bộ phận;chiếc/đơn vị;6758;6758;2565,525;848951,89;0;848951,89
2910;20180101;2018;52;Nhập khẩu (hàng nước ngoài);Thế giới;Điện thoại (kể cả di động) và thiết bị truyền dữ liệu;Cái;0;219377;31702,351;29613047,54;0;29613047,54
2920;20180101;2018;52;Nhập khẩu;Thế giới;Máy xử lý dữ liệu tự động (máy tính) và bộ phận;chiếc/đơn vị;36006;36006;18260,26;4241913,68;3930544,63;4241913,68
2922;20180101;2018;52;Nhập khẩu;Malaysia;Máy xử lý dữ liệu tự động (máy tính) và bộ phận;chiếc/đơn vị;643;643;325;34416,17;31026,37;34416,17
2923;20180101;2018;52;Nhập khẩu;Trung Quốc;Máy xử lý dữ liệu tự động (máy tính) và bộ phận;chiếc/đơn vị;33371;33371;16962,9;4109362;3811310,99;4109362
2924;20180101;2018;52;Nhập khẩu;Thái Lan;Máy xử lý dữ liệu tự động (máy tính) và bộ phận;chiếc/đơn vị;1980;1980;953,71;96335,26;86590,46;96335,26
2966;20180101;2018;52;Nhập khẩu;Israel;Điện thoại (kể cả di động) và thiết bị truyền dữ liệu;chiếc/đơn vị;44;44;5,04;3475,96;3337,66;3475,96
2967;20180101;2018;52;Nhập khẩu;Hàn Quốc;Điện thoại (kể cả di động) và thiết bị truyền dữ liệu;kg;1,13;1,13;1,13;610,74;603,11;610,74
2972;20180101;2018;52;Nhập khẩu;Thế giới;Điện thoại (kể cả di động) và thiết bị truyền dữ liệu;chiếc/đơn vị;67032;67032;11756;1441200;0;1441200
2974;20180101;2018;52;Nhập khẩu;Thế giới;Thiết bị phát sóng vô tuyến/truyền hình, camera;chiếc/đơn vị;15822;15822;19334,03;1444747,99;1437930,69;1444747,99
2976;20180101;2018;52;Nhập khẩu;Thế giới;Thiết bị phát sóng vô tuyến/truyền hình, camera;chiếc/đơn vị;254;254;157;11000;0;11000
2978;20180101;2018;52;Nhập khẩu;Thế giới;Màn hình, máy chiếu, thiết bị thu truyền hình;chiếc/đơn vị;635231;635231;196102,31;11248776,82;10990716,59;11248776,82
2979;20180101;2018;52;Nhập khẩu;Trung Quốc;Màn hình, máy chiếu, thiết bị thu truyền hình;chiếc/đơn vị;402612;402612;14916,81;527060,3;516410,52;527060,3
2980;20180101;2018;52;Nhập khẩu;Hàn Quốc;Màn hình, máy chiếu, thiết bị thu truyền hình;chiếc/đơn vị;39504;39504;2545,69;107441,9;105499,29;107441,9
2981;20180101;2018;52;Nhập khẩu;Trung Quốc;Màn hình, máy chiếu, thiết bị thu truyền hình;chiếc/đơn vị;193115;193115;178639,81;10614274,62;10368806,78;10614274,62
2984;20180101;2018;52;Nhập khẩu;Thế giới;Mạch tích hợp điện tử;chiếc/đơn vị;18126437;18126437;458607,7;14600721,54;14208607,71;14600721,54
2985;20180101;2018;52;Nhập khẩu;Trung Quốc;Mạch tích hợp điện tử;chiếc/đơn vị;4889284;4889284;38469,52;1348996,96;1312590,62;1348996,96
2986;20180101;2018;52;Nhập khẩu;Hồng Kông (Trung Quốc);Mạch tích hợp điện tử;chiếc/đơn vị;423000;423000;1705,67;51193,94;49724,2;51193,94
2987;20180101;2018;52;Nhập khẩu;Nhật Bản;Mạch tích hợp điện tử;chiếc/đơn vị;1911500;1911500;2124,65;67429,33;65666,22;67429,33
2988;20180101;2018;52;Nhập khẩu;Hàn Quốc;Mạch tích hợp điện tử;chiếc/đơn vị;4546561;4546561;322494,74;10145194,72;9866315,99;10145194,72
2990;20180101;2018;52;Nhập khẩu;Châu Á khác (chưa xác định);Mạch tích hợp điện tử;chiếc/đơn vị;4159500;4159500;62253,03;2077944,94;2026377,04;2077944,94
2991;20180101;2018;52;Nhập khẩu;Philippines;Mạch tích hợp điện tử;chiếc/đơn vị;364000;364000;3543,82;105614,04;102913,49;105614,04
2992;20180101;2018;52;Nhập khẩu;Singapore;Mạch tích hợp điện tử;chiếc/đơn vị;82500;82500;361,17;10654,69;10345,5;10654,69
2993;20180101;2018;52;Nhập khẩu;Trung Quốc;Mạch tích hợp điện tử;chiếc/đơn vị;81226;81226;894,54;28833,18;27122,57;28833,18
2994;20180101;2018;52;Nhập khẩu;Thái Lan;Mạch tích hợp điện tử;chiếc/đơn vị;894866;894866;24117,5;683929,18;668960,09;683929,18
2995;20180101;2018;52;Nhập khẩu;Vương quốc Anh;Mạch tích hợp điện tử;chiếc/đơn vị;147000;147000;443,22;15179,25;14583,39;15179,25
2996;20180101;2018;52;Nhập khẩu;Khu vực khác (chưa xác định);Mạch tích hợp điện tử;chiếc/đơn vị;619000;619000;2198,46;64790,38;63082;64790,38
3004;20180101;2018;52;Nhập khẩu (hàng nước ngoài);Thế giới;Máy xử lý dữ liệu tự động (máy tính) và bộ phận;chiếc/đơn vị;1065495;1065495;559819,556;0;137955227,4;137955227,4
3007;20180101;2018;52;Nhập khẩu (hàng nước ngoài);Malaysia;Máy xử lý dữ liệu tự động (máy tính) và bộ phận;chiếc/đơn vị;2514;2514;597,803;0;181978,002;181978,002
3010;20180101;2018;52;Nhập khẩu (hàng nước ngoài);Trung Quốc;Máy xử lý dữ liệu tự động (máy tính) và bộ phận;chiếc/đơn vị;1056412;1056412;556805,139;0;137040261,8;137040261,8
3011;20180101;2018;52;Nhập khẩu (hàng nước ngoài);Thái Lan;Máy xử lý dữ liệu tự động (máy tính) và bộ phận;chiếc/đơn vị;6421;6421;2294,809;0;698565,921;698565,921
3045;20180101;2018;52;Nhập khẩu (hàng nước ngoài);Philippines;Điện thoại (kể cả di động) và thiết bị truyền dữ liệu;chiếc/đơn vị;1524,76;0;466,51;0;131559,487;131559,487
3048;20180101;2018;52;Nhập khẩu (hàng nước ngoài);Thế giới;Thiết bị phát sóng vô tuyến/truyền hình, camera;chiếc/đơn vị;36767;36767;10512,077;0;3487109,527;3487109,527
3050;20180101;2018;52;Nhập khẩu (hàng nước ngoài);Châu Á khác (chưa xác định);Thiết bị phát sóng vô tuyến/truyền hình, camera;chiếc/đơn vị;99;99;26,531;0;8798,577;8798,577
3051;20180101;2018;52;Nhập khẩu (hàng nước ngoài);Trung Quốc;Thiết bị phát sóng vô tuyến/truyền hình, camera;chiếc/đơn vị;36000;36000;10215,936;0;3388897,866;3388897,866
3052;20180101;2018;52;Nhập khẩu (hàng nước ngoài);Khu vực khác (chưa xác định);Thiết bị phát sóng vô tuyến/truyền hình, camera;chiếc/đơn vị;68;68;230,366;0;76398,169;76398,169
3053;20180101;2018;52;Nhập khẩu (hàng nước ngoài);Thế giới;Màn hình, máy chiếu, thiết bị thu truyền hình;chiếc/đơn vị;30443;30443;220769,09;0;8938439,157;8938439,157
3055;20180101;2018;52;Nhập khẩu (hàng nước ngoài);Trung Quốc;Màn hình, máy chiếu, thiết bị thu truyền hình;chiếc/đơn vị;30441;30441;220748,866;0;8937523,635;8937523,635
3057;20180101;2018;52;Nhập khẩu (hàng nước ngoài);Trung Quốc;Mạch tích hợp điện tử;chiếc/đơn vị;6697;6697;0;0;12497,715;12497,715
3066;20180101;2018;52;Nhập khẩu;Thế giới;Máy in, máy photocopy, máy fax và phụ tùng;Cái;0;18207;133346,79;2068373,84;2017729,46;2068373,84
3067;20180101;2018;52;Nhập khẩu;Nhật Bản;Máy in, máy photocopy, máy fax và phụ tùng;kg;11418,58;4774;11418,58;324801,41;315635,23;324801,41
3068;20180101;2018;52;Nhập khẩu;Trung Quốc;Máy in, máy photocopy, máy fax và phụ tùng;Cái;0;13433;121928,21;1743572,43;1702094,23;1743572,43
3069;20180101;2018;52;Nhập khẩu;Thế giới;Máy in, máy photocopy, máy fax và phụ tùng;kg;4300;4300;4300;1192,672;0;1192,672
3076;20180101;2018;52;Nhập khẩu;Ý;Máy in, máy photocopy, máy fax và phụ tùng;chiếc/đơn vị;755;755;8936;38431,786;0;38431,786
3078;20180101;2018;52;Nhập khẩu;Vương quốc Anh;Máy in, máy photocopy, máy fax và phụ tùng;kg;11178;11178;11178;195830,516;0;195830,516
3088;20180101;2018;52;Nhập khẩu;Thế giới;Máy xử lý dữ liệu tự động (máy tính) và bộ phận;chiếc/đơn vị;91054;91054;58356,93;11578312,55;11119411,54;11578312,55
3092;20180101;2018;52;Nhập khẩu;Thế giới;Máy xử lý dữ liệu tự động (máy tính) và bộ phận;chiếc/đơn vị;7514;7514;10997;886648,454;0;886648,454
3093;20180101;2018;52;Nhập khẩu;Áo;Máy xử lý dữ liệu tự động (máy tính) và bộ phận;chiếc/đơn vị;230;230;155;33019,474;0;33019,474
3094;20180101;2018;52;Nhập khẩu;Bỉ;Máy xử lý dữ liệu tự động (máy tính) và bộ phận;chiếc/đơn vị;2037;2037;5531;83456,838;0;83456,838
3095;20180101;2018;52;Nhập khẩu;Séc;Máy xử lý dữ liệu tự động (máy tính) và bộ phận;chiếc/đơn vị;39;39;40;16166,079;0;16166,079
3096;20180101;2018;52;Nhập khẩu;Đức;Máy xử lý dữ liệu tự động (máy tính) và bộ phận;chiếc/đơn vị;119;119;84;19701,856;0;19701,856
3097;20180101;2018;52;Nhập khẩu;Hy Lạp;Máy xử lý dữ liệu tự động (máy tính) và bộ phận;chiếc/đơn vị;1326;1326;2410;189778,127;0;189778,127
3098;20180101;2018;52;Nhập khẩu;Hungary;Máy xử lý dữ liệu tự động (máy tính) và bộ phận;chiếc/đơn vị;260;260;139;33937,075;0;33937,075
3099;20180101;2018;52;Nhập khẩu;Ý;Máy xử lý dữ liệu tự động (máy tính) và bộ phận;chiếc/đơn vị;917;917;660;190425,29;0;190425,29
3100;20180101;2018;52;Nhập khẩu;Hà Lan;Máy xử lý dữ liệu tự động (máy tính) và bộ phận;chiếc/đơn vị;149;149;175;8239,516;0;8239,516
3101;20180101;2018;52;Nhập khẩu;Ba Lan;Máy xử lý dữ liệu tự động (máy tính) và bộ phận;chiếc/đơn vị;865;865;560;130403,303;0;130403,303
3102;20180101;2018;52;Nhập khẩu;Slovenia;Máy xử lý dữ liệu tự động (máy tính) và bộ phận;chiếc/đơn vị;1572;1572;1243;181520,896;0;181520,896
3103;20180101;2018;52;Nhập khẩu;Thế giới;Máy xử lý dữ liệu tự động (máy tính) và bộ phận;chiếc/đơn vị;5779;5779;3835,948;4768489;4539678;4768489
3105;20180101;2018;52;Nhập khẩu;Trung Quốc;Máy xử lý dữ liệu tự động (máy tính) và bộ phận;chiếc/đơn vị;5769;5769;3831,948;4768165;4539369;4768165
3106;20180101;2018;52;Nhập khẩu;Thế giới;Máy xử lý dữ liệu tự động (máy tính) và bộ phận;chiếc/đơn vị;1338;1338;729,39;0;257232,77;257232,77
3107;20180101;2018;52;Nhập khẩu;Trung Quốc;Máy xử lý dữ liệu tự động (máy tính) và bộ phận;chiếc/đơn vị;1238;1238;698;0;247029,44;247029,44
3183;20180101;2018;52;Nhập khẩu;Thế giới;Điện thoại (kể cả di động) và thiết bị truyền dữ liệu;Cái;0;1034098;332402,99;149092233,6;146851588,3;149092233,6
3184;20180101;2018;52;Nhập khẩu;Trung Quốc;Điện thoại (kể cả di động) và thiết bị truyền dữ liệu;chiếc/đơn vị;899;899;293,97;123288,86;121452,02;123288,86
3185;20180101;2018;52;Nhập khẩu;Trung Quốc;Điện thoại (kể cả di động) và thiết bị truyền dữ liệu;Cái;0;1033199;332109,02;148968944,7;146730136,3;148968944,7
3187;20180101;2018;52;Nhập khẩu;Bỉ;Điện thoại (kể cả di động) và thiết bị truyền dữ liệu;chiếc/đơn vị;226;226;197;11132,853;0;11132,853
3190;20180101;2018;52;Nhập khẩu;Đức;Điện thoại (kể cả di động) và thiết bị truyền dữ liệu;chiếc/đơn vị;1044;1044;693;26356,531;0;26356,531
3192;20180101;2018;52;Nhập khẩu;Ý;Điện thoại (kể cả di động) và thiết bị truyền dữ liệu;chiếc/đơn vị;3041;3041;2020;66745,158;0;66745,158
3194;20180101;2018;52;Nhập khẩu;Trung Quốc;Điện thoại (kể cả di động) và thiết bị truyền dữ liệu;chiếc/đơn vị;22132;22132;9242;11150019,71;0;11150019,71
3199;20180101;2018;52;Nhập khẩu;Thế giới;Điện thoại (kể cả di động) và thiết bị truyền dữ liệu;chiếc/đơn vị;55763;55763;22341,45;0;17111477,06;17111477,06
3200;20180101;2018;52;Nhập khẩu;Trung Quốc;Điện thoại (kể cả di động) và thiết bị truyền dữ liệu;chiếc/đơn vị;45875;45875;19293,4;0;14178869,69;14178869,69
3203;20180101;2018;52;Nhập khẩu;Panama;Điện thoại (kể cả di động) và thiết bị truyền dữ liệu;chiếc/đơn vị;401;401;306,95;0;280362,49;280362,49
3204;20180101;2018;52;Nhập khẩu;Trung Quốc;Điện thoại (kể cả di động) và thiết bị truyền dữ liệu;chiếc/đơn vị;8527;8527;2726,1;0;2390885,12;2390885,12
3210;20180101;2018;52;Nhập khẩu;Thế giới;Thiết bị phát sóng vô tuyến/truyền hình, camera;chiếc/đơn vị;1683;1683;767,02;121176,84;114813,22;121176,84
3215;20180101;2018;52;Nhập khẩu;Thế giới;Màn hình, máy chiếu, thiết bị thu truyền hình;chiếc/đơn vị;252110;252110;225858,2;7433707,1;7116737,53;7433707,1
3217;20180101;2018;52;Nhập khẩu;Thế giới;Màn hình, máy chiếu, thiết bị thu truyền hình;chiếc/đơn vị;3425;3425;5489;260537,348;0;260537,348
3220;20180101;2018;52;Nhập khẩu;Trung Quốc;Màn hình, máy chiếu, thiết bị thu truyền hình;chiếc/đơn vị;3030;3030;1952;124786,685;0;124786,685
3221;20180101;2018;52;Nhập khẩu;Thế giới;Màn hình, máy chiếu, thiết bị thu truyền hình;chiếc/đơn vị;42770;42770;39372;2421123;2237768;2421123
3222;20180101;2018;52;Nhập khẩu;Trung Quốc;Màn hình, máy chiếu, thiết bị thu truyền hình;chiếc/đơn vị;1050;1050;525;33417;30911;33417
3223;20180101;2018;52;Nhập khẩu;Trung Quốc;Màn hình, máy chiếu, thiết bị thu truyền hình;chiếc/đơn vị;41720;41720;38847;2387706;2206857;2387706
3229;20180101;2018;52;Nhập khẩu;Thế giới;Mạch tích hợp điện tử;chiếc/đơn vị;567;567;161,86;2572,6;1629,12;2572,6
3230;20180101;2018;52;Nhập khẩu;Trung Quốc;Mạch tích hợp điện tử;chiếc/đơn vị;552;552;156,92;1191;428,6;1191
3238;20180101;2018;52;Nhập khẩu;Thế giới;Máy in, máy photocopy, máy fax và phụ tùng;chiếc/đơn vị;864;864;7430,4;102165,18;100310,4;102165,18
3241;20180101;2018;52;Nhập khẩu;Trung Quốc;Máy in, máy photocopy, máy fax và phụ tùng;kg;9,478;0;9,478;650,987;0;650,987
3244;20180101;2018;52;Nhập khẩu;Thế giới;Máy xử lý dữ liệu tự động (máy tính) và bộ phận;chiếc/đơn vị;15448;15448;3229,721;1672061,073;1619590,2;1672061,073
3279;20180101;2018;52;Nhập khẩu;Thế giới;Điện thoại (kể cả di động) và thiết bị truyền dữ liệu;chiếc/đơn vị;53343;53343;16532,38;9368488,787;9237170,64;9368488,787
3282;20180101;2018;52;Nhập khẩu;Trung Quốc;Điện thoại (kể cả di động) và thiết bị truyền dữ liệu;chiếc/đơn vị;45717;45717;14409,98;8308877,807;8199410,14;8308877,807
3283;20180101;2018;52;Nhập khẩu;Thế giới;Điện thoại (kể cả di động) và thiết bị truyền dữ liệu;kg;2126,9;2126,9;2126,9;105428,036;0;105428,036
3291;20180101;2018;52;Nhập khẩu;Châu Á khác (chưa xác định);Điện thoại (kể cả di động) và thiết bị truyền dữ liệu;kg;31,216;0;0;5713,561;0;5713,561
3303;20180101;2018;52;Nhập khẩu;Thế giới;Màn hình, máy chiếu, thiết bị thu truyền hình;chiếc/đơn vị;264280;264280;2174395,374;40559186,15;39153270,61;40559186,15
3309;20180101;2018;52;Nhập khẩu;Thế giới;Mạch tích hợp điện tử;Cái;0;66491140;13615,744;5088054,407;5036194,549;5088054,407
3319;20180101;2018;52;Nhập khẩu;Trung Quốc;Máy in, máy photocopy, máy fax và phụ tùng;kg;42617;42617;42617;978862,435;0;978862,435
3321;20180101;2018;52;Nhập khẩu;Hàn Quốc;Máy in, máy photocopy, máy fax và phụ tùng;chiếc/đơn vị;1350;1350;318;70081,996;0;70081,996
3322;20180101;2018;52;Nhập khẩu;Philippines;Máy in, máy photocopy, máy fax và phụ tùng;kg;4977;4977;4977;48567,459;0;48567,459
3324;20180101;2018;52;Nhập khẩu;Thế giới;Máy xử lý dữ liệu tự động (máy tính) và bộ phận;chiếc/đơn vị;1807762;1807762;753177,435;290586644,7;0;290586644,7
3325;20180101;2018;52;Nhập khẩu;Trung Quốc;Máy xử lý dữ liệu tự động (máy tính) và bộ phận;chiếc/đơn vị;82;82;22;23342,948;0;23342,948
3327;20180101;2018;52;Nhập khẩu;Singapore;Máy xử lý dữ liệu tự động (máy tính) và bộ phận;chiếc/đơn vị;21214;21214;2603;482047,296;0;482047,296
3328;20180101;2018;52;Nhập khẩu;Trung Quốc;Máy xử lý dữ liệu tự động (máy tính) và bộ phận;chiếc/đơn vị;1786457;1786457;750496,435;290064233;0;290064233
3376;20180101;2018;52;Nhập khẩu;Thế giới;Thiết bị phát sóng vô tuyến/truyền hình, camera;chiếc/đơn vị;7246;7246;2897;1593620,705;0;1593620,705
3378;20180101;2018;52;Nhập khẩu;Trung Quốc;Thiết bị phát sóng vô tuyến/truyền hình, camera;chiếc/đơn vị;7241;7241;2895;1591387,162;0;1591387,162
3380;20180101;2018;52;Nhập khẩu;Thế giới;Màn hình, máy chiếu, thiết bị thu truyền hình;chiếc/đơn vị;174846;174846;241252;34208798,37;0;34208798,37
3382;20180101;2018;52;Nhập khẩu;Hàn Quốc;Màn hình, máy chiếu, thiết bị thu truyền hình;chiếc/đơn vị;158;158;241;38553,72;0;38553,72
3383;20180101;2018;52;Nhập khẩu;Trung Quốc;Màn hình, máy chiếu, thiết bị thu truyền hình;chiếc/đơn vị;174684;174684;240991;34168624,12;0;34168624,12
3387;20180101;2018;52;Nhập khẩu;Bỉ;Mạch tích hợp điện tử;chiếc/đơn vị;627587;627587;18;214117,779;0;214117,779
3391;20180101;2018;52;Nhập khẩu;Malaysia;Mạch tích hợp điện tử;chiếc/đơn vị;3593000;3593000;34;319078,957;0;319078,957
3406;20180101;2018;52;Nhập khẩu;Thế giới;Máy xử lý dữ liệu tự động (máy tính) và bộ phận;chiếc/đơn vị;41597;41597;34920;8674891,283;0;8674891,283
3408;20180101;2018;52;Nhập khẩu;Trung Quốc;Máy xử lý dữ liệu tự động (máy tính) và bộ phận;chiếc/đơn vị;41596;41596;34892;8672867,128;0;8672867,128
3430;20180101;2018;52;Nhập khẩu;Thế giới;Điện thoại (kể cả di động) và thiết bị truyền dữ liệu;chiếc/đơn vị;4,447;0;3;1208,938;0;1208,938
3434;20180101;2018;52;Nhập khẩu;Trung Quốc;Điện thoại (kể cả di động) và thiết bị truyền dữ liệu;chiếc/đơn vị;497987,234;0;217384,083;132713539,1;0;132713539,1
3458;20180101;2018;52;Nhập khẩu;Thế giới;Máy in, máy photocopy, máy fax và phụ tùng;Cái;0;9220;94813,36;1390783,34;1362538,23;1390783,34
3459;20180101;2018;52;Nhập khẩu;Trung Quốc;Máy in, máy photocopy, máy fax và phụ tùng;chiếc/đơn vị;709;709;5608,61;89543,46;86780,32;89543,46
3460;20180101;2018;52;Nhập khẩu;Trung Quốc;Máy in, máy photocopy, máy fax và phụ tùng;Cái;0;8511;89204,75;1301239,88;1275757,91;1301239,88
3462;20180101;2018;52;Nhập khẩu;Bỉ;Máy in, máy photocopy, máy fax và phụ tùng;kg;251;251;251;10231,268;0;10231,268
3464;20180101;2018;52;Nhập khẩu;Pháp;Máy in, máy photocopy, máy fax và phụ tùng;kg;162,684;0;162,684;3554,442;0;3554,442
3471;20180101;2018;52;Nhập khẩu;Thế giới;Máy xử lý dữ liệu tự động (máy tính) và bộ phận;chiếc/đơn vị;176;176;417;22395,91;20342,066;22395,91
3473;20180101;2018;52;Nhập khẩu;Thế giới;Máy xử lý dữ liệu tự động (máy tính) và bộ phận;chiếc/đơn vị;36;36;930;61388,123;0;61388,123
3477;20180101;2018;52;Nhập khẩu;Thế giới;Máy xử lý dữ liệu tự động (máy tính) và bộ phận;chiếc/đơn vị;2977;2977;8650,28;787575,38;761884,15;787575,38
3480;20180101;2018;52;Nhập khẩu;Bỉ;Máy xử lý dữ liệu tự động (máy tính) và bộ phận;chiếc/đơn vị;29,011;0;18,84;9291,602;0;9291,602
3482;20180101;2018;52;Nhập khẩu;Đức;Máy xử lý dữ liệu tự động (máy tính) và bộ phận;chiếc/đơn vị;1181,233;0;2887,755;215496,457;0;215496,457
3484;20180101;2018;52;Nhập khẩu;Hà Lan;Máy xử lý dữ liệu tự động (máy tính) và bộ phận;chiếc/đơn vị;2791,144;0;3989,526;426461,029;0;426461,029
3485;20180101;2018;52;Nhập khẩu;Trung Quốc;Máy xử lý dữ liệu tự động (máy tính) và bộ phận;chiếc/đơn vị;33684,683;0;45136;15987373,65;0;15987373,65
3487;20180101;2018;52;Nhập khẩu;Vương quốc Anh;Máy xử lý dữ liệu tự động (máy tính) và bộ phận;chiếc/đơn vị;0,42;0;6;199,502;0;199,502
3545;20180101;2018;52;Nhập khẩu;Thế giới;Điện thoại (kể cả di động) và thiết bị truyền dữ liệu;Cái;0;76791;22443,44;8271351,05;8045572,88;8271351,05
3546;20180101;2018;52;Nhập khẩu;Trung Quốc;Điện thoại (kể cả di động) và thiết bị truyền dữ liệu;chiếc/đơn vị;240;240;24;127267,82;126149,6;127267,82
3547;20180101;2018;52;Nhập khẩu;Trung Quốc;Điện thoại (kể cả di động) và thiết bị truyền dữ liệu;Cái;0;76551;22419,44;8144083,23;7919423,28;8144083,23
3549;20180101;2018;52;Nhập khẩu;Phần Lan;Điện thoại (kể cả di động) và thiết bị truyền dữ liệu;chiếc/đơn vị;4537,243;0;5701;1029795,389;0;1029795,389
3558;20180101;2018;52;Nhập khẩu;Thế giới;Thiết bị phát sóng vô tuyến/truyền hình, camera;chiếc/đơn vị;529;529;25551;1280187,745;0;1280187,745
3573;20180101;2018;52;Nhập khẩu;Thế giới;Màn hình, máy chiếu, thiết bị thu truyền hình;chiếc/đơn vị;34;34;560,47;35290,23;31758,29;35290,23
3581;20180101;2018;52;Nhập khẩu;Ba Lan;Màn hình, máy chiếu, thiết bị thu truyền hình;chiếc/đơn vị;431,677;0;2275;144419,422;0;144419,422
3583;20180101;2018;52;Nhập khẩu;Tây Ban Nha;Màn hình, máy chiếu, thiết bị thu truyền hình;chiếc/đơn vị;29,139;0;172,237;9711,855;0;9711,855
3589;20180101;2018;52;Nhập khẩu;Hà Lan;Mạch tích hợp điện tử;chiếc/đơn vị;52787,934;0;598,546;140720,96;0;140720,96
3595;20180101;2018;52;Xuất khẩu;Thế giới;Máy xử lý dữ liệu tự động (máy tính) và bộ phận;chiếc/đơn vị;676;676;2868;0;630708,388;630708,388
3611;20180101;2018;52;Xuất khẩu;Thế giới;Thiết bị phát sóng vô tuyến/truyền hình, camera;chiếc/đơn vị;590;590;180;0;182651,868;182651,868
3624;20180101;2018;52;Nhập khẩu;Thế giới;Máy in, máy photocopy, máy fax và phụ tùng;kg;1755531;1755531;1755531;26460036;25993061;26460036
3631;20180101;2018;52;Nhập khẩu;Thế giới;Máy xử lý dữ liệu tự động (máy tính) và bộ phận;chiếc/đơn vị;13542;13542;124280;7258735,224;7232793,169;7258735,224
3632;20180101;2018;52;Nhập khẩu;Trung Quốc;Máy xử lý dữ liệu tự động (máy tính) và bộ phận;chiếc/đơn vị;759;759;26;4336,763;4157,512;4336,763
3635;20180101;2018;52;Nhập khẩu;Trung Quốc;Máy xử lý dữ liệu tự động (máy tính) và bộ phận;chiếc/đơn vị;12709;12709;124194;7236937,745;7211896,098;7236937,745
3636;20180101;2018;52;Nhập khẩu;Thế giới;Máy xử lý dữ liệu tự động (máy tính) và bộ phận;chiếc/đơn vị;1950;1950;1216,29;328683,11;0;328683,11
3637;20180101;2018;52;Nhập khẩu;Trung Quốc;Máy xử lý dữ liệu tự động (máy tính) và bộ phận;chiếc/đơn vị;1700;1700;1043,79;281736,73;0;281736,73
3659;20180101;2018;52;Nhập khẩu;Thế giới;Điện thoại (kể cả di động) và thiết bị truyền dữ liệu;chiếc/đơn vị;25288,883;0;30981;5906304;5739745;5906304
3660;20180101;2018;52;Nhập khẩu;Trung Quốc;Điện thoại (kể cả di động) và thiết bị truyền dữ liệu;chiếc/đơn vị;6992,298;0;3930;1587007;1558454;1587007
3661;20180101;2018;52;Nhập khẩu;Trung Quốc;Điện thoại (kể cả di động) và thiết bị truyền dữ liệu;chiếc/đơn vị;18296,585;0;27051;4319297;4181291;4319297
3663;20180101;2018;52;Nhập khẩu;Trung Quốc;Điện thoại (kể cả di động) và thiết bị truyền dữ liệu;kg;0,186;0;0,186;47,741;47,741;47,741
3664;20180101;2018;52;Nhập khẩu;Hàn Quốc;Điện thoại (kể cả di động) và thiết bị truyền dữ liệu;kg;701;701;701;263120,891;261261,921;263120,891
3668;20180101;2018;52;Nhập khẩu;Thế giới;Thiết bị phát sóng vô tuyến/truyền hình, camera;chiếc/đơn vị;66912;66912;1319;676730,646;666856,581;676730,646
3670;20180101;2018;52;Nhập khẩu;Thế giới;Màn hình, máy chiếu, thiết bị thu truyền hình;chiếc/đơn vị;133170;133170;678297;33707577,28;33702053,42;33707577,28
3671;20180101;2018;52;Nhập khẩu;Trung Quốc;Màn hình, máy chiếu, thiết bị thu truyền hình;chiếc/đơn vị;194;194;17;4123,335;4123,335;4123,335
3672;20180101;2018;52;Nhập khẩu;Trung Quốc;Màn hình, máy chiếu, thiết bị thu truyền hình;chiếc/đơn vị;132976;132976;678280;33703453,94;33697930,08;33703453,94
3677;20180101;2018;52;Nhập khẩu;Hàn Quốc;Mạch tích hợp điện tử;chiếc/đơn vị;380,135;0;11,765;2103,802;1793,013;2103,802
3680;20180101;2018;52;Nhập khẩu;Trung Quốc;Mạch tích hợp điện tử;chiếc/đơn vị;139484,116;0;484,437;148711,24;145746,427;148711,24
3683;20180101;2018;52;Nhập khẩu (hàng nước ngoài);Trung Quốc;Máy in, máy photocopy, máy fax và phụ tùng;kg;1012;1012;1012;46190,722;0;46190,722
3684;20180101;2018;52;Nhập khẩu (hàng nước ngoài);Nhật Bản;Máy in, máy photocopy, máy fax và phụ tùng;chiếc/đơn vị;1200;1200;6560;53959,983;0;53959,983
3688;20180101;2018;52;Nhập khẩu (hàng nước ngoài);Thế giới;Máy xử lý dữ liệu tự động (máy tính) và bộ phận;chiếc/đơn vị;648539;648539;105935,5;96783918,2;0;96783918,2
3691;20180101;2018;52;Nhập khẩu (hàng nước ngoài);Trung Quốc;Máy xử lý dữ liệu tự động (máy tính) và bộ phận;chiếc/đơn vị;648535;648535;105926,9;96781322,21;0;96781322,21
3705;20180101;2018;52;Nhập khẩu (hàng nước ngoài);Thế giới;Thiết bị phát sóng vô tuyến/truyền hình, camera;chiếc/đơn vị;10975;10975;5495,4;993906,027;0;993906,027
3707;20180101;2018;52;Nhập khẩu (hàng nước ngoài);Trung Quốc;Thiết bị phát sóng vô tuyến/truyền hình, camera;chiếc/đơn vị;10950;10950;5468,4;992756,035;0;992756,035
3708;20180101;2018;52;Nhập khẩu (hàng nước ngoài);Thế giới;Màn hình, máy chiếu, thiết bị thu truyền hình;chiếc/đơn vị;192347;192347;324342,5;44600097,63;0;44600097,63
3720;20180101;2018;52;Nhập khẩu;Thế giới;Máy xử lý dữ liệu tự động (máy tính) và bộ phận;chiếc/đơn vị;648540;648540;105936,5;96784012,39;0;96784012,39
3748;20180101;2018;52;Nhập khẩu;Thế giới;Máy xử lý dữ liệu tự động (máy tính) và bộ phận;chiếc/đơn vị;222281;222281;55076,804;49631969,04;0;49631969,04
3751;20180101;2018;52;Nhập khẩu;Trung Quốc;Máy xử lý dữ liệu tự động (máy tính) và bộ phận;chiếc/đơn vị;221971;221971;54808,472;49539137,43;0;49539137,43
3770;20180101;2018;52;Nhập khẩu;Thái Lan;Điện thoại (kể cả di động) và thiết bị truyền dữ liệu;kg;2,306;0;2,306;230,351;0;230,351
3771;20180101;2018;52;Nhập khẩu;Thế giới;Thiết bị phát sóng vô tuyến/truyền hình, camera;chiếc/đơn vị;1051;1051;321,067;95595,823;0;95595,823
3773;20180101;2018;52;Nhập khẩu;Trung Quốc;Thiết bị phát sóng vô tuyến/truyền hình, camera;chiếc/đơn vị;1048;1048;319,907;95250,296;0;95250,296
3786;20180101;2018;52;Nhập khẩu;Thế giới;Máy xử lý dữ liệu tự động (máy tính) và bộ phận;chiếc/đơn vị;274420;274420;159442;30352072;28897917;30352072
3788;20180101;2018;52;Nhập khẩu;Thế giới;Máy xử lý dữ liệu tự động (máy tính) và bộ phận;chiếc/đơn vị;416;416;1038,41;218744,189;0;218744,189
3815;20180101;2018;52;Nhập khẩu;Trung Quốc;Điện thoại (kể cả di động) và thiết bị truyền dữ liệu;chiếc/đơn vị;3740,877;0;408;274277;261331;274277
3820;20180101;2018;52;Nhập khẩu;Thế giới;Điện thoại (kể cả di động) và thiết bị truyền dữ liệu;chiếc/đơn vị;615,264;0;1445,739;139643,336;0;139643,336
3822;20180101;2018;52;Nhập khẩu;Thế giới;Thiết bị phát sóng vô tuyến/truyền hình, camera;chiếc/đơn vị;27948;27948;1099;265311;248730;265311
3823;20180101;2018;52;Nhập khẩu;Trung Quốc;Thiết bị phát sóng vô tuyến/truyền hình, camera;chiếc/đơn vị;22;22;1;151;122;151
3824;20180101;2018;52;Nhập khẩu;Hàn Quốc;Thiết bị phát sóng vô tuyến/truyền hình, camera;chiếc/đơn vị;132;132;6;883;817;883
3825;20180101;2018;52;Nhập khẩu;Trung Quốc;Thiết bị phát sóng vô tuyến/truyền hình, camera;chiếc/đơn vị;27794;27794;1092;264277;247791;264277
3826;20180101;2018;52;Nhập khẩu;Thế giới;Màn hình, máy chiếu, thiết bị thu truyền hình;chiếc/đơn vị;62509;62509;104652;6091781;5861876;6091781
3829;20180101;2018;52;Nhập khẩu;Trung Quốc;Màn hình, máy chiếu, thiết bị thu truyền hình;chiếc/đơn vị;62497;62497;104641;6089660;5859930;6089660
3834;20180101;2018;52;Xuất khẩu;Thế giới;Máy xử lý dữ liệu tự động (máy tính) và bộ phận;chiếc/đơn vị;192;192;2389;0;169039;169039
3842;20180101;2018;52;Xuất khẩu;Thế giới;Điện thoại (kể cả di động) và thiết bị truyền dữ liệu;chiếc/đơn vị;110,546;0;77;0;2849;2849
3848;20180101;2018;52;Xuất khẩu;Thế giới;Màn hình, máy chiếu, thiết bị thu truyền hình;chiếc/đơn vị;418;418;16106;0;452425;452425
3856;20190101;2019;52;Nhập khẩu (hàng nước ngoài);Thế giới;Máy xử lý dữ liệu tự động (máy tính) và bộ phận;chiếc/đơn vị;6999;6999;1517,999;862750,69;0;862750,69
3860;20190101;2019;52;Nhập khẩu (hàng nước ngoài);Thế giới;Điện thoại (kể cả di động) và thiết bị truyền dữ liệu;Cái;0;280414;39708,294;41843363,24;0;41843363,24
3862;20190101;2019;52;Nhập khẩu (hàng nước ngoài);Thế giới;Thiết bị phát sóng vô tuyến/truyền hình, camera;chiếc/đơn vị;38;38;31,43;48167,37;0;48167,37
3866;20190101;2019;52;Nhập khẩu (hàng nước ngoài);Thế giới;Mạch tích hợp điện tử;chiếc/đơn vị;1961;1961;782,243;208564,43;0;208564,43
3872;20190101;2019;52;Nhập khẩu;Thế giới;Máy xử lý dữ liệu tự động (máy tính) và bộ phận;chiếc/đơn vị;26585;26585;10141,72;4783647,2;4633547,31;4783647,2
3874;20190101;2019;52;Nhập khẩu;Malaysia;Máy xử lý dữ liệu tự động (máy tính) và bộ phận;chiếc/đơn vị;232;232;95,99;12490,53;11114,07;12490,53
3875;20190101;2019;52;Nhập khẩu;Trung Quốc;Máy xử lý dữ liệu tự động (máy tính) và bộ phận;chiếc/đơn vị;25892;25892;9806,7;4742633,94;4596160,83;4742633,94
3876;20190101;2019;52;Nhập khẩu;Thái Lan;Máy xử lý dữ liệu tự động (máy tính) và bộ phận;chiếc/đơn vị;456;456;235,26;28064,81;25841,9;28064,81
3913;20190101;2019;52;Nhập khẩu;Thế giới;Điện thoại (kể cả di động) và thiết bị truyền dữ liệu;chiếc/đơn vị;343839;343839;51812,5;57024847,87;0;57024847,87
3917;20190101;2019;52;Nhập khẩu;Hồng Kông (Trung Quốc);Điện thoại (kể cả di động) và thiết bị truyền dữ liệu;kg;2280,53;2280,53;2280,53;910043,69;897003,76;910043,69
3918;20190101;2019;52;Nhập khẩu;Indonesia;Điện thoại (kể cả di động) và thiết bị truyền dữ liệu;kg;0,27;0,27;0,27;108,5;103,86;108,5
3920;20190101;2019;52;Nhập khẩu;Nhật Bản;Điện thoại (kể cả di động) và thiết bị truyền dữ liệu;kg;179,6;179,6;179,6;264833,15;263987,47;264833,15
3921;20190101;2019;52;Nhập khẩu;Hàn Quốc;Điện thoại (kể cả di động) và thiết bị truyền dữ liệu;kg;2198,48;2198,48;2198,48;1410144,94;1398585,67;1410144,94
3923;20190101;2019;52;Nhập khẩu;Vương quốc Anh;Điện thoại (kể cả di động) và thiết bị truyền dữ liệu;kg;0,02;0,02;0,02;0,84;0,82;0,84
3927;20190101;2019;52;Nhập khẩu;Thế giới;Điện thoại (kể cả di động) và thiết bị truyền dữ liệu;chiếc/đơn vị;84614;84614;15082;1646800;0;1646800
3929;20190101;2019;52;Nhập khẩu;Thế giới;Thiết bị phát sóng vô tuyến/truyền hình, camera;chiếc/đơn vị;475444;475444;478962,02;37136663,44;36981291,14;37136663,44
3930;20190101;2019;52;Nhập khẩu;Trung Quốc;Thiết bị phát sóng vô tuyến/truyền hình, camera;chiếc/đơn vị;4008;4008;7,8;25135,88;24829;25135,88
3932;20190101;2019;52;Nhập khẩu;Hàn Quốc;Thiết bị phát sóng vô tuyến/truyền hình, camera;chiếc/đơn vị;4000;4000;8,5;39202,8;38728,52;39202,8
3933;20190101;2019;52;Nhập khẩu;Trung Quốc;Thiết bị phát sóng vô tuyến/truyền hình, camera;chiếc/đơn vị;459436;459436;478919,38;37056888,38;36902564,78;37056888,38
3936;20190101;2019;52;Nhập khẩu;Thế giới;Thiết bị phát sóng vô tuyến/truyền hình, camera;chiếc/đơn vị;71;71;88;13300;0;13300
3938;20190101;2019;52;Nhập khẩu;Thế giới;Màn hình, máy chiếu, thiết bị thu truyền hình;chiếc/đơn vị;422963;422963;147080,64;6055847,35;5857842,89;6055847,35
3939;20190101;2019;52;Nhập khẩu;Trung Quốc;Màn hình, máy chiếu, thiết bị thu truyền hình;chiếc/đơn vị;314408;314408;19008,25;677760,6;646143,78;677760,6
3940;20190101;2019;52;Nhập khẩu;Hàn Quốc;Màn hình, máy chiếu, thiết bị thu truyền hình;chiếc/đơn vị;16064;16064;1018,76;45945,63;44880,35;45945,63
3941;20190101;2019;52;Nhập khẩu;Trung Quốc;Màn hình, máy chiếu, thiết bị thu truyền hình;chiếc/đơn vị;92491;92491;127053,63;5332141,12;5166818,76;5332141,12
3944;20190101;2019;52;Nhập khẩu;Thế giới;Mạch tích hợp điện tử;chiếc/đơn vị;7746980;7746980;227244,82;6031642,44;5901996,75;6031642,44
3945;20190101;2019;52;Nhập khẩu;Trung Quốc;Mạch tích hợp điện tử;chiếc/đơn vị;2130113;2130113;25521,49;654739,52;639562,23;654739,52
3946;20190101;2019;52;Nhập khẩu;Hồng Kông (Trung Quốc);Mạch tích hợp điện tử;chiếc/đơn vị;437000;437000;2001,7;47834,23;46848,95;47834,23
3947;20190101;2019;52;Nhập khẩu;Nhật Bản;Mạch tích hợp điện tử;chiếc/đơn vị;930120;930120;2979,18;72336,5;70753,56;72336,5
3948;20190101;2019;52;Nhập khẩu;Hàn Quốc;Mạch tích hợp điện tử;chiếc/đơn vị;1594982;1594982;130642,26;3522303,79;3448817,23;3522303,79
3950;20190101;2019;52;Nhập khẩu;Châu Á khác (chưa xác định);Mạch tích hợp điện tử;chiếc/đơn vị;1846593;1846593;42487,21;1150419,22;1124357,79;1150419,22
3951;20190101;2019;52;Nhập khẩu;Philippines;Mạch tích hợp điện tử;chiếc/đơn vị;162500;162500;1192,94;25081,66;24331,4;25081,66
3952;20190101;2019;52;Nhập khẩu;Singapore;Mạch tích hợp điện tử;chiếc/đơn vị;96892;96892;18979;470598,97;461124,04;470598,97
3954;20190101;2019;52;Nhập khẩu;Thái Lan;Mạch tích hợp điện tử;chiếc/đơn vị;251700;251700;1146,57;26122,29;25345,51;26122,29
3955;20190101;2019;52;Nhập khẩu;Vương quốc Anh;Mạch tích hợp điện tử;chiếc/đơn vị;52000;52000;208,65;4987,62;4893,7;4987,62
3956;20190101;2019;52;Nhập khẩu;Hoa Kỳ;Mạch tích hợp điện tử;chiếc/đơn vị;6080;6080;1052,46;24833,11;24247,04;24833,11
3957;20190101;2019;52;Nhập khẩu;Khu vực khác (chưa xác định);Mạch tích hợp điện tử;chiếc/đơn vị;233000;233000;985,96;21463,13;20983,7;21463,13
3970;20190101;2019;52;Nhập khẩu (hàng nước ngoài);Thế giới;Điện thoại (kể cả di động) và thiết bị truyền dữ liệu;chiếc/đơn vị;712;712;268;156865,044;154668,203;156865,044
3977;20190101;2019;52;Nhập khẩu;Thế giới;Máy in, máy photocopy, máy fax và phụ tùng;Cái;0;33553;135741,29;3093520,25;3035229,37;3093520,25
3978;20190101;2019;52;Nhập khẩu;Nhật Bản;Máy in, máy photocopy, máy fax và phụ tùng;kg;25394,28;18067;25394,28;955087,5;941004,68;955087,5
3979;20190101;2019;52;Nhập khẩu;Trung Quốc;Máy in, máy photocopy, máy fax và phụ tùng;Cái;0;15486;110347,01;2138432,75;2094224,69;2138432,75
3986;20190101;2019;52;Nhập khẩu;Vương quốc Anh;Máy in, máy photocopy, máy fax và phụ tùng;kg;8365;8365;8365;108070,629;0;108070,629
3989;20190101;2019;52;Nhập khẩu;Thế giới;Máy xử lý dữ liệu tự động (máy tính) và bộ phận;chiếc/đơn vị;718944;718944;461386,877;0;112614200,5;112614200,5
3991;20190101;2019;52;Nhập khẩu;Malaysia;Máy xử lý dữ liệu tự động (máy tính) và bộ phận;chiếc/đơn vị;163;163;43,719;0;12258,879;12258,879
3992;20190101;2019;52;Nhập khẩu;Trung Quốc;Máy xử lý dữ liệu tự động (máy tính) và bộ phận;chiếc/đơn vị;718052;718052;461102,324;0;112536027;112536027
3993;20190101;2019;52;Nhập khẩu;Thái Lan;Máy xử lý dữ liệu tự động (máy tính) và bộ phận;chiếc/đơn vị;629;629;232,763;0;65267,133;65267,133
3994;20190101;2019;52;Nhập khẩu;Thế giới;Máy xử lý dữ liệu tự động (máy tính) và bộ phận;chiếc/đơn vị;68674;68674;46094,77;12429000,65;12086192,32;12429000,65
3995;20190101;2019;52;Nhập khẩu;Trung Quốc;Máy xử lý dữ liệu tự động (máy tính) và bộ phận;chiếc/đơn vị;3706;3706;2023,25;632865,69;618904,82;632865,69
3996;20190101;2019;52;Nhập khẩu;Nhật Bản;Máy xử lý dữ liệu tự động (máy tính) và bộ phận;chiếc/đơn vị;210;210;3,52;1117,9;1030,71;1117,9
3997;20190101;2019;52;Nhập khẩu;Hàn Quốc;Máy xử lý dữ liệu tự động (máy tính) và bộ phận;chiếc/đơn vị;610;610;176,05;91701,7;90619,47;91701,7
3998;20190101;2019;52;Nhập khẩu;Trung Quốc;Máy xử lý dữ liệu tự động (máy tính) và bộ phận;chiếc/đơn vị;64098;64098;43756,82;11688390,76;11361539,53;11688390,76
4000;20190101;2019;52;Nhập khẩu;Thế giới;Máy xử lý dữ liệu tự động (máy tính) và bộ phận;chiếc/đơn vị;3331;3331;4922;550592,96;0;550592,96
4001;20190101;2019;52;Nhập khẩu;Áo;Máy xử lý dữ liệu tự động (máy tính) và bộ phận;chiếc/đơn vị;220;220;109;40768,905;0;40768,905
4002;20190101;2019;52;Nhập khẩu;Bỉ;Máy xử lý dữ liệu tự động (máy tính) và bộ phận;chiếc/đơn vị;645;645;1752;23698,815;0;23698,815
4003;20190101;2019;52;Nhập khẩu;Đức;Máy xử lý dữ liệu tự động (máy tính) và bộ phận;chiếc/đơn vị;196;196;148;44109,021;0;44109,021
4004;20190101;2019;52;Nhập khẩu;Hy Lạp;Máy xử lý dữ liệu tự động (máy tính) và bộ phận;chiếc/đơn vị;1235;1235;2068;278258,692;0;278258,692
4006;20190101;2019;52;Nhập khẩu;Ý;Máy xử lý dữ liệu tự động (máy tính) và bộ phận;chiếc/đơn vị;195;195;236;43609,627;0;43609,627
4008;20190101;2019;52;Nhập khẩu;Ba Lan;Máy xử lý dữ liệu tự động (máy tính) và bộ phận;chiếc/đơn vị;389;389;244;64269,53;0;64269,53
4011;20190101;2019;52;Nhập khẩu;Thế giới;Máy xử lý dữ liệu tự động (máy tính) và bộ phận;chiếc/đơn vị;7958;7958;2605,496;7877431;7286627;7877431
4012;20190101;2019;52;Nhập khẩu;Trung Quốc;Máy xử lý dữ liệu tự động (máy tính) và bộ phận;chiếc/đơn vị;578;578;20;798920;739001;798920
4013;20190101;2019;52;Nhập khẩu;Trung Quốc;Máy xử lý dữ liệu tự động (máy tính) và bộ phận;chiếc/đơn vị;7380;7380;2585,496;7078511;6547626;7078511
4097;20190101;2019;52;Nhập khẩu;Thế giới;Điện thoại (kể cả di động) và thiết bị truyền dữ liệu;Cái;0;2350021;761446,46;301882596,6;297192662;301882596,6
4098;20190101;2019;52;Nhập khẩu;Trung Quốc;Điện thoại (kể cả di động) và thiết bị truyền dữ liệu;Cái;0;2033;670,81;170029,82;165336,93;170029,82
4099;20190101;2019;52;Nhập khẩu;Hồng Kông (Trung Quốc);Điện thoại (kể cả di động) và thiết bị truyền dữ liệu;kg;2,24;755;2,24;1108,46;1005,16;1108,46
4100;20190101;2019;52;Nhập khẩu;Hàn Quốc;Điện thoại (kể cả di động) và thiết bị truyền dữ liệu;kg;44,23;2694;44,23;18123,33;17664,92;18123,33
4101;20190101;2019;52;Nhập khẩu;Singapore;Điện thoại (kể cả di động) và thiết bị truyền dữ liệu;kg;0,13;30;0,13;58,76;56,4;58,76
4102;20190101;2019;52;Nhập khẩu;Trung Quốc;Điện thoại (kể cả di động) và thiết bị truyền dữ liệu;Cái;0;2344509;760729,05;301693276,3;297008598,6;301693276,3
4107;20190101;2019;52;Nhập khẩu;Bulgaria;Điện thoại (kể cả di động) và thiết bị truyền dữ liệu;chiếc/đơn vị;377;377;138;71549,932;0;71549,932
4112;20190101;2019;52;Nhập khẩu;Ý;Điện thoại (kể cả di động) và thiết bị truyền dữ liệu;chiếc/đơn vị;382;382;186;120801,814;0;120801,814
4113;20190101;2019;52;Nhập khẩu;Ba Lan;Điện thoại (kể cả di động) và thiết bị truyền dữ liệu;chiếc/đơn vị;879;879;692;260517,892;0;260517,892
4114;20190101;2019;52;Nhập khẩu;Slovakia;Điện thoại (kể cả di động) và thiết bị truyền dữ liệu;chiếc/đơn vị;1715;1715;206;27652,537;0;27652,537
4115;20190101;2019;52;Nhập khẩu;Trung Quốc;Điện thoại (kể cả di động) và thiết bị truyền dữ liệu;chiếc/đơn vị;9306;9306;3694;3943056,268;0;3943056,268
4116;20190101;2019;52;Nhập khẩu;Slovenia;Điện thoại (kể cả di động) và thiết bị truyền dữ liệu;chiếc/đơn vị;1872;1872;775;482396,581;0;482396,581
4117;20190101;2019;52;Nhập khẩu;Vương quốc Anh;Điện thoại (kể cả di động) và thiết bị truyền dữ liệu;chiếc/đơn vị;91;91;51;29116,007;0;29116,007
4126;20190101;2019;52;Nhập khẩu;Trung Quốc;Thiết bị phát sóng vô tuyến/truyền hình, camera;chiếc/đơn vị;576;576;449,312;0;142233,149;142233,149
4129;20190101;2019;52;Nhập khẩu;Thế giới;Màn hình, máy chiếu, thiết bị thu truyền hình;chiếc/đơn vị;38110;38110;235283,666;0;11036613;11036613
4131;20190101;2019;52;Nhập khẩu;Trung Quốc;Màn hình, máy chiếu, thiết bị thu truyền hình;chiếc/đơn vị;38109;38109;235177,087;0;11022096,8;11022096,8
4132;20190101;2019;52;Nhập khẩu;Thế giới;Màn hình, máy chiếu, thiết bị thu truyền hình;chiếc/đơn vị;58119;58119;74076,81;3047106,18;3013569,09;3047106,18
4134;20190101;2019;52;Nhập khẩu;Thế giới;Màn hình, máy chiếu, thiết bị thu truyền hình;chiếc/đơn vị;2525;2525;2609;135994,862;0;135994,862
4136;20190101;2019;52;Nhập khẩu;Thế giới;Màn hình, máy chiếu, thiết bị thu truyền hình;chiếc/đơn vị;10233;10233;9409;438472,313;0;438472,313
4139;20190101;2019;52;Nhập khẩu;Trung Quốc;Màn hình, máy chiếu, thiết bị thu truyền hình;chiếc/đơn vị;10100;10100;7098;406750,724;0;406750,724
4140;20190101;2019;52;Nhập khẩu;Thế giới;Màn hình, máy chiếu, thiết bị thu truyền hình;chiếc/đơn vị;35688;35688;32333;1646076;1524740;1646076
4142;20190101;2019;52;Nhập khẩu;Trung Quốc;Màn hình, máy chiếu, thiết bị thu truyền hình;chiếc/đơn vị;35687;35687;32324;1645878;1524549;1645878
4143;20190101;2019;52;Nhập khẩu;Thế giới;Mạch tích hợp điện tử;chiếc/đơn vị;43380;43380;0;0;5254605,68;5254605,68
4144;20190101;2019;52;Nhập khẩu;Trung Quốc;Mạch tích hợp điện tử;chiếc/đơn vị;1500;1500;0;0;6071,028;6071,028
4145;20190101;2019;52;Nhập khẩu;Hàn Quốc;Mạch tích hợp điện tử;chiếc/đơn vị;605;605;0;0;20148,578;20148,578
4146;20190101;2019;52;Nhập khẩu;Trung Quốc;Mạch tích hợp điện tử;chiếc/đơn vị;41275;41275;0;0;5228386,073;5228386,073
4147;20190101;2019;52;Nhập khẩu;Thế giới;Mạch tích hợp điện tử;chiếc/đơn vị;487;487;540,29;11561,04;5454,57;11561,04
4149;20190101;2019;52;Nhập khẩu;Trung Quốc;Mạch tích hợp điện tử;chiếc/đơn vị;485;485;540,28;11560,48;5454,03;11560,48
4155;20190101;2019;52;Nhập khẩu;Hàn Quốc;Mạch tích hợp điện tử;chiếc/đơn vị;1655,576;0;35;104345;97250;104345
4158;20190101;2019;52;Nhập khẩu;Trung Quốc;Mạch tích hợp điện tử;chiếc/đơn vị;151254,43;0;655,455;1086246;986346;1086246
4170;20190101;2019;52;Nhập khẩu;Thế giới;Máy xử lý dữ liệu tự động (máy tính) và bộ phận;chiếc/đơn vị;13580;13580;7258,212;3244072,084;3167621,02;3244072,084
4179;20190101;2019;52;Nhập khẩu;Trung Quốc;Máy xử lý dữ liệu tự động (máy tính) và bộ phận;chiếc/đơn vị;1772,986;0;332,165;81776,43;0;81776,43
4180;20190101;2019;52;Nhập khẩu;Pháp;Máy xử lý dữ liệu tự động (máy tính) và bộ phận;chiếc/đơn vị;2,412;0;1;1161,069;0;1161,069
4181;20190101;2019;52;Nhập khẩu;Hồng Kông (Trung Quốc);Máy xử lý dữ liệu tự động (máy tính) và bộ phận;chiếc/đơn vị;29,117;0;54;11904,036;0;11904,036
4184;20190101;2019;52;Nhập khẩu;Malaysia;Máy xử lý dữ liệu tự động (máy tính) và bộ phận;chiếc/đơn vị;100,732;0;42,271;12919,552;0;12919,552
4185;20190101;2019;52;Nhập khẩu;Mexico;Máy xử lý dữ liệu tự động (máy tính) và bộ phận;chiếc/đơn vị;2,187;0;6,743;1315,58;0;1315,58
4187;20190101;2019;52;Nhập khẩu;Philippines;Máy xử lý dữ liệu tự động (máy tính) và bộ phận;chiếc/đơn vị;77,611;0;23,195;8158,833;0;8158,833
4189;20190101;2019;52;Nhập khẩu;Singapore;Máy xử lý dữ liệu tự động (máy tính) và bộ phận;chiếc/đơn vị;17,323;0;6,478;1187,94;0;1187,94
4192;20190101;2019;52;Nhập khẩu;Hoa Kỳ;Máy xử lý dữ liệu tự động (máy tính) và bộ phận;chiếc/đơn vị;290,069;0;3664,52;709805,036;0;709805,036
4243;20190101;2019;52;Nhập khẩu;Thế giới;Điện thoại (kể cả di động) và thiết bị truyền dữ liệu;Cái;0;201521;68641,996;42004492,21;41435600,03;42004492,21
4244;20190101;2019;52;Nhập khẩu;Trung Quốc;Điện thoại (kể cả di động) và thiết bị truyền dữ liệu;chiếc/đơn vị;23695;23695;6557,332;3293114,5;3208522,19;3293114,5
4245;20190101;2019;52;Nhập khẩu;Hàn Quốc;Điện thoại (kể cả di động) và thiết bị truyền dữ liệu;chiếc/đơn vị;146;146;76;15700,07;14800,9;15700,07
4246;20190101;2019;52;Nhập khẩu;Trung Quốc;Điện thoại (kể cả di động) và thiết bị truyền dữ liệu;Cái;0;174400;60902,164;38347604,04;37871296,74;38347604,04
4247;20190101;2019;52;Nhập khẩu;Hoa Kỳ;Điện thoại (kể cả di động) và thiết bị truyền dữ liệu;chiếc/đơn vị;3280;3280;1106,5;348073,6;340980,2;348073,6
4249;20190101;2019;52;Nhập khẩu;Trung Quốc;Điện thoại (kể cả di động) và thiết bị truyền dữ liệu;kg;42337,2;42337,2;42337,2;1465143,02;0;1465143,02
4262;20190101;2019;52;Nhập khẩu;Hàn Quốc;Điện thoại (kể cả di động) và thiết bị truyền dữ liệu;chiếc/đơn vị;128,32;0;60,155;29327,909;0;29327,909
4263;20190101;2019;52;Nhập khẩu;Malaysia;Điện thoại (kể cả di động) và thiết bị truyền dữ liệu;chiếc/đơn vị;371,839;0;65,163;188930,671;0;188930,671
4278;20190101;2019;52;Nhập khẩu;Trung Quốc;Thiết bị phát sóng vô tuyến/truyền hình, camera;chiếc/đơn vị;66,4;0;111,96;14309,028;0;14309,028
4283;20190101;2019;52;Nhập khẩu;Hoa Kỳ;Thiết bị phát sóng vô tuyến/truyền hình, camera;chiếc/đơn vị;76,659;0;138,629;33364,219;0;33364,219
4285;20190101;2019;52;Nhập khẩu;Thế giới;Màn hình, máy chiếu, thiết bị thu truyền hình;chiếc/đơn vị;91265;91265;966266,69;20292487,51;19665771,38;20292487,51
4290;20190101;2019;52;Nhập khẩu;Trung Quốc;Màn hình, máy chiếu, thiết bị thu truyền hình;chiếc/đơn vị;97,421;0;152,132;9952,5;0;9952,5
4294;20190101;2019;52;Nhập khẩu;Châu Á khác (chưa xác định);Màn hình, máy chiếu, thiết bị thu truyền hình;chiếc/đơn vị;24,237;0;49,698;6961,935;0;6961,935
4296;20190101;2019;52;Nhập khẩu;Hoa Kỳ;Màn hình, máy chiếu, thiết bị thu truyền hình;chiếc/đơn vị;2,109;0;27,2;2438,581;0;2438,581
4298;20190101;2019;52;Nhập khẩu;Thế giới;Mạch tích hợp điện tử;Cái;0;14805655;5568,717;1002566,266;987991,758;1002566,266
4312;20190101;2019;52;Nhập khẩu;Singapore;Mạch tích hợp điện tử;chiếc/đơn vị;459587,574;0;9182,404;1212983,455;0;1212983,455
4317;20190101;2019;52;Nhập khẩu;Khu vực khác (chưa xác định);Mạch tích hợp điện tử;chiếc/đơn vị;977761,645;0;1681,476;1480570,112;0;1480570,112
4328;20190101;2019;52;Xuất khẩu trong nước;Thế giới;Mạch tích hợp điện tử;chiếc/đơn vị;25118,873;0;100,264;0;42133,253;42133,253
4342;20190101;2019;52;Nhập khẩu;Thế giới;Máy in, máy photocopy, máy fax và phụ tùng;Cái;0;484,5;10642,9;157290,79;0;157290,79
4343;20190101;2019;52;Nhập khẩu;Trung Quốc;Máy in, máy photocopy, máy fax và phụ tùng;Cái;0;61;400,9;24890;0;24890
4346;20190101;2019;52;Nhập khẩu;Trung Quốc;Máy in, máy photocopy, máy fax và phụ tùng;Cái;0;416,5;9917;117100,79;0;117100,79
4350;20190101;2019;52;Nhập khẩu;Hungary;Máy in, máy photocopy, máy fax và phụ tùng;chiếc/đơn vị;172;172;550;44252,333;0;44252,333
4354;20190101;2019;52;Nhập khẩu;Thế giới;Máy xử lý dữ liệu tự động (máy tính) và bộ phận;chiếc/đơn vị;504;504;9332,02;1696469,76;0;1696469,76
4355;20190101;2019;52;Nhập khẩu;Trung Quốc;Máy xử lý dữ liệu tự động (máy tính) và bộ phận;chiếc/đơn vị;207;207;5797,4;1564696;0;1564696
4357;20190101;2019;52;Nhập khẩu;Trung Quốc;Máy xử lý dữ liệu tự động (máy tính) và bộ phận;chiếc/đơn vị;293;293;3529,62;128865,76;0;128865,76
4358;20190101;2019;52;Nhập khẩu;Thế giới;Máy xử lý dữ liệu tự động (máy tính) và bộ phận;chiếc/đơn vị;62900;62900;40584;12236087,01;0;12236087,01
4360;20190101;2019;52;Nhập khẩu;Trung Quốc;Máy xử lý dữ liệu tự động (máy tính) và bộ phận;chiếc/đơn vị;62838;62838;40507;12219987,84;0;12219987,84
4416;20190101;2019;52;Nhập khẩu;Hồng Kông (Trung Quốc);Điện thoại (kể cả di động) và thiết bị truyền dữ liệu;chiếc/đơn vị;30000;30000;9180;180000;0;180000
4419;20190101;2019;52;Nhập khẩu;Trung Quốc;Điện thoại (kể cả di động) và thiết bị truyền dữ liệu;Cái;0;293710;106278,82;3391576,7;0;3391576,7
4430;20190101;2019;52;Nhập khẩu;Thế giới;Thiết bị phát sóng vô tuyến/truyền hình, camera;chiếc/đơn vị;1059;1059;10798,5;279478;0;279478
4431;20190101;2019;52;Nhập khẩu;Trung Quốc;Thiết bị phát sóng vô tuyến/truyền hình, camera;chiếc/đơn vị;1057;1057;10080;244378;0;244378
4435;20190101;2019;52;Nhập khẩu;Thế giới;Màn hình, máy chiếu, thiết bị thu truyền hình;chiếc/đơn vị;396;396;11698;168260,3;0;168260,3
4436;20190101;2019;52;Nhập khẩu;Trung Quốc;Màn hình, máy chiếu, thiết bị thu truyền hình;chiếc/đơn vị;363;363;11554;162624;0;162624
4463;20190101;2019;52;Nhập khẩu (hàng nước ngoài);Thế giới;Điện thoại (kể cả di động) và thiết bị truyền dữ liệu;chiếc/đơn vị;3240;3240;781;34615;0;34615
4471;20190101;2019;52;Nhập khẩu;Thế giới;Máy in, máy photocopy, máy fax và phụ tùng;chiếc/đơn vị;14270;14270;164287,98;2544251,68;2457130,72;2544251,68
4472;20190101;2019;52;Nhập khẩu;Trung Quốc;Máy in, máy photocopy, máy fax và phụ tùng;chiếc/đơn vị;2016;2016;20168,5;266536,27;261093,36;266536,27
4473;20190101;2019;52;Nhập khẩu;Trung Quốc;Máy in, máy photocopy, máy fax và phụ tùng;chiếc/đơn vị;12254;12254;144119,48;2277715,41;2196037,36;2277715,41
4475;20190101;2019;52;Nhập khẩu;Bỉ;Máy in, máy photocopy, máy fax và phụ tùng;kg;2514,524;0;2514,524;92224,395;0;92224,395
4477;20190101;2019;52;Nhập khẩu;Pháp;Máy in, máy photocopy, máy fax và phụ tùng;kg;12,495;0;12,495;939,352;0;939,352
4485;20190101;2019;52;Nhập khẩu;Thế giới;Máy xử lý dữ liệu tự động (máy tính) và bộ phận;chiếc/đơn vị;5490;5490;3494;1068794,51;960857,608;1068794,51
4492;20190101;2019;52;Nhập khẩu;Thế giới;Máy xử lý dữ liệu tự động (máy tính) và bộ phận;chiếc/đơn vị;273,245;0;556;88561;81321;88561
4494;20190101;2019;52;Nhập khẩu;Thế giới;Máy xử lý dữ liệu tự động (máy tính) và bộ phận;chiếc/đơn vị;14826;14826;4045,74;3081569,5;2994179,84;3081569,5
4497;20190101;2019;52;Nhập khẩu;Trung Quốc;Máy xử lý dữ liệu tự động (máy tính) và bộ phận;chiếc/đơn vị;14823;14823;3915,18;3068664,64;2981583,63;3068664,64
4498;20190101;2019;52;Nhập khẩu;Thế giới;Máy xử lý dữ liệu tự động (máy tính) và bộ phận;chiếc/đơn vị;129294;129294;67543,25;26656277,42;0;26656277,42
4500;20190101;2019;52;Nhập khẩu;Đức;Máy xử lý dữ liệu tự động (máy tính) và bộ phận;chiếc/đơn vị;1090;1090;4225;310028,564;0;310028,564
4501;20190101;2019;52;Nhập khẩu;Ý;Máy xử lý dữ liệu tự động (máy tính) và bộ phận;chiếc/đơn vị;611;611;388,294;320241,634;0;320241,634
4502;20190101;2019;52;Nhập khẩu;Hà Lan;Máy xử lý dữ liệu tự động (máy tính) và bộ phận;chiếc/đơn vị;8650;8650;5528,027;670718,296;0;670718,296
4503;20190101;2019;52;Nhập khẩu;Slovakia;Máy xử lý dữ liệu tự động (máy tính) và bộ phận;chiếc/đơn vị;64;64;60;16595,958;0;16595,958
4504;20190101;2019;52;Nhập khẩu;Trung Quốc;Máy xử lý dữ liệu tự động (máy tính) và bộ phận;chiếc/đơn vị;118115;118115;56382;25233772,21;0;25233772,21
4505;20190101;2019;52;Nhập khẩu;Tây Ban Nha;Máy xử lý dữ liệu tự động (máy tính) và bộ phận;chiếc/đơn vị;551;551;795,929;75457,138;0;75457,138
4584;20190101;2019;52;Nhập khẩu;Thế giới;Điện thoại (kể cả di động) và thiết bị truyền dữ liệu;Cái;0;732420;84459,01;106279529,1;104304275,7;106279529,1
4585;20190101;2019;52;Nhập khẩu;Canada;Điện thoại (kể cả di động) và thiết bị truyền dữ liệu;kg;46,4;5;46,4;4585,95;4476,26;4585,95
4586;20190101;2019;52;Nhập khẩu;Trung Quốc;Điện thoại (kể cả di động) và thiết bị truyền dữ liệu;Cái;0;7019;1589,52;1584629,96;1548705,97;1584629,96
4587;20190101;2019;52;Nhập khẩu;Indonesia;Điện thoại (kể cả di động) và thiết bị truyền dữ liệu;kg;243,75;8;243,75;2597,61;1508;2597,61
4588;20190101;2019;52;Nhập khẩu;Israel;Điện thoại (kể cả di động) và thiết bị truyền dữ liệu;kg;185,27;43;185,27;1807,21;981,91;1807,21
4589;20190101;2019;52;Nhập khẩu;Ý;Điện thoại (kể cả di động) và thiết bị truyền dữ liệu;kg;566,18;108;566,18;5384,86;2865,1;5384,86
4590;20190101;2019;52;Nhập khẩu;Nhật Bản;Điện thoại (kể cả di động) và thiết bị truyền dữ liệu;kg;258,23;28;258,23;2741,13;1587;2741,13
4591;20190101;2019;52;Nhập khẩu;Hàn Quốc;Điện thoại (kể cả di động) và thiết bị truyền dữ liệu;Cái;0;2950;291,8;360961,64;354018,58;360961,64
4593;20190101;2019;52;Nhập khẩu;Châu Á khác (chưa xác định);Điện thoại (kể cả di động) và thiết bị truyền dữ liệu;Cái;0;14;40,29;64508,28;63621,52;64508,28
4594;20190101;2019;52;Nhập khẩu;Trung Quốc;Điện thoại (kể cả di động) và thiết bị truyền dữ liệu;Cái;0;722206;80965,58;104111945,2;102189405,3;104111945,2
4595;20190101;2019;52;Nhập khẩu;Thái Lan;Điện thoại (kể cả di động) và thiết bị truyền dữ liệu;kg;177,14;30;177,14;44011,6;42755,24;44011,6
4596;20190101;2019;52;Nhập khẩu;Hoa Kỳ;Điện thoại (kể cả di động) và thiết bị truyền dữ liệu;Cái;0;4;10,63;7370,44;7246,76;7370,44
4610;20190101;2019;52;Nhập khẩu;Thế giới;Thiết bị phát sóng vô tuyến/truyền hình, camera;chiếc/đơn vị;1298;1298;52259;2217217,032;0;2217217,032
4616;20190101;2019;52;Nhập khẩu;Trung Quốc;Thiết bị phát sóng vô tuyến/truyền hình, camera;chiếc/đơn vị;324;324;7,59;2657,04;2554,35;2657,04
4617;20190101;2019;52;Nhập khẩu;Thế giới;Thiết bị phát sóng vô tuyến/truyền hình, camera;chiếc/đơn vị;6746;6746;7323,804;2255689,901;0;2255689,901
4618;20190101;2019;52;Nhập khẩu;Đức;Thiết bị phát sóng vô tuyến/truyền hình, camera;chiếc/đơn vị;4996;4996;6589;2236991,318;0;2236991,318
4622;20190101;2019;52;Nhập khẩu;Thế giới;Màn hình, máy chiếu, thiết bị thu truyền hình;chiếc/đơn vị;506;506;112;88903,332;81359,858;88903,332
4626;20190101;2019;52;Nhập khẩu;Thế giới;Màn hình, máy chiếu, thiết bị thu truyền hình;chiếc/đơn vị;14338,841;0;17977;805091;772183;805091
4627;20190101;2019;52;Nhập khẩu;Trung Quốc;Màn hình, máy chiếu, thiết bị thu truyền hình;chiếc/đơn vị;14020,177;0;15650;692354;664424;692354
4628;20190101;2019;52;Nhập khẩu;Trung Quốc;Màn hình, máy chiếu, thiết bị thu truyền hình;chiếc/đơn vị;318,664;0;2327;112737;107759;112737
4629;20190101;2019;52;Nhập khẩu;Thế giới;Màn hình, máy chiếu, thiết bị thu truyền hình;chiếc/đơn vị;8084;8084;5346,71;271743,02;266447,73;271743,02
4630;20190101;2019;52;Nhập khẩu;Trung Quốc;Màn hình, máy chiếu, thiết bị thu truyền hình;chiếc/đơn vị;5000;5000;3260;201640;200000;201640
4632;20190101;2019;52;Nhập khẩu;Trung Quốc;Màn hình, máy chiếu, thiết bị thu truyền hình;chiếc/đơn vị;3082;3082;2064,48;67905,74;64303;67905,74
4633;20190101;2019;52;Nhập khẩu;Thế giới;Màn hình, máy chiếu, thiết bị thu truyền hình;chiếc/đơn vị;2431;2431;17860,948;531993,199;0;531993,199
4635;20190101;2019;52;Nhập khẩu;Đức;Màn hình, máy chiếu, thiết bị thu truyền hình;chiếc/đơn vị;1067;1067;147,874;43018,719;0;43018,719
4637;20190101;2019;52;Nhập khẩu;Hà Lan;Màn hình, máy chiếu, thiết bị thu truyền hình;chiếc/đơn vị;73;73;2078;82538,662;0;82538,662
4640;20190101;2019;52;Nhập khẩu;Tây Ban Nha;Màn hình, máy chiếu, thiết bị thu truyền hình;chiếc/đơn vị;1219;1219;15452;386522,46;0;386522,46
4657;20190101;2019;52;Xuất khẩu;Séc;Máy in, máy photocopy, máy fax và phụ tùng;kg;570;570;570;0;12824,608;12824,608
4658;20190101;2019;52;Xuất khẩu;Đan Mạch;Máy in, máy photocopy, máy fax và phụ tùng;kg;90;90;90;0;2974,682;2974,682
4659;20190101;2019;52;Xuất khẩu;Pháp;Máy in, máy photocopy, máy fax và phụ tùng;kg;20083;20083;20083;0;778365,849;778365,849
4660;20190101;2019;52;Xuất khẩu;Đức;Máy in, máy photocopy, máy fax và phụ tùng;kg;16417;16417;16417;0;553886,5;553886,5
4661;20190101;2019;52;Xuất khẩu;Ý;Máy in, máy photocopy, máy fax và phụ tùng;kg;2980;2980;2980;0;88497,076;88497,076
4664;20190101;2019;52;Xuất khẩu;Thụy Điển;Máy in, máy photocopy, máy fax và phụ tùng;kg;3267;3267;3267;0;118921,234;118921,234
4665;20190101;2019;52;Xuất khẩu;Vương quốc Anh;Máy in, máy photocopy, máy fax và phụ tùng;kg;28685;28685;28685;0;942488,37;942488,37
4666;20190101;2019;52;Xuất khẩu;Thế giới;Máy xử lý dữ liệu tự động (máy tính) và bộ phận;chiếc/đơn vị;922;922;2956;0;765868,713;765868,713
4668;20190101;2019;52;Xuất khẩu;Thế giới;Máy xử lý dữ liệu tự động (máy tính) và bộ phận;chiếc/đơn vị;98;98;62,457;0;10462,328;10462,328
4687;20190101;2019;52;Xuất khẩu;Đức;Điện thoại (kể cả di động) và thiết bị truyền dữ liệu;chiếc/đơn vị;439,301;0;62;0;114663,531;114663,531
4688;20190101;2019;52;Xuất khẩu;Ý;Điện thoại (kể cả di động) và thiết bị truyền dữ liệu;chiếc/đơn vị;1232,038;0;150,592;0;110011,742;110011,742
4690;20190101;2019;52;Xuất khẩu;Tây Ban Nha;Điện thoại (kể cả di động) và thiết bị truyền dữ liệu;chiếc/đơn vị;4671,403;0;806;0;1560435,217;1560435,217
4691;20190101;2019;52;Xuất khẩu;Thế giới;Thiết bị phát sóng vô tuyến/truyền hình, camera;chiếc/đơn vị;532;532;1155;0;221026,879;221026,879
4712;20190101;2019;52;Nhập khẩu;Thế giới;Máy xử lý dữ liệu tự động (máy tính) và bộ phận;chiếc/đơn vị;1207;1207;357;76144;75377;76144
4714;20190101;2019;52;Nhập khẩu;Thế giới;Máy xử lý dữ liệu tự động (máy tính) và bộ phận;chiếc/đơn vị;40349;40349;291022,754;12969190,64;12956709,61;12969190,64
4715;20190101;2019;52;Nhập khẩu;Trung Quốc;Máy xử lý dữ liệu tự động (máy tính) và bộ phận;chiếc/đơn vị;16690;16690;115;36011,272;34525,728;36011,272
4716;20190101;2019;52;Nhập khẩu;Trung Quốc;Máy xử lý dữ liệu tự động (máy tính) và bộ phận;chiếc/đơn vị;23659;23659;290907,754;12933179,37;12922183,89;12933179,37
4717;20190101;2019;52;Nhập khẩu;Thế giới;Máy xử lý dữ liệu tự động (máy tính) và bộ phận;chiếc/đơn vị;1809;1809;1215,9;243556,31;0;243556,31
4744;20190101;2019;52;Nhập khẩu;Thế giới;Điện thoại (kể cả di động) và thiết bị truyền dữ liệu;chiếc/đơn vị;61734;61734;14224;2907853;2867122;2907853
4746;20190101;2019;52;Nhập khẩu;Trung Quốc;Điện thoại (kể cả di động) và thiết bị truyền dữ liệu;chiếc/đơn vị;53884;53884;11608;1852143;1819001;1852143
4756;20190101;2019;52;Nhập khẩu;Thế giới;Thiết bị phát sóng vô tuyến/truyền hình, camera;chiếc/đơn vị;54082;54082;1372,908;766528,041;755352,323;766528,041
4758;20190101;2019;52;Nhập khẩu;Indonesia;Thiết bị phát sóng vô tuyến/truyền hình, camera;chiếc/đơn vị;774;774;1;12857,17;12670,218;12857,17
4759;20190101;2019;52;Nhập khẩu;Hàn Quốc;Thiết bị phát sóng vô tuyến/truyền hình, camera;chiếc/đơn vị;4990;4990;83;55568,5;54758;55568,5
4760;20190101;2019;52;Nhập khẩu;Trung Quốc;Thiết bị phát sóng vô tuyến/truyền hình, camera;chiếc/đơn vị;48138;48138;1282;697702,718;687530,049;697702,718
4763;20190101;2019;52;Nhập khẩu;Thế giới;Màn hình, máy chiếu, thiết bị thu truyền hình;chiếc/đơn vị;18740;18740;22900;570633;553286;570633
4765;20190101;2019;52;Nhập khẩu;Thế giới;Màn hình, máy chiếu, thiết bị thu truyền hình;chiếc/đơn vị;110822;110822;1743872;69400048,03;69397478,84;69400048,03
4775;20190101;2019;52;Nhập khẩu;Hàn Quốc;Mạch tích hợp điện tử;chiếc/đơn vị;275,999;0;3,737;714,225;695,194;714,225
4776;20190101;2019;52;Nhập khẩu;Châu Á khác (chưa xác định);Mạch tích hợp điện tử;chiếc/đơn vị;159007,769;0;25,026;236662,612;236662,612;236662,612
4777;20190101;2019;52;Nhập khẩu;Philippines;Mạch tích hợp điện tử;chiếc/đơn vị;2500;2500;1;545,184;464,582;545,184
4779;20190101;2019;52;Nhập khẩu;Trung Quốc;Mạch tích hợp điện tử;chiếc/đơn vị;4096,353;0;84,445;6429,145;6169,427;6429,145
4781;20190101;2019;52;Nhập khẩu;Khu vực khác (chưa xác định);Mạch tích hợp điện tử;chiếc/đơn vị;106,439;0;2,584;119,784;116,425;119,784
4785;20190101;2019;52;Nhập khẩu (hàng nước ngoài);Trung Quốc;Máy in, máy photocopy, máy fax và phụ tùng;kg;40,8;40,8;40,8;11070,667;0;11070,667
4790;20190101;2019;52;Nhập khẩu (hàng nước ngoài);Thế giới;Máy xử lý dữ liệu tự động (máy tính) và bộ phận;chiếc/đơn vị;618737;618737;99292;99790707,59;0;99790707,59
4803;20190101;2019;52;Nhập khẩu (hàng nước ngoài);Trung Quốc;Điện thoại (kể cả di động) và thiết bị truyền dữ liệu;chiếc/đơn vị;40,023;0;6,9;10809,639;0;10809,639
4804;20190101;2019;52;Nhập khẩu (hàng nước ngoài);Malaysia;Điện thoại (kể cả di động) và thiết bị truyền dữ liệu;chiếc/đơn vị;37937,453;0;17616,54;672975,094;0;672975,094
4806;20190101;2019;52;Nhập khẩu (hàng nước ngoài);Thế giới;Thiết bị phát sóng vô tuyến/truyền hình, camera;chiếc/đơn vị;102160;102160;54466,5;8172699,34;0;8172699,34
4808;20190101;2019;52;Nhập khẩu (hàng nước ngoài);Thế giới;Màn hình, máy chiếu, thiết bị thu truyền hình;chiếc/đơn vị;115462;115462;127631,5;27638247,69;0;27638247,69
4845;20190101;2019;52;Xuất khẩu trong nước;Trung Quốc;Máy in, máy photocopy, máy fax và phụ tùng;kg;86;86;86;0;4709,595;4709,595
4861;20190101;2019;52;Xuất khẩu trong nước;Trung Quốc;Máy xử lý dữ liệu tự động (máy tính) và bộ phận;chiếc/đơn vị;12,53;0;67,073;0;5259,625;5259,625
4862;20190101;2019;52;Xuất khẩu trong nước;Đan Mạch;Máy xử lý dữ liệu tự động (máy tính) và bộ phận;chiếc/đơn vị;0,68;0;160;0;346,079;346,079
4864;20190101;2019;52;Xuất khẩu trong nước;Hồng Kông (Trung Quốc);Máy xử lý dữ liệu tự động (máy tính) và bộ phận;chiếc/đơn vị;79,322;0;303,015;0;77534,985;77534,985
4866;20190101;2019;52;Xuất khẩu trong nước;Nhật Bản;Máy xử lý dữ liệu tự động (máy tính) và bộ phận;chiếc/đơn vị;18,606;0;60;0;8279,653;8279,653
4870;20190101;2019;52;Xuất khẩu trong nước;Ma Cao (Trung Quốc);Máy xử lý dữ liệu tự động (máy tính) và bộ phận;chiếc/đơn vị;3,751;0;3;0;1910,024;1910,024
4871;20190101;2019;52;Xuất khẩu trong nước;Malaysia;Máy xử lý dữ liệu tự động (máy tính) và bộ phận;chiếc/đơn vị;6,318;0;70;0;3046,886;3046,886
4876;20190101;2019;52;Xuất khẩu trong nước;Ả Rập Xê Út;Máy xử lý dữ liệu tự động (máy tính) và bộ phận;chiếc/đơn vị;0,491;0;2;0;249,991;249,991
4878;20190101;2019;52;Xuất khẩu trong nước;Singapore;Máy xử lý dữ liệu tự động (máy tính) và bộ phận;chiếc/đơn vị;9,509;0;22;0;4808,503;4808,503
4879;20190101;2019;52;Xuất khẩu trong nước;Trung Quốc;Máy xử lý dữ liệu tự động (máy tính) và bộ phận;chiếc/đơn vị;26840,11;0;144009,171;0;5052126,726;5052126,726
4958;20190101;2019;52;Xuất khẩu trong nước;Nhật Bản;Điện thoại (kể cả di động) và thiết bị truyền dữ liệu;chiếc/đơn vị;2,603;0;2;0;512,471;512,471
4959;20190101;2019;52;Xuất khẩu trong nước;Malaysia;Điện thoại (kể cả di động) và thiết bị truyền dữ liệu;chiếc/đơn vị;19,944;0;182;0;4324,407;4324,407
4960;20190101;2019;52;Xuất khẩu trong nước;Châu Á khác (chưa xác định);Điện thoại (kể cả di động) và thiết bị truyền dữ liệu;chiếc/đơn vị;0,184;0;3;0;39,986;39,986
4961;20190101;2019;52;Xuất khẩu trong nước;Philippines;Điện thoại (kể cả di động) và thiết bị truyền dữ liệu;chiếc/đơn vị;2,198;0;0,453;0;476,493;476,493
4962;20190101;2019;52;Xuất khẩu trong nước;Singapore;Điện thoại (kể cả di động) và thiết bị truyền dữ liệu;chiếc/đơn vị;25,695;0;9;0;4077,376;4077,376
4964;20190101;2019;52;Xuất khẩu trong nước;Thụy Sĩ;Điện thoại (kể cả di động) và thiết bị truyền dữ liệu;chiếc/đơn vị;1,038;0;2;0;224,997;224,997
4966;20190101;2019;52;Xuất khẩu trong nước;Thế giới;Thiết bị phát sóng vô tuyến/truyền hình, camera;chiếc/đơn vị;12227,075;0;1739,479;0;274344,815;274344,815
4973;20190101;2019;52;Xuất khẩu trong nước;Trung Quốc;Thiết bị phát sóng vô tuyến/truyền hình, camera;chiếc/đơn vị;12209,075;0;1710,17;0;256433,172;256433,172
4979;20190101;2019;52;Xuất khẩu trong nước;Trung Quốc;Màn hình, máy chiếu, thiết bị thu truyền hình;chiếc/đơn vị;41695,448;0;643806;0;15421366,84;15421366,84
4987;20190101;2019;52;Xuất khẩu trong nước;Séc;Mạch tích hợp điện tử;kg;0,002;0;0,002;0;0,987;0,987
4989;20190101;2019;52;Xuất khẩu trong nước;Phần Lan;Mạch tích hợp điện tử;kg;29;29;29;0;5000;5000
4991;20190101;2019;52;Xuất khẩu trong nước;Đức;Mạch tích hợp điện tử;kg;59;59;59;0;3881,554;3881,554
4997;20190101;2019;52;Xuất khẩu trong nước;Jordan;Mạch tích hợp điện tử;kg;0,316;0;0,316;0;199,998;199,998
4998;20190101;2019;52;Xuất khẩu trong nước;Hàn Quốc;Mạch tích hợp điện tử;kg;76;76;76;0;5387,186;5387,186
5005;20190101;2019;52;Xuất khẩu trong nước;New Zealand;Mạch tích hợp điện tử;kg;0,261;0;0,261;0;164,994;164,994
5011;20190101;2019;52;Xuất khẩu trong nước;Ấn Độ;Mạch tích hợp điện tử;kg;145;145;145;0;14369,291;14369,291
5019;20190101;2019;52;Xuất khẩu trong nước;Vương quốc Anh;Mạch tích hợp điện tử;kg;72;72;72;0;16896,329;16896,329
5020;20190101;2019;52;Xuất khẩu trong nước;Hoa Kỳ;Mạch tích hợp điện tử;kg;101;101;101;0;3195,914;3195,914
5043;20190101;2019;52;Nhập khẩu (hàng nước ngoài);Singapore;Máy xử lý dữ liệu tự động (máy tính) và bộ phận;chiếc/đơn vị;993,273;0;983;128887,776;0;128887,776
5044;20190101;2019;52;Nhập khẩu (hàng nước ngoài);Trung Quốc;Máy xử lý dữ liệu tự động (máy tính) và bộ phận;chiếc/đơn vị;25221,577;0;7851,178;2860309,507;0;2860309,507
5048;20190101;2019;52;Nhập khẩu (hàng nước ngoài);Hoa Kỳ;Máy xử lý dữ liệu tự động (máy tính) và bộ phận;chiếc/đơn vị;685,444;0;368,644;99490,345;0;99490,345
5093;20190101;2019;52;Nhập khẩu (hàng nước ngoài);Hồng Kông (Trung Quốc);Điện thoại (kể cả di động) và thiết bị truyền dữ liệu;kg;0,651;0;0,651;186,909;0;186,909
5094;20190101;2019;52;Nhập khẩu (hàng nước ngoài);Indonesia;Điện thoại (kể cả di động) và thiết bị truyền dữ liệu;kg;0,25;0;0,25;71,919;0;71,919
5097;20190101;2019;52;Nhập khẩu (hàng nước ngoài);Lào;Điện thoại (kể cả di động) và thiết bị truyền dữ liệu;chiếc/đơn vị;147,957;0;123;13815,555;0;13815,555
5100;20190101;2019;52;Nhập khẩu (hàng nước ngoài);Singapore;Điện thoại (kể cả di động) và thiết bị truyền dữ liệu;chiếc/đơn vị;0,877;0;2;79,573;0;79,573
5105;20190101;2019;52;Nhập khẩu (hàng nước ngoài);Trung Quốc;Thiết bị phát sóng vô tuyến/truyền hình, camera;chiếc/đơn vị;16259;16259;415,507;262237,589;0;262237,589
5116;20190101;2019;52;Nhập khẩu (hàng nước ngoài);Trung Quốc;Màn hình, máy chiếu, thiết bị thu truyền hình;chiếc/đơn vị;34,666;0;113;10875,932;0;10875,932
5121;20190101;2019;52;Nhập khẩu (hàng nước ngoài);Trung Quốc;Màn hình, máy chiếu, thiết bị thu truyền hình;chiếc/đơn vị;704342,909;0;8953085,841;203032940,9;0;203032940,9
5126;20190101;2019;52;Nhập khẩu (hàng nước ngoài);Trung Quốc;Mạch tích hợp điện tử;chiếc/đơn vị;6545308;6545308;265,165;11836,907;0;11836,907
5127;20190101;2019;52;Nhập khẩu (hàng nước ngoài);Nhật Bản;Mạch tích hợp điện tử;chiếc/đơn vị;3349650;3349650;128;21216,393;0;21216,393
5128;20190101;2019;52;Nhập khẩu (hàng nước ngoài);Hàn Quốc;Mạch tích hợp điện tử;chiếc/đơn vị;54358;54358;565;88341,65;0;88341,65
5129;20190101;2019;52;Nhập khẩu (hàng nước ngoài);Malaysia;Mạch tích hợp điện tử;chiếc/đơn vị;20130;20130;12;4930,041;0;4930,041
5130;20190101;2019;52;Nhập khẩu (hàng nước ngoài);Châu Á khác (chưa xác định);Mạch tích hợp điện tử;chiếc/đơn vị;6225;6225;68;5631,304;0;5631,304
5131;20190101;2019;52;Nhập khẩu (hàng nước ngoài);Philippines;Mạch tích hợp điện tử;chiếc/đơn vị;9246;9246;14;2761,184;0;2761,184
5132;20190101;2019;52;Nhập khẩu (hàng nước ngoài);Singapore;Mạch tích hợp điện tử;chiếc/đơn vị;12998;12998;18;4177,126;0;4177,126
5134;20190101;2019;52;Nhập khẩu (hàng nước ngoài);Thái Lan;Mạch tích hợp điện tử;chiếc/đơn vị;27451;27451;12,166;8377,993;0;8377,993
5137;20190101;2019;52;Nhập khẩu;Hàn Quốc;Máy in, máy photocopy, máy fax và phụ tùng;kg;1,592;0;1,592;105,727;0;105,727
5148;20190101;2019;52;Nhập khẩu;Thế giới;Máy xử lý dữ liệu tự động (máy tính) và bộ phận;chiếc/đơn vị;271981;271981;87098,96;53367772,09;0;53367772,09
5150;20190101;2019;52;Nhập khẩu;Hàn Quốc;Máy xử lý dữ liệu tự động (máy tính) và bộ phận;chiếc/đơn vị;230502;230502;80000;40374066,38;0;40374066,38
5151;20190101;2019;52;Nhập khẩu;Trung Quốc;Máy xử lý dữ liệu tự động (máy tính) và bộ phận;chiếc/đơn vị;41472;41472;7096,188;12992859,89;0;12992859,89
5223;20190101;2019;52;Nhập khẩu;Hàn Quốc;Điện thoại (kể cả di động) và thiết bị truyền dữ liệu;chiếc/đơn vị;83047;83047;12000;38142387,2;0;38142387,2
5240;20190101;2019;52;Nhập khẩu;Thế giới;Thiết bị phát sóng vô tuyến/truyền hình, camera;chiếc/đơn vị;7905;7905;2046,674;2121723,416;0;2121723,416
5276;20190101;2019;52;Nhập khẩu;Thái Lan;Mạch tích hợp điện tử;chiếc/đơn vị;28411;28411;19,166;11502,528;0;11502,528
5413;20190101;2019;52;Xuất khẩu;Trung Quốc;Màn hình, máy chiếu, thiết bị thu truyền hình;chiếc/đơn vị;41707,566;0;643939;0;15425183,78;15425183,78
5458;20190101;2019;52;Nhập khẩu (hàng nước ngoài);Nhật Bản;Máy in, máy photocopy, máy fax và phụ tùng;kg;47;47;47;6101,907;0;6101,907
5463;20190101;2019;52;Nhập khẩu (hàng nước ngoài);Thế giới;Máy xử lý dữ liệu tự động (máy tính) và bộ phận;chiếc/đơn vị;1085019;1085019;155096;189859143,4;0;189859143,4
5464;20190101;2019;52;Nhập khẩu (hàng nước ngoài);Trung Quốc;Máy xử lý dữ liệu tự động (máy tính) và bộ phận;chiếc/đơn vị;26748;26748;3567;333860,949;0;333860,949
5465;20190101;2019;52;Nhập khẩu (hàng nước ngoài);Hồng Kông (Trung Quốc);Máy xử lý dữ liệu tự động (máy tính) và bộ phận;chiếc/đơn vị;166;166;386;1167,744;0;1167,744
5466;20190101;2019;52;Nhập khẩu (hàng nước ngoài);Trung Quốc;Máy xử lý dữ liệu tự động (máy tính) và bộ phận;chiếc/đơn vị;1057592;1057592;150788;189479293,3;0;189479293,3
5468;20190101;2019;52;Nhập khẩu (hàng nước ngoài);Hoa Kỳ;Máy xử lý dữ liệu tự động (máy tính) và bộ phận;chiếc/đơn vị;505;505;340;38272,348;0;38272,348
5497;20190101;2019;52;Nhập khẩu (hàng nước ngoài);Malaysia;Điện thoại (kể cả di động) và thiết bị truyền dữ liệu;chiếc/đơn vị;12165,399;0;8721;345224,09;0;345224,09
5503;20190101;2019;52;Nhập khẩu (hàng nước ngoài);Thế giới;Thiết bị phát sóng vô tuyến/truyền hình, camera;chiếc/đơn vị;44649;44649;15403;1285303,647;0;1285303,647
5504;20190101;2019;52;Nhập khẩu (hàng nước ngoài);Trung Quốc;Thiết bị phát sóng vô tuyến/truyền hình, camera;chiếc/đơn vị;2208;2208;2760;49231,762;0;49231,762
5505;20190101;2019;52;Nhập khẩu (hàng nước ngoài);Hàn Quốc;Thiết bị phát sóng vô tuyến/truyền hình, camera;chiếc/đơn vị;3124;3124;648;51571,082;0;51571,082
5507;20190101;2019;52;Nhập khẩu (hàng nước ngoài);Trung Quốc;Thiết bị phát sóng vô tuyến/truyền hình, camera;chiếc/đơn vị;39311;39311;11936;985947,348;0;985947,348
5510;20190101;2019;52;Nhập khẩu (hàng nước ngoài);Thế giới;Màn hình, máy chiếu, thiết bị thu truyền hình;chiếc/đơn vị;10535;10535;19424;2221632,115;0;2221632,115
5511;20190101;2019;52;Nhập khẩu (hàng nước ngoài);Trung Quốc;Màn hình, máy chiếu, thiết bị thu truyền hình;chiếc/đơn vị;202;202;850;8600,93;0;8600,93
5512;20190101;2019;52;Nhập khẩu (hàng nước ngoài);Trung Quốc;Màn hình, máy chiếu, thiết bị thu truyền hình;chiếc/đơn vị;10326;10326;18566;2211223,355;0;2211223,355
5517;20190101;2019;52;Nhập khẩu (hàng nước ngoài);Vương quốc Anh;Mạch tích hợp điện tử;chiếc/đơn vị;1993,258;0;6;1637,907;0;1637,907
5529;20190101;2019;52;Nhập khẩu;Thế giới;Máy xử lý dữ liệu tự động (máy tính) và bộ phận;chiếc/đơn vị;125340;125340;38789;19396013;18469352;19396013
5530;20190101;2019;52;Nhập khẩu;Trung Quốc;Máy xử lý dữ liệu tự động (máy tính) và bộ phận;chiếc/đơn vị;104;104;66;1308;1285;1308
5531;20190101;2019;52;Nhập khẩu;Trung Quốc;Máy xử lý dữ liệu tự động (máy tính) và bộ phận;chiếc/đơn vị;125210;125210;38618;18815375;17932354;18815375
5590;20190101;2019;52;Nhập khẩu;Hoa Kỳ;Điện thoại (kể cả di động) và thiết bị truyền dữ liệu;kg;147;147;147;2410;712;2410
5603;20190101;2019;52;Nhập khẩu;Thế giới;Thiết bị phát sóng vô tuyến/truyền hình, camera;chiếc/đơn vị;18801;18801;993;261779;253004;261779
5607;20190101;2019;52;Nhập khẩu;Hàn Quốc;Thiết bị phát sóng vô tuyến/truyền hình, camera;chiếc/đơn vị;1105;1105;58;20667;20239;20667
5608;20190101;2019;52;Nhập khẩu;Trung Quốc;Thiết bị phát sóng vô tuyến/truyền hình, camera;chiếc/đơn vị;17052;17052;858;231060;223620;231060
5616;20190101;2019;52;Nhập khẩu;Thế giới;Màn hình, máy chiếu, thiết bị thu truyền hình;chiếc/đơn vị;44166;44166;171022;7839806;7640935;7839806
5619;20190101;2019;52;Nhập khẩu;Trung Quốc;Màn hình, máy chiếu, thiết bị thu truyền hình;chiếc/đơn vị;44046;44046;170933;7809839;7612872;7809839
5647;20190101;2019;52;Xuất khẩu;Thế giới;Điện thoại (kể cả di động) và thiết bị truyền dữ liệu;kg;0,4;0,4;0,4;0;843,1;843,1
5659;20200101;2020;52;Nhập khẩu (hàng nước ngoài);Thế giới;Máy xử lý dữ liệu tự động (máy tính) và bộ phận;chiếc/đơn vị;5890;5890;1482,282;635693,73;0;635693,73
5663;20200101;2020;52;Nhập khẩu (hàng nước ngoài);Thế giới;Điện thoại (kể cả di động) và thiết bị truyền dữ liệu;Cái;0;116420;43368,962;12158984,21;0;12158984,21
5669;20200101;2020;52;Nhập khẩu (hàng nước ngoài);Thế giới;Mạch tích hợp điện tử;chiếc/đơn vị;2941;2941;516,617;645460,17;0;645460,17
5679;20200101;2020;52;Nhập khẩu;Thế giới;Máy xử lý dữ liệu tự động (máy tính) và bộ phận;chiếc/đơn vị;87578;87578;25289,81;9380545,04;9070011,98;9380545,04
5682;20200101;2020;52;Nhập khẩu;Trung Quốc;Máy xử lý dữ liệu tự động (máy tính) và bộ phận;chiếc/đơn vị;87300;87300;25139,81;9362770,48;9053661,77;9362770,48
5686;20200101;2020;52;Nhập khẩu;Thế giới;Máy xử lý dữ liệu tự động (máy tính) và bộ phận;chiếc/đơn vị;0,406;0;0,6;201,19;0;201,19
5723;20200101;2020;52;Nhập khẩu;Hồng Kông (Trung Quốc);Điện thoại (kể cả di động) và thiết bị truyền dữ liệu;kg;4695,8;4695,8;4695,8;1657581,04;1626630,24;1657581,04
5724;20200101;2020;52;Nhập khẩu;Indonesia;Điện thoại (kể cả di động) và thiết bị truyền dữ liệu;kg;1,69;1,69;1,69;356,89;288,7;356,89
5725;20200101;2020;52;Nhập khẩu;Nhật Bản;Điện thoại (kể cả di động) và thiết bị truyền dữ liệu;kg;164,81;164,81;164,81;211238,62;210405,23;211238,62
5727;20200101;2020;52;Nhập khẩu;Châu Á khác (chưa xác định);Điện thoại (kể cả di động) và thiết bị truyền dữ liệu;kg;0,03;0,03;0,03;0,79;0,72;0,79
5728;20200101;2020;52;Nhập khẩu;Hà Lan;Điện thoại (kể cả di động) và thiết bị truyền dữ liệu;kg;0,01;0,01;0,01;2,44;2,4;2,44
5729;20200101;2020;52;Nhập khẩu;Slovakia;Điện thoại (kể cả di động) và thiết bị truyền dữ liệu;kg;13,14;13,14;13,14;6903,49;6770,89;6903,49
5731;20200101;2020;52;Nhập khẩu;Hoa Kỳ;Điện thoại (kể cả di động) và thiết bị truyền dữ liệu;kg;0,05;0,05;0,05;11,07;10,21;11,07
5734;20200101;2020;52;Nhập khẩu;Thế giới;Điện thoại (kể cả di động) và thiết bị truyền dữ liệu;kg;7,42;7,42;7,42;302,03;0;302,03
5735;20200101;2020;52;Nhập khẩu;Hàn Quốc;Điện thoại (kể cả di động) và thiết bị truyền dữ liệu;kg;6,25;6,25;6,25;254,22;0;254,22
5736;20200101;2020;52;Nhập khẩu;Trung Quốc;Điện thoại (kể cả di động) và thiết bị truyền dữ liệu;kg;1,17;1,17;1,17;47,81;0;47,81
5737;20200101;2020;52;Nhập khẩu;Thế giới;Điện thoại (kể cả di động) và thiết bị truyền dữ liệu;chiếc/đơn vị;52934;52934;8186;857600;0;857600
5739;20200101;2020;52;Nhập khẩu;Thế giới;Thiết bị phát sóng vô tuyến/truyền hình, camera;chiếc/đơn vị;785344;785344;447596,9;39785762,01;39554154,44;39785762,01
5741;20200101;2020;52;Nhập khẩu;Hàn Quốc;Thiết bị phát sóng vô tuyến/truyền hình, camera;chiếc/đơn vị;80120;80120;408,31;515213,49;508938,14;515213,49
5742;20200101;2020;52;Nhập khẩu;Trung Quốc;Thiết bị phát sóng vô tuyến/truyền hình, camera;chiếc/đơn vị;702224;702224;447184,34;39258548,52;39033363,96;39258548,52
5747;20200101;2020;52;Nhập khẩu;Thế giới;Màn hình, máy chiếu, thiết bị thu truyền hình;chiếc/đơn vị;424918;424918;128174,06;5997742,22;5665819,68;5997742,22
5748;20200101;2020;52;Nhập khẩu;Trung Quốc;Màn hình, máy chiếu, thiết bị thu truyền hình;chiếc/đơn vị;311854;311854;18970,4;462368,34;452649,15;462368,34
5749;20200101;2020;52;Nhập khẩu;Hàn Quốc;Màn hình, máy chiếu, thiết bị thu truyền hình;chiếc/đơn vị;15935;15935;697,38;18384,68;17329,5;18384,68
5750;20200101;2020;52;Nhập khẩu;Trung Quốc;Màn hình, máy chiếu, thiết bị thu truyền hình;chiếc/đơn vị;97129;97129;108506,28;5516989,2;5195841,03;5516989,2
5753;20200101;2020;52;Nhập khẩu;Thế giới;Mạch tích hợp điện tử;chiếc/đơn vị;7283633;7283633;293221,43;6407905,61;6255239,01;6407905,61
5754;20200101;2020;52;Nhập khẩu;Trung Quốc;Mạch tích hợp điện tử;chiếc/đơn vị;1225182;1225182;19086,32;423169,45;413557,31;423169,45
5755;20200101;2020;52;Nhập khẩu;Hồng Kông (Trung Quốc);Mạch tích hợp điện tử;chiếc/đơn vị;1309500;1309500;5278,68;119065,32;115940,6;119065,32
5756;20200101;2020;52;Nhập khẩu;Nhật Bản;Mạch tích hợp điện tử;chiếc/đơn vị;607048;607048;6544,3;146703,65;143174,48;146703,65
5757;20200101;2020;52;Nhập khẩu;Hàn Quốc;Mạch tích hợp điện tử;chiếc/đơn vị;1705259;1705259;133252,67;2856841,86;2791094,96;2856841,86
5759;20200101;2020;52;Nhập khẩu;Châu Á khác (chưa xác định);Mạch tích hợp điện tử;chiếc/đơn vị;1664250;1664250;85263,06;1848968,75;1800536,17;1848968,75
5761;20200101;2020;52;Nhập khẩu;Philippines;Mạch tích hợp điện tử;chiếc/đơn vị;110000;110000;456,76;9230;9011,35;9230
5762;20200101;2020;52;Nhập khẩu;Singapore;Mạch tích hợp điện tử;chiếc/đơn vị;221181;221181;37393,85;852545,16;833794,67;852545,16
5763;20200101;2020;52;Nhập khẩu;Trung Quốc;Mạch tích hợp điện tử;chiếc/đơn vị;8222;8222;452,98;15767,27;15526,09;15767,27
5764;20200101;2020;52;Nhập khẩu;Thái Lan;Mạch tích hợp điện tử;chiếc/đơn vị;195350;195350;2500,28;74260,64;72895,79;74260,64
5765;20200101;2020;52;Nhập khẩu;Vương quốc Anh;Mạch tích hợp điện tử;chiếc/đơn vị;21000;21000;75,71;1893,74;1856,04;1893,74
5766;20200101;2020;52;Nhập khẩu;Hoa Kỳ;Mạch tích hợp điện tử;chiếc/đơn vị;10640;10640;2091,64;43488,96;42432,32;43488,96
5767;20200101;2020;52;Nhập khẩu;Khu vực khác (chưa xác định);Mạch tích hợp điện tử;chiếc/đơn vị;203000;203000;807,28;15629,38;15085,51;15629,38
5782;20200101;2020;52;Nhập khẩu (hàng nước ngoài);Thế giới;Điện thoại (kể cả di động) và thiết bị truyền dữ liệu;chiếc/đơn vị;71486;71486;16113,55;14305747,45;14114170,85;14305747,45
5783;20200101;2020;52;Nhập khẩu (hàng nước ngoài);Trung Quốc;Điện thoại (kể cả di động) và thiết bị truyền dữ liệu;chiếc/đơn vị;54736;54736;10865,07;10758495,9;10610545,38;10758495,9
5784;20200101;2020;52;Nhập khẩu (hàng nước ngoài);Trung Quốc;Điện thoại (kể cả di động) và thiết bị truyền dữ liệu;chiếc/đơn vị;16750;16750;5248,48;3547251,55;3503625,47;3547251,55
5785;20200101;2020;52;Nhập khẩu (hàng nước ngoài);Thế giới;Màn hình, máy chiếu, thiết bị thu truyền hình;chiếc/đơn vị;898;898;5552;176177,16;163759,15;176177,16
5788;20200101;2020;52;Nhập khẩu (hàng nước ngoài);Trung Quốc;Màn hình, máy chiếu, thiết bị thu truyền hình;chiếc/đơn vị;896;896;5376;139930,64;137088;139930,64
5792;20200101;2020;52;Nhập khẩu;Thế giới;Máy in, máy photocopy, máy fax và phụ tùng;Cái;0;68244;200588,77;4444272,83;4333029,91;4444272,83
5793;20200101;2020;52;Nhập khẩu;Nhật Bản;Máy in, máy photocopy, máy fax và phụ tùng;kg;68971,11;55216;68971,11;2518975,99;2471440,87;2518975,99
5794;20200101;2020;52;Nhập khẩu;Singapore;Máy in, máy photocopy, máy fax và phụ tùng;Cái;0;22;62,41;18309,68;15961,38;18309,68
5795;20200101;2020;52;Nhập khẩu;Trung Quốc;Máy in, máy photocopy, máy fax và phụ tùng;Cái;0;13006;131555,25;1906987,16;1845627,66;1906987,16
5797;20200101;2020;52;Nhập khẩu;Áo;Máy in, máy photocopy, máy fax và phụ tùng;chiếc/đơn vị;462;462;5169;47362,299;0;47362,299
5799;20200101;2020;52;Nhập khẩu;Hy Lạp;Máy in, máy photocopy, máy fax và phụ tùng;chiếc/đơn vị;738;738;7481;122377,164;0;122377,164
5802;20200101;2020;52;Nhập khẩu;Vương quốc Anh;Máy in, máy photocopy, máy fax và phụ tùng;kg;1766;1766;1766;44205,27;0;44205,27
5805;20200101;2020;52;Nhập khẩu;Thế giới;Máy xử lý dữ liệu tự động (máy tính) và bộ phận;chiếc/đơn vị;627136;627136;493507,82;0;117244133,4;117244133,4
5806;20200101;2020;52;Nhập khẩu;Trung Quốc;Máy xử lý dữ liệu tự động (máy tính) và bộ phận;chiếc/đơn vị;1506;1506;780,87;0;95561,081;95561,081
5807;20200101;2020;52;Nhập khẩu;Nhật Bản;Máy xử lý dữ liệu tự động (máy tính) và bộ phận;chiếc/đơn vị;771;771;78,844;0;6378,841;6378,841
5809;20200101;2020;52;Nhập khẩu;Châu Á khác (chưa xác định);Máy xử lý dữ liệu tự động (máy tính) và bộ phận;chiếc/đơn vị;1960;1960;602,596;0;184632,222;184632,222
5810;20200101;2020;52;Nhập khẩu;Trung Quốc;Máy xử lý dữ liệu tự động (máy tính) và bộ phận;chiếc/đơn vị;622723;622723;491995,155;0;116942132,7;116942132,7
5811;20200101;2020;52;Nhập khẩu;Thái Lan;Máy xử lý dữ liệu tự động (máy tính) và bộ phận;chiếc/đơn vị;153;153;44,215;0;13547,302;13547,302
5812;20200101;2020;52;Nhập khẩu;Thế giới;Máy xử lý dữ liệu tự động (máy tính) và bộ phận;chiếc/đơn vị;69594;69594;49336,4;13284036,28;12889490,21;13284036,28
5813;20200101;2020;52;Nhập khẩu;Trung Quốc;Máy xử lý dữ liệu tự động (máy tính) và bộ phận;chiếc/đơn vị;433;433;422,66;90418,33;87822,06;90418,33
5815;20200101;2020;52;Nhập khẩu;Trung Quốc;Máy xử lý dữ liệu tự động (máy tính) và bộ phận;chiếc/đơn vị;68934;68934;48901,86;13190956,94;12799142,22;13190956,94
5817;20200101;2020;52;Nhập khẩu;Thế giới;Máy xử lý dữ liệu tự động (máy tính) và bộ phận;chiếc/đơn vị;3505;3505;6774;672919,062;0;672919,062
5819;20200101;2020;52;Nhập khẩu;Bỉ;Máy xử lý dữ liệu tự động (máy tính) và bộ phận;chiếc/đơn vị;1382;1382;3753;47783,77;0;47783,77
5821;20200101;2020;52;Nhập khẩu;Hy Lạp;Máy xử lý dữ liệu tự động (máy tính) và bộ phận;chiếc/đơn vị;1474;1474;2556;509872,868;0;509872,868
5827;20200101;2020;52;Nhập khẩu;Thế giới;Máy xử lý dữ liệu tự động (máy tính) và bộ phận;chiếc/đơn vị;30371;30371;8438,844;18800393;17937382;18800393
5829;20200101;2020;52;Nhập khẩu;Hàn Quốc;Máy xử lý dữ liệu tự động (máy tính) và bộ phận;chiếc/đơn vị;2460;2460;36;313905;301662;313905
5831;20200101;2020;52;Nhập khẩu;Trung Quốc;Máy xử lý dữ liệu tự động (máy tính) và bộ phận;chiếc/đơn vị;27842;27842;8368,844;18485408;17634640;18485408
5921;20200101;2020;52;Nhập khẩu;Thế giới;Điện thoại (kể cả di động) và thiết bị truyền dữ liệu;Cái;0;2430322;740543,09;302837677,9;298209142,7;302837677,9
5922;20200101;2020;52;Nhập khẩu;Trung Quốc;Điện thoại (kể cả di động) và thiết bị truyền dữ liệu;Cái;0;1184;363,66;85259,36;82707,97;85259,36
5923;20200101;2020;52;Nhập khẩu;Hồng Kông (Trung Quốc);Điện thoại (kể cả di động) và thiết bị truyền dữ liệu;kg;0,51;338;0,51;186,05;180,57;186,05
5924;20200101;2020;52;Nhập khẩu;Hàn Quốc;Điện thoại (kể cả di động) và thiết bị truyền dữ liệu;kg;86,31;4144;86,31;28477,16;27834,28;28477,16
5925;20200101;2020;52;Nhập khẩu;Trung Quốc;Điện thoại (kể cả di động) và thiết bị truyền dữ liệu;Cái;0;2424656;740092,61;302723755,3;298098419,9;302723755,3
5928;20200101;2020;52;Nhập khẩu;Bulgaria;Điện thoại (kể cả di động) và thiết bị truyền dữ liệu;chiếc/đơn vị;2801;2801;1099;682568,334;0;682568,334
5930;20200101;2020;52;Nhập khẩu;Séc;Điện thoại (kể cả di động) và thiết bị truyền dữ liệu;chiếc/đơn vị;880;880;341;193156,766;0;193156,766
5932;20200101;2020;52;Nhập khẩu;Đức;Điện thoại (kể cả di động) và thiết bị truyền dữ liệu;chiếc/đơn vị;1930,29;0;1576;141624,309;0;141624,309
5935;20200101;2020;52;Nhập khẩu;Ý;Điện thoại (kể cả di động) và thiết bị truyền dữ liệu;chiếc/đơn vị;3760;3760;1565;740026,504;0;740026,504
5937;20200101;2020;52;Nhập khẩu;Ba Lan;Điện thoại (kể cả di động) và thiết bị truyền dữ liệu;chiếc/đơn vị;1671;1671;462;391484,252;0;391484,252
5940;20200101;2020;52;Nhập khẩu;Slovenia;Điện thoại (kể cả di động) và thiết bị truyền dữ liệu;chiếc/đơn vị;3323;3323;1358;1030741,657;0;1030741,657
5941;20200101;2020;52;Nhập khẩu;Tây Ban Nha;Điện thoại (kể cả di động) và thiết bị truyền dữ liệu;chiếc/đơn vị;1129;1129;460;303200,497;0;303200,497
5950;20200101;2020;52;Nhập khẩu;Thế giới;Thiết bị phát sóng vô tuyến/truyền hình, camera;chiếc/đơn vị;60292,74;0;0;0;6854918,25;6854918,25
5951;20200101;2020;52;Nhập khẩu;Trung Quốc;Thiết bị phát sóng vô tuyến/truyền hình, camera;chiếc/đơn vị;20952;20952;2776,68;0;863548,957;863548,957
5952;20200101;2020;52;Nhập khẩu;Hàn Quốc;Thiết bị phát sóng vô tuyến/truyền hình, camera;chiếc/đơn vị;227;227;14,455;0;4508,062;4508,062
5953;20200101;2020;52;Nhập khẩu;Châu Á khác (chưa xác định);Thiết bị phát sóng vô tuyến/truyền hình, camera;chiếc/đơn vị;828;828;278,624;0;86893,164;86893,164
5954;20200101;2020;52;Nhập khẩu;Trung Quốc;Thiết bị phát sóng vô tuyến/truyền hình, camera;chiếc/đơn vị;38285,74;0;0;0;5899968,067;5899968,067
5957;20200101;2020;52;Nhập khẩu;Thế giới;Thiết bị phát sóng vô tuyến/truyền hình, camera;chiếc/đơn vị;8379;8379;220;93475;89295;93475
5959;20200101;2020;52;Nhập khẩu;Trung Quốc;Thiết bị phát sóng vô tuyến/truyền hình, camera;chiếc/đơn vị;2200;2200;35;2952;2730;2952
5960;20200101;2020;52;Nhập khẩu;Trung Quốc;Thiết bị phát sóng vô tuyến/truyền hình, camera;chiếc/đơn vị;6178;6178;184;85995;82345;85995
5961;20200101;2020;52;Nhập khẩu;Thế giới;Màn hình, máy chiếu, thiết bị thu truyền hình;chiếc/đơn vị;67025;67025;460291,656;0;18324839,76;18324839,76
5962;20200101;2020;52;Nhập khẩu;Trung Quốc;Màn hình, máy chiếu, thiết bị thu truyền hình;chiếc/đơn vị;1824;1824;260,257;0;33552,481;33552,481
5963;20200101;2020;52;Nhập khẩu;Trung Quốc;Màn hình, máy chiếu, thiết bị thu truyền hình;chiếc/đơn vị;65198;65198;460006,235;0;18288043,05;18288043,05
5965;20200101;2020;52;Nhập khẩu;Thế giới;Màn hình, máy chiếu, thiết bị thu truyền hình;chiếc/đơn vị;7133;7133;105603,5;2526337,33;2468960,59;2526337,33
5966;20200101;2020;52;Nhập khẩu;Trung Quốc;Màn hình, máy chiếu, thiết bị thu truyền hình;chiếc/đơn vị;780;780;2496;56169,79;54566,64;56169,79
5967;20200101;2020;52;Nhập khẩu;Trung Quốc;Màn hình, máy chiếu, thiết bị thu truyền hình;chiếc/đơn vị;6353;6353;103107,5;2470167,54;2414393,95;2470167,54
5972;20200101;2020;52;Nhập khẩu;Thế giới;Màn hình, máy chiếu, thiết bị thu truyền hình;chiếc/đơn vị;86741;86741;29334;1166501;1079913;1166501
5973;20200101;2020;52;Nhập khẩu;Trung Quốc;Màn hình, máy chiếu, thiết bị thu truyền hình;chiếc/đơn vị;86620;86620;28829;1124448;1040115;1124448
5974;20200101;2020;52;Nhập khẩu;Trung Quốc;Màn hình, máy chiếu, thiết bị thu truyền hình;chiếc/đơn vị;121;121;505;42053;39798;42053
5979;20200101;2020;52;Nhập khẩu;Thế giới;Mạch tích hợp điện tử;chiếc/đơn vị;108433;108433;0;0;8055627,924;8055627,924
5980;20200101;2020;52;Nhập khẩu;Trung Quốc;Mạch tích hợp điện tử;chiếc/đơn vị;2000;2000;0;0;6992,492;6992,492
5983;20200101;2020;52;Nhập khẩu;Trung Quốc;Mạch tích hợp điện tử;chiếc/đơn vị;106087;106087;0;0;8033081,646;8033081,646
5984;20200101;2020;52;Nhập khẩu;Thế giới;Mạch tích hợp điện tử;chiếc/đơn vị;555;555;1023,16;61596,93;15237,29;61596,93
5986;20200101;2020;52;Nhập khẩu;Trung Quốc;Mạch tích hợp điện tử;chiếc/đơn vị;521;521;1012,79;60530,56;14594,22;60530,56
5994;20200101;2020;52;Nhập khẩu;Trung Quốc;Mạch tích hợp điện tử;chiếc/đơn vị;3251,225;0;15;66409;61428;66409
5999;20200101;2020;52;Nhập khẩu;Thế giới;Máy in, máy photocopy, máy fax và phụ tùng;Cái;0;6896;57465,9;869069,94;844019;869069,94
6002;20200101;2020;52;Nhập khẩu;Úc;Máy in, máy photocopy, máy fax và phụ tùng;kg;42,863;0;42,863;1895,832;0;1895,832
6006;20200101;2020;52;Nhập khẩu;Ấn Độ;Máy in, máy photocopy, máy fax và phụ tùng;kg;2,017;0;2,017;89,231;0;89,231
6010;20200101;2020;52;Nhập khẩu;Thế giới;Máy xử lý dữ liệu tự động (máy tính) và bộ phận;chiếc/đơn vị;1285;1285;1252,15;373223,39;365972,96;373223,39
6012;20200101;2020;52;Nhập khẩu;Trung Quốc;Máy xử lý dữ liệu tự động (máy tính) và bộ phận;chiếc/đơn vị;757;757;632,85;220341,86;216399,56;220341,86
6013;20200101;2020;52;Nhập khẩu;Hoa Kỳ;Máy xử lý dữ liệu tự động (máy tính) và bộ phận;chiếc/đơn vị;118;118;309,5;44971,53;44127;44971,53
6018;20200101;2020;52;Nhập khẩu;Thế giới;Máy xử lý dữ liệu tự động (máy tính) và bộ phận;chiếc/đơn vị;934879;934879;458388,65;178849957;0;178849957
6019;20200101;2020;52;Nhập khẩu;Trung Quốc;Máy xử lý dữ liệu tự động (máy tính) và bộ phận;chiếc/đơn vị;14817;14817;1817,308;226664,114;0;226664,114
6021;20200101;2020;52;Nhập khẩu;Hàn Quốc;Máy xử lý dữ liệu tự động (máy tính) và bộ phận;chiếc/đơn vị;93;93;24,533;17506,193;0;17506,193
6023;20200101;2020;52;Nhập khẩu;Châu Á khác (chưa xác định);Máy xử lý dữ liệu tự động (máy tính) và bộ phận;chiếc/đơn vị;1118;1118;293,332;95195,098;0;95195,098
6025;20200101;2020;52;Nhập khẩu;Trung Quốc;Máy xử lý dữ liệu tự động (máy tính) và bộ phận;chiếc/đơn vị;918640;918640;455497,636;178333238,1;0;178333238,1
6071;20200101;2020;52;Nhập khẩu;Thế giới;Điện thoại (kể cả di động) và thiết bị truyền dữ liệu;chiếc/đơn vị;194018;194018;61281,711;43403060,79;42872965,82;43403060,79
6072;20200101;2020;52;Nhập khẩu;Trung Quốc;Điện thoại (kể cả di động) và thiết bị truyền dữ liệu;chiếc/đơn vị;12491;12491;2953,381;2383137,273;2348151,305;2383137,273
6073;20200101;2020;52;Nhập khẩu;Trung Quốc;Điện thoại (kể cả di động) và thiết bị truyền dữ liệu;chiếc/đơn vị;181527;181527;58328,33;41019923,52;40524814,52;41019923,52
6074;20200101;2020;52;Nhập khẩu;Thế giới;Điện thoại (kể cả di động) và thiết bị truyền dữ liệu;kg;1564,3;1564,3;1564,3;137062,31;0;137062,31
6075;20200101;2020;52;Nhập khẩu;Trung Quốc;Điện thoại (kể cả di động) và thiết bị truyền dữ liệu;kg;264;264;264;50884,62;0;50884,62
6076;20200101;2020;52;Nhập khẩu;Trung Quốc;Điện thoại (kể cả di động) và thiết bị truyền dữ liệu;kg;1300,3;1300,3;1300,3;86177,69;0;86177,69
6083;20200101;2020;52;Nhập khẩu;Úc;Điện thoại (kể cả di động) và thiết bị truyền dữ liệu;chiếc/đơn vị;9,927;0;25,858;3614,386;0;3614,386
6097;20200101;2020;52;Nhập khẩu;Thế giới;Thiết bị phát sóng vô tuyến/truyền hình, camera;chiếc/đơn vị;103;103;14,167;3928,012;0;3928,012
6099;20200101;2020;52;Nhập khẩu;Thế giới;Thiết bị phát sóng vô tuyến/truyền hình, camera;chiếc/đơn vị;1214;1214;778,748;213104,526;0;213104,526
6101;20200101;2020;52;Nhập khẩu;Trung Quốc;Thiết bị phát sóng vô tuyến/truyền hình, camera;chiếc/đơn vị;834;834;453;43011,754;0;43011,754
6102;20200101;2020;52;Nhập khẩu;Trung Quốc;Thiết bị phát sóng vô tuyến/truyền hình, camera;chiếc/đơn vị;343;343;131,062;15636,165;0;15636,165
6105;20200101;2020;52;Nhập khẩu;Thế giới;Màn hình, máy chiếu, thiết bị thu truyền hình;chiếc/đơn vị;62840;62840;475686,211;10585560,32;10193601,44;10585560,32
6106;20200101;2020;52;Nhập khẩu;Trung Quốc;Màn hình, máy chiếu, thiết bị thu truyền hình;chiếc/đơn vị;142;142;3635,2;58930;55430;58930
6107;20200101;2020;52;Nhập khẩu;Trung Quốc;Màn hình, máy chiếu, thiết bị thu truyền hình;chiếc/đơn vị;62698;62698;472051,011;10526630,32;10138171,44;10526630,32
6113;20200101;2020;52;Nhập khẩu;Thế giới;Màn hình, máy chiếu, thiết bị thu truyền hình;chiếc/đơn vị;345745;345745;231983,491;19935046,73;0;19935046,73
6119;20200101;2020;52;Nhập khẩu;Trung Quốc;Màn hình, máy chiếu, thiết bị thu truyền hình;chiếc/đơn vị;345620;345620;231749;19902585,78;0;19902585,78
6121;20200101;2020;52;Nhập khẩu;Thế giới;Mạch tích hợp điện tử;Cái;0;12246717;7092,48;773747,26;763087,043;773747,26
6132;20200101;2020;52;Nhập khẩu;Châu Á khác (chưa xác định);Mạch tích hợp điện tử;chiếc/đơn vị;13016358,66;0;2274,382;12363940,54;0;12363940,54
6133;20200101;2020;52;Nhập khẩu;Philippines;Mạch tích hợp điện tử;chiếc/đơn vị;103565,79;0;15,289;89491,907;0;89491,907
6143;20200101;2020;52;Nhập khẩu;Nhật Bản;Máy in, máy photocopy, máy fax và phụ tùng;chiếc/đơn vị;84480;84480;430845;2488420,845;0;2488420,845
6144;20200101;2020;52;Nhập khẩu;Philippines;Máy in, máy photocopy, máy fax và phụ tùng;kg;1005;1005;1005;64851,427;0;64851,427
6145;20200101;2020;52;Nhập khẩu;Singapore;Máy in, máy photocopy, máy fax và phụ tùng;kg;313;313;313;11082,618;0;11082,618
6148;20200101;2020;52;Nhập khẩu;Thế giới;Máy xử lý dữ liệu tự động (máy tính) và bộ phận;chiếc/đơn vị;1606007;1606007;639177,283;349346195,8;0;349346195,8
6149;20200101;2020;52;Nhập khẩu;Trung Quốc;Máy xử lý dữ liệu tự động (máy tính) và bộ phận;chiếc/đơn vị;16176;16176;5406;472316,754;0;472316,754
6154;20200101;2020;52;Nhập khẩu;Trung Quốc;Máy xử lý dữ liệu tự động (máy tính) và bộ phận;chiếc/đơn vị;1578317;1578317;629762,283;348426985,2;0;348426985,2
6155;20200101;2020;52;Nhập khẩu;Thái Lan;Máy xử lý dữ liệu tự động (máy tính) và bộ phận;chiếc/đơn vị;11333;11333;3842;413236,881;0;413236,881
6189;20200101;2020;52;Nhập khẩu;Trung Quốc;Điện thoại (kể cả di động) và thiết bị truyền dữ liệu;chiếc/đơn vị;31061,861;0;13940;5985506,199;0;5985506,199
6190;20200101;2020;52;Nhập khẩu;Pháp;Điện thoại (kể cả di động) và thiết bị truyền dữ liệu;chiếc/đơn vị;0,904;0;1;445,636;0;445,636
6192;20200101;2020;52;Nhập khẩu;Nhật Bản;Điện thoại (kể cả di động) và thiết bị truyền dữ liệu;kg;0,225;0;0,225;26,281;0;26,281
6198;20200101;2020;52;Nhập khẩu;Vương quốc Anh;Điện thoại (kể cả di động) và thiết bị truyền dữ liệu;chiếc/đơn vị;2,876;0;39;858,134;0;858,134
6200;20200101;2020;52;Nhập khẩu;Thế giới;Thiết bị phát sóng vô tuyến/truyền hình, camera;chiếc/đơn vị;10490;10490;6719;3582290,908;0;3582290,908
6202;20200101;2020;52;Nhập khẩu;Trung Quốc;Thiết bị phát sóng vô tuyến/truyền hình, camera;chiếc/đơn vị;10456;10456;6663;3573143,948;0;3573143,948
6204;20200101;2020;52;Nhập khẩu;Thế giới;Màn hình, máy chiếu, thiết bị thu truyền hình;chiếc/đơn vị;123847,171;0;87610;7407185,913;0;7407185,913
6205;20200101;2020;52;Nhập khẩu;Trung Quốc;Màn hình, máy chiếu, thiết bị thu truyền hình;chiếc/đơn vị;15902;15902;5040;540299,058;0;540299,058
6207;20200101;2020;52;Nhập khẩu;Trung Quốc;Màn hình, máy chiếu, thiết bị thu truyền hình;chiếc/đơn vị;107943,171;0;82567;6865144,305;0;6865144,305
6210;20200101;2020;52;Nhập khẩu;Bỉ;Mạch tích hợp điện tử;chiếc/đơn vị;2565;2565;7;98550,63;0;98550,63
6211;20200101;2020;52;Nhập khẩu;Trung Quốc;Mạch tích hợp điện tử;chiếc/đơn vị;3079,64;0;37,017;6026,366;0;6026,366
6213;20200101;2020;52;Nhập khẩu;Malaysia;Mạch tích hợp điện tử;chiếc/đơn vị;5154,612;0;33,011;364267,227;0;364267,227
6250;20200101;2020;52;Nhập khẩu;Hungary;Máy in, máy photocopy, máy fax và phụ tùng;chiếc/đơn vị;1227;1227;2832;82434,57;0;82434,57
6254;20200101;2020;52;Nhập khẩu;Thế giới;Máy xử lý dữ liệu tự động (máy tính) và bộ phận;chiếc/đơn vị;79224;79224;64801;17368801,57;0;17368801,57
6302;20200101;2020;52;Nhập khẩu;Thế giới;Màn hình, máy chiếu, thiết bị thu truyền hình;chiếc/đơn vị;218;218;3746,3;62578,357;0;62578,357
6335;20200101;2020;52;Nhập khẩu;Pháp;Máy in, máy photocopy, máy fax và phụ tùng;kg;33,943;0;33,943;877,207;0;877,207
6339;20200101;2020;52;Nhập khẩu;Slovakia;Máy in, máy photocopy, máy fax và phụ tùng;kg;78;78;78;1708,725;0;1708,725
6342;20200101;2020;52;Nhập khẩu;Thế giới;Máy xử lý dữ liệu tự động (máy tính) và bộ phận;chiếc/đơn vị;113;113;3410;459023,774;429342,287;459023,774
6345;20200101;2020;52;Nhập khẩu;Thế giới;Máy xử lý dữ liệu tự động (máy tính) và bộ phận;chiếc/đơn vị;5353;5353;1933;82168,733;0;82168,733
6347;20200101;2020;52;Nhập khẩu;Thế giới;Máy xử lý dữ liệu tự động (máy tính) và bộ phận;chiếc/đơn vị;2542,495;0;2512;1237702;1189526;1237702
6349;20200101;2020;52;Nhập khẩu;Thế giới;Máy xử lý dữ liệu tự động (máy tính) và bộ phận;chiếc/đơn vị;69485;69485;34456,214;15393366,35;0;15393366,35
6353;20200101;2020;52;Nhập khẩu;Đức;Máy xử lý dữ liệu tự động (máy tính) và bộ phận;chiếc/đơn vị;534;534;1373;110788,443;0;110788,443
6356;20200101;2020;52;Nhập khẩu;Slovakia;Máy xử lý dữ liệu tự động (máy tính) và bộ phận;chiếc/đơn vị;134;134;139;61493,548;0;61493,548
6357;20200101;2020;52;Nhập khẩu;Trung Quốc;Máy xử lý dữ liệu tự động (máy tính) và bộ phận;chiếc/đơn vị;45629;45629;20632;10448653,67;0;10448653,67
6358;20200101;2020;52;Nhập khẩu;Tây Ban Nha;Máy xử lý dữ liệu tự động (máy tính) và bộ phận;chiếc/đơn vị;17892;17892;9482,137;4214905,409;0;4214905,409
6401;20200101;2020;52;Nhập khẩu;Thế giới;Điện thoại (kể cả di động) và thiết bị truyền dữ liệu;chiếc/đơn vị;163985,475;0;48754;38449926;37425057;38449926
6402;20200101;2020;52;Nhập khẩu;Hàn Quốc;Điện thoại (kể cả di động) và thiết bị truyền dữ liệu;chiếc/đơn vị;1633,04;0;288;375200;368328;375200
6403;20200101;2020;52;Nhập khẩu;Trung Quốc;Điện thoại (kể cả di động) và thiết bị truyền dữ liệu;chiếc/đơn vị;159571,637;0;48100;37435113;36430811;37435113
6404;20200101;2020;52;Nhập khẩu;Hoa Kỳ;Điện thoại (kể cả di động) và thiết bị truyền dữ liệu;chiếc/đơn vị;2780,797;0;366;639613;625918;639613
6416;20200101;2020;52;Nhập khẩu;Thế giới;Thiết bị phát sóng vô tuyến/truyền hình, camera;chiếc/đơn vị;483;483;15913;648738,152;0;648738,152
6418;20200101;2020;52;Nhập khẩu;Thế giới;Thiết bị phát sóng vô tuyến/truyền hình, camera;chiếc/đơn vị;6915;6915;4317,914;1323204,369;0;1323204,369
6420;20200101;2020;52;Nhập khẩu;Đức;Thiết bị phát sóng vô tuyến/truyền hình, camera;chiếc/đơn vị;3078;3078;3524;1208984,769;0;1208984,769
6421;20200101;2020;52;Nhập khẩu;Hà Lan;Thiết bị phát sóng vô tuyến/truyền hình, camera;chiếc/đơn vị;3636;3636;625,914;48822,026;0;48822,026
6423;20200101;2020;52;Nhập khẩu;Thế giới;Màn hình, máy chiếu, thiết bị thu truyền hình;chiếc/đơn vị;2605;2605;1510,9;77048,903;0;77048,903
6425;20200101;2020;52;Nhập khẩu;Thế giới;Màn hình, máy chiếu, thiết bị thu truyền hình;chiếc/đơn vị;311;311;3471;23649,356;0;23649,356
6427;20200101;2020;52;Nhập khẩu;Thế giới;Màn hình, máy chiếu, thiết bị thu truyền hình;chiếc/đơn vị;50029,164;0;58920;2521751;2350010;2521751
6429;20200101;2020;52;Nhập khẩu;Thế giới;Màn hình, máy chiếu, thiết bị thu truyền hình;chiếc/đơn vị;3210;3210;21690,137;796867,888;0;796867,888
6431;20200101;2020;52;Nhập khẩu;Đức;Màn hình, máy chiếu, thiết bị thu truyền hình;chiếc/đơn vị;2481;2481;112,193;119086,497;0;119086,497
6433;20200101;2020;52;Nhập khẩu;Hà Lan;Màn hình, máy chiếu, thiết bị thu truyền hình;chiếc/đơn vị;337;337;11691;254070,078;0;254070,078
6436;20200101;2020;52;Nhập khẩu;Tây Ban Nha;Màn hình, máy chiếu, thiết bị thu truyền hình;chiếc/đơn vị;233;233;5766;324066,134;0;324066,134
6441;20200101;2020;52;Nhập khẩu;Hà Lan;Mạch tích hợp điện tử;chiếc/đơn vị;3328050,741;0;21133,094;8258242,698;0;8258242,698
6447;20200101;2020;52;Xuất khẩu;Bỉ;Máy in, máy photocopy, máy fax và phụ tùng;kg;15289;15289;15289;0;358955,653;358955,653
6448;20200101;2020;52;Xuất khẩu;Séc;Máy in, máy photocopy, máy fax và phụ tùng;kg;2378;2378;2378;0;43347,48;43347,48
6449;20200101;2020;52;Xuất khẩu;Đan Mạch;Máy in, máy photocopy, máy fax và phụ tùng;kg;6274;6274;6274;0;161694,977;161694,977
6450;20200101;2020;52;Xuất khẩu;Phần Lan;Máy in, máy photocopy, máy fax và phụ tùng;kg;5345;5345;5345;0;116880,917;116880,917
6451;20200101;2020;52;Xuất khẩu;Pháp;Máy in, máy photocopy, máy fax và phụ tùng;kg;106520;106520;106520;0;3067286,262;3067286,262
6452;20200101;2020;52;Xuất khẩu;Đức;Máy in, máy photocopy, máy fax và phụ tùng;kg;86906;86906;86906;0;2268592,003;2268592,003
6453;20200101;2020;52;Xuất khẩu;Ireland;Máy in, máy photocopy, máy fax và phụ tùng;kg;2544;2544;2544;0;44266,948;44266,948
6456;20200101;2020;52;Xuất khẩu;Ba Lan;Máy in, máy photocopy, máy fax và phụ tùng;kg;8263;8263;8263;0;162221,529;162221,529
6457;20200101;2020;52;Xuất khẩu;Romania;Máy in, máy photocopy, máy fax và phụ tùng;kg;404;404;404;0;11536,18;11536,18
6458;20200101;2020;52;Xuất khẩu;Slovakia;Máy in, máy photocopy, máy fax và phụ tùng;kg;4097;4097;4097;0;87690,956;87690,956
6460;20200101;2020;52;Xuất khẩu;Thụy Điển;Máy in, máy photocopy, máy fax và phụ tùng;kg;16261;16261;16261;0;441465,607;441465,607
6461;20200101;2020;52;Xuất khẩu;Vương quốc Anh;Máy in, máy photocopy, máy fax và phụ tùng;kg;7445;7445;7445;0;230187,902;230187,902
6462;20200101;2020;52;Xuất khẩu;Thế giới;Máy xử lý dữ liệu tự động (máy tính) và bộ phận;chiếc/đơn vị;965;965;6571;0;768569,2;768569,2
6464;20200101;2020;52;Xuất khẩu;Thế giới;Máy xử lý dữ liệu tự động (máy tính) và bộ phận;chiếc/đơn vị;494;494;141,407;0;111752,457;111752,457
6468;20200101;2020;52;Xuất khẩu;Tây Ban Nha;Máy xử lý dữ liệu tự động (máy tính) và bộ phận;chiếc/đơn vị;310;310;92;0;86630,998;86630,998
6485;20200101;2020;52;Xuất khẩu;Ý;Điện thoại (kể cả di động) và thiết bị truyền dữ liệu;chiếc/đơn vị;2196,923;0;603,328;0;224307,877;224307,877
6487;20200101;2020;52;Xuất khẩu;Tây Ban Nha;Điện thoại (kể cả di động) và thiết bị truyền dữ liệu;chiếc/đơn vị;186,043;0;63,475;0;61394,177;61394,177
6494;20200101;2020;52;Xuất khẩu;Thế giới;Màn hình, máy chiếu, thiết bị thu truyền hình;chiếc/đơn vị;51;51;33,269;0;2874,907;2874,907
6502;20200101;2020;52;Nhập khẩu;Thế giới;Máy in, máy photocopy, máy fax và phụ tùng;kg;365981;365981;365981;5666537;5566462;5666537
6507;20200101;2020;52;Nhập khẩu;Thế giới;Máy xử lý dữ liệu tự động (máy tính) và bộ phận;chiếc/đơn vị;2383;2383;1052;149835;149079;149835
6509;20200101;2020;52;Nhập khẩu;Thế giới;Máy xử lý dữ liệu tự động (máy tính) và bộ phận;chiếc/đơn vị;43011;43011;33978,083;4515754,714;4459246,338;4515754,714
6510;20200101;2020;52;Nhập khẩu;Trung Quốc;Máy xử lý dữ liệu tự động (máy tính) và bộ phận;chiếc/đơn vị;3158;3158;39;7838,965;7583,588;7838,965
6514;20200101;2020;52;Nhập khẩu;Trung Quốc;Máy xử lý dữ liệu tự động (máy tính) và bộ phận;chiếc/đơn vị;39716;39716;33907;4499436,79;4443301,375;4499436,79
6538;20200101;2020;52;Nhập khẩu;Thế giới;Điện thoại (kể cả di động) và thiết bị truyền dữ liệu;chiếc/đơn vị;39978;39978;7398;1248363;1223938;1248363
6539;20200101;2020;52;Nhập khẩu;Trung Quốc;Điện thoại (kể cả di động) và thiết bị truyền dữ liệu;chiếc/đơn vị;2740;2740;979;322478;320543;322478
6540;20200101;2020;52;Nhập khẩu;Trung Quốc;Điện thoại (kể cả di động) và thiết bị truyền dữ liệu;chiếc/đơn vị;37238;37238;6419;925885;903395;925885
6542;20200101;2020;52;Nhập khẩu;Trung Quốc;Điện thoại (kể cả di động) và thiết bị truyền dữ liệu;kg;749;749;749;56743,354;56342,562;56743,354
6547;20200101;2020;52;Nhập khẩu;Khu vực khác (chưa xác định);Điện thoại (kể cả di động) và thiết bị truyền dữ liệu;kg;0,586;0;0,586;189,858;188,679;189,858
6550;20200101;2020;52;Nhập khẩu;Thế giới;Thiết bị phát sóng vô tuyến/truyền hình, camera;chiếc/đơn vị;49076;49076;1441,065;974976,192;960758,31;974976,192
6551;20200101;2020;52;Nhập khẩu;Trung Quốc;Thiết bị phát sóng vô tuyến/truyền hình, camera;chiếc/đơn vị;94;94;4;224,606;221,082;224,606
6553;20200101;2020;52;Nhập khẩu;Indonesia;Thiết bị phát sóng vô tuyến/truyền hình, camera;chiếc/đơn vị;1728;1728;30;27913,956;27507,952;27913,956
6554;20200101;2020;52;Nhập khẩu;Hàn Quốc;Thiết bị phát sóng vô tuyến/truyền hình, camera;chiếc/đơn vị;3485;3485;29;29833,303;29396,93;29833,303
6555;20200101;2020;52;Nhập khẩu;Trung Quốc;Thiết bị phát sóng vô tuyến/truyền hình, camera;chiếc/đơn vị;43760;43760;1378;916985,456;903613,476;916985,456
6556;20200101;2020;52;Nhập khẩu;Thế giới;Màn hình, máy chiếu, thiết bị thu truyền hình;chiếc/đơn vị;521423;521423;2364612;90697456,59;90696748,22;90697456,59
6558;20200101;2020;52;Nhập khẩu;Hàn Quốc;Màn hình, máy chiếu, thiết bị thu truyền hình;chiếc/đơn vị;59424;59424;27787;1821451,624;1821451,624;1821451,624
6561;20200101;2020;52;Nhập khẩu;Trung Quốc;Màn hình, máy chiếu, thiết bị thu truyền hình;chiếc/đơn vị;460294;460294;2336697;88829478,76;88828770,38;88829478,76
6572;20200101;2020;52;Nhập khẩu;Hoa Kỳ;Mạch tích hợp điện tử;chiếc/đơn vị;7,681;0;0,119;5,55;5,55;5,55
6581;20200101;2020;52;Nhập khẩu (hàng nước ngoài);Thế giới;Máy xử lý dữ liệu tự động (máy tính) và bộ phận;chiếc/đơn vị;599480;599480;416022,05;118218399,4;0;118218399,4
6582;20200101;2020;52;Nhập khẩu (hàng nước ngoài);Trung Quốc;Máy xử lý dữ liệu tự động (máy tính) và bộ phận;chiếc/đơn vị;5635;5635;2685,65;425890,762;0;425890,762
6583;20200101;2020;52;Nhập khẩu (hàng nước ngoài);Trung Quốc;Máy xử lý dữ liệu tự động (máy tính) và bộ phận;chiếc/đơn vị;593845;593845;413336,4;117792508,7;0;117792508,7
6595;20200101;2020;52;Nhập khẩu (hàng nước ngoài);Sri Lanka;Điện thoại (kể cả di động) và thiết bị truyền dữ liệu;chiếc/đơn vị;2830;2830;1004;772550,225;0;772550,225
6599;20200101;2020;52;Nhập khẩu (hàng nước ngoài);Ấn Độ;Điện thoại (kể cả di động) và thiết bị truyền dữ liệu;chiếc/đơn vị;6810;6810;816,939;1593416,287;0;1593416,287
6602;20200101;2020;52;Nhập khẩu (hàng nước ngoài);Thế giới;Thiết bị phát sóng vô tuyến/truyền hình, camera;chiếc/đơn vị;111816;111816;73088,9;11694668,08;0;11694668,08
6604;20200101;2020;52;Nhập khẩu (hàng nước ngoài);Thế giới;Màn hình, máy chiếu, thiết bị thu truyền hình;chiếc/đơn vị;60060;60060;88457,54;11323041,7;0;11323041,7
6605;20200101;2020;52;Nhập khẩu (hàng nước ngoài);Trung Quốc;Màn hình, máy chiếu, thiết bị thu truyền hình;chiếc/đơn vị;1590;1590;372,06;51471,624;0;51471,624
6606;20200101;2020;52;Nhập khẩu (hàng nước ngoài);Trung Quốc;Màn hình, máy chiếu, thiết bị thu truyền hình;chiếc/đơn vị;58466;58466;88083,48;11270848,13;0;11270848,13
6617;20200101;2020;52;Nhập khẩu;Thế giới;Máy xử lý dữ liệu tự động (máy tính) và bộ phận;chiếc/đơn vị;599481;599481;416040,05;118248054,6;0;118248054,6
6619;20200101;2020;52;Nhập khẩu;Trung Quốc;Máy xử lý dữ liệu tự động (máy tính) và bộ phận;chiếc/đơn vị;593846;593846;413354,4;117822163,8;0;117822163,8
6655;20200101;2020;52;Xuất khẩu trong nước;Indonesia;Máy in, máy photocopy, máy fax và phụ tùng;kg;805;805;805;0;60555,641;60555,641
6662;20200101;2020;52;Xuất khẩu trong nước;Singapore;Máy in, máy photocopy, máy fax và phụ tùng;chiếc/đơn vị;15,249;0;243;0;8850,195;8850,195
6664;20200101;2020;52;Xuất khẩu trong nước;Nam Phi;Máy in, máy photocopy, máy fax và phụ tùng;kg;2750;2750;2750;0;75599,984;75599,984
6668;20200101;2020;52;Xuất khẩu trong nước;Úc;Máy xử lý dữ liệu tự động (máy tính) và bộ phận;chiếc/đơn vị;12,861;0;23;0;4432,569;4432,569
6673;20200101;2020;52;Xuất khẩu trong nước;Trung Quốc;Máy xử lý dữ liệu tự động (máy tính) và bộ phận;chiếc/đơn vị;78,83;0;164,023;0;27915,809;27915,809
6679;20200101;2020;52;Xuất khẩu trong nước;Hồng Kông (Trung Quốc);Máy xử lý dữ liệu tự động (máy tính) và bộ phận;chiếc/đơn vị;117,858;0;580;0;91144,772;91144,772
6680;20200101;2020;52;Xuất khẩu trong nước;Indonesia;Máy xử lý dữ liệu tự động (máy tính) và bộ phận;chiếc/đơn vị;8,624;0;7;0;3565,945;3565,945
6682;20200101;2020;52;Xuất khẩu trong nước;Nhật Bản;Máy xử lý dữ liệu tự động (máy tính) và bộ phận;chiếc/đơn vị;137,891;0;360;0;45718,083;45718,083
6685;20200101;2020;52;Xuất khẩu trong nước;Malaysia;Máy xử lý dữ liệu tự động (máy tính) và bộ phận;chiếc/đơn vị;36,753;0;85;0;18567,798;18567,798
6687;20200101;2020;52;Xuất khẩu trong nước;Hà Lan;Máy xử lý dữ liệu tự động (máy tính) và bộ phận;chiếc/đơn vị;0,69;0;23;0;258,225;258,225
6693;20200101;2020;52;Xuất khẩu trong nước;Singapore;Máy xử lý dữ liệu tự động (máy tính) và bộ phận;chiếc/đơn vị;54,258;0;128;0;19122,916;19122,916
6694;20200101;2020;52;Xuất khẩu trong nước;Trung Quốc;Máy xử lý dữ liệu tự động (máy tính) và bộ phận;chiếc/đơn vị;7797,692;0;22484;0;1891659,258;1891659,258
6697;20200101;2020;52;Xuất khẩu trong nước;Vương quốc Anh;Máy xử lý dữ liệu tự động (máy tính) và bộ phận;chiếc/đơn vị;24,535;0;77,002;0;8290,783;8290,783
6698;20200101;2020;52;Xuất khẩu trong nước;Hoa Kỳ;Máy xử lý dữ liệu tự động (máy tính) và bộ phận;chiếc/đơn vị;0,173;0;2,007;0;59,478;59,478
6760;20200101;2020;52;Xuất khẩu trong nước;Đức;Điện thoại (kể cả di động) và thiết bị truyền dữ liệu;chiếc/đơn vị;8,916;0;1;0;300,074;300,074
6762;20200101;2020;52;Xuất khẩu trong nước;Nhật Bản;Điện thoại (kể cả di động) và thiết bị truyền dữ liệu;chiếc/đơn vị;2,327;0;9;0;579,971;579,971
6763;20200101;2020;52;Xuất khẩu trong nước;Châu Á khác (chưa xác định);Điện thoại (kể cả di động) và thiết bị truyền dữ liệu;chiếc/đơn vị;3,167;0;3;0;789,436;789,436
6764;20200101;2020;52;Xuất khẩu trong nước;Singapore;Điện thoại (kể cả di động) và thiết bị truyền dữ liệu;chiếc/đơn vị;21,646;0;31;0;4374,86;4374,86
6766;20200101;2020;52;Xuất khẩu trong nước;Thụy Sĩ;Điện thoại (kể cả di động) và thiết bị truyền dữ liệu;chiếc/đơn vị;2,768;0;1;0;690,016;690,016
6767;20200101;2020;52;Xuất khẩu trong nước;Thế giới;Thiết bị phát sóng vô tuyến/truyền hình, camera;chiếc/đơn vị;24450,969;0;4255,558;0;2119475,065;2119475,065
6773;20200101;2020;52;Xuất khẩu trong nước;Trung Quốc;Thiết bị phát sóng vô tuyến/truyền hình, camera;chiếc/đơn vị;24437,969;0;4231,558;0;2113350,097;2113350,097
6779;20200101;2020;52;Xuất khẩu trong nước;Hồng Kông (Trung Quốc);Màn hình, máy chiếu, thiết bị thu truyền hình;chiếc/đơn vị;8,577;0;56;0;4009,258;4009,258
6780;20200101;2020;52;Xuất khẩu trong nước;Singapore;Màn hình, máy chiếu, thiết bị thu truyền hình;chiếc/đơn vị;5,336;0;2;0;323,132;323,132
6796;20200101;2020;52;Xuất khẩu trong nước;Tòa Thánh Vatican;Mạch tích hợp điện tử;chiếc/đơn vị;60000;60000;25;0;5339,986;5339,986
6828;20200101;2020;52;Nhập khẩu (hàng nước ngoài);Singapore;Máy in, máy photocopy, máy fax và phụ tùng;kg;1686;1686;1686;10718,412;0;10718,412
6837;20200101;2020;52;Nhập khẩu (hàng nước ngoài);Hồng Kông (Trung Quốc);Máy xử lý dữ liệu tự động (máy tính) và bộ phận;chiếc/đơn vị;20,402;0;104;3843,392;0;3843,392
6840;20200101;2020;52;Nhập khẩu (hàng nước ngoài);Hàn Quốc;Máy xử lý dữ liệu tự động (máy tính) và bộ phận;chiếc/đơn vị;41,663;0;57;5650,237;0;5650,237
6841;20200101;2020;52;Nhập khẩu (hàng nước ngoài);Malaysia;Máy xử lý dữ liệu tự động (máy tính) và bộ phận;chiếc/đơn vị;842,668;0;1051;113618,542;0;113618,542
6848;20200101;2020;52;Nhập khẩu (hàng nước ngoài);Singapore;Máy xử lý dữ liệu tự động (máy tính) và bộ phận;chiếc/đơn vị;76,569;0;120;19439,662;0;19439,662
6851;20200101;2020;52;Nhập khẩu (hàng nước ngoài);Thái Lan;Máy xử lý dữ liệu tự động (máy tính) và bộ phận;chiếc/đơn vị;3771,608;0;4765,359;505202,817;0;505202,817
6852;20200101;2020;52;Nhập khẩu (hàng nước ngoài);Các Tiểu vương quốc Ả Rập Thống nhất;Máy xử lý dữ liệu tự động (máy tính) và bộ phận;chiếc/đơn vị;0,425;0;6;210,516;0;210,516
6854;20200101;2020;52;Nhập khẩu (hàng nước ngoài);Hoa Kỳ;Máy xử lý dữ liệu tự động (máy tính) và bộ phận;chiếc/đơn vị;329,851;0;440;44926,752;0;44926,752
6904;20200101;2020;52;Nhập khẩu (hàng nước ngoài);Lào;Điện thoại (kể cả di động) và thiết bị truyền dữ liệu;chiếc/đơn vị;5,036;0;4;475,026;0;475,026
6913;20200101;2020;52;Nhập khẩu (hàng nước ngoài);Thế giới;Thiết bị phát sóng vô tuyến/truyền hình, camera;chiếc/đơn vị;25938,826;0;10550;1585981,699;0;1585981,699
6914;20200101;2020;52;Nhập khẩu (hàng nước ngoài);Trung Quốc;Thiết bị phát sóng vô tuyến/truyền hình, camera;chiếc/đơn vị;1049;1049;162;14742,697;0;14742,697
6915;20200101;2020;52;Nhập khẩu (hàng nước ngoài);Phần Lan;Thiết bị phát sóng vô tuyến/truyền hình, camera;chiếc/đơn vị;46;46;20;23880,073;0;23880,073
6921;20200101;2020;52;Nhập khẩu (hàng nước ngoài);Trung Quốc;Thiết bị phát sóng vô tuyến/truyền hình, camera;chiếc/đơn vị;24805,826;0;10305;1538663,47;0;1538663,47
6925;20200101;2020;52;Nhập khẩu (hàng nước ngoài);Hồng Kông (Trung Quốc);Màn hình, máy chiếu, thiết bị thu truyền hình;chiếc/đơn vị;7,502;0;21;2416,981;0;2416,981
6928;20200101;2020;52;Nhập khẩu (hàng nước ngoài);Trung Quốc;Màn hình, máy chiếu, thiết bị thu truyền hình;chiếc/đơn vị;636041,01;0;9659095,437;188255169,5;0;188255169,5
6929;20200101;2020;52;Nhập khẩu (hàng nước ngoài);Thái Lan;Màn hình, máy chiếu, thiết bị thu truyền hình;chiếc/đơn vị;26,081;0;1329;8019,948;0;8019,948
6933;20200101;2020;52;Nhập khẩu (hàng nước ngoài);Trung Quốc;Mạch tích hợp điện tử;chiếc/đơn vị;1963738;1963738;114;18718,595;0;18718,595
6937;20200101;2020;52;Nhập khẩu (hàng nước ngoài);Nhật Bản;Mạch tích hợp điện tử;chiếc/đơn vị;2700;2700;5;3298,375;0;3298,375
6944;20200101;2020;52;Nhập khẩu (hàng nước ngoài);Hoa Kỳ;Mạch tích hợp điện tử;chiếc/đơn vị;231;231;4,042;6812,071;0;6812,071
6959;20200101;2020;52;Nhập khẩu;Thế giới;Máy xử lý dữ liệu tự động (máy tính) và bộ phận;chiếc/đơn vị;365274;365274;117054,553;93751477,52;0;93751477,52
6960;20200101;2020;52;Nhập khẩu;Trung Quốc;Máy xử lý dữ liệu tự động (máy tính) và bộ phận;chiếc/đơn vị;9062;9062;8000;3799655,704;0;3799655,704
6961;20200101;2020;52;Nhập khẩu;Hàn Quốc;Máy xử lý dữ liệu tự động (máy tính) và bộ phận;chiếc/đơn vị;32746;32746;11000;5632167,676;0;5632167,676
6963;20200101;2020;52;Nhập khẩu;Trung Quốc;Máy xử lý dữ liệu tự động (máy tính) và bộ phận;chiếc/đơn vị;323465;323465;98054,23;84319545,57;0;84319545,57
7045;20200101;2020;52;Nhập khẩu;Nhật Bản;Điện thoại (kể cả di động) và thiết bị truyền dữ liệu;kg;15,936;0;15,936;977,166;0;977,166
7046;20200101;2020;52;Nhập khẩu;Hàn Quốc;Điện thoại (kể cả di động) và thiết bị truyền dữ liệu;chiếc/đơn vị;7197,611;0;1078,128;2902074,446;0;2902074,446
7067;20200101;2020;52;Nhập khẩu;Thế giới;Thiết bị phát sóng vô tuyến/truyền hình, camera;chiếc/đơn vị;28948;28948;9123,432;7506046,342;0;7506046,342
7079;20200101;2020;52;Nhập khẩu;Thế giới;Màn hình, máy chiếu, thiết bị thu truyền hình;chiếc/đơn vị;272;272;9391,207;207267,766;0;207267,766
7090;20200101;2020;52;Nhập khẩu;Hàn Quốc;Mạch tích hợp điện tử;kg;193,227;0;193,227;9228,79;0;9228,79
7092;20200101;2020;52;Nhập khẩu;Châu Á khác (chưa xác định);Mạch tích hợp điện tử;kg;6,82;0;6,82;325,722;0;325,722
7093;20200101;2020;52;Nhập khẩu;Philippines;Mạch tích hợp điện tử;kg;782,003;0;782,003;37349,456;0;37349,456
7094;20200101;2020;52;Nhập khẩu;Singapore;Mạch tích hợp điện tử;kg;27,279;0;27,279;1302,888;0;1302,888
7096;20200101;2020;52;Nhập khẩu;Eswatini;Mạch tích hợp điện tử;kg;79,564;0;79,564;3800,09;0;3800,09
7287;20200101;2020;52;Nhập khẩu (hàng nước ngoài);Thế giới;Máy xử lý dữ liệu tự động (máy tính) và bộ phận;chiếc/đơn vị;974133;974133;571498;199160719,2;0;199160719,2
7288;20200101;2020;52;Nhập khẩu (hàng nước ngoài);Trung Quốc;Máy xử lý dữ liệu tự động (máy tính) và bộ phận;chiếc/đơn vị;14790;14790;7929;1164944,054;0;1164944,054
7290;20200101;2020;52;Nhập khẩu (hàng nước ngoài);Hồng Kông (Trung Quốc);Máy xử lý dữ liệu tự động (máy tính) và bộ phận;chiếc/đơn vị;698;698;743;16063,615;0;16063,615
7291;20200101;2020;52;Nhập khẩu (hàng nước ngoài);Trung Quốc;Máy xử lý dữ liệu tự động (máy tính) và bộ phận;chiếc/đơn vị;958381;958381;562500;197914601,4;0;197914601,4
7292;20200101;2020;52;Nhập khẩu (hàng nước ngoài);Thái Lan;Máy xử lý dữ liệu tự động (máy tính) và bộ phận;chiếc/đơn vị;221;221;164;11755,622;0;11755,622
7318;20200101;2020;52;Nhập khẩu (hàng nước ngoài);Nhật Bản;Điện thoại (kể cả di động) và thiết bị truyền dữ liệu;kg;4396;4396;4396;139897,821;0;139897,821
7327;20200101;2020;52;Nhập khẩu (hàng nước ngoài);Thế giới;Thiết bị phát sóng vô tuyến/truyền hình, camera;chiếc/đơn vị;208574;208574;283452;15727065,13;0;15727065,13
7328;20200101;2020;52;Nhập khẩu (hàng nước ngoài);Trung Quốc;Thiết bị phát sóng vô tuyến/truyền hình, camera;chiếc/đơn vị;19484;19484;15526;1079566,533;0;1079566,533
7329;20200101;2020;52;Nhập khẩu (hàng nước ngoài);Hồng Kông (Trung Quốc);Thiết bị phát sóng vô tuyến/truyền hình, camera;chiếc/đơn vị;2396;2396;1239;89240,303;0;89240,303
7332;20200101;2020;52;Nhập khẩu (hàng nước ngoài);Trung Quốc;Thiết bị phát sóng vô tuyến/truyền hình, camera;chiếc/đơn vị;185886;185886;266417;14434102,4;0;14434102,4
7335;20200101;2020;52;Nhập khẩu (hàng nước ngoài);Thế giới;Màn hình, máy chiếu, thiết bị thu truyền hình;chiếc/đơn vị;51932;51932;111662;10525614,14;0;10525614,14
7336;20200101;2020;52;Nhập khẩu (hàng nước ngoài);Cabo Verde;Màn hình, máy chiếu, thiết bị thu truyền hình;chiếc/đơn vị;216;216;257;71753,558;0;71753,558
7337;20200101;2020;52;Nhập khẩu (hàng nước ngoài);Trung Quốc;Màn hình, máy chiếu, thiết bị thu truyền hình;chiếc/đơn vị;19000;19000;52768;5905278,965;0;5905278,965
7340;20200101;2020;52;Nhập khẩu (hàng nước ngoài);Trung Quốc;Màn hình, máy chiếu, thiết bị thu truyền hình;chiếc/đơn vị;32413;32413;57816;4532433,081;0;4532433,081
7348;20200101;2020;52;Nhập khẩu;Trung Quốc;Máy in, máy photocopy, máy fax và phụ tùng;kg;3925;3925;3925;186707;182198;186707
7355;20200101;2020;52;Nhập khẩu;Thế giới;Máy xử lý dữ liệu tự động (máy tính) và bộ phận;chiếc/đơn vị;258731;258731;169263;58801675;55308266,16;58801675
7357;20200101;2020;52;Nhập khẩu;Trung Quốc;Máy xử lý dữ liệu tự động (máy tính) và bộ phận;chiếc/đơn vị;258530;258530;169124;58642573;55162433,16;58642573
7417;20200101;2020;52;Nhập khẩu;Hàn Quốc;Điện thoại (kể cả di động) và thiết bị truyền dữ liệu;kg;1032;1032;1032;253087;246872,579;253087
7425;20200101;2020;52;Nhập khẩu;Thế giới;Điện thoại (kể cả di động) và thiết bị truyền dữ liệu;kg;9,34;9,34;9,34;3418,8;0;3418,8
7426;20200101;2020;52;Nhập khẩu;Hàn Quốc;Điện thoại (kể cả di động) và thiết bị truyền dữ liệu;kg;4,15;4,15;4,15;1825,63;0;1825,63
7427;20200101;2020;52;Nhập khẩu;Trung Quốc;Điện thoại (kể cả di động) và thiết bị truyền dữ liệu;kg;5,19;5,19;5,19;1593,17;0;1593,17
7440;20200101;2020;52;Nhập khẩu;Thế giới;Thiết bị phát sóng vô tuyến/truyền hình, camera;chiếc/đơn vị;20247;20247;926;235630;229920,038;235630
7442;20200101;2020;52;Nhập khẩu;Indonesia;Thiết bị phát sóng vô tuyến/truyền hình, camera;chiếc/đơn vị;1547;1547;63;25251;24798,516;25251
7443;20200101;2020;52;Nhập khẩu;Hàn Quốc;Thiết bị phát sóng vô tuyến/truyền hình, camera;chiếc/đơn vị;1363;1363;59;13052;12788,935;13052
7444;20200101;2020;52;Nhập khẩu;Trung Quốc;Thiết bị phát sóng vô tuyến/truyền hình, camera;chiếc/đơn vị;17322;17322;803;197214;192221,588;197214
7453;20200101;2020;52;Nhập khẩu;Thế giới;Màn hình, máy chiếu, thiết bị thu truyền hình;chiếc/đơn vị;30825;30825;164761;7453338;7271054,669;7453338
7485;20200101;2020;52;Xuất khẩu;Thế giới;Điện thoại (kể cả di động) và thiết bị truyền dữ liệu;kg;12,45;12,45;12,45;0;947,77;947,77
7491;20200101;2020;52;Xuất khẩu;Thế giới;Màn hình, máy chiếu, thiết bị thu truyền hình;chiếc/đơn vị;591;591;19011;0;320915;320915
7499;20210101;2021;52;Nhập khẩu (hàng nước ngoài);Thế giới;Máy xử lý dữ liệu tự động (máy tính) và bộ phận;chiếc/đơn vị;6424;6424;2613,404;851175,59;0;851175,59
7503;20210101;2021;52;Nhập khẩu (hàng nước ngoài);Thế giới;Điện thoại (kể cả di động) và thiết bị truyền dữ liệu;Cái;0;133193;242598,887;16632485,84;0;16632485,84
7509;20210101;2021;52;Nhập khẩu (hàng nước ngoài);Thế giới;Mạch tích hợp điện tử;chiếc/đơn vị;1693;1693;238,544;178582,67;0;178582,67
7517;20210101;2021;52;Nhập khẩu;Thế giới;Máy xử lý dữ liệu tự động (máy tính) và bộ phận;chiếc/đơn vị;130838;130838;16830,68;8803050,7;8535088,68;8803050,7
7518;20210101;2021;52;Nhập khẩu;Trung Quốc;Máy xử lý dữ liệu tự động (máy tính) và bộ phận;chiếc/đơn vị;350;350;233,95;56192,5;54337,7;56192,5
7520;20210101;2021;52;Nhập khẩu;Hàn Quốc;Máy xử lý dữ liệu tự động (máy tính) và bộ phận;chiếc/đơn vị;10180;10180;42,81;18419,76;17761,62;18419,76
7521;20210101;2021;52;Nhập khẩu;Trung Quốc;Máy xử lý dữ liệu tự động (máy tính) và bộ phận;chiếc/đơn vị;118308;118308;16547,86;8723758,44;8458379,76;8723758,44
7562;20210101;2021;52;Nhập khẩu;Indonesia;Điện thoại (kể cả di động) và thiết bị truyền dữ liệu;kg;0,12;0,12;0,12;45,73;43,35;45,73
7563;20210101;2021;52;Nhập khẩu;Nhật Bản;Điện thoại (kể cả di động) và thiết bị truyền dữ liệu;kg;68,98;68,98;68,98;109703;108807,38;109703
7565;20210101;2021;52;Nhập khẩu;Ấn Độ;Điện thoại (kể cả di động) và thiết bị truyền dữ liệu;kg;0,26;0,26;0,26;0,66;0,5;0,66
7569;20210101;2021;52;Nhập khẩu;Thế giới;Điện thoại (kể cả di động) và thiết bị truyền dữ liệu;chiếc/đơn vị;29948;29948;4706;506400;0;506400
7571;20210101;2021;52;Nhập khẩu;Trung Quốc;Điện thoại (kể cả di động) và thiết bị truyền dữ liệu;chiếc/đơn vị;29808;29808;4652;485900;0;485900
7572;20210101;2021;52;Nhập khẩu;Thế giới;Thiết bị phát sóng vô tuyến/truyền hình, camera;chiếc/đơn vị;730307;730307;42380,8;6259580,43;6069741,38;6259580,43
7573;20210101;2021;52;Nhập khẩu;Trung Quốc;Thiết bị phát sóng vô tuyến/truyền hình, camera;chiếc/đơn vị;83150;83150;20045,38;1922567,5;1864023,6;1922567,5
7574;20210101;2021;52;Nhập khẩu;Hồng Kông (Trung Quốc);Thiết bị phát sóng vô tuyến/truyền hình, camera;chiếc/đơn vị;81600;81600;278,51;100126,79;95824,78;100126,79
7575;20210101;2021;52;Nhập khẩu;Hàn Quốc;Thiết bị phát sóng vô tuyến/truyền hình, camera;chiếc/đơn vị;85530;85530;980,29;507850,52;490531,99;507850,52
7576;20210101;2021;52;Nhập khẩu;Trung Quốc;Thiết bị phát sóng vô tuyến/truyền hình, camera;chiếc/đơn vị;480027;480027;21076,62;3729035,62;3619361,01;3729035,62
7579;20210101;2021;52;Nhập khẩu;Thế giới;Thiết bị phát sóng vô tuyến/truyền hình, camera;chiếc/đơn vị;96;96;157;25400;0;25400
7581;20210101;2021;52;Nhập khẩu;Thế giới;Màn hình, máy chiếu, thiết bị thu truyền hình;chiếc/đơn vị;452569;452569;100065,516;4234298,73;3956857,1;4234298,73
7582;20210101;2021;52;Nhập khẩu;Trung Quốc;Màn hình, máy chiếu, thiết bị thu truyền hình;chiếc/đơn vị;363076;363076;12299,618;393703,56;387920,63;393703,56
7583;20210101;2021;52;Nhập khẩu;Hàn Quốc;Màn hình, máy chiếu, thiết bị thu truyền hình;chiếc/đơn vị;16128;16128;665;17063,57;16703,17;17063,57
7584;20210101;2021;52;Nhập khẩu;Trung Quốc;Màn hình, máy chiếu, thiết bị thu truyền hình;chiếc/đơn vị;73365;73365;87100,898;3823531,6;3552233,3;3823531,6
7587;20210101;2021;52;Nhập khẩu;Thế giới;Mạch tích hợp điện tử;chiếc/đơn vị;9871249;9871249;289542,121;8840193,74;8654322,16;8840193,74
7588;20210101;2021;52;Nhập khẩu;Trung Quốc;Mạch tích hợp điện tử;chiếc/đơn vị;245736;245736;913,704;34992,1;28644,05;34992,1
7589;20210101;2021;52;Nhập khẩu;Hồng Kông (Trung Quốc);Mạch tích hợp điện tử;chiếc/đơn vị;3626500;3626500;13258,077;406665,42;388129,87;406665,42
7590;20210101;2021;52;Nhập khẩu;Nhật Bản;Mạch tích hợp điện tử;chiếc/đơn vị;43400;43400;3261,6;76940,28;75461,61;76940,28
7591;20210101;2021;52;Nhập khẩu;Hàn Quốc;Mạch tích hợp điện tử;chiếc/đơn vị;3149619;3149619;149613,806;4417699,49;4319488,34;4417699,49
7592;20210101;2021;52;Nhập khẩu;Châu Á khác (chưa xác định);Mạch tích hợp điện tử;chiếc/đơn vị;1907654;1907654;119663,663;3821016,58;3768165,38;3821016,58
7593;20210101;2021;52;Nhập khẩu;Philippines;Mạch tích hợp điện tử;chiếc/đơn vị;28500;28500;62,398;1926,48;1896,67;1926,48
7594;20210101;2021;52;Nhập khẩu;Singapore;Mạch tích hợp điện tử;chiếc/đơn vị;203300;203300;878,27;22945,34;17351,27;22945,34
7595;20210101;2021;52;Nhập khẩu;Trung Quốc;Mạch tích hợp điện tử;chiếc/đơn vị;46980;46980;263,75;12814,67;11661,02;12814,67
7596;20210101;2021;52;Nhập khẩu;Thái Lan;Mạch tích hợp điện tử;chiếc/đơn vị;63000;63000;188,117;5088,25;5008,64;5088,25
7597;20210101;2021;52;Nhập khẩu;Vương quốc Anh;Mạch tích hợp điện tử;chiếc/đơn vị;174000;174000;354,606;8982,74;8692,08;8982,74
7598;20210101;2021;52;Nhập khẩu;Hoa Kỳ;Mạch tích hợp điện tử;chiếc/đơn vị;4560;4560;384,47;10226,02;9417,08;10226,02
7599;20210101;2021;52;Nhập khẩu;Khu vực khác (chưa xác định);Mạch tích hợp điện tử;chiếc/đơn vị;378000;378000;699,66;20896,37;20406,15;20896,37
7608;20210101;2021;52;Nhập khẩu (hàng nước ngoài);Thế giới;Máy in, máy photocopy, máy fax và phụ tùng;kg;10;200;10;13378,27;12234;13378,27
7610;20210101;2021;52;Nhập khẩu (hàng nước ngoài);Thế giới;Máy xử lý dữ liệu tự động (máy tính) và bộ phận;chiếc/đơn vị;3023;3023;0;1140807,969;986710,313;1140807,969
7611;20210101;2021;52;Nhập khẩu (hàng nước ngoài);Trung Quốc;Máy xử lý dữ liệu tự động (máy tính) và bộ phận;chiếc/đơn vị;1923;1923;0;636261,875;619398,313;636261,875
7612;20210101;2021;52;Nhập khẩu (hàng nước ngoài);Hoa Kỳ;Máy xử lý dữ liệu tự động (máy tính) và bộ phận;chiếc/đơn vị;1100;1100;723;504546,094;367312;504546,094
7617;20210101;2021;52;Nhập khẩu (hàng nước ngoài);Thế giới;Điện thoại (kể cả di động) và thiết bị truyền dữ liệu;chiếc/đơn vị;126140;126140;25696,358;16842091,81;16326743,35;16842091,81
7618;20210101;2021;52;Nhập khẩu (hàng nước ngoài);Trung Quốc;Điện thoại (kể cả di động) và thiết bị truyền dữ liệu;chiếc/đơn vị;66345;66345;5156,3;5908969,855;5742973,737;5908969,855
7619;20210101;2021;52;Nhập khẩu (hàng nước ngoài);Trung Quốc;Điện thoại (kể cả di động) và thiết bị truyền dữ liệu;chiếc/đơn vị;59795;59795;20540,058;10933121,96;10583769,61;10933121,96
7620;20210101;2021;52;Nhập khẩu (hàng nước ngoài);Thế giới;Màn hình, máy chiếu, thiết bị thu truyền hình;chiếc/đơn vị;2240;2240;1658;163544,188;107072;163544,188
7623;20210101;2021;52;Nhập khẩu;Nhật Bản;Máy in, máy photocopy, máy fax và phụ tùng;kg;2336,455;0;2336,455;0;170861,269;170861,269
7625;20210101;2021;52;Nhập khẩu;Thế giới;Máy in, máy photocopy, máy fax và phụ tùng;Cái;0;109208;469897,13;9042189,67;8422663,34;9042189,67
7626;20210101;2021;52;Nhập khẩu;Nhật Bản;Máy in, máy photocopy, máy fax và phụ tùng;kg;99579,26;71478;99579,26;3619240,55;3372144,79;3619240,55
7628;20210101;2021;52;Nhập khẩu;Trung Quốc;Máy in, máy photocopy, máy fax và phụ tùng;Cái;0;37727;370307,44;5419872,81;5047893,55;5419872,81
7634;20210101;2021;52;Nhập khẩu;Ý;Máy in, máy photocopy, máy fax và phụ tùng;kg;270;270;270;16231,928;0;16231,928
7640;20210101;2021;52;Nhập khẩu;Thế giới;Máy xử lý dữ liệu tự động (máy tính) và bộ phận;chiếc/đơn vị;339087;339087;350700,157;0;88660015,35;88660015,35
7641;20210101;2021;52;Nhập khẩu;Trung Quốc;Máy xử lý dữ liệu tự động (máy tính) và bộ phận;chiếc/đơn vị;659;659;204,091;0;18790,521;18790,521
7642;20210101;2021;52;Nhập khẩu;Nhật Bản;Máy xử lý dữ liệu tự động (máy tính) và bộ phận;chiếc/đơn vị;530;530;159,228;0;38711,934;38711,934
7645;20210101;2021;52;Nhập khẩu;Trung Quốc;Máy xử lý dữ liệu tự động (máy tính) và bộ phận;chiếc/đơn vị;337297;337297;350091,97;0;88522778,59;88522778,59
7646;20210101;2021;52;Nhập khẩu;Thế giới;Máy xử lý dữ liệu tự động (máy tính) và bộ phận;chiếc/đơn vị;42045;42045;32682,54;8026201,2;7677382,73;8026201,2
7647;20210101;2021;52;Nhập khẩu;Trung Quốc;Máy xử lý dữ liệu tự động (máy tính) và bộ phận;chiếc/đơn vị;449;449;594,55;52589,22;50113,64;52589,22
7649;20210101;2021;52;Nhập khẩu;Trung Quốc;Máy xử lý dữ liệu tự động (máy tính) và bộ phận;chiếc/đơn vị;41485;41485;32059,14;7969764,07;7623559,76;7969764,07
7651;20210101;2021;52;Nhập khẩu;Thế giới;Máy xử lý dữ liệu tự động (máy tính) và bộ phận;chiếc/đơn vị;813;813;2565;300097,882;0;300097,882
7656;20210101;2021;52;Nhập khẩu;Hy Lạp;Máy xử lý dữ liệu tự động (máy tính) và bộ phận;chiếc/đơn vị;520;520;2221;233964,957;0;233964,957
7659;20210101;2021;52;Nhập khẩu;Thế giới;Máy xử lý dữ liệu tự động (máy tính) và bộ phận;chiếc/đơn vị;50757;50757;16515,382;30594712;29091634;30594712
7660;20210101;2021;52;Nhập khẩu;Trung Quốc;Máy xử lý dữ liệu tự động (máy tính) và bộ phận;chiếc/đơn vị;8679;8679;4671;2067044;1912559;2067044
7662;20210101;2021;52;Nhập khẩu;Hàn Quốc;Máy xử lý dữ liệu tự động (máy tính) và bộ phận;chiếc/đơn vị;5910;5910;221;1672359;1558638;1672359
7663;20210101;2021;52;Nhập khẩu;Trung Quốc;Máy xử lý dữ liệu tự động (máy tính) và bộ phận;chiếc/đơn vị;36167;36167;11622,382;26850095;25615223;26850095
7744;20210101;2021;52;Nhập khẩu;Thế giới;Điện thoại (kể cả di động) và thiết bị truyền dữ liệu;Cái;0;3379443;1154356,28;460898933,8;448597572,5;460898933,8
7745;20210101;2021;52;Nhập khẩu;Trung Quốc;Điện thoại (kể cả di động) và thiết bị truyền dữ liệu;Cái;0;2897;619,39;102075,32;89957,98;102075,32
7746;20210101;2021;52;Nhập khẩu;Hồng Kông (Trung Quốc);Điện thoại (kể cả di động) và thiết bị truyền dữ liệu;kg;2,69;111;2,69;436,05;111,65;436,05
7747;20210101;2021;52;Nhập khẩu;Hàn Quốc;Điện thoại (kể cả di động) và thiết bị truyền dữ liệu;kg;0,37;22;0,37;18,8;17,19;18,8
7748;20210101;2021;52;Nhập khẩu;Trung Quốc;Điện thoại (kể cả di động) và thiết bị truyền dữ liệu;Cái;0;3376413;1153733,83;460796403,7;448507485,7;460796403,7
7751;20210101;2021;52;Nhập khẩu;Bulgaria;Điện thoại (kể cả di động) và thiết bị truyền dữ liệu;chiếc/đơn vị;1640;1640;742;482432,676;0;482432,676
7753;20210101;2021;52;Nhập khẩu;Đức;Điện thoại (kể cả di động) và thiết bị truyền dữ liệu;chiếc/đơn vị;2116,534;0;1239;566455,73;0;566455,73
7757;20210101;2021;52;Nhập khẩu;Hà Lan;Điện thoại (kể cả di động) và thiết bị truyền dữ liệu;chiếc/đơn vị;648,509;0;532;220200,225;0;220200,225
7759;20210101;2021;52;Nhập khẩu;Bồ Đào Nha;Điện thoại (kể cả di động) và thiết bị truyền dữ liệu;chiếc/đơn vị;320;320;282;105973,532;0;105973,532
7760;20210101;2021;52;Nhập khẩu;Slovenia;Điện thoại (kể cả di động) và thiết bị truyền dữ liệu;chiếc/đơn vị;4017;4017;1809;1542283,902;0;1542283,902
7770;20210101;2021;52;Nhập khẩu;Thế giới;Thiết bị phát sóng vô tuyến/truyền hình, camera;chiếc/đơn vị;136150,859;0;0;0;13350878,29;13350878,29
7771;20210101;2021;52;Nhập khẩu;Myanmar;Thiết bị phát sóng vô tuyến/truyền hình, camera;chiếc/đơn vị;760;760;0;0;62364,176;62364,176
7773;20210101;2021;52;Nhập khẩu;Trung Quốc;Thiết bị phát sóng vô tuyến/truyền hình, camera;chiếc/đơn vị;2828;2828;0;0;33815,121;33815,121
7776;20210101;2021;52;Nhập khẩu;Trung Quốc;Thiết bị phát sóng vô tuyến/truyền hình, camera;chiếc/đơn vị;132501,859;0;0;0;13203771,34;13203771,34
7780;20210101;2021;52;Nhập khẩu;Thế giới;Thiết bị phát sóng vô tuyến/truyền hình, camera;chiếc/đơn vị;3577;3577;881;51526;49000;51526
7782;20210101;2021;52;Nhập khẩu;Trung Quốc;Thiết bị phát sóng vô tuyến/truyền hình, camera;chiếc/đơn vị;2374;2374;208;40535;38833;40535
7783;20210101;2021;52;Nhập khẩu;Thế giới;Màn hình, máy chiếu, thiết bị thu truyền hình;chiếc/đơn vị;115996;115996;995289,256;0;39975142,41;39975142,41
7784;20210101;2021;52;Nhập khẩu;Trung Quốc;Màn hình, máy chiếu, thiết bị thu truyền hình;chiếc/đơn vị;13221;13221;72778,926;0;2327878,422;2327878,422
7786;20210101;2021;52;Nhập khẩu;Trung Quốc;Màn hình, máy chiếu, thiết bị thu truyền hình;chiếc/đơn vị;102774;102774;922288,158;0;37613563,71;37613563,71
7787;20210101;2021;52;Nhập khẩu;Thế giới;Màn hình, máy chiếu, thiết bị thu truyền hình;chiếc/đơn vị;54889;54889;86547,37;2699869,51;2600735,89;2699869,51
7791;20210101;2021;52;Nhập khẩu;Hy Lạp;Màn hình, máy chiếu, thiết bị thu truyền hình;chiếc/đơn vị;893;893;10038;367227,856;0;367227,856
7793;20210101;2021;52;Nhập khẩu;Thế giới;Màn hình, máy chiếu, thiết bị thu truyền hình;chiếc/đơn vị;539;539;1022,223;87536;81325;87536
7798;20210101;2021;52;Nhập khẩu;Thế giới;Mạch tích hợp điện tử;chiếc/đơn vị;74729;74729;2143,142;0;3547125,693;3547125,693
7799;20210101;2021;52;Nhập khẩu;Trung Quốc;Mạch tích hợp điện tử;chiếc/đơn vị;3962;3962;10,606;0;16816,643;16816,643
7800;20210101;2021;52;Nhập khẩu;Hàn Quốc;Mạch tích hợp điện tử;chiếc/đơn vị;6440;6440;92,25;0;180412,446;180412,446
7801;20210101;2021;52;Nhập khẩu;Châu Á khác (chưa xác định);Mạch tích hợp điện tử;chiếc/đơn vị;5077;5077;7,84;0;12430,247;12430,247
7802;20210101;2021;52;Nhập khẩu;Trung Quốc;Mạch tích hợp điện tử;chiếc/đơn vị;59250;59250;2032,446;0;3337466,357;3337466,357
7803;20210101;2021;52;Nhập khẩu;Thế giới;Mạch tích hợp điện tử;chiếc/đơn vị;495;495;820,12;61580,73;44352,4;61580,73
7812;20210101;2021;52;Nhập khẩu;Hàn Quốc;Mạch tích hợp điện tử;chiếc/đơn vị;216591,59;0;263;1316103;1306657;1316103
7814;20210101;2021;52;Nhập khẩu;Philippines;Mạch tích hợp điện tử;chiếc/đơn vị;52763,859;0;103,535;240961;239926;240961
7816;20210101;2021;52;Nhập khẩu;Thế giới;Máy in, máy photocopy, máy fax và phụ tùng;Cái;0;18127;166341,442;2412101,95;2277750,47;2412101,95
7822;20210101;2021;52;Nhập khẩu;Thế giới;Máy xử lý dữ liệu tự động (máy tính) và bộ phận;chiếc/đơn vị;2815;2815;3247,972;629377,242;600387,15;629377,242
7823;20210101;2021;52;Nhập khẩu;Trung Quốc;Máy xử lý dữ liệu tự động (máy tính) và bộ phận;chiếc/đơn vị;1063;1063;1739,972;300738;291554;300738
7824;20210101;2021;52;Nhập khẩu;Hồng Kông (Trung Quốc);Máy xử lý dữ liệu tự động (máy tính) và bộ phận;chiếc/đơn vị;1250;1250;1065,7;188001,859;174779,5;188001,859
7825;20210101;2021;52;Nhập khẩu;Trung Quốc;Máy xử lý dữ liệu tự động (máy tính) và bộ phận;chiếc/đơn vị;501;501;441,928;140438,6;133858,65;140438,6
7833;20210101;2021;52;Nhập khẩu;Thế giới;Máy xử lý dữ liệu tự động (máy tính) và bộ phận;chiếc/đơn vị;368454;368454;242071,02;115468101;0;115468101
7834;20210101;2021;52;Nhập khẩu;Trung Quốc;Máy xử lý dữ liệu tự động (máy tính) và bộ phận;chiếc/đơn vị;975;975;572;102902,251;0;102902,251
7839;20210101;2021;52;Nhập khẩu;Trung Quốc;Máy xử lý dữ liệu tự động (máy tính) và bộ phận;chiếc/đơn vị;367440;367440;241425,539;115305261,1;0;115305261,1
7887;20210101;2021;52;Nhập khẩu;Thế giới;Điện thoại (kể cả di động) và thiết bị truyền dữ liệu;Cái;0;471162;176212,353;81575857,71;79313189,15;81575857,71
7888;20210101;2021;52;Nhập khẩu;Trung Quốc;Điện thoại (kể cả di động) và thiết bị truyền dữ liệu;chiếc/đơn vị;16145;16145;5927,963;1936187,064;1873134,9;1936187,064
7889;20210101;2021;52;Nhập khẩu;Hồng Kông (Trung Quốc);Điện thoại (kể cả di động) và thiết bị truyền dữ liệu;chiếc/đơn vị;29655;29655;12459,17;3165973,141;3038540,7;3165973,141
7890;20210101;2021;52;Nhập khẩu;Panama;Điện thoại (kể cả di động) và thiết bị truyền dữ liệu;chiếc/đơn vị;110;110;33,88;30360;29660,4;30360
7891;20210101;2021;52;Nhập khẩu;Trung Quốc;Điện thoại (kể cả di động) và thiết bị truyền dữ liệu;Cái;0;425252;157791,34;76443337,5;74371853,15;76443337,5
7893;20210101;2021;52;Nhập khẩu;Trung Quốc;Điện thoại (kể cả di động) và thiết bị truyền dữ liệu;kg;4163,84;4163,84;4163,84;97426,55;0;97426,55
7920;20210101;2021;52;Nhập khẩu;Thế giới;Thiết bị phát sóng vô tuyến/truyền hình, camera;chiếc/đơn vị;174;174;80,592;27563,297;0;27563,297
7925;20210101;2021;52;Nhập khẩu;Thế giới;Màn hình, máy chiếu, thiết bị thu truyền hình;chiếc/đơn vị;45386;45386;356097,925;7090592,917;6793876,043;7090592,917
7929;20210101;2021;52;Nhập khẩu;Thế giới;Màn hình, máy chiếu, thiết bị thu truyền hình;chiếc/đơn vị;296837;296837;188642;16765404,67;0;16765404,67
7933;20210101;2021;52;Nhập khẩu;Trung Quốc;Màn hình, máy chiếu, thiết bị thu truyền hình;chiếc/đơn vị;296061;296061;188351;16685170,71;0;16685170,71
7935;20210101;2021;52;Nhập khẩu;Thế giới;Mạch tích hợp điện tử;Cái;0;9432047;12987,138;818211,256;797219,886;818211,256
7946;20210101;2021;52;Nhập khẩu;Nhật Bản;Mạch tích hợp điện tử;chiếc/đơn vị;303864,733;0;3470,884;915419,491;0;915419,491
7948;20210101;2021;52;Nhập khẩu;Malaysia;Mạch tích hợp điện tử;chiếc/đơn vị;50682,982;0;65,775;68489,664;0;68489,664
7949;20210101;2021;52;Nhập khẩu;Châu Á khác (chưa xác định);Mạch tích hợp điện tử;chiếc/đơn vị;4914184,292;0;2211,888;6227897,219;0;6227897,219
7952;20210101;2021;52;Nhập khẩu;Singapore;Mạch tích hợp điện tử;chiếc/đơn vị;185725,699;0;1477,881;562796,784;0;562796,784
7955;20210101;2021;52;Nhập khẩu;Hoa Kỳ;Mạch tích hợp điện tử;chiếc/đơn vị;1400955,904;0;3096,949;2432534,796;0;2432534,796
7966;20210101;2021;52;Xuất khẩu;Estonia;Điện thoại (kể cả di động) và thiết bị truyền dữ liệu;chiếc/đơn vị;354;354;127;0;17223,064;17223,064
7971;20210101;2021;52;Nhập khẩu;Philippines;Máy in, máy photocopy, máy fax và phụ tùng;chiếc/đơn vị;1444;1444;28908;176816,024;0;176816,024
7973;20210101;2021;52;Nhập khẩu;Thế giới;Máy xử lý dữ liệu tự động (máy tính) và bộ phận;chiếc/đơn vị;1135593,074;0;549664,146;350147689;0;350147689
7974;20210101;2021;52;Nhập khẩu;Trung Quốc;Máy xử lý dữ liệu tự động (máy tính) và bộ phận;chiếc/đơn vị;2587;2587;5110;378246,903;0;378246,903
7979;20210101;2021;52;Nhập khẩu;Trung Quốc;Máy xử lý dữ liệu tự động (máy tính) và bộ phận;chiếc/đơn vị;1132395,074;0;543664;349649407,3;0;349649407,3
7982;20210101;2021;52;Nhập khẩu;Thái Lan;Máy xử lý dữ liệu tự động (máy tính) và bộ phận;chiếc/đơn vị;572;572;800;76470,781;0;76470,781
8018;20210101;2021;52;Nhập khẩu;Nhật Bản;Điện thoại (kể cả di động) và thiết bị truyền dữ liệu;kg;0,314;0;0,314;28,34;0;28,34
8019;20210101;2021;52;Nhập khẩu;Hàn Quốc;Điện thoại (kể cả di động) và thiết bị truyền dữ liệu;chiếc/đơn vị;125,705;0;271;67077,105;0;67077,105
8025;20210101;2021;52;Nhập khẩu;Hoa Kỳ;Điện thoại (kể cả di động) và thiết bị truyền dữ liệu;chiếc/đơn vị;3,767;0;13;1198,565;0;1198,565
8026;20210101;2021;52;Nhập khẩu;Thế giới;Thiết bị phát sóng vô tuyến/truyền hình, camera;chiếc/đơn vị;35444,486;0;21872;11884008,57;0;11884008,57
8027;20210101;2021;52;Nhập khẩu;Trung Quốc;Thiết bị phát sóng vô tuyến/truyền hình, camera;chiếc/đơn vị;321;321;112;126512,918;0;126512,918
8029;20210101;2021;52;Nhập khẩu;Trung Quốc;Thiết bị phát sóng vô tuyến/truyền hình, camera;chiếc/đơn vị;35010;35010;21594;11727725,2;0;11727725,2
8030;20210101;2021;52;Nhập khẩu;Hoa Kỳ;Thiết bị phát sóng vô tuyến/truyền hình, camera;chiếc/đơn vị;6,486;0;27;173,585;0;173,585
8031;20210101;2021;52;Nhập khẩu;Thế giới;Màn hình, máy chiếu, thiết bị thu truyền hình;chiếc/đơn vị;1206246;1206246;623161;61102672,83;0;61102672,83
8032;20210101;2021;52;Nhập khẩu;Trung Quốc;Màn hình, máy chiếu, thiết bị thu truyền hình;chiếc/đơn vị;31352;31352;21095;1842395,665;0;1842395,665
8034;20210101;2021;52;Nhập khẩu;Trung Quốc;Màn hình, máy chiếu, thiết bị thu truyền hình;chiếc/đơn vị;1174893;1174893;602023;59259037,27;0;59259037,27
8036;20210101;2021;52;Nhập khẩu;Bỉ;Mạch tích hợp điện tử;chiếc/đơn vị;2652162,557;0;15,092;197602,558;0;197602,558
8038;20210101;2021;52;Nhập khẩu;Trung Quốc;Mạch tích hợp điện tử;chiếc/đơn vị;9766,062;0;11,061;11456,624;0;11456,624
8041;20210101;2021;52;Nhập khẩu;Hàn Quốc;Mạch tích hợp điện tử;chiếc/đơn vị;31399,546;0;4;123237,235;0;123237,235
8064;20210101;2021;52;Nhập khẩu (hàng nước ngoài);Thế giới;Máy xử lý dữ liệu tự động (máy tính) và bộ phận;chiếc/đơn vị;883;883;5199,844;356900,18;297262,439;356900,18
8078;20210101;2021;52;Nhập khẩu;Hungary;Máy in, máy photocopy, máy fax và phụ tùng;chiếc/đơn vị;384;384;1235;60686,405;0;60686,405
8081;20210101;2021;52;Nhập khẩu;Thế giới;Máy xử lý dữ liệu tự động (máy tính) và bộ phận;chiếc/đơn vị;19773;19773;23024;7536014,393;0;7536014,393
8085;20210101;2021;52;Nhập khẩu;Thế giới;Máy xử lý dữ liệu tự động (máy tính) và bộ phận;chiếc/đơn vị;323;323;284;75005,842;0;75005,842
8153;20210101;2021;52;Nhập khẩu;Thế giới;Máy in, máy photocopy, máy fax và phụ tùng;kg;2707;2707;2707;9018,632;6446,752;9018,632
8160;20210101;2021;52;Nhập khẩu;Bỉ;Máy in, máy photocopy, máy fax và phụ tùng;kg;555,3;555,3;555,3;24770,13;0;24770,13
8161;20210101;2021;52;Nhập khẩu;Séc;Máy in, máy photocopy, máy fax và phụ tùng;kg;613,39;613,39;613,39;29024,447;0;29024,447
8162;20210101;2021;52;Nhập khẩu;Đan Mạch;Máy in, máy photocopy, máy fax và phụ tùng;kg;0,76;0,76;0,76;44,944;0;44,944
8163;20210101;2021;52;Nhập khẩu;Phần Lan;Máy in, máy photocopy, máy fax và phụ tùng;kg;0,72;0,72;0,72;31,934;0;31,934
8164;20210101;2021;52;Nhập khẩu;Pháp;Máy in, máy photocopy, máy fax và phụ tùng;kg;50,101;50,101;50,101;2068,613;0;2068,613
8168;20210101;2021;52;Nhập khẩu;Slovakia;Máy in, máy photocopy, máy fax và phụ tùng;kg;53,38;53,38;53,38;3777,673;0;3777,673
8177;20210101;2021;52;Nhập khẩu;Vương quốc Anh;Máy in, máy photocopy, máy fax và phụ tùng;chiếc/đơn vị;222;222;3166,85;35857,31;0;35857,31
8178;20210101;2021;52;Nhập khẩu;Thế giới;Máy xử lý dữ liệu tự động (máy tính) và bộ phận;chiếc/đơn vị;297;297;37087;538912,056;508004,112;538912,056
8183;20210101;2021;52;Nhập khẩu;Thế giới;Máy xử lý dữ liệu tự động (máy tính) và bộ phận;chiếc/đơn vị;846,645;0;1177;450821;430195;450821
8185;20210101;2021;52;Nhập khẩu;Thế giới;Máy xử lý dữ liệu tự động (máy tính) và bộ phận;chiếc/đơn vị;65160;65160;31637,72;16711070,31;0;16711070,31
8189;20210101;2021;52;Nhập khẩu;Đức;Máy xử lý dữ liệu tự động (máy tính) và bộ phận;chiếc/đơn vị;653;653;2150,94;148119,3;0;148119,3
8191;20210101;2021;52;Nhập khẩu;Hà Lan;Máy xử lý dữ liệu tự động (máy tính) và bộ phận;chiếc/đơn vị;9525;9525;3029,73;697563,676;0;697563,676
8193;20210101;2021;52;Nhập khẩu;Trung Quốc;Máy xử lý dữ liệu tự động (máy tính) và bộ phận;chiếc/đơn vị;49917;49917;22633;14400940,75;0;14400940,75
8194;20210101;2021;52;Nhập khẩu;Tây Ban Nha;Máy xử lý dữ liệu tự động (máy tính) và bộ phận;chiếc/đơn vị;4887;4887;3648,89;1374192,849;0;1374192,849
8288;20210101;2021;52;Nhập khẩu;Phần Lan;Điện thoại (kể cả di động) và thiết bị truyền dữ liệu;chiếc/đơn vị;8500;8500;518,5;226199,084;0;226199,084
8289;20210101;2021;52;Nhập khẩu;Pháp;Điện thoại (kể cả di động) và thiết bị truyền dữ liệu;kg;717;717;717;159610,805;0;159610,805
8294;20210101;2021;52;Nhập khẩu;Slovakia;Điện thoại (kể cả di động) và thiết bị truyền dữ liệu;kg;7,94;7,94;7,94;4296,896;0;4296,896
8312;20210101;2021;52;Nhập khẩu;Vương quốc Anh;Điện thoại (kể cả di động) và thiết bị truyền dữ liệu;chiếc/đơn vị;416,644;0;132,07;146512;0;146512
8313;20210101;2021;52;Nhập khẩu;Hoa Kỳ;Điện thoại (kể cả di động) và thiết bị truyền dữ liệu;chiếc/đơn vị;46,187;0;39,28;18767,41;0;18767,41
8316;20210101;2021;52;Nhập khẩu;Thế giới;Thiết bị phát sóng vô tuyến/truyền hình, camera;chiếc/đơn vị;1416;1416;32864;1859957,073;0;1859957,073
8318;20210101;2021;52;Nhập khẩu;Thế giới;Thiết bị phát sóng vô tuyến/truyền hình, camera;chiếc/đơn vị;3807;3807;11,75;54142,303;0;54142,303
8320;20210101;2021;52;Nhập khẩu;Hà Lan;Thiết bị phát sóng vô tuyến/truyền hình, camera;chiếc/đơn vị;3785;3785;7,91;52352,817;0;52352,817
8333;20210101;2021;52;Nhập khẩu;Thế giới;Màn hình, máy chiếu, thiết bị thu truyền hình;chiếc/đơn vị;15794,382;0;17306;738461;705206;738461
8335;20210101;2021;52;Nhập khẩu;Thế giới;Màn hình, máy chiếu, thiết bị thu truyền hình;chiếc/đơn vị;3540;3540;47979,85;2578651,82;0;2578651,82
8336;20210101;2021;52;Nhập khẩu;Hà Lan;Màn hình, máy chiếu, thiết bị thu truyền hình;chiếc/đơn vị;2741;2741;27212,3;1519680,552;0;1519680,552
8342;20210101;2021;52;Nhập khẩu;Thổ Nhĩ Kỳ;Màn hình, máy chiếu, thiết bị thu truyền hình;chiếc/đơn vị;248;248;4971,5;141142,21;0;141142,21
8361;20210101;2021;52;Nhập khẩu;Vương quốc Anh;Mạch tích hợp điện tử;chiếc/đơn vị;9451,186;0;6,55;11940,59;0;11940,59
8366;20210101;2021;52;Xuất khẩu;Bỉ;Máy in, máy photocopy, máy fax và phụ tùng;kg;31115,3;31115,3;31115,3;0;724225,009;724225,009
8367;20210101;2021;52;Xuất khẩu;Séc;Máy in, máy photocopy, máy fax và phụ tùng;kg;559,13;559,13;559,13;0;9666,537;9666,537
8368;20210101;2021;52;Xuất khẩu;Đan Mạch;Máy in, máy photocopy, máy fax và phụ tùng;kg;12280,05;12280,05;12280,05;0;322989,82;322989,82
8369;20210101;2021;52;Xuất khẩu;Phần Lan;Máy in, máy photocopy, máy fax và phụ tùng;kg;11161,77;11161,77;11161,77;0;252739,777;252739,777
8370;20210101;2021;52;Xuất khẩu;Pháp;Máy in, máy photocopy, máy fax và phụ tùng;kg;113701,7;113701,7;113701,7;0;3000479,7;3000479,7
8371;20210101;2021;52;Xuất khẩu;Đức;Máy in, máy photocopy, máy fax và phụ tùng;kg;102534,63;102534,63;102534,63;0;2741665,368;2741665,368
8372;20210101;2021;52;Xuất khẩu;Hy Lạp;Máy in, máy photocopy, máy fax và phụ tùng;kg;3182,44;3182,44;3182,44;0;72188,555;72188,555
8374;20210101;2021;52;Xuất khẩu;Hà Lan;Máy in, máy photocopy, máy fax và phụ tùng;kg;289316,37;289316,37;289316,37;0;6412996,555;6412996,555
8375;20210101;2021;52;Xuất khẩu;Ba Lan;Máy in, máy photocopy, máy fax và phụ tùng;kg;18907,46;18907,46;18907,46;0;373656,05;373656,05
8376;20210101;2021;52;Xuất khẩu;Romania;Máy in, máy photocopy, máy fax và phụ tùng;kg;341,43;341,43;341,43;0;10766,485;10766,485
8377;20210101;2021;52;Xuất khẩu;Slovakia;Máy in, máy photocopy, máy fax và phụ tùng;kg;7890,77;7890,77;7890,77;0;169490,235;169490,235
8379;20210101;2021;52;Xuất khẩu;Thụy Điển;Máy in, máy photocopy, máy fax và phụ tùng;kg;18591,84;18591,84;18591,84;0;465786,789;465786,789
8380;20210101;2021;52;Xuất khẩu;Vương quốc Anh;Máy in, máy photocopy, máy fax và phụ tùng;kg;2541,82;2541,82;2541,82;0;48526,652;48526,652
8383;20210101;2021;52;Xuất khẩu;Thế giới;Máy xử lý dữ liệu tự động (máy tính) và bộ phận;chiếc/đơn vị;435;435;204,052;0;76260,73;76260,73
8387;20210101;2021;52;Xuất khẩu;Tây Ban Nha;Máy xử lý dữ liệu tự động (máy tính) và bộ phận;chiếc/đơn vị;215;215;103,32;0;55135,805;55135,805
8401;20210101;2021;52;Xuất khẩu;Ý;Điện thoại (kể cả di động) và thiết bị truyền dữ liệu;chiếc/đơn vị;2185,596;0;263,24;0;272588,525;272588,525
8403;20210101;2021;52;Xuất khẩu;Slovakia;Điện thoại (kể cả di động) và thiết bị truyền dữ liệu;kg;0,78;0,78;0,78;0;225,903;225,903
8404;20210101;2021;52;Xuất khẩu;Tây Ban Nha;Điện thoại (kể cả di động) và thiết bị truyền dữ liệu;chiếc/đơn vị;693,911;0;169,696;0;394492,386;394492,386
8407;20210101;2021;52;Xuất khẩu;Thế giới;Thiết bị phát sóng vô tuyến/truyền hình, camera;chiếc/đơn vị;170;170;0,253;0;2390,318;2390,318
8424;20210101;2021;52;Nhập khẩu;Thế giới;Máy in, máy photocopy, máy fax và phụ tùng;kg;10,9;10,9;10,9;1552,769;0;1552,769
8426;20210101;2021;52;Nhập khẩu;Thế giới;Máy xử lý dữ liệu tự động (máy tính) và bộ phận;chiếc/đơn vị;1157;1157;528,707;88323;87856;88323
8428;20210101;2021;52;Nhập khẩu;Trung Quốc;Máy xử lý dữ liệu tự động (máy tính) và bộ phận;chiếc/đơn vị;1155;1155;526,707;88163;87697;88163
8429;20210101;2021;52;Nhập khẩu;Thế giới;Máy xử lý dữ liệu tự động (máy tính) và bộ phận;chiếc/đơn vị;39438;39438;16225,936;1559858,241;1464790,757;1559858,241
8430;20210101;2021;52;Nhập khẩu;Trung Quốc;Máy xử lý dữ liệu tự động (máy tính) và bộ phận;chiếc/đơn vị;1137;1137;89;12686,073;11983,525;12686,073
8432;20210101;2021;52;Nhập khẩu;Châu Á khác (chưa xác định);Máy xử lý dữ liệu tự động (máy tính) và bộ phận;chiếc/đơn vị;84;84;9;32036,887;28985,417;32036,887
8433;20210101;2021;52;Nhập khẩu;Trung Quốc;Máy xử lý dữ liệu tự động (máy tính) và bộ phận;chiếc/đơn vị;38211;38211;16115,301;1513733,734;1422534,994;1513733,734
8459;20210101;2021;52;Nhập khẩu;Thế giới;Điện thoại (kể cả di động) và thiết bị truyền dữ liệu;chiếc/đơn vị;55911;55911;10244;1818413;1766642;1818413
8460;20210101;2021;52;Nhập khẩu;Trung Quốc;Điện thoại (kể cả di động) và thiết bị truyền dữ liệu;chiếc/đơn vị;3970;3970;1383;499487;496491;499487
8461;20210101;2021;52;Nhập khẩu;Trung Quốc;Điện thoại (kể cả di động) và thiết bị truyền dữ liệu;chiếc/đơn vị;51941;51941;8861;1318926;1270151;1318926
8465;20210101;2021;52;Nhập khẩu;Malaysia;Điện thoại (kể cả di động) và thiết bị truyền dữ liệu;kg;1,66;0;1,66;309,878;306,33;309,878
8467;20210101;2021;52;Nhập khẩu;Hoa Kỳ;Điện thoại (kể cả di động) và thiết bị truyền dữ liệu;kg;0,006;0;0,006;1,183;1,183;1,183
8470;20210101;2021;52;Nhập khẩu;Thế giới;Thiết bị phát sóng vô tuyến/truyền hình, camera;chiếc/đơn vị;40287;40287;2222,355;693492,684;690107,682;693492,684
8472;20210101;2021;52;Nhập khẩu;Indonesia;Thiết bị phát sóng vô tuyến/truyền hình, camera;chiếc/đơn vị;412;412;16;6519,265;6489,696;6519,265
8473;20210101;2021;52;Nhập khẩu;Hàn Quốc;Thiết bị phát sóng vô tuyến/truyền hình, camera;chiếc/đơn vị;625;625;78;3331,779;3317,587;3331,779
8474;20210101;2021;52;Nhập khẩu;Trung Quốc;Thiết bị phát sóng vô tuyến/truyền hình, camera;chiếc/đơn vị;39249;39249;2115,355;682931,996;679590,755;682931,996
8475;20210101;2021;52;Nhập khẩu;Thế giới;Màn hình, máy chiếu, thiết bị thu truyền hình;chiếc/đơn vị;636463;636463;3816669,056;139668941;139122283,2;139668941
8476;20210101;2021;52;Nhập khẩu;Hàn Quốc;Màn hình, máy chiếu, thiết bị thu truyền hình;chiếc/đơn vị;15084;15084;7122;447679,035;423711,985;447679,035
8478;20210101;2021;52;Nhập khẩu;Trung Quốc;Màn hình, máy chiếu, thiết bị thu truyền hình;chiếc/đơn vị;620379;620379;3809437,056;139190805,2;138670737,7;139190805,2
8487;20210101;2021;52;Nhập khẩu;Hàn Quốc;Mạch tích hợp điện tử;chiếc/đơn vị;10,587;0;0,087;17,741;17,741;17,741
8492;20210101;2021;52;Nhập khẩu;Vương quốc Anh;Mạch tích hợp điện tử;chiếc/đơn vị;6,961;0;0,015;5,914;5,914;5,914
8498;20210101;2021;52;Nhập khẩu (hàng nước ngoài);Thế giới;Máy xử lý dữ liệu tự động (máy tính) và bộ phận;chiếc/đơn vị;254584;254584;196710,95;70765384,77;0;70765384,77
8499;20210101;2021;52;Nhập khẩu (hàng nước ngoài);Trung Quốc;Máy xử lý dữ liệu tự động (máy tính) và bộ phận;chiếc/đơn vị;9515;9515;4764,35;629519,006;0;629519,006
8501;20210101;2021;52;Nhập khẩu (hàng nước ngoài);Trung Quốc;Máy xử lý dữ liệu tự động (máy tính) và bộ phận;chiếc/đơn vị;245068;245068;191943;70133811,68;0;70133811,68
8516;20210101;2021;52;Nhập khẩu (hàng nước ngoài);Trung Quốc;Điện thoại (kể cả di động) và thiết bị truyền dữ liệu;chiếc/đơn vị;4197;4197;1511;819944,619;0;819944,619
8517;20210101;2021;52;Nhập khẩu (hàng nước ngoài);Hàn Quốc;Điện thoại (kể cả di động) và thiết bị truyền dữ liệu;chiếc/đơn vị;754;754;232;333160,488;0;333160,488
8521;20210101;2021;52;Nhập khẩu (hàng nước ngoài);Ấn Độ;Điện thoại (kể cả di động) và thiết bị truyền dữ liệu;chiếc/đơn vị;8410;8410;2098;1701713,748;0;1701713,748
8524;20210101;2021;52;Nhập khẩu (hàng nước ngoài);Thế giới;Thiết bị phát sóng vô tuyến/truyền hình, camera;chiếc/đơn vị;715526;715526;400820,9;48459153,83;0;48459153,83
8525;20210101;2021;52;Nhập khẩu (hàng nước ngoài);Trung Quốc;Thiết bị phát sóng vô tuyến/truyền hình, camera;chiếc/đơn vị;12233;12233;1806;58759,733;0;58759,733
8526;20210101;2021;52;Nhập khẩu (hàng nước ngoài);Indonesia;Thiết bị phát sóng vô tuyến/truyền hình, camera;chiếc/đơn vị;9166;9166;6455;653326,693;0;653326,693
8528;20210101;2021;52;Nhập khẩu (hàng nước ngoài);Trung Quốc;Thiết bị phát sóng vô tuyến/truyền hình, camera;chiếc/đơn vị;694107;694107;392538,9;47745909,2;0;47745909,2
8529;20210101;2021;52;Nhập khẩu (hàng nước ngoài);Thế giới;Màn hình, máy chiếu, thiết bị thu truyền hình;chiếc/đơn vị;210523;210523;124739,88;18210732,98;0;18210732,98
8530;20210101;2021;52;Nhập khẩu (hàng nước ngoài);Trung Quốc;Màn hình, máy chiếu, thiết bị thu truyền hình;chiếc/đơn vị;4680;4680;1090,8;191868,805;0;191868,805
8532;20210101;2021;52;Nhập khẩu (hàng nước ngoài);Trung Quốc;Màn hình, máy chiếu, thiết bị thu truyền hình;chiếc/đơn vị;205459;205459;122975,08;17923521,99;0;17923521,99
8603;20210101;2021;52;Xuất khẩu trong nước;Áo;Máy xử lý dữ liệu tự động (máy tính) và bộ phận;chiếc/đơn vị;1,508;0;4;0;806,35;806,35
8605;20210101;2021;52;Xuất khẩu trong nước;Trung Quốc;Máy xử lý dữ liệu tự động (máy tính) và bộ phận;chiếc/đơn vị;53,34;0;295;0;17901,285;17901,285
8607;20210101;2021;52;Xuất khẩu trong nước;Đức;Máy xử lý dữ liệu tự động (máy tính) và bộ phận;chiếc/đơn vị;9,17;0;42;0;3003,82;3003,82
8608;20210101;2021;52;Xuất khẩu trong nước;Hồng Kông (Trung Quốc);Máy xử lý dữ liệu tự động (máy tính) và bộ phận;chiếc/đơn vị;168,193;0;486;0;57251,501;57251,501
8609;20210101;2021;52;Xuất khẩu trong nước;Indonesia;Máy xử lý dữ liệu tự động (máy tính) và bộ phận;chiếc/đơn vị;6,766;0;31;0;2284,234;2284,234
8611;20210101;2021;52;Xuất khẩu trong nước;Nhật Bản;Máy xử lý dữ liệu tự động (máy tính) và bộ phận;chiếc/đơn vị;76,257;0;263;0;25385,467;25385,467
8612;20210101;2021;52;Xuất khẩu trong nước;Hàn Quốc;Máy xử lý dữ liệu tự động (máy tính) và bộ phận;chiếc/đơn vị;0,005;0;0,009;0;2,768;2,768
8613;20210101;2021;52;Xuất khẩu trong nước;Lào;Máy xử lý dữ liệu tự động (máy tính) và bộ phận;chiếc/đơn vị;38,463;0;10;0;20561,358;20561,358
8614;20210101;2021;52;Xuất khẩu trong nước;Malaysia;Máy xử lý dữ liệu tự động (máy tính) và bộ phận;chiếc/đơn vị;28,834;0;86;0;9612,808;9612,808
8618;20210101;2021;52;Xuất khẩu trong nước;Philippines;Máy xử lý dữ liệu tự động (máy tính) và bộ phận;chiếc/đơn vị;7,228;0;20;0;2893,63;2893,63
8620;20210101;2021;52;Xuất khẩu trong nước;Ấn Độ;Máy xử lý dữ liệu tự động (máy tính) và bộ phận;chiếc/đơn vị;15,022;0;44;0;5204,414;5204,414
8621;20210101;2021;52;Xuất khẩu trong nước;Singapore;Máy xử lý dữ liệu tự động (máy tính) và bộ phận;chiếc/đơn vị;67,59;0;184;0;31917,262;31917,262
8689;20210101;2021;52;Xuất khẩu trong nước;Trung Quốc;Điện thoại (kể cả di động) và thiết bị truyền dữ liệu;chiếc/đơn vị;1,23;0;7;0;610;610
8690;20210101;2021;52;Xuất khẩu trong nước;Hồng Kông (Trung Quốc);Điện thoại (kể cả di động) và thiết bị truyền dữ liệu;chiếc/đơn vị;51,538;0;75;0;11510,715;11510,715
8692;20210101;2021;52;Xuất khẩu trong nước;Philippines;Điện thoại (kể cả di động) và thiết bị truyền dữ liệu;chiếc/đơn vị;1,282;0;57;0;150,171;150,171
8693;20210101;2021;52;Xuất khẩu trong nước;Singapore;Điện thoại (kể cả di động) và thiết bị truyền dữ liệu;chiếc/đơn vị;222,625;0;91;0;39005,084;39005,084
8695;20210101;2021;52;Xuất khẩu trong nước;Các Tiểu vương quốc Ả Rập Thống nhất;Điện thoại (kể cả di động) và thiết bị truyền dữ liệu;chiếc/đơn vị;917,55;0;653;0;210008,715;210008,715
8696;20210101;2021;52;Xuất khẩu trong nước;Thế giới;Thiết bị phát sóng vô tuyến/truyền hình, camera;chiếc/đơn vị;24143,103;0;5074,504;0;3303463,987;3303463,987
8699;20210101;2021;52;Xuất khẩu trong nước;Singapore;Thiết bị phát sóng vô tuyến/truyền hình, camera;chiếc/đơn vị;1921;1921;2787;0;1913480,911;1913480,911
8700;20210101;2021;52;Xuất khẩu trong nước;Trung Quốc;Thiết bị phát sóng vô tuyến/truyền hình, camera;chiếc/đơn vị;22220,103;0;2283,504;0;1389282,058;1389282,058
8701;20210101;2021;52;Xuất khẩu trong nước;Thế giới;Màn hình, máy chiếu, thiết bị thu truyền hình;chiếc/đơn vị;280075,058;0;3175264,436;0;92365793,71;92365793,71
8702;20210101;2021;52;Xuất khẩu trong nước;Hồng Kông (Trung Quốc);Màn hình, máy chiếu, thiết bị thu truyền hình;chiếc/đơn vị;66,705;0;155;0;6956,784;6956,784
8703;20210101;2021;52;Xuất khẩu trong nước;Singapore;Màn hình, máy chiếu, thiết bị thu truyền hình;chiếc/đơn vị;1,208;0;3;0;395,004;395,004
8704;20210101;2021;52;Xuất khẩu trong nước;Trung Quốc;Màn hình, máy chiếu, thiết bị thu truyền hình;chiếc/đơn vị;280007,144;0;3175106,436;0;92358441,92;92358441,92
8717;20210101;2021;52;Xuất khẩu trong nước;Đức;Mạch tích hợp điện tử;kg;182;182;182;0;22317,911;22317,911
8720;20210101;2021;52;Xuất khẩu trong nước;Indonesia;Mạch tích hợp điện tử;kg;198;198;198;0;3858,948;3858,948
8727;20210101;2021;52;Xuất khẩu trong nước;Malaysia;Mạch tích hợp điện tử;kg;136;136;136;0;23352,48;23352,48
8763;20210101;2021;52;Nhập khẩu (hàng nước ngoài);Hungary;Máy xử lý dữ liệu tự động (máy tính) và bộ phận;chiếc/đơn vị;8,394;0;81;3351,46;0;3351,46
8767;20210101;2021;52;Nhập khẩu (hàng nước ngoài);Hàn Quốc;Máy xử lý dữ liệu tự động (máy tính) và bộ phận;chiếc/đơn vị;197,788;0;23,515;42391,182;0;42391,182
8774;20210101;2021;52;Nhập khẩu (hàng nước ngoài);Trung Quốc;Máy xử lý dữ liệu tự động (máy tính) và bộ phận;chiếc/đơn vị;53775,434;0;63852,043;20877594,69;0;20877594,69
8775;20210101;2021;52;Nhập khẩu (hàng nước ngoài);Thái Lan;Máy xử lý dữ liệu tự động (máy tính) và bộ phận;chiếc/đơn vị;3454,172;0;5607;557168,957;0;557168,957
8776;20210101;2021;52;Nhập khẩu (hàng nước ngoài);Vương quốc Anh;Máy xử lý dữ liệu tự động (máy tính) và bộ phận;chiếc/đơn vị;11,928;0;32,96;3910,835;0;3910,835
8777;20210101;2021;52;Nhập khẩu (hàng nước ngoài);Hoa Kỳ;Máy xử lý dữ liệu tự động (máy tính) và bộ phận;chiếc/đơn vị;27,689;0;41;11542,797;0;11542,797
8831;20210101;2021;52;Nhập khẩu (hàng nước ngoài);Ấn Độ;Điện thoại (kể cả di động) và thiết bị truyền dữ liệu;chiếc/đơn vị;3786,953;0;1458;926325,975;0;926325,975
8835;20210101;2021;52;Nhập khẩu (hàng nước ngoài);Thế giới;Thiết bị phát sóng vô tuyến/truyền hình, camera;chiếc/đơn vị;32606,298;0;7588,572;1101390,63;0;1101390,63
8840;20210101;2021;52;Nhập khẩu (hàng nước ngoài);Hàn Quốc;Thiết bị phát sóng vô tuyến/truyền hình, camera;chiếc/đơn vị;5001;5001;7;43175,385;0;43175,385
8844;20210101;2021;52;Nhập khẩu (hàng nước ngoài);Trung Quốc;Thiết bị phát sóng vô tuyến/truyền hình, camera;chiếc/đơn vị;27528,298;0;7491;1046005,178;0;1046005,178
8853;20210101;2021;52;Nhập khẩu (hàng nước ngoài);Malaysia;Màn hình, máy chiếu, thiết bị thu truyền hình;chiếc/đơn vị;42,59;0;92;15403,378;0;15403,378
8855;20210101;2021;52;Nhập khẩu (hàng nước ngoài);Trung Quốc;Màn hình, máy chiếu, thiết bị thu truyền hình;chiếc/đơn vị;569792,526;0;7993394;207272792,9;0;207272792,9
8861;20210101;2021;52;Nhập khẩu (hàng nước ngoài);Hàn Quốc;Mạch tích hợp điện tử;chiếc/đơn vị;71680;71680;106,037;48138,347;0;48138,347
8862;20210101;2021;52;Nhập khẩu (hàng nước ngoài);Malaysia;Mạch tích hợp điện tử;chiếc/đơn vị;46870;46870;2;4988,414;0;4988,414
8863;20210101;2021;52;Nhập khẩu (hàng nước ngoài);Châu Á khác (chưa xác định);Mạch tích hợp điện tử;chiếc/đơn vị;425678;425678;942;433932,507;0;433932,507
8864;20210101;2021;52;Nhập khẩu (hàng nước ngoài);Philippines;Mạch tích hợp điện tử;chiếc/đơn vị;525468;525468;166;110537,28;0;110537,28
8865;20210101;2021;52;Nhập khẩu (hàng nước ngoài);Singapore;Mạch tích hợp điện tử;chiếc/đơn vị;6090;6090;26;1587,054;0;1587,054
8867;20210101;2021;52;Nhập khẩu (hàng nước ngoài);Thái Lan;Mạch tích hợp điện tử;chiếc/đơn vị;438287;438287;547;234712,028;0;234712,028
8871;20210101;2021;52;Nhập khẩu;Vương quốc Anh;Máy in, máy photocopy, máy fax và phụ tùng;kg;1,469;0;1,469;116,597;0;116,597
8883;20210101;2021;52;Nhập khẩu;Thế giới;Máy xử lý dữ liệu tự động (máy tính) và bộ phận;chiếc/đơn vị;158970;158970;98116,152;62277016,58;0;62277016,58
8884;20210101;2021;52;Nhập khẩu;Trung Quốc;Máy xử lý dữ liệu tự động (máy tính) và bộ phận;chiếc/đơn vị;40101;40101;34000;10835454,43;0;10835454,43
8887;20210101;2021;52;Nhập khẩu;Trung Quốc;Máy xử lý dữ liệu tự động (máy tính) và bộ phận;chiếc/đơn vị;118668;118668;64046,086;51414161,91;0;51414161,91
8991;20210101;2021;52;Nhập khẩu;Thế giới;Thiết bị phát sóng vô tuyến/truyền hình, camera;chiếc/đơn vị;26751;26751;8197,596;6218105,744;0;6218105,744
9005;20210101;2021;52;Nhập khẩu;Thế giới;Màn hình, máy chiếu, thiết bị thu truyền hình;chiếc/đơn vị;334;334;1683,435;57365,611;0;57365,611
9021;20210101;2021;52;Nhập khẩu;Châu Á khác (chưa xác định);Mạch tích hợp điện tử;kg;12,294;0;12,294;3381,306;0;3381,306
9208;20210101;2021;52;Nhập khẩu;Trung Quốc;Máy in, máy photocopy, máy fax và phụ tùng;kg;2888;2888;2888;128441,071;0;128441,071
9214;20210101;2021;52;Nhập khẩu;Thế giới;Máy xử lý dữ liệu tự động (máy tính) và bộ phận;chiếc/đơn vị;192483;192483;175154;42118622;39696670;42118622
9215;20210101;2021;52;Nhập khẩu;Trung Quốc;Máy xử lý dữ liệu tự động (máy tính) và bộ phận;chiếc/đơn vị;87261;87261;89025;9999345;9405846;9999345
9217;20210101;2021;52;Nhập khẩu;Trung Quốc;Máy xử lý dữ liệu tự động (máy tính) và bộ phận;chiếc/đơn vị;104969;104969;85246;32110059;30285246;32110059
9220;20210101;2021;52;Nhập khẩu;Thế giới;Máy xử lý dữ liệu tự động (máy tính) và bộ phận;chiếc/đơn vị;864151;864151;586095;200270945,4;0;200270945,4
9221;20210101;2021;52;Nhập khẩu;Trung Quốc;Máy xử lý dữ liệu tự động (máy tính) và bộ phận;chiếc/đơn vị;32424;32424;4826;1181913,673;0;1181913,673
9223;20210101;2021;52;Nhập khẩu;Hàn Quốc;Máy xử lý dữ liệu tự động (máy tính) và bộ phận;chiếc/đơn vị;650;650;26;89075,949;0;89075,949
9225;20210101;2021;52;Nhập khẩu;Trung Quốc;Máy xử lý dữ liệu tự động (máy tính) và bộ phận;chiếc/đơn vị;830205;830205;580892;198730526;0;198730526
9289;20210101;2021;52;Nhập khẩu;Hồng Kông (Trung Quốc);Điện thoại (kể cả di động) và thiết bị truyền dữ liệu;kg;375;375;375;22894;21593;22894
9290;20210101;2021;52;Nhập khẩu;Nhật Bản;Điện thoại (kể cả di động) và thiết bị truyền dữ liệu;kg;152;152;152;39257;37242;39257
9291;20210101;2021;52;Nhập khẩu;Hàn Quốc;Điện thoại (kể cả di động) và thiết bị truyền dữ liệu;kg;274;274;274;29684;28949;29684
9295;20210101;2021;52;Nhập khẩu;Hoa Kỳ;Điện thoại (kể cả di động) và thiết bị truyền dữ liệu;kg;199;199;199;51387;48753;51387
9302;20210101;2021;52;Nhập khẩu;Ý;Điện thoại (kể cả di động) và thiết bị truyền dữ liệu;kg;235;235;235;32208,952;0;32208,952
9303;20210101;2021;52;Nhập khẩu;Nhật Bản;Điện thoại (kể cả di động) và thiết bị truyền dữ liệu;kg;1727;1727;1727;535510,62;0;535510,62
9304;20210101;2021;52;Nhập khẩu;Malaysia;Điện thoại (kể cả di động) và thiết bị truyền dữ liệu;chiếc/đơn vị;23726,007;0;3606;6378375,178;0;6378375,178
9305;20210101;2021;52;Nhập khẩu;Châu Á khác (chưa xác định);Điện thoại (kể cả di động) và thiết bị truyền dữ liệu;chiếc/đơn vị;3649,666;0;283;351144,697;0;351144,697
9310;20210101;2021;52;Nhập khẩu;Hoa Kỳ;Điện thoại (kể cả di động) và thiết bị truyền dữ liệu;chiếc/đơn vị;8193,521;0;3452;365298,866;0;365298,866
9311;20210101;2021;52;Nhập khẩu;Thế giới;Thiết bị phát sóng vô tuyến/truyền hình, camera;chiếc/đơn vị;10479358;10479358;26954;36787900;35468713;36787900
9312;20210101;2021;52;Nhập khẩu;Trung Quốc;Thiết bị phát sóng vô tuyến/truyền hình, camera;chiếc/đơn vị;192781;192781;1062;248308;235427;248308
9313;20210101;2021;52;Nhập khẩu;Hồng Kông (Trung Quốc);Thiết bị phát sóng vô tuyến/truyền hình, camera;chiếc/đơn vị;563360;563360;1437;682396;643586;682396
9314;20210101;2021;52;Nhập khẩu;Hàn Quốc;Thiết bị phát sóng vô tuyến/truyền hình, camera;chiếc/đơn vị;716968;716968;2133;3297654;3110185;3297654
9315;20210101;2021;52;Nhập khẩu;Trung Quốc;Thiết bị phát sóng vô tuyến/truyền hình, camera;chiếc/đơn vị;9006249;9006249;22322;32559542;31479515;32559542
9316;20210101;2021;52;Nhập khẩu;Thế giới;Thiết bị phát sóng vô tuyến/truyền hình, camera;chiếc/đơn vị;237792;237792;201919;19207491,83;0;19207491,83
9317;20210101;2021;52;Nhập khẩu;Trung Quốc;Thiết bị phát sóng vô tuyến/truyền hình, camera;chiếc/đơn vị;30206;30206;27575;2663931,211;0;2663931,211
9319;20210101;2021;52;Nhập khẩu;Trung Quốc;Thiết bị phát sóng vô tuyến/truyền hình, camera;chiếc/đơn vị;206645;206645;172646;16319671,41;0;16319671,41
9320;20210101;2021;52;Nhập khẩu;Vương quốc Anh;Thiết bị phát sóng vô tuyến/truyền hình, camera;chiếc/đơn vị;940;940;1686;213353,705;0;213353,705
9321;20210101;2021;52;Nhập khẩu;Thế giới;Màn hình, máy chiếu, thiết bị thu truyền hình;chiếc/đơn vị;33619;33619;234431;8716389;8464253;8716389
9323;20210101;2021;52;Nhập khẩu;Trung Quốc;Màn hình, máy chiếu, thiết bị thu truyền hình;chiếc/đơn vị;33352;33352;231322;8623612;8373731;8623612
9324;20210101;2021;52;Nhập khẩu;Thế giới;Màn hình, máy chiếu, thiết bị thu truyền hình;chiếc/đơn vị;182961;182961;140384;11142000,52;0;11142000,52
9325;20210101;2021;52;Nhập khẩu;Trung Quốc;Màn hình, máy chiếu, thiết bị thu truyền hình;chiếc/đơn vị;14263;14263;11266;830203,689;0;830203,689
9327;20210101;2021;52;Nhập khẩu;Trung Quốc;Màn hình, máy chiếu, thiết bị thu truyền hình;chiếc/đơn vị;168695;168695;129050;10306947,2;0;10306947,2
9336;20210101;2021;52;Nhập khẩu;Trung Quốc;Mạch tích hợp điện tử;chiếc/đơn vị;33717656,76;0;22409;37198360;36749094;37198360
9359;20210101;2021;52;Xuất khẩu;Thế giới;Thiết bị phát sóng vô tuyến/truyền hình, camera;chiếc/đơn vị;111;111;258;0;33553;33553
9361;20210101;2021;52;Xuất khẩu;Thế giới;Màn hình, máy chiếu, thiết bị thu truyền hình;chiếc/đơn vị;464;464;24518;0;479378;479378
9369;20220101;2022;52;Nhập khẩu (hàng nước ngoài);Thế giới;Máy xử lý dữ liệu tự động (máy tính) và bộ phận;chiếc/đơn vị;34997;34997;14621,548;9975165,01;0;9975165,01
9373;20220101;2022;52;Nhập khẩu (hàng nước ngoài);Thế giới;Điện thoại (kể cả di động) và thiết bị truyền dữ liệu;Cái;0;378725;156444,476;115523117,8;0;115523117,8
9377;20220101;2022;52;Nhập khẩu (hàng nước ngoài);Thế giới;Màn hình, máy chiếu, thiết bị thu truyền hình;chiếc/đơn vị;17481;17481;212929,07;9071898,8;0;9071898,8
9379;20220101;2022;52;Nhập khẩu (hàng nước ngoài);Thế giới;Mạch tích hợp điện tử;chiếc/đơn vị;3070;3070;212,85;354662,41;0;354662,41
9385;20220101;2022;52;Nhập khẩu;Slovenia;Máy in, máy photocopy, máy fax và phụ tùng;kg;3,71;3,71;3,71;521,675;0;521,675
9397;20220101;2022;52;Nhập khẩu;Thế giới;Máy xử lý dữ liệu tự động (máy tính) và bộ phận;chiếc/đơn vị;267082;267082;12868,961;9123953,04;8638153,68;9123953,04
9398;20220101;2022;52;Nhập khẩu;Trung Quốc;Máy xử lý dữ liệu tự động (máy tính) và bộ phận;chiếc/đơn vị;261;261;57,64;10319,25;9128,3;10319,25
9399;20220101;2022;52;Nhập khẩu;Nhật Bản;Máy xử lý dữ liệu tự động (máy tính) và bộ phận;chiếc/đơn vị;94026;94026;1412,803;1016333,29;997836,13;1016333,29
9400;20220101;2022;52;Nhập khẩu;Hàn Quốc;Máy xử lý dữ liệu tự động (máy tính) và bộ phận;chiếc/đơn vị;21080;21080;75,52;43223,68;41809,06;43223,68
9401;20220101;2022;52;Nhập khẩu;Malaysia;Máy xử lý dữ liệu tự động (máy tính) và bộ phận;chiếc/đơn vị;259;259;88,67;13892,81;11708,7;13892,81
9402;20220101;2022;52;Nhập khẩu;Trung Quốc;Máy xử lý dữ liệu tự động (máy tính) và bộ phận;chiếc/đơn vị;149729;149729;10690,028;7955627,45;7507649,72;7955627,45
9462;20220101;2022;52;Nhập khẩu;Bắc Macedonia;Điện thoại (kể cả di động) và thiết bị truyền dữ liệu;chiếc/đơn vị;4545;4545;1151,45;1057528,447;0;1057528,447
9469;20220101;2022;52;Nhập khẩu;Hà Lan;Điện thoại (kể cả di động) và thiết bị truyền dữ liệu;kg;0,69;0,69;0,69;720,65;715,75;720,65
9474;20220101;2022;52;Nhập khẩu;Thế giới;Điện thoại (kể cả di động) và thiết bị truyền dữ liệu;chiếc/đơn vị;3,518;0;6,5;894,774;0;894,774
9478;20220101;2022;52;Nhập khẩu;Thế giới;Thiết bị phát sóng vô tuyến/truyền hình, camera;chiếc/đơn vị;803027;803027;24776,304;4700987,7;4540086,57;4700987,7
9479;20220101;2022;52;Nhập khẩu;Trung Quốc;Thiết bị phát sóng vô tuyến/truyền hình, camera;chiếc/đơn vị;241081;241081;1700,45;732204,7;702970,14;732204,7
9480;20220101;2022;52;Nhập khẩu;Hàn Quốc;Thiết bị phát sóng vô tuyến/truyền hình, camera;chiếc/đơn vị;181588;181588;569,73;504674,89;487278,25;504674,89
9481;20220101;2022;52;Nhập khẩu;Trung Quốc;Thiết bị phát sóng vô tuyến/truyền hình, camera;chiếc/đơn vị;380358;380358;22506,124;3464108,11;3349838,18;3464108,11
9487;20220101;2022;52;Nhập khẩu;Thế giới;Màn hình, máy chiếu, thiết bị thu truyền hình;chiếc/đơn vị;98847;98847;242472,348;10951992,64;10385981,43;10951992,64
9488;20220101;2022;52;Nhập khẩu;Trung Quốc;Màn hình, máy chiếu, thiết bị thu truyền hình;chiếc/đơn vị;25280;25280;1376,998;75213,71;69880,57;75213,71
9489;20220101;2022;52;Nhập khẩu;Hồng Kông (Trung Quốc);Màn hình, máy chiếu, thiết bị thu truyền hình;chiếc/đơn vị;13440;13440;542,57;11546,74;10980,98;11546,74
9490;20220101;2022;52;Nhập khẩu;Hàn Quốc;Màn hình, máy chiếu, thiết bị thu truyền hình;chiếc/đơn vị;4032;4032;465,55;3896,69;3589,9;3896,69
9491;20220101;2022;52;Nhập khẩu;Trung Quốc;Màn hình, máy chiếu, thiết bị thu truyền hình;chiếc/đơn vị;56095;56095;240087,23;10861335,5;10301529,98;10861335,5
9494;20220101;2022;52;Nhập khẩu;Thế giới;Màn hình, máy chiếu, thiết bị thu truyền hình;chiếc/đơn vị;85,269;0;1163,6;29742,556;0;29742,556
9496;20220101;2022;52;Nhập khẩu;Thế giới;Mạch tích hợp điện tử;chiếc/đơn vị;2167035;2167035;98757,799;2110856,48;2001291,44;2110856,48
9498;20220101;2022;52;Nhập khẩu;Trung Quốc;Mạch tích hợp điện tử;chiếc/đơn vị;142900;142900;477,13;10636,58;9959,66;10636,58
9499;20220101;2022;52;Nhập khẩu;Hồng Kông (Trung Quốc);Mạch tích hợp điện tử;chiếc/đơn vị;369770;369770;4383,94;101424,28;96905,79;101424,28
9501;20220101;2022;52;Nhập khẩu;Hàn Quốc;Mạch tích hợp điện tử;chiếc/đơn vị;837210;837210;66386,35;1406925,57;1336786,23;1406925,57
9502;20220101;2022;52;Nhập khẩu;Châu Á khác (chưa xác định);Mạch tích hợp điện tử;chiếc/đơn vị;393684;393684;21551,12;459372,91;435042,77;459372,91
9504;20220101;2022;52;Nhập khẩu;Singapore;Mạch tích hợp điện tử;chiếc/đơn vị;135736;135736;4623,099;95588,74;87512,2;95588,74
9505;20220101;2022;52;Nhập khẩu;Trung Quốc;Mạch tích hợp điện tử;chiếc/đơn vị;20735;20735;120,24;3892,41;3807,97;3892,41
9506;20220101;2022;52;Nhập khẩu;Thái Lan;Mạch tích hợp điện tử;chiếc/đơn vị;24000;24000;123,38;2638,21;2506,3;2638,21
9508;20220101;2022;52;Nhập khẩu;Hoa Kỳ;Mạch tích hợp điện tử;chiếc/đơn vị;15000;15000;421,23;14711,6;14369,01;14711,6
9509;20220101;2022;52;Nhập khẩu;Khu vực khác (chưa xác định);Mạch tích hợp điện tử;chiếc/đơn vị;198000;198000;617,75;12886,44;12265,98;12886,44
9518;20220101;2022;52;Nhập khẩu (hàng nước ngoài);Thế giới;Máy xử lý dữ liệu tự động (máy tính) và bộ phận;chiếc/đơn vị;5067;5067;5122;1473867,865;1372925;1473867,865
9520;20220101;2022;52;Nhập khẩu (hàng nước ngoài);Hoa Kỳ;Máy xử lý dữ liệu tự động (máy tính) và bộ phận;chiếc/đơn vị;4500;4500;4395;1176001,75;1089000;1176001,75
9527;20220101;2022;52;Nhập khẩu (hàng nước ngoài);Thế giới;Điện thoại (kể cả di động) và thiết bị truyền dữ liệu;chiếc/đơn vị;47952;47952;10;4618285,063;4402328,359;4618285,063
9529;20220101;2022;52;Nhập khẩu (hàng nước ngoài);Thế giới;Màn hình, máy chiếu, thiết bị thu truyền hình;chiếc/đơn vị;1040;1040;6656;217359,984;213984,984;217359,984
9536;20220101;2022;52;Nhập khẩu;Thế giới;Máy in, máy photocopy, máy fax và phụ tùng;Cái;0;134387;648713,73;12945227,56;11845023,95;12945227,56
9537;20220101;2022;52;Nhập khẩu;Nhật Bản;Máy in, máy photocopy, máy fax và phụ tùng;kg;98451,12;76393;98451,12;3850438,01;3592444,02;3850438,01
9538;20220101;2022;52;Nhập khẩu;Châu Á khác (chưa xác định);Máy in, máy photocopy, máy fax và phụ tùng;kg;6,83;54;6,83;2630,94;2159,5;2630,94
9539;20220101;2022;52;Nhập khẩu;Trung Quốc;Máy in, máy photocopy, máy fax và phụ tùng;Cái;0;57940;550255,78;9092158,61;8250420,43;9092158,61
9543;20220101;2022;52;Nhập khẩu;Hy Lạp;Máy in, máy photocopy, máy fax và phụ tùng;chiếc/đơn vị;292;292;3462;51951,101;0;51951,101
9549;20220101;2022;52;Nhập khẩu;Thế giới;Máy xử lý dữ liệu tự động (máy tính) và bộ phận;chiếc/đơn vị;332885;332885;330331,053;0;95748850,46;95748850,46
9550;20220101;2022;52;Nhập khẩu;Trung Quốc;Máy xử lý dữ liệu tự động (máy tính) và bộ phận;chiếc/đơn vị;14832;14832;14154,566;0;4185429,675;4185429,675
9552;20220101;2022;52;Nhập khẩu;Châu Á khác (chưa xác định);Máy xử lý dữ liệu tự động (máy tính) và bộ phận;chiếc/đơn vị;2388;2388;5833,277;0;1757718,565;1757718,565
9553;20220101;2022;52;Nhập khẩu;Trung Quốc;Máy xử lý dữ liệu tự động (máy tính) và bộ phận;chiếc/đơn vị;313108;313108;309587,257;0;89514223,13;89514223,13
9554;20220101;2022;52;Nhập khẩu;Thái Lan;Máy xử lý dữ liệu tự động (máy tính) và bộ phận;chiếc/đơn vị;2492;2492;741,341;0;285873,484;285873,484
9555;20220101;2022;52;Nhập khẩu;Thế giới;Máy xử lý dữ liệu tự động (máy tính) và bộ phận;chiếc/đơn vị;38414;38414;32451,7;10317884,12;9574626,33;10317884,12
9556;20220101;2022;52;Nhập khẩu;Trung Quốc;Máy xử lý dữ liệu tự động (máy tính) và bộ phận;chiếc/đơn vị;307;307;34,25;8366,38;6982,27;8366,38
9559;20220101;2022;52;Nhập khẩu;Hàn Quốc;Máy xử lý dữ liệu tự động (máy tính) và bộ phận;chiếc/đơn vị;607;607;368,88;213836,2;208201;213836,2
9560;20220101;2022;52;Nhập khẩu;Trung Quốc;Máy xử lý dữ liệu tự động (máy tính) và bộ phận;chiếc/đơn vị;37423;37423;32020,12;10090974;9355037,46;10090974
9562;20220101;2022;52;Nhập khẩu;Thế giới;Máy xử lý dữ liệu tự động (máy tính) và bộ phận;chiếc/đơn vị;1902;1902;3918;596514,139;0;596514,139
9564;20220101;2022;52;Nhập khẩu;Bỉ;Máy xử lý dữ liệu tự động (máy tính) và bộ phận;chiếc/đơn vị;417;417;1132;14945,919;0;14945,919
9566;20220101;2022;52;Nhập khẩu;Hy Lạp;Máy xử lý dữ liệu tự động (máy tính) và bộ phận;chiếc/đơn vị;1092;1092;2390;554094,181;0;554094,181
9567;20220101;2022;52;Nhập khẩu;Ý;Máy xử lý dữ liệu tự động (máy tính) và bộ phận;chiếc/đơn vị;224;224;333;15056,489;0;15056,489
9570;20220101;2022;52;Nhập khẩu;Thế giới;Máy xử lý dữ liệu tự động (máy tính) và bộ phận;chiếc/đơn vị;81106;81106;18046,89;41495092;38464744;41495092
9571;20220101;2022;52;Nhập khẩu;Trung Quốc;Máy xử lý dữ liệu tự động (máy tính) và bộ phận;chiếc/đơn vị;17143;17143;3505;2588449;2399397;2588449
9572;20220101;2022;52;Nhập khẩu;Hàn Quốc;Máy xử lý dữ liệu tự động (máy tính) và bộ phận;chiếc/đơn vị;9286;9286;101;304997;304997;304997
9576;20220101;2022;52;Nhập khẩu;Trung Quốc;Máy xử lý dữ liệu tự động (máy tính) và bộ phận;chiếc/đơn vị;49508;49508;11365,604;38194494;35353207;38194494
9577;20220101;2022;52;Nhập khẩu;Thái Lan;Máy xử lý dữ liệu tự động (máy tính) và bộ phận;chiếc/đơn vị;4268;4268;2836;364097;364097;364097
9662;20220101;2022;52;Nhập khẩu;Hoa Kỳ;Điện thoại (kể cả di động) và thiết bị truyền dữ liệu;chiếc/đơn vị;582,783;0;659,462;0;236589,35;236589,35
9663;20220101;2022;52;Nhập khẩu;Thế giới;Điện thoại (kể cả di động) và thiết bị truyền dữ liệu;Cái;0;3259407;1427530,09;475622464,3;457042245,8;475622464,3
9664;20220101;2022;52;Nhập khẩu;Trung Quốc;Điện thoại (kể cả di động) và thiết bị truyền dữ liệu;Cái;0;2874;451,29;146479,85;136812,11;146479,85
9665;20220101;2022;52;Nhập khẩu;Hồng Kông (Trung Quốc);Điện thoại (kể cả di động) và thiết bị truyền dữ liệu;kg;0,16;123;0,16;332,95;324,19;332,95
9666;20220101;2022;52;Nhập khẩu;Hàn Quốc;Điện thoại (kể cả di động) và thiết bị truyền dữ liệu;kg;4,4;453;4,4;1213,42;863,99;1213,42
9667;20220101;2022;52;Nhập khẩu;Trung Quốc;Điện thoại (kể cả di động) và thiết bị truyền dữ liệu;Cái;0;3255957;1427074,24;475474438;456904245,5;475474438
9669;20220101;2022;52;Nhập khẩu;Áo;Điện thoại (kể cả di động) và thiết bị truyền dữ liệu;chiếc/đơn vị;580;580;212;103865,346;0;103865,346
9670;20220101;2022;52;Nhập khẩu;Bulgaria;Điện thoại (kể cả di động) và thiết bị truyền dữ liệu;chiếc/đơn vị;1446;1446;576;280007,737;0;280007,737
9674;20220101;2022;52;Nhập khẩu;Đức;Điện thoại (kể cả di động) và thiết bị truyền dữ liệu;chiếc/đơn vị;63,245;0;32;18490,481;0;18490,481
9679;20220101;2022;52;Nhập khẩu;Slovakia;Điện thoại (kể cả di động) và thiết bị truyền dữ liệu;chiếc/đơn vị;480;480;96;9224,706;0;9224,706
9680;20220101;2022;52;Nhập khẩu;Slovenia;Điện thoại (kể cả di động) và thiết bị truyền dữ liệu;chiếc/đơn vị;1651;1651;593;389809,117;0;389809,117
9689;20220101;2022;52;Nhập khẩu;Thế giới;Thiết bị phát sóng vô tuyến/truyền hình, camera;chiếc/đơn vị;212794,758;0;0;0;47656305,33;47656305,33
9694;20220101;2022;52;Nhập khẩu;Trung Quốc;Thiết bị phát sóng vô tuyến/truyền hình, camera;chiếc/đơn vị;212518,758;0;0;0;47632710,47;47632710,47
9699;20220101;2022;52;Nhập khẩu;Thế giới;Thiết bị phát sóng vô tuyến/truyền hình, camera;chiếc/đơn vị;35037;35037;164;270876;245995;270876
9700;20220101;2022;52;Nhập khẩu;Trung Quốc;Thiết bị phát sóng vô tuyến/truyền hình, camera;chiếc/đơn vị;256;256;51;2375;2197;2375
9701;20220101;2022;52;Nhập khẩu;Trung Quốc;Thiết bị phát sóng vô tuyến/truyền hình, camera;chiếc/đơn vị;34781;34781;113;268501;243798;268501
9702;20220101;2022;52;Nhập khẩu;Thế giới;Màn hình, máy chiếu, thiết bị thu truyền hình;chiếc/đơn vị;136984;136984;878870,962;0;32554436,93;32554436,93
9704;20220101;2022;52;Nhập khẩu;Trung Quốc;Màn hình, máy chiếu, thiết bị thu truyền hình;chiếc/đơn vị;20190;20190;80896,126;0;2416230,994;2416230,994
9705;20220101;2022;52;Nhập khẩu;Trung Quốc;Màn hình, máy chiếu, thiết bị thu truyền hình;chiếc/đơn vị;116793;116793;797867,942;0;30120457,16;30120457,16
9706;20220101;2022;52;Nhập khẩu;Thế giới;Màn hình, máy chiếu, thiết bị thu truyền hình;chiếc/đơn vị;4128;4128;56498,7;2153754,94;2018435,39;2153754,94
9711;20220101;2022;52;Nhập khẩu;Thế giới;Màn hình, máy chiếu, thiết bị thu truyền hình;chiếc/đơn vị;1081;1081;2478;38203;36112;38203
9712;20220101;2022;52;Nhập khẩu;Trung Quốc;Màn hình, máy chiếu, thiết bị thu truyền hình;chiếc/đơn vị;1045;1045;2099;14691;14289;14691
9720;20220101;2022;52;Nhập khẩu;Thế giới;Mạch tích hợp điện tử;chiếc/đơn vị;16437;16437;1326,47;212482,64;200577,83;212482,64
9722;20220101;2022;52;Nhập khẩu;Trung Quốc;Mạch tích hợp điện tử;chiếc/đơn vị;16427;16427;1326,46;212479,72;200575,5;212479,72
9728;20220101;2022;52;Nhập khẩu;Trung Quốc;Mạch tích hợp điện tử;chiếc/đơn vị;31020,308;0;17,155;118168;118168;118168
9729;20220101;2022;52;Nhập khẩu;Hàn Quốc;Mạch tích hợp điện tử;chiếc/đơn vị;28326;28326;643;3092783;2882473;3092783
9732;20220101;2022;52;Nhập khẩu;Trung Quốc;Mạch tích hợp điện tử;chiếc/đơn vị;721397,407;0;634;4304252;4066498;4304252
9742;20220101;2022;52;Nhập khẩu;Thế giới;Máy xử lý dữ liệu tự động (máy tính) và bộ phận;chiếc/đơn vị;319209;319209;187499,408;111730868,8;0;111730868,8
9743;20220101;2022;52;Nhập khẩu;Trung Quốc;Máy xử lý dữ liệu tự động (máy tính) và bộ phận;chiếc/đơn vị;1242;1242;98;35866,416;0;35866,416
9746;20220101;2022;52;Nhập khẩu;Hàn Quốc;Máy xử lý dữ liệu tự động (máy tính) và bộ phận;chiếc/đơn vị;5500;5500;3761;551247,069;0;551247,069
9749;20220101;2022;52;Nhập khẩu;Trung Quốc;Máy xử lý dữ liệu tự động (máy tính) và bộ phận;chiếc/đơn vị;312324;312324;183474,337;111006876,9;0;111006876,9
9797;20220101;2022;52;Nhập khẩu;Hàn Quốc;Điện thoại (kể cả di động) và thiết bị truyền dữ liệu;chiếc/đơn vị;105,365;0;52;12982,939;0;12982,939
9808;20220101;2022;52;Nhập khẩu;Thế giới;Thiết bị phát sóng vô tuyến/truyền hình, camera;chiếc/đơn vị;1349;1349;417;170287,441;0;170287,441
9811;20220101;2022;52;Nhập khẩu;Trung Quốc;Thiết bị phát sóng vô tuyến/truyền hình, camera;chiếc/đơn vị;526;526;471;249745,543;0;249745,543
9815;20220101;2022;52;Nhập khẩu;Thế giới;Màn hình, máy chiếu, thiết bị thu truyền hình;chiếc/đơn vị;5081;5081;5566;995901,787;0;995901,787
9816;20220101;2022;52;Nhập khẩu;Trung Quốc;Màn hình, máy chiếu, thiết bị thu truyền hình;chiếc/đơn vị;3821;3821;3479;661582,014;0;661582,014
9817;20220101;2022;52;Nhập khẩu;Trung Quốc;Màn hình, máy chiếu, thiết bị thu truyền hình;chiếc/đơn vị;1260;1260;2087;334319,773;0;334319,773
9818;20220101;2022;52;Nhập khẩu;Thế giới;Màn hình, máy chiếu, thiết bị thu truyền hình;chiếc/đơn vị;266994;266994;152460,187;13577358,03;0;13577358,03
9819;20220101;2022;52;Nhập khẩu;Trung Quốc;Màn hình, máy chiếu, thiết bị thu truyền hình;chiếc/đơn vị;5382;5382;1751,187;227425,392;0;227425,392
9822;20220101;2022;52;Nhập khẩu;Trung Quốc;Màn hình, máy chiếu, thiết bị thu truyền hình;chiếc/đơn vị;261608;261608;150663;13346238,21;0;13346238,21
9838;20220101;2022;52;Nhập khẩu;Châu Á khác (chưa xác định);Mạch tích hợp điện tử;chiếc/đơn vị;327964,166;0;237,418;764683,585;0;764683,585
9843;20220101;2022;52;Nhập khẩu;Hoa Kỳ;Mạch tích hợp điện tử;chiếc/đơn vị;607700,478;0;211,386;1264875,65;0;1264875,65
9853;20220101;2022;52;Xuất khẩu;Áo;Máy in, máy photocopy, máy fax và phụ tùng;chiếc/đơn vị;1221;1221;24877;0;490463,067;490463,067
9857;20220101;2022;52;Xuất khẩu;Estonia;Máy in, máy photocopy, máy fax và phụ tùng;chiếc/đơn vị;1516;1516;32114;0;646780,367;646780,367
9862;20220101;2022;52;Xuất khẩu;Litva;Máy in, máy photocopy, máy fax và phụ tùng;chiếc/đơn vị;203;203;3516;0;87637,223;87637,223
9870;20220101;2022;52;Xuất khẩu;Thế giới;Máy xử lý dữ liệu tự động (máy tính) và bộ phận;chiếc/đơn vị;1587;1587;1377;0;732887,096;732887,096
9879;20220101;2022;52;Xuất khẩu;Hà Lan;Máy xử lý dữ liệu tự động (máy tính) và bộ phận;chiếc/đơn vị;594;594;213;0;211474,279;211474,279
9882;20220101;2022;52;Xuất khẩu;Thế giới;Máy xử lý dữ liệu tự động (máy tính) và bộ phận;chiếc/đơn vị;18781;18781;6062,051;0;975693,145;975693,145
9884;20220101;2022;52;Xuất khẩu;Bỉ;Máy xử lý dữ liệu tự động (máy tính) và bộ phận;chiếc/đơn vị;1164;1164;199;0;28470,132;28470,132
9892;20220101;2022;52;Xuất khẩu;Đức;Máy xử lý dữ liệu tự động (máy tính) và bộ phận;chiếc/đơn vị;4830;4830;2185;0;403747,071;403747,071
9895;20220101;2022;52;Xuất khẩu;Ý;Máy xử lý dữ liệu tự động (máy tính) và bộ phận;chiếc/đơn vị;6510;6510;577;0;74820,528;74820,528
9898;20220101;2022;52;Xuất khẩu;Luxembourg;Máy xử lý dữ liệu tự động (máy tính) và bộ phận;chiếc/đơn vị;88;88;32;0;4049,161;4049,161
9899;20220101;2022;52;Xuất khẩu;Hà Lan;Máy xử lý dữ liệu tự động (máy tính) và bộ phận;chiếc/đơn vị;2778;2778;582;0;81275,466;81275,466
9900;20220101;2022;52;Xuất khẩu;Ba Lan;Máy xử lý dữ liệu tự động (máy tính) và bộ phận;chiếc/đơn vị;1486;1486;1822;0;224642,652;224642,652
9904;20220101;2022;52;Xuất khẩu;Tây Ban Nha;Máy xử lý dữ liệu tự động (máy tính) và bộ phận;chiếc/đơn vị;1517;1517;401;0;66663,968;66663,968
9976;20220101;2022;52;Xuất khẩu;Áo;Điện thoại (kể cả di động) và thiết bị truyền dữ liệu;chiếc/đơn vị;996;996;186;0;67728,143;67728,143
9978;20220101;2022;52;Xuất khẩu;Bulgaria;Điện thoại (kể cả di động) và thiết bị truyền dữ liệu;chiếc/đơn vị;124,02;0;54;0;22893,006;22893,006
9981;20220101;2022;52;Xuất khẩu;Đan Mạch;Điện thoại (kể cả di động) và thiết bị truyền dữ liệu;chiếc/đơn vị;266,102;0;133;0;63399,438;63399,438
9985;20220101;2022;52;Xuất khẩu;Hy Lạp;Điện thoại (kể cả di động) và thiết bị truyền dữ liệu;chiếc/đơn vị;1528,428;0;570;0;281822,224;281822,224
9987;20220101;2022;52;Xuất khẩu;Ireland;Điện thoại (kể cả di động) và thiết bị truyền dữ liệu;chiếc/đơn vị;65,346;0;34;0;11137,31;11137,31
9991;20220101;2022;52;Xuất khẩu;Luxembourg;Điện thoại (kể cả di động) và thiết bị truyền dữ liệu;chiếc/đơn vị;775,078;0;1255;0;157482,069;157482,069
9992;20220101;2022;52;Xuất khẩu;Malta;Điện thoại (kể cả di động) và thiết bị truyền dữ liệu;chiếc/đơn vị;5935,55;0;1724;0;865455,167;865455,167
9994;20220101;2022;52;Xuất khẩu;Ba Lan;Điện thoại (kể cả di động) và thiết bị truyền dữ liệu;chiếc/đơn vị;15634,591;0;12574;0;3382137,758;3382137,758
9995;20220101;2022;52;Xuất khẩu;Bồ Đào Nha;Điện thoại (kể cả di động) và thiết bị truyền dữ liệu;chiếc/đơn vị;957,325;0;281;0;324487,714;324487,714
9997;20220101;2022;52;Xuất khẩu;Slovakia;Điện thoại (kể cả di động) và thiết bị truyền dữ liệu;chiếc/đơn vị;1030,748;0;453;0;253697,287;253697,287
9998;20220101;2022;52;Xuất khẩu;Slovenia;Điện thoại (kể cả di động) và thiết bị truyền dữ liệu;chiếc/đơn vị;18,049;0;32;0;2754,149;2754,149
10000;20220101;2022;52;Xuất khẩu;Thụy Điển;Điện thoại (kể cả di động) và thiết bị truyền dữ liệu;chiếc/đơn vị;301,474;0;209;0;116175,123;116175,123
10001;20220101;2022;52;Xuất khẩu;Thế giới;Thiết bị phát sóng vô tuyến/truyền hình, camera;chiếc/đơn vị;346;346;420;0;378990,096;378990,096
10006;20220101;2022;52;Xuất khẩu;Thế giới;Thiết bị phát sóng vô tuyến/truyền hình, camera;chiếc/đơn vị;9968;9968;919;0;95644,481;95644,481
10013;20220101;2022;52;Xuất khẩu;Đức;Thiết bị phát sóng vô tuyến/truyền hình, camera;chiếc/đơn vị;6038;6038;38;0;27770,212;27770,212
10016;20220101;2022;52;Xuất khẩu;Ý;Thiết bị phát sóng vô tuyến/truyền hình, camera;chiếc/đơn vị;1309;1309;9;0;4498,126;4498,126
10018;20220101;2022;52;Xuất khẩu;Hà Lan;Thiết bị phát sóng vô tuyến/truyền hình, camera;chiếc/đơn vị;2534;2534;794;0;26904,047;26904,047
10032;20220101;2022;52;Xuất khẩu;Thế giới;Màn hình, máy chiếu, thiết bị thu truyền hình;chiếc/đơn vị;654;654;30291;0;1392491,982;1392491,982
10042;20220101;2022;52;Xuất khẩu;Hà Lan;Màn hình, máy chiếu, thiết bị thu truyền hình;chiếc/đơn vị;175;175;8667;0;147577,297;147577,297
10044;20220101;2022;52;Xuất khẩu;Romania;Màn hình, máy chiếu, thiết bị thu truyền hình;chiếc/đơn vị;95;95;4940;0;316893,42;316893,42
10057;20220101;2022;52;Xuất khẩu;Bulgaria;Mạch tích hợp điện tử;chiếc/đơn vị;354,233;0;2;0;829,104;829,104
10059;20220101;2022;52;Xuất khẩu;Séc;Mạch tích hợp điện tử;chiếc/đơn vị;7501,254;0;12;0;9195,322;9195,322
10071;20220101;2022;52;Xuất khẩu;Bồ Đào Nha;Mạch tích hợp điện tử;chiếc/đơn vị;4327,754;0;6;0;12939,525;12939,525
10072;20220101;2022;52;Xuất khẩu;Romania;Mạch tích hợp điện tử;chiếc/đơn vị;74,886;0;1;0;201,187;201,187
10074;20220101;2022;52;Xuất khẩu;Slovenia;Mạch tích hợp điện tử;chiếc/đơn vị;275,896;0;1;0;741,217;741,217
10084;20220101;2022;52;Nhập khẩu;Thế giới;Máy xử lý dữ liệu tự động (máy tính) và bộ phận;chiếc/đơn vị;1020838;1020838;483211,133;313801194;0;313801194
10085;20220101;2022;52;Nhập khẩu;Trung Quốc;Máy xử lý dữ liệu tự động (máy tính) và bộ phận;chiếc/đơn vị;11334;11334;4276,024;948118,826;0;948118,826
10087;20220101;2022;52;Nhập khẩu;Malaysia;Máy xử lý dữ liệu tự động (máy tính) và bộ phận;chiếc/đơn vị;2978;2978;368;927084,156;0;927084,156
10089;20220101;2022;52;Nhập khẩu;Châu Á khác (chưa xác định);Máy xử lý dữ liệu tự động (máy tính) và bộ phận;chiếc/đơn vị;2001;2001;105;18877,73;0;18877,73
10092;20220101;2022;52;Nhập khẩu;Trung Quốc;Máy xử lý dữ liệu tự động (máy tính) và bộ phận;chiếc/đơn vị;977715;977715;462756;309616483,8;0;309616483,8
10093;20220101;2022;52;Nhập khẩu;Thái Lan;Máy xử lý dữ liệu tự động (máy tính) và bộ phận;chiếc/đơn vị;24459;24459;14403;1971600,327;0;1971600,327
10095;20220101;2022;52;Nhập khẩu;Hoa Kỳ;Máy xử lý dữ liệu tự động (máy tính) và bộ phận;chiếc/đơn vị;1843;1843;403;74455,214;0;74455,214
10136;20220101;2022;52;Nhập khẩu;Trung Quốc;Điện thoại (kể cả di động) và thiết bị truyền dữ liệu;chiếc/đơn vị;1919,201;0;4212,412;771716,672;0;771716,672
10137;20220101;2022;52;Nhập khẩu;Pháp;Điện thoại (kể cả di động) và thiết bị truyền dữ liệu;chiếc/đơn vị;1,023;0;2;561,207;0;561,207
10139;20220101;2022;52;Nhập khẩu;Hàn Quốc;Điện thoại (kể cả di động) và thiết bị truyền dữ liệu;chiếc/đơn vị;721,693;0;1005;298908,327;0;298908,327
10152;20220101;2022;52;Nhập khẩu;Hoa Kỳ;Thiết bị phát sóng vô tuyến/truyền hình, camera;chiếc/đơn vị;197,487;0;94;77802,337;0;77802,337
10153;20220101;2022;52;Nhập khẩu;Thế giới;Màn hình, máy chiếu, thiết bị thu truyền hình;chiếc/đơn vị;147128,203;0;109238,1;10327372,85;0;10327372,85
10155;20220101;2022;52;Nhập khẩu;Hàn Quốc;Màn hình, máy chiếu, thiết bị thu truyền hình;chiếc/đơn vị;156;156;214;21502,695;0;21502,695
10157;20220101;2022;52;Nhập khẩu;Trung Quốc;Màn hình, máy chiếu, thiết bị thu truyền hình;chiếc/đơn vị;146853,203;0;108922;10293492,9;0;10293492,9
10160;20220101;2022;52;Nhập khẩu;Bỉ;Mạch tích hợp điện tử;chiếc/đơn vị;2067610;2067610;17;247371,532;0;247371,532
10163;20220101;2022;52;Nhập khẩu;Malaysia;Mạch tích hợp điện tử;chiếc/đơn vị;109751,544;0;25,204;271317,066;0;271317,066
10203;20220101;2022;52;Nhập khẩu;Áo;Máy in, máy photocopy, máy fax và phụ tùng;chiếc/đơn vị;927;927;4165;106242,076;0;106242,076
10204;20220101;2022;52;Nhập khẩu;Phần Lan;Máy in, máy photocopy, máy fax và phụ tùng;kg;4839;4839;4839;51805,78;0;51805,78
10213;20220101;2022;52;Nhập khẩu;Thế giới;Máy xử lý dữ liệu tự động (máy tính) và bộ phận;chiếc/đơn vị;22800;22800;23114;9089122,829;0;9089122,829
10218;20220101;2022;52;Nhập khẩu;Thế giới;Máy xử lý dữ liệu tự động (máy tính) và bộ phận;chiếc/đơn vị;599;599;553;164784,209;0;164784,209
10223;20220101;2022;52;Nhập khẩu;Đức;Máy xử lý dữ liệu tự động (máy tính) và bộ phận;chiếc/đơn vị;448;448;216;56836,194;0;56836,194
10258;20220101;2022;52;Nhập khẩu;Thế giới;Điện thoại (kể cả di động) và thiết bị truyền dữ liệu;chiếc/đơn vị;1638,309;0;10520;818404,122;0;818404,122
10259;20220101;2022;52;Nhập khẩu;Séc;Điện thoại (kể cả di động) và thiết bị truyền dữ liệu;chiếc/đơn vị;3,45;0;8;1173,096;0;1173,096
10260;20220101;2022;52;Nhập khẩu;Pháp;Điện thoại (kể cả di động) và thiết bị truyền dữ liệu;chiếc/đơn vị;1373,733;0;10325;707082,139;0;707082,139
10261;20220101;2022;52;Nhập khẩu;Đức;Điện thoại (kể cả di động) và thiết bị truyền dữ liệu;chiếc/đơn vị;76,615;0;41;32665,569;0;32665,569
10262;20220101;2022;52;Nhập khẩu;Ý;Điện thoại (kể cả di động) và thiết bị truyền dữ liệu;chiếc/đơn vị;59,148;0;43;26690,571;0;26690,571
10264;20220101;2022;52;Nhập khẩu;Ba Lan;Điện thoại (kể cả di động) và thiết bị truyền dữ liệu;chiếc/đơn vị;13,811;0;35;22676,349;0;22676,349
10265;20220101;2022;52;Nhập khẩu;Tây Ban Nha;Điện thoại (kể cả di động) và thiết bị truyền dữ liệu;chiếc/đơn vị;52,552;0;36;20158,51;0;20158,51
10268;20220101;2022;52;Nhập khẩu;Thế giới;Thiết bị phát sóng vô tuyến/truyền hình, camera;chiếc/đơn vị;63;63;57;13764,399;0;13764,399
10301;20220101;2022;52;Xuất khẩu;Thế giới;Điện thoại (kể cả di động) và thiết bị truyền dữ liệu;chiếc/đơn vị;11,148;0;12;0;6251,95;6251,95
10303;20220101;2022;52;Xuất khẩu;Ý;Điện thoại (kể cả di động) và thiết bị truyền dữ liệu;chiếc/đơn vị;2,818;0;3;0;1376,335;1376,335
10304;20220101;2022;52;Xuất khẩu;Slovakia;Điện thoại (kể cả di động) và thiết bị truyền dữ liệu;chiếc/đơn vị;7,33;0;8;0;4720,817;4720,817
10310;20220101;2022;52;Xuất khẩu trong nước;Bỉ;Máy in, máy photocopy, máy fax và phụ tùng;kg;1742;1742;1742;0;34483,517;34483,517
10311;20220101;2022;52;Xuất khẩu trong nước;Séc;Máy in, máy photocopy, máy fax và phụ tùng;kg;409;409;409;0;4636,84;4636,84
10312;20220101;2022;52;Xuất khẩu trong nước;Đan Mạch;Máy in, máy photocopy, máy fax và phụ tùng;kg;941;941;941;0;22009,899;22009,899
10314;20220101;2022;52;Xuất khẩu trong nước;Pháp;Máy in, máy photocopy, máy fax và phụ tùng;kg;23139;23139;23139;0;601074,83;601074,83
10315;20220101;2022;52;Xuất khẩu trong nước;Đức;Máy in, máy photocopy, máy fax và phụ tùng;kg;40433;40433;40433;0;817979,181;817979,181
10317;20220101;2022;52;Xuất khẩu trong nước;Ý;Máy in, máy photocopy, máy fax và phụ tùng;kg;44870;44870;44870;0;1000674,264;1000674,264
10319;20220101;2022;52;Xuất khẩu trong nước;Hà Lan;Máy in, máy photocopy, máy fax và phụ tùng;kg;211548;211548;211548;0;4235091,777;4235091,777
10320;20220101;2022;52;Xuất khẩu trong nước;Ba Lan;Máy in, máy photocopy, máy fax và phụ tùng;kg;1414;1414;1414;0;25232,074;25232,074
10322;20220101;2022;52;Xuất khẩu trong nước;Slovakia;Máy in, máy photocopy, máy fax và phụ tùng;kg;849;849;849;0;16445,48;16445,48
10324;20220101;2022;52;Xuất khẩu trong nước;Tây Ban Nha;Máy in, máy photocopy, máy fax và phụ tùng;kg;3048;3048;3048;0;52022,821;52022,821
10325;20220101;2022;52;Xuất khẩu trong nước;Thụy Điển;Máy in, máy photocopy, máy fax và phụ tùng;kg;11720;11720;11720;0;305231,964;305231,964
10327;20220101;2022;52;Xuất khẩu trong nước;Đức;Máy xử lý dữ liệu tự động (máy tính) và bộ phận;chiếc/đơn vị;53;53;182;0;14024,878;14024,878
10341;20220101;2022;52;Xuất khẩu trong nước;Ý;Điện thoại (kể cả di động) và thiết bị truyền dữ liệu;chiếc/đơn vị;1391,687;0;188;0;126087,308;126087,308
10344;20220101;2022;52;Xuất khẩu trong nước;Tây Ban Nha;Điện thoại (kể cả di động) và thiết bị truyền dữ liệu;chiếc/đơn vị;5546,319;0;1061,81;0;874931,092;874931,092
10347;20220101;2022;52;Xuất khẩu trong nước;Thế giới;Màn hình, máy chiếu, thiết bị thu truyền hình;chiếc/đơn vị;1302;1302;25013;0;1314787,062;1314787,062
10350;20220101;2022;52;Xuất khẩu trong nước;Tây Ban Nha;Màn hình, máy chiếu, thiết bị thu truyền hình;chiếc/đơn vị;1257;1257;24543;0;1312464,937;1312464,937
10360;20220101;2022;52;Nhập khẩu;Bỉ;Máy in, máy photocopy, máy fax và phụ tùng;kg;370;370;370;18141,807;0;18141,807
10371;20220101;2022;52;Nhập khẩu;Vương quốc Anh;Máy in, máy photocopy, máy fax và phụ tùng;chiếc/đơn vị;338;338;1804,62;11544,7;0;11544,7
10372;20220101;2022;52;Nhập khẩu;Thế giới;Máy xử lý dữ liệu tự động (máy tính) và bộ phận;chiếc/đơn vị;381;381;1682;839386,298;739310,626;839386,298
10373;20220101;2022;52;Nhập khẩu;Trung Quốc;Máy xử lý dữ liệu tự động (máy tính) và bộ phận;chiếc/đơn vị;380;380;1640;830303,975;731344,036;830303,975
10377;20220101;2022;52;Nhập khẩu;Thế giới;Máy xử lý dữ liệu tự động (máy tính) và bộ phận;chiếc/đơn vị;98735,44;0;51768,885;25326545,4;0;25326545,4
10378;20220101;2022;52;Nhập khẩu;Trung Quốc;Máy xử lý dữ liệu tự động (máy tính) và bộ phận;chiếc/đơn vị;275;275;139;39694,27;0;39694,27
10382;20220101;2022;52;Nhập khẩu;Đức;Máy xử lý dữ liệu tự động (máy tính) và bộ phận;chiếc/đơn vị;2049;2049;7432,094;389923,38;0;389923,38
10384;20220101;2022;52;Nhập khẩu;Hà Lan;Máy xử lý dữ liệu tự động (máy tính) và bộ phận;chiếc/đơn vị;17012;17012;4170;741630,687;0;741630,687
10387;20220101;2022;52;Nhập khẩu;Trung Quốc;Máy xử lý dữ liệu tự động (máy tính) và bộ phận;chiếc/đơn vị;65447,44;0;36803,201;22274707,55;0;22274707,55
10388;20220101;2022;52;Nhập khẩu;Tây Ban Nha;Máy xử lý dữ liệu tự động (máy tính) và bộ phận;chiếc/đơn vị;13310;13310;2858,091;1617935,149;0;1617935,149
10390;20220101;2022;52;Nhập khẩu;Thế giới;Máy xử lý dữ liệu tự động (máy tính) và bộ phận;chiếc/đơn vị;1410;1410;1189,26;381968,06;0;381968,06
10397;20220101;2022;52;Nhập khẩu;Trung Quốc;Máy xử lý dữ liệu tự động (máy tính) và bộ phận;chiếc/đơn vị;1252;1252;1072,04;335092,53;0;335092,53
10475;20220101;2022;52;Nhập khẩu;Hồng Kông (Trung Quốc);Điện thoại (kể cả di động) và thiết bị truyền dữ liệu;kg;5000000;5000000;5134700;104931,161;92874,891;104931,161
10485;20220101;2022;52;Nhập khẩu;Pháp;Điện thoại (kể cả di động) và thiết bị truyền dữ liệu;chiếc/đơn vị;78,836;0;66,961;36155,49;0;36155,49
10488;20220101;2022;52;Nhập khẩu;Ý;Điện thoại (kể cả di động) và thiết bị truyền dữ liệu;chiếc/đơn vị;1274,064;0;670,287;479958,968;0;479958,968
10492;20220101;2022;52;Nhập khẩu;Slovakia;Điện thoại (kể cả di động) và thiết bị truyền dữ liệu;kg;3,057;0;3,057;506,145;0;506,145
10497;20220101;2022;52;Nhập khẩu;Argentina;Điện thoại (kể cả di động) và thiết bị truyền dữ liệu;kg;3,8;3,8;3,8;2303,62;0;2303,62
10504;20220101;2022;52;Nhập khẩu;Hàn Quốc;Điện thoại (kể cả di động) và thiết bị truyền dữ liệu;chiếc/đơn vị;750,449;0;285,21;504239,84;0;504239,84
10513;20220101;2022;52;Nhập khẩu;Hoa Kỳ;Điện thoại (kể cả di động) và thiết bị truyền dữ liệu;chiếc/đơn vị;399,183;0;126,35;154924,61;0;154924,61
10514;20220101;2022;52;Nhập khẩu;Thế giới;Thiết bị phát sóng vô tuyến/truyền hình, camera;chiếc/đơn vị;1567;1567;45345;2334516,962;0;2334516,962
10516;20220101;2022;52;Nhập khẩu;Thế giới;Thiết bị phát sóng vô tuyến/truyền hình, camera;chiếc/đơn vị;3503;3503;290,025;96079,681;0;96079,681
10520;20220101;2022;52;Nhập khẩu;Litva;Thiết bị phát sóng vô tuyến/truyền hình, camera;chiếc/đơn vị;257;257;15,671;2701,205;0;2701,205
10521;20220101;2022;52;Nhập khẩu;Hà Lan;Thiết bị phát sóng vô tuyến/truyền hình, camera;chiếc/đơn vị;3020;3020;4;30676,84;0;30676,84
10524;20220101;2022;52;Nhập khẩu;Tây Ban Nha;Thiết bị phát sóng vô tuyến/truyền hình, camera;chiếc/đơn vị;139;139;175;42321,354;0;42321,354
10525;20220101;2022;52;Nhập khẩu;Thế giới;Thiết bị phát sóng vô tuyến/truyền hình, camera;chiếc/đơn vị;482;482;352,5;108671,58;0;108671,58
10537;20220101;2022;52;Nhập khẩu;Thế giới;Màn hình, máy chiếu, thiết bị thu truyền hình;chiếc/đơn vị;8346;8346;144077,947;6028199,718;0;6028199,718
10541;20220101;2022;52;Nhập khẩu;Hà Lan;Màn hình, máy chiếu, thiết bị thu truyền hình;chiếc/đơn vị;6817;6817;115637;4724938,575;0;4724938,575
10550;20220101;2022;52;Nhập khẩu;Thế giới;Mạch tích hợp điện tử;chiếc/đơn vị;961;961;9;43461,6;0;43461,6
10556;20220101;2022;52;Nhập khẩu;Hà Lan;Mạch tích hợp điện tử;chiếc/đơn vị;3167882,937;0;33785,695;13222951,64;0;13222951,64
10565;20220101;2022;52;Nhập khẩu;Châu Á khác (chưa xác định);Mạch tích hợp điện tử;chiếc/đơn vị;10000;10000;3,67;7281,15;0;7281,15
10590;20220101;2022;52;Xuất khẩu;Thế giới;Máy xử lý dữ liệu tự động (máy tính) và bộ phận;chiếc/đơn vị;1679;1679;6622;0;1351309,793;1351309,793
10615;20220101;2022;52;Xuất khẩu;Thế giới;Thiết bị phát sóng vô tuyến/truyền hình, camera;chiếc/đơn vị;1076;1076;1743;0;811236,453;811236,453
10629;20220101;2022;52;Nhập khẩu;Thế giới;Máy xử lý dữ liệu tự động (máy tính) và bộ phận;chiếc/đơn vị;2014;2014;821;174612;173821;174612
10631;20220101;2022;52;Nhập khẩu;Trung Quốc;Máy xử lý dữ liệu tự động (máy tính) và bộ phận;chiếc/đơn vị;1334;1334;419;73889;73882;73889
10633;20220101;2022;52;Nhập khẩu;Thế giới;Máy xử lý dữ liệu tự động (máy tính) và bộ phận;chiếc/đơn vị;216588;216588;296446,162;14150839,06;13710445,7;14150839,06
10634;20220101;2022;52;Nhập khẩu;Trung Quốc;Máy xử lý dữ liệu tự động (máy tính) và bộ phận;chiếc/đơn vị;431;431;115,03;14434,138;13127,304;14434,138
10638;20220101;2022;52;Nhập khẩu;Trung Quốc;Máy xử lý dữ liệu tự động (máy tính) và bộ phận;chiếc/đơn vị;216085;216085;296289,785;14132397,02;13693683,27;14132397,02
10670;20220101;2022;52;Nhập khẩu;Thế giới;Điện thoại (kể cả di động) và thiết bị truyền dữ liệu;chiếc/đơn vị;58676;58676;9701;1513925;1478966;1513925
10671;20220101;2022;52;Nhập khẩu;Trung Quốc;Điện thoại (kể cả di động) và thiết bị truyền dữ liệu;chiếc/đơn vị;2900;2900;837;334575;332569;334575
10672;20220101;2022;52;Nhập khẩu;Trung Quốc;Điện thoại (kể cả di động) và thiết bị truyền dữ liệu;chiếc/đơn vị;55776;55776;8864;1179350;1146397;1179350
10675;20220101;2022;52;Nhập khẩu;Hàn Quốc;Điện thoại (kể cả di động) và thiết bị truyền dữ liệu;kg;17,027;0;17,027;4336,454;4265,9;4336,454
10677;20220101;2022;52;Nhập khẩu;Vương quốc Anh;Điện thoại (kể cả di động) và thiết bị truyền dữ liệu;kg;0,024;0;0,024;6,318;6,318;6,318
10678;20220101;2022;52;Nhập khẩu;Hoa Kỳ;Điện thoại (kể cả di động) và thiết bị truyền dữ liệu;kg;229;229;229;2144,007;2109,256;2144,007
10681;20220101;2022;52;Nhập khẩu;Thế giới;Thiết bị phát sóng vô tuyến/truyền hình, camera;chiếc/đơn vị;17095;17095;1929;248048,764;232369,923;248048,764
10682;20220101;2022;52;Nhập khẩu;Trung Quốc;Thiết bị phát sóng vô tuyến/truyền hình, camera;chiếc/đơn vị;355;355;8;4854,554;4537,587;4854,554
10684;20220101;2022;52;Nhập khẩu;Trung Quốc;Thiết bị phát sóng vô tuyến/truyền hình, camera;chiếc/đơn vị;16350;16350;1905;236734,809;221793,102;236734,809
10687;20220101;2022;52;Nhập khẩu;Thế giới;Màn hình, máy chiếu, thiết bị thu truyền hình;chiếc/đơn vị;941470;941470;5465483,011;201120841,7;200938688,5;201120841,7
10688;20220101;2022;52;Nhập khẩu;Trung Quốc;Màn hình, máy chiếu, thiết bị thu truyền hình;chiếc/đơn vị;684;684;40;18878,003;18042,935;18878,003
10690;20220101;2022;52;Nhập khẩu;Trung Quốc;Màn hình, máy chiếu, thiết bị thu truyền hình;chiếc/đơn vị;940777;940777;5465440,011;201101687,8;200920401,3;201101687,8
10706;20220101;2022;52;Nhập khẩu (hàng nước ngoài);Thái Lan;Máy in, máy photocopy, máy fax và phụ tùng;chiếc/đơn vị;846;846;1129,8;40122,037;0;40122,037
10707;20220101;2022;52;Nhập khẩu (hàng nước ngoài);Vương quốc Anh;Máy in, máy photocopy, máy fax và phụ tùng;kg;44,1;44,1;44,1;5951,22;0;5951,22
10708;20220101;2022;52;Nhập khẩu (hàng nước ngoài);Thế giới;Máy xử lý dữ liệu tự động (máy tính) và bộ phận;chiếc/đơn vị;200715;200715;130406,9;60302195,08;0;60302195,08
10709;20220101;2022;52;Nhập khẩu (hàng nước ngoài);Trung Quốc;Máy xử lý dữ liệu tự động (máy tính) và bộ phận;chiếc/đơn vị;4955;4955;5277,4;1466004,062;0;1466004,062
10712;20220101;2022;52;Nhập khẩu (hàng nước ngoài);Trung Quốc;Máy xử lý dữ liệu tự động (máy tính) và bộ phận;chiếc/đơn vị;195353;195353;124099,5;58788884,14;0;58788884,14
10726;20220101;2022;52;Nhập khẩu (hàng nước ngoài);Brunei;Điện thoại (kể cả di động) và thiết bị truyền dữ liệu;chiếc/đơn vị;2791,619;0;1616;791117,526;0;791117,526
10729;20220101;2022;52;Nhập khẩu (hàng nước ngoài);Châu Âu khác (chưa xác định);Điện thoại (kể cả di động) và thiết bị truyền dữ liệu;chiếc/đơn vị;891,858;0;1157,5;326503,762;0;326503,762
10736;20220101;2022;52;Nhập khẩu (hàng nước ngoài);Thế giới;Màn hình, máy chiếu, thiết bị thu truyền hình;chiếc/đơn vị;176741;176741;94008,74;16376010,95;0;16376010,95
10737;20220101;2022;52;Nhập khẩu (hàng nước ngoài);Trung Quốc;Màn hình, máy chiếu, thiết bị thu truyền hình;chiếc/đơn vị;29827;29827;7736,24;1135470,704;0;1135470,704
10738;20220101;2022;52;Nhập khẩu (hàng nước ngoài);Hàn Quốc;Màn hình, máy chiếu, thiết bị thu truyền hình;chiếc/đơn vị;7533;7533;9430;1776610,327;0;1776610,327
10739;20220101;2022;52;Nhập khẩu (hàng nước ngoài);Trung Quốc;Màn hình, máy chiếu, thiết bị thu truyền hình;chiếc/đơn vị;139381;139381;76842,5;13463929,92;0;13463929,92
10741;20220101;2022;52;Nhập khẩu (hàng nước ngoài);Trung Quốc;Mạch tích hợp điện tử;chiếc/đơn vị;918,069;0;61,8;3396,145;0;3396,145
10753;20220101;2022;52;Nhập khẩu;Thế giới;Máy xử lý dữ liệu tự động (máy tính) và bộ phận;chiếc/đơn vị;200718;200718;130415,9;60305122,37;0;60305122,37
10809;20220101;2022;52;Xuất khẩu trong nước;Úc;Máy xử lý dữ liệu tự động (máy tính) và bộ phận;chiếc/đơn vị;29,564;0;82;0;9141,106;9141,106
10810;20220101;2022;52;Xuất khẩu trong nước;Bahrain;Máy xử lý dữ liệu tự động (máy tính) và bộ phận;chiếc/đơn vị;0,152;0;3;0;86,993;86,993
10811;20220101;2022;52;Xuất khẩu trong nước;Canada;Máy xử lý dữ liệu tự động (máy tính) và bộ phận;chiếc/đơn vị;0,094;0;0,166;0;53,601;53,601
10813;20220101;2022;52;Xuất khẩu trong nước;Trung Quốc;Máy xử lý dữ liệu tự động (máy tính) và bộ phận;chiếc/đơn vị;103,107;0;248;0;30220,62;30220,62
10816;20220101;2022;52;Xuất khẩu trong nước;Đức;Máy xử lý dữ liệu tự động (máy tính) và bộ phận;chiếc/đơn vị;8,154;0;22;0;3092,743;3092,743
10817;20220101;2022;52;Xuất khẩu trong nước;Hồng Kông (Trung Quốc);Máy xử lý dữ liệu tự động (máy tính) và bộ phận;chiếc/đơn vị;113,083;0;424;0;81173,887;81173,887
10820;20220101;2022;52;Xuất khẩu trong nước;Nhật Bản;Máy xử lý dữ liệu tự động (máy tính) và bộ phận;chiếc/đơn vị;96,463;0;223;0;27839,571;27839,571
10821;20220101;2022;52;Xuất khẩu trong nước;Hàn Quốc;Máy xử lý dữ liệu tự động (máy tính) và bộ phận;chiếc/đơn vị;11,658;0;44;0;3348,02;3348,02
10823;20220101;2022;52;Xuất khẩu trong nước;Châu Á khác (chưa xác định);Máy xử lý dữ liệu tự động (máy tính) và bộ phận;chiếc/đơn vị;25,622;0;100;0;7284,193;7284,193
10829;20220101;2022;52;Xuất khẩu trong nước;Singapore;Máy xử lý dữ liệu tự động (máy tính) và bộ phận;chiếc/đơn vị;29,043;0;59;0;11623,383;11623,383
10905;20220101;2022;52;Xuất khẩu trong nước;Úc;Điện thoại (kể cả di động) và thiết bị truyền dữ liệu;chiếc/đơn vị;0,12;0;6;0;30,008;30,008
10906;20220101;2022;52;Xuất khẩu trong nước;Hồng Kông (Trung Quốc);Điện thoại (kể cả di động) và thiết bị truyền dữ liệu;chiếc/đơn vị;156,458;0;142;0;29342,347;29342,347
10908;20220101;2022;52;Xuất khẩu trong nước;Singapore;Điện thoại (kể cả di động) và thiết bị truyền dữ liệu;chiếc/đơn vị;24,525;0;38;0;6063,106;6063,106
10910;20220101;2022;52;Xuất khẩu trong nước;Các Tiểu vương quốc Ả Rập Thống nhất;Điện thoại (kể cả di động) và thiết bị truyền dữ liệu;chiếc/đơn vị;21,628;0;13;0;4549,596;4549,596
10913;20220101;2022;52;Xuất khẩu trong nước;Thế giới;Thiết bị phát sóng vô tuyến/truyền hình, camera;chiếc/đơn vị;43834,715;0;12481,294;0;5933041,38;5933041,38
10916;20220101;2022;52;Xuất khẩu trong nước;Singapore;Thiết bị phát sóng vô tuyến/truyền hình, camera;chiếc/đơn vị;2295;2295;3781;0;2481542,622;2481542,622
10917;20220101;2022;52;Xuất khẩu trong nước;Trung Quốc;Thiết bị phát sóng vô tuyến/truyền hình, camera;chiếc/đơn vị;41536,715;0;8682,294;0;3439761,844;3439761,844
10920;20220101;2022;52;Xuất khẩu trong nước;Hồng Kông (Trung Quốc);Màn hình, máy chiếu, thiết bị thu truyền hình;chiếc/đơn vị;76,669;0;97;0;4617,878;4617,878
10921;20220101;2022;52;Xuất khẩu trong nước;Trung Quốc;Màn hình, máy chiếu, thiết bị thu truyền hình;chiếc/đơn vị;240123,248;0;2649055;0;63052763,83;63052763,83
10949;20220101;2022;52;Xuất khẩu trong nước;Luxembourg;Mạch tích hợp điện tử;kg;0,017;0;0,017;0;9,102;9,102
10952;20220101;2022;52;Xuất khẩu trong nước;Mexico;Mạch tích hợp điện tử;chiếc/đơn vị;148000;148000;152;0;72327,598;72327,598
10978;20220101;2022;52;Nhập khẩu (hàng nước ngoài);Đức;Máy in, máy photocopy, máy fax và phụ tùng;kg;14444;14444;14444;21506,132;0;21506,132
10979;20220101;2022;52;Nhập khẩu (hàng nước ngoài);Indonesia;Máy in, máy photocopy, máy fax và phụ tùng;kg;204;204;204;3772,167;0;3772,167
10994;20220101;2022;52;Nhập khẩu (hàng nước ngoài);Nhật Bản;Máy xử lý dữ liệu tự động (máy tính) và bộ phận;chiếc/đơn vị;8,084;0;33;1189,914;0;1189,914
11002;20220101;2022;52;Nhập khẩu (hàng nước ngoài);Trung Quốc;Máy xử lý dữ liệu tự động (máy tính) và bộ phận;chiếc/đơn vị;126934,773;0;148531,57;60337177,5;0;60337177,5
11062;20220101;2022;52;Nhập khẩu (hàng nước ngoài);Ấn Độ;Điện thoại (kể cả di động) và thiết bị truyền dữ liệu;chiếc/đơn vị;9379,933;0;3336;2748680,115;0;2748680,115
11084;20220101;2022;52;Nhập khẩu (hàng nước ngoài);Trung Quốc;Màn hình, máy chiếu, thiết bị thu truyền hình;chiếc/đơn vị;669483,416;0;9186636;235303468,2;0;235303468,2
11091;20220101;2022;52;Nhập khẩu (hàng nước ngoài);Nhật Bản;Mạch tích hợp điện tử;chiếc/đơn vị;58710;58710;36,05;16911,574;0;16911,574
11092;20220101;2022;52;Nhập khẩu (hàng nước ngoài);Malaysia;Mạch tích hợp điện tử;chiếc/đơn vị;43037;43037;22;26823,207;0;26823,207
11093;20220101;2022;52;Nhập khẩu (hàng nước ngoài);Châu Á khác (chưa xác định);Mạch tích hợp điện tử;chiếc/đơn vị;144085;144085;148;461476,982;0;461476,982
11094;20220101;2022;52;Nhập khẩu (hàng nước ngoài);Philippines;Mạch tích hợp điện tử;chiếc/đơn vị;655500;655500;85;119336,791;0;119336,791
11111;20220101;2022;52;Nhập khẩu;Thế giới;Máy xử lý dữ liệu tự động (máy tính) và bộ phận;chiếc/đơn vị;194893;194893;129642,874;69780842,73;0;69780842,73
11112;20220101;2022;52;Nhập khẩu;Trung Quốc;Máy xử lý dữ liệu tự động (máy tính) và bộ phận;chiếc/đơn vị;13117;13117;11000;3833995,983;0;3833995,983
11114;20220101;2022;52;Nhập khẩu;Hàn Quốc;Máy xử lý dữ liệu tự động (máy tính) và bộ phận;chiếc/đơn vị;1475;1475;1000;419803,676;0;419803,676
11115;20220101;2022;52;Nhập khẩu;Trung Quốc;Máy xử lý dữ liệu tự động (máy tính) và bộ phận;chiếc/đơn vị;180290;180290;117632,774;65524966,79;0;65524966,79
11194;20220101;2022;52;Nhập khẩu;Trung Quốc;Điện thoại (kể cả di động) và thiết bị truyền dữ liệu;chiếc/đơn vị;40538,156;0;8000;10677804,38;0;10677804,38
11197;20220101;2022;52;Nhập khẩu;Malaysia;Điện thoại (kể cả di động) và thiết bị truyền dữ liệu;kg;32,373;0;32,373;5339,001;0;5339,001
11216;20220101;2022;52;Nhập khẩu;Thế giới;Thiết bị phát sóng vô tuyến/truyền hình, camera;chiếc/đơn vị;21745;21745;7077,602;5536544,099;0;5536544,099
11217;20220101;2022;52;Nhập khẩu;Trung Quốc;Thiết bị phát sóng vô tuyến/truyền hình, camera;chiếc/đơn vị;21744;21744;7000,8;5508959,26;0;5508959,26
11445;20220101;2022;52;Xuất khẩu trong nước;Thế giới;Máy xử lý dữ liệu tự động (máy tính) và bộ phận;chiếc/đơn vị;1797;1797;14563;0;3363164,457;3363164,457
11451;20220101;2022;52;Xuất khẩu trong nước;Thế giới;Thiết bị phát sóng vô tuyến/truyền hình, camera;chiếc/đơn vị;666;666;4696;0;999767,621;999767,621
11453;20220101;2022;52;Xuất khẩu trong nước;Thế giới;Màn hình, máy chiếu, thiết bị thu truyền hình;chiếc/đơn vị;138;138;938;0;126806,93;126806,93
11463;20220101;2022;52;Nhập khẩu (hàng nước ngoài);Thế giới;Máy xử lý dữ liệu tự động (máy tính) và bộ phận;chiếc/đơn vị;842654;842654;511106;175374574,5;0;175374574,5
11464;20220101;2022;52;Nhập khẩu (hàng nước ngoài);Trung Quốc;Máy xử lý dữ liệu tự động (máy tính) và bộ phận;chiếc/đơn vị;58396;58396;14123;1917709,75;0;1917709,75
11469;20220101;2022;52;Nhập khẩu (hàng nước ngoài);Trung Quốc;Máy xử lý dữ liệu tự động (máy tính) và bộ phận;chiếc/đơn vị;783745;783745;496696;173376581,1;0;173376581,1
11508;20220101;2022;52;Nhập khẩu (hàng nước ngoài);Hàn Quốc;Điện thoại (kể cả di động) và thiết bị truyền dữ liệu;chiếc/đơn vị;27824,564;0;14307;6931040,354;0;6931040,354
11517;20220101;2022;52;Nhập khẩu (hàng nước ngoài);Thế giới;Thiết bị phát sóng vô tuyến/truyền hình, camera;chiếc/đơn vị;214424;214424;118333;17022248,85;0;17022248,85
11523;20220101;2022;52;Nhập khẩu (hàng nước ngoài);Trung Quốc;Thiết bị phát sóng vô tuyến/truyền hình, camera;chiếc/đơn vị;203203;203203;111604;16021681,65;0;16021681,65
11524;20220101;2022;52;Nhập khẩu (hàng nước ngoài);Hoa Kỳ;Thiết bị phát sóng vô tuyến/truyền hình, camera;chiếc/đơn vị;378;378;180;740709,308;0;740709,308
11525;20220101;2022;52;Nhập khẩu (hàng nước ngoài);Thế giới;Màn hình, máy chiếu, thiết bị thu truyền hình;chiếc/đơn vị;270032;270032;204009;18598333,81;0;18598333,81
11526;20220101;2022;52;Nhập khẩu (hàng nước ngoài);Trung Quốc;Màn hình, máy chiếu, thiết bị thu truyền hình;chiếc/đơn vị;97108;97108;74249;6105819,948;0;6105819,948
11527;20220101;2022;52;Nhập khẩu (hàng nước ngoài);Hồng Kông (Trung Quốc);Màn hình, máy chiếu, thiết bị thu truyền hình;chiếc/đơn vị;4135;4135;121;10227,271;0;10227,271
11528;20220101;2022;52;Nhập khẩu (hàng nước ngoài);Trung Quốc;Màn hình, máy chiếu, thiết bị thu truyền hình;chiếc/đơn vị;168788;168788;129638;12461590,35;0;12461590,35
11540;20220101;2022;52;Nhập khẩu (hàng nước ngoài);Thái Lan;Mạch tích hợp điện tử;chiếc/đơn vị;3633,357;0;19;8802,68;0;8802,68
11552;20220101;2022;52;Nhập khẩu;Thế giới;Máy xử lý dữ liệu tự động (máy tính) và bộ phận;chiếc/đơn vị;131506;131506;100799;37373844;35224447,75;37373844
11554;20220101;2022;52;Nhập khẩu;Trung Quốc;Máy xử lý dữ liệu tự động (máy tính) và bộ phận;chiếc/đơn vị;131301;131301;100653;37333065;35186996,75;37333065
11556;20220101;2022;52;Nhập khẩu;Thế giới;Máy xử lý dữ liệu tự động (máy tính) và bộ phận;chiếc/đơn vị;842659;842659;511147;175398127,3;0;175398127,3
11634;20220101;2022;52;Nhập khẩu;Thế giới;Điện thoại (kể cả di động) và thiết bị truyền dữ liệu;kg;52,45;52,45;52,45;21499,74;0;21499,74
11655;20220101;2022;52;Nhập khẩu;Thế giới;Thiết bị phát sóng vô tuyến/truyền hình, camera;chiếc/đơn vị;10193506;10193506;22000;21105799;20545039;21105799
11657;20220101;2022;52;Nhập khẩu;Trung Quốc;Thiết bị phát sóng vô tuyến/truyền hình, camera;chiếc/đơn vị;3887;3887;47;21484;20404;21484
11659;20220101;2022;52;Nhập khẩu;Hàn Quốc;Thiết bị phát sóng vô tuyến/truyền hình, camera;chiếc/đơn vị;568;568;45;5553;5020;5553
11660;20220101;2022;52;Nhập khẩu;Trung Quốc;Thiết bị phát sóng vô tuyến/truyền hình, camera;chiếc/đơn vị;10189000;10189000;21902;21077350;20518304;21077350
11663;20220101;2022;52;Nhập khẩu;Thế giới;Thiết bị phát sóng vô tuyến/truyền hình, camera;chiếc/đơn vị;214435;214435;118465;17050069,27;0;17050069,27
11672;20220101;2022;52;Nhập khẩu;Thế giới;Màn hình, máy chiếu, thiết bị thu truyền hình;chiếc/đơn vị;38251;38251;367251;12800666;12311912;12800666
11673;20220101;2022;52;Nhập khẩu;Trung Quốc;Màn hình, máy chiếu, thiết bị thu truyền hình;chiếc/đơn vị;1825;1825;7771;232980;224130;232980
11674;20220101;2022;52;Nhập khẩu;Trung Quốc;Màn hình, máy chiếu, thiết bị thu truyền hình;chiếc/đơn vị;36425;36425;359479;12567566;12087669;12567566
11687;20220101;2022;52;Nhập khẩu;Trung Quốc;Mạch tích hợp điện tử;chiếc/đơn vị;34628444,77;0;12430;67359277;67074141;67359277
11710;20220101;2022;52;Xuất khẩu;Thế giới;Máy xử lý dữ liệu tự động (máy tính) và bộ phận;chiếc/đơn vị;1801;1801;14564;0;3364361,993;3364361,993
11720;20220101;2022;52;Xuất khẩu;Thế giới;Điện thoại (kể cả di động) và thiết bị truyền dữ liệu;kg;3,2;3,2;3,2;0;1460;1460
11724;20220101;2022;52;Xuất khẩu;Thế giới;Thiết bị phát sóng vô tuyến/truyền hình, camera;chiếc/đơn vị;238338;238338;637;0;1146530;1146530
11728;20220101;2022;52;Xuất khẩu;Thế giới;Màn hình, máy chiếu, thiết bị thu truyền hình;chiếc/đơn vị;821;821;30290;0;439012;439012
11740;20230101;2023;52;Nhập khẩu (hàng nước ngoài);Thế giới;Máy xử lý dữ liệu tự động (máy tính) và bộ phận;chiếc/đơn vị;110076;110076;69774,284;40547027,67;0;40547027,67
11744;20230101;2023;52;Nhập khẩu (hàng nước ngoài);Thế giới;Điện thoại (kể cả di động) và thiết bị truyền dữ liệu;Cái;0;1617450;356611,6;494205076,1;0;494205076,1
11748;20230101;2023;52;Nhập khẩu (hàng nước ngoài);Thế giới;Màn hình, máy chiếu, thiết bị thu truyền hình;chiếc/đơn vị;396164;396164;5324915,5;185184491,4;0;185184491,4
11750;20230101;2023;52;Nhập khẩu (hàng nước ngoài);Thế giới;Mạch tích hợp điện tử;chiếc/đơn vị;1026;1026;1,061;5582,91;0;5582,91
11753;20230101;2023;52;Nhập khẩu;Trung Quốc;Máy in, máy photocopy, máy fax và phụ tùng;kg;153,6;153,6;153,6;7569,6;6482,4;7569,6
11762;20230101;2023;52;Nhập khẩu;Thế giới;Máy xử lý dữ liệu tự động (máy tính) và bộ phận;chiếc/đơn vị;7253;7253;4286,32;2580352,3;0;2580352,3
11764;20230101;2023;52;Nhập khẩu;Thế giới;Máy xử lý dữ liệu tự động (máy tính) và bộ phận;chiếc/đơn vị;312194;312194;11167,43;16318895,2;15867379,31;16318895,2
11766;20230101;2023;52;Nhập khẩu;Nhật Bản;Máy xử lý dữ liệu tự động (máy tính) và bộ phận;chiếc/đơn vị;146200;146200;2620,91;1483147,97;1457773,72;1483147,97
11767;20230101;2023;52;Nhập khẩu;Hàn Quốc;Máy xử lý dữ liệu tự động (máy tính) và bộ phận;chiếc/đơn vị;32550;32550;51,19;54586,63;52960,67;54586,63
11769;20230101;2023;52;Nhập khẩu;Châu Á khác (chưa xác định);Máy xử lý dữ liệu tự động (máy tính) và bộ phận;chiếc/đơn vị;9200;9200;416,12;293888,98;290202,85;293888,98
11770;20230101;2023;52;Nhập khẩu;Trung Quốc;Máy xử lý dữ liệu tự động (máy tính) và bộ phận;chiếc/đơn vị;120921;120921;7556,69;14315722,35;13906622,23;14315722,35
11771;20230101;2023;52;Nhập khẩu;Thái Lan;Máy xử lý dữ liệu tự động (máy tính) và bộ phận;chiếc/đơn vị;642;642;276,29;34436,08;29029,96;34436,08
11820;20230101;2023;52;Nhập khẩu;Thế giới;Điện thoại (kể cả di động) và thiết bị truyền dữ liệu;chiếc/đơn vị;299760;299760;44784,9;68866148,81;0;68866148,81
11828;20230101;2023;52;Nhập khẩu;Ấn Độ;Điện thoại (kể cả di động) và thiết bị truyền dữ liệu;chiếc/đơn vị;1170;1170;329,38;6060,17;5757,16;6060,17
11829;20230101;2023;52;Nhập khẩu;Singapore;Điện thoại (kể cả di động) và thiết bị truyền dữ liệu;chiếc/đơn vị;3689;3689;150,52;17399,64;16529,66;17399,64
11831;20230101;2023;52;Nhập khẩu;Ai Cập;Điện thoại (kể cả di động) và thiết bị truyền dữ liệu;chiếc/đơn vị;2206;2206;1321,6;11546,85;10969,52;11546,85
11833;20230101;2023;52;Nhập khẩu;Khu vực khác (chưa xác định);Điện thoại (kể cả di động) và thiết bị truyền dữ liệu;chiếc/đơn vị;27000;27000;77,14;2238,19;2113,89;2238,19
11836;20230101;2023;52;Nhập khẩu;Thế giới;Điện thoại (kể cả di động) và thiết bị truyền dữ liệu;chiếc/đơn vị;0,969;0;0,5;166,986;0;166,986
11838;20230101;2023;52;Nhập khẩu;Thế giới;Thiết bị phát sóng vô tuyến/truyền hình, camera;chiếc/đơn vị;564478;564478;59892,19;6520043,65;6405175,3;6520043,65
11839;20230101;2023;52;Nhập khẩu;Trung Quốc;Thiết bị phát sóng vô tuyến/truyền hình, camera;chiếc/đơn vị;229160;229160;651,14;529552,27;513107,81;529552,27
11840;20230101;2023;52;Nhập khẩu;Hàn Quốc;Thiết bị phát sóng vô tuyến/truyền hình, camera;chiếc/đơn vị;37083;37083;192,95;175934,02;170680,96;175934,02
11841;20230101;2023;52;Nhập khẩu;Trung Quốc;Thiết bị phát sóng vô tuyến/truyền hình, camera;chiếc/đơn vị;298235;298235;59048,1;5814557,36;5721386,53;5814557,36
11844;20230101;2023;52;Nhập khẩu;Thế giới;Màn hình, máy chiếu, thiết bị thu truyền hình;chiếc/đơn vị;45702;45702;602374,16;25089721,86;0;25089721,86
11846;20230101;2023;52;Nhập khẩu;Thế giới;Màn hình, máy chiếu, thiết bị thu truyền hình;chiếc/đơn vị;306261;306261;104704,18;3877193,42;3789795,82;3877193,42
11847;20230101;2023;52;Nhập khẩu;Trung Quốc;Màn hình, máy chiếu, thiết bị thu truyền hình;chiếc/đơn vị;94245;94245;12930,64;678845,92;668828,21;678845,92
11849;20230101;2023;52;Nhập khẩu;Hàn Quốc;Màn hình, máy chiếu, thiết bị thu truyền hình;chiếc/đơn vị;7392;7392;184,24;6364,49;6046,26;6364,49
11850;20230101;2023;52;Nhập khẩu;Trung Quốc;Màn hình, máy chiếu, thiết bị thu truyền hình;chiếc/đơn vị;54096;54096;82772,79;3064328,94;2994017,24;3064328,94
11851;20230101;2023;52;Nhập khẩu;Ai Cập;Màn hình, máy chiếu, thiết bị thu truyền hình;chiếc/đơn vị;146496;146496;8790,92;124263,23;117682,81;124263,23
11856;20230101;2023;52;Nhập khẩu;Thế giới;Mạch tích hợp điện tử;chiếc/đơn vị;10666965;10666965;441603,04;8321938,35;7840904,94;8321938,35
11857;20230101;2023;52;Nhập khẩu;Brazil;Mạch tích hợp điện tử;chiếc/đơn vị;17440;17440;154,47;9179,89;8682,4;9179,89
11858;20230101;2023;52;Nhập khẩu;Trung Quốc;Mạch tích hợp điện tử;chiếc/đơn vị;1522146;1522146;10721,46;362434,39;351867,12;362434,39
11859;20230101;2023;52;Nhập khẩu;Đan Mạch;Mạch tích hợp điện tử;chiếc/đơn vị;16120;16120;262,88;3980,7;3781,66;3980,7
11861;20230101;2023;52;Nhập khẩu;Hồng Kông (Trung Quốc);Mạch tích hợp điện tử;chiếc/đơn vị;812653;812653;5472,16;144729,49;133097,63;144729,49
11862;20230101;2023;52;Nhập khẩu;Hungary;Mạch tích hợp điện tử;chiếc/đơn vị;79205;79205;2214,77;42992,67;40677,32;42992,67
11863;20230101;2023;52;Nhập khẩu;Indonesia;Mạch tích hợp điện tử;chiếc/đơn vị;164408;164408;39202,12;565697,92;536959,9;565697,92
11864;20230101;2023;52;Nhập khẩu;Nhật Bản;Mạch tích hợp điện tử;chiếc/đơn vị;6000;6000;33,95;169,05;160,6;169,05
11865;20230101;2023;52;Nhập khẩu;Hàn Quốc;Mạch tích hợp điện tử;chiếc/đơn vị;4510350;4510350;147962,86;3008695,06;2815352,7;3008695,06
11866;20230101;2023;52;Nhập khẩu;Châu Á khác (chưa xác định);Mạch tích hợp điện tử;chiếc/đơn vị;2151420;2151420;199449,44;3396552,02;3208424,13;3396552,02
11868;20230101;2023;52;Nhập khẩu;Ấn Độ;Mạch tích hợp điện tử;chiếc/đơn vị;25420;25420;1557,73;21813,74;20723,54;21813,74
11869;20230101;2023;52;Nhập khẩu;Singapore;Mạch tích hợp điện tử;chiếc/đơn vị;239189;239189;10245,95;191184,86;181726,14;191184,86
11871;20230101;2023;52;Nhập khẩu;Trung Quốc;Mạch tích hợp điện tử;chiếc/đơn vị;57200;57200;936,8;24048,31;22637,58;24048,31
11873;20230101;2023;52;Nhập khẩu;Ai Cập;Mạch tích hợp điện tử;chiếc/đơn vị;235640;235640;10885,08;94148,58;88035,1;94148,58
11874;20230101;2023;52;Nhập khẩu;Vương quốc Anh;Mạch tích hợp điện tử;chiếc/đơn vị;47311;47311;141,4;4142,18;3935,07;4142,18
11875;20230101;2023;52;Nhập khẩu;Hoa Kỳ;Mạch tích hợp điện tử;chiếc/đơn vị;80754;80754;9899,88;307602,08;287936,86;307602,08
11876;20230101;2023;52;Nhập khẩu;Zambia;Mạch tích hợp điện tử;chiếc/đơn vị;9000;9000;161,74;16971,67;15287,67;16971,67
11877;20230101;2023;52;Nhập khẩu;Khu vực khác (chưa xác định);Mạch tích hợp điện tử;chiếc/đơn vị;624709;624709;2209,61;60194,1;55243,34;60194,1
11889;20230101;2023;52;Nhập khẩu;Thế giới;Máy in, máy photocopy, máy fax và phụ tùng;Cái;0;96983;235269,53;6443379,92;6309412,54;6443379,92
11891;20230101;2023;52;Nhập khẩu;Nhật Bản;Máy in, máy photocopy, máy fax và phụ tùng;kg;105026,42;89887;105026,42;4345822,25;4268599,74;4345822,25
11892;20230101;2023;52;Nhập khẩu;Hàn Quốc;Máy in, máy photocopy, máy fax và phụ tùng;kg;7,07;35;7,07;1218,23;1135,07;1218,23
11893;20230101;2023;52;Nhập khẩu;Trung Quốc;Máy in, máy photocopy, máy fax và phụ tùng;Cái;0;7045;130213,33;2090950,8;2034672,59;2090950,8
11902;20230101;2023;52;Nhập khẩu;Thế giới;Máy xử lý dữ liệu tự động (máy tính) và bộ phận;chiếc/đơn vị;471238,004;0;677229,608;0;197355873,6;197355873,6
11903;20230101;2023;52;Nhập khẩu;Trung Quốc;Máy xử lý dữ liệu tự động (máy tính) và bộ phận;chiếc/đơn vị;28547;28547;32744,672;0;9709978,555;9709978,555
11906;20230101;2023;52;Nhập khẩu;Châu Á khác (chưa xác định);Máy xử lý dữ liệu tự động (máy tính) và bộ phận;chiếc/đơn vị;8691;8691;21069,385;0;6225205,704;6225205,704
11907;20230101;2023;52;Nhập khẩu;Trung Quốc;Máy xử lý dữ liệu tự động (máy tính) và bộ phận;chiếc/đơn vị;428662,004;0;622144,251;0;180921535,5;180921535,5
11908;20230101;2023;52;Nhập khẩu;Thái Lan;Máy xử lý dữ liệu tự động (máy tính) và bộ phận;chiếc/đơn vị;5243;5243;1257,406;0;494632,731;494632,731
11909;20230101;2023;52;Nhập khẩu;Thế giới;Máy xử lý dữ liệu tự động (máy tính) và bộ phận;chiếc/đơn vị;61754;61754;77211,82;16051286,65;15550147,71;16051286,65
11911;20230101;2023;52;Nhập khẩu;Trung Quốc;Máy xử lý dữ liệu tự động (máy tính) và bộ phận;chiếc/đơn vị;60900;60900;76793,09;16008036,71;15512033,89;16008036,71
11912;20230101;2023;52;Nhập khẩu;Thái Lan;Máy xử lý dữ liệu tự động (máy tính) và bộ phận;chiếc/đơn vị;758;758;416,35;40300,07;35370,81;40300,07
11913;20230101;2023;52;Nhập khẩu;Thế giới;Máy xử lý dữ liệu tự động (máy tính) và bộ phận;chiếc/đơn vị;5410;5410;7671;2683574,638;0;2683574,638
11918;20230101;2023;52;Nhập khẩu;Hy Lạp;Máy xử lý dữ liệu tự động (máy tính) và bộ phận;chiếc/đơn vị;5340;5340;7593;2660863,671;0;2660863,671
11924;20230101;2023;52;Nhập khẩu;Thế giới;Máy xử lý dữ liệu tự động (máy tính) và bộ phận;chiếc/đơn vị;137969;137969;45248,248;35804229;33429553;35804229
11925;20230101;2023;52;Nhập khẩu;Trung Quốc;Máy xử lý dữ liệu tự động (máy tính) và bộ phận;chiếc/đơn vị;3247;3247;1051,392;2204044;2068380;2204044
11929;20230101;2023;52;Nhập khẩu;Malaysia;Máy xử lý dữ liệu tự động (máy tính) và bộ phận;chiếc/đơn vị;5106;5106;423;240569;239467;240569
11932;20230101;2023;52;Nhập khẩu;Trung Quốc;Máy xử lý dữ liệu tự động (máy tính) và bộ phận;chiếc/đơn vị;77812;77812;17144,041;29681067;27456838;29681067
11933;20230101;2023;52;Nhập khẩu;Thái Lan;Máy xử lý dữ liệu tự động (máy tính) và bộ phận;chiếc/đơn vị;49786;49786;26576;3619243;3606609;3619243
12024;20230101;2023;52;Nhập khẩu;Thế giới;Điện thoại (kể cả di động) và thiết bị truyền dữ liệu;Cái;0;1701205;475952,27;279846445,1;275689788,2;279846445,1
12025;20230101;2023;52;Nhập khẩu;Trung Quốc;Điện thoại (kể cả di động) và thiết bị truyền dữ liệu;Cái;0;5745;1094,34;86473,95;76648,81;86473,95
12026;20230101;2023;52;Nhập khẩu;Hàn Quốc;Điện thoại (kể cả di động) và thiết bị truyền dữ liệu;Cái;0;320;81,03;99597,57;98926,31;99597,57
12028;20230101;2023;52;Nhập khẩu;Trung Quốc;Điện thoại (kể cả di động) và thiết bị truyền dữ liệu;Cái;0;1695139;474765,15;279654176,5;275508578,1;279654176,5
12030;20230101;2023;52;Nhập khẩu;Bulgaria;Điện thoại (kể cả di động) và thiết bị truyền dữ liệu;chiếc/đơn vị;341;341;154;114489,047;0;114489,047
12036;20230101;2023;52;Nhập khẩu;Hà Lan;Điện thoại (kể cả di động) và thiết bị truyền dữ liệu;chiếc/đơn vị;341,669;0;408;80021,447;0;80021,447
12046;20230101;2023;52;Nhập khẩu;Thế giới;Thiết bị phát sóng vô tuyến/truyền hình, camera;chiếc/đơn vị;182694,376;0;0;0;34348494,73;34348494,73
12048;20230101;2023;52;Nhập khẩu;Trung Quốc;Thiết bị phát sóng vô tuyến/truyền hình, camera;chiếc/đơn vị;309;309;0;0;66153,365;66153,365
12050;20230101;2023;52;Nhập khẩu;Trung Quốc;Thiết bị phát sóng vô tuyến/truyền hình, camera;chiếc/đơn vị;182360,376;0;0;0;34279613,03;34279613,03
12058;20230101;2023;52;Nhập khẩu;Thế giới;Màn hình, máy chiếu, thiết bị thu truyền hình;chiếc/đơn vị;224383;224383;1063675,013;0;42229789,54;42229789,54
12059;20230101;2023;52;Nhập khẩu;Trung Quốc;Màn hình, máy chiếu, thiết bị thu truyền hình;chiếc/đơn vị;26399;26399;113679,049;0;3105946,475;3105946,475
12060;20230101;2023;52;Nhập khẩu;Trung Quốc;Màn hình, máy chiếu, thiết bị thu truyền hình;chiếc/đơn vị;197984;197984;949995,964;0;39123843,06;39123843,06
12061;20230101;2023;52;Nhập khẩu;Thế giới;Màn hình, máy chiếu, thiết bị thu truyền hình;chiếc/đơn vị;148272;148272;176348,38;9423766,42;9147196,97;9423766,42
12063;20230101;2023;52;Nhập khẩu;Trung Quốc;Màn hình, máy chiếu, thiết bị thu truyền hình;chiếc/đơn vị;148269;148269;176337,66;9419637,48;9144809,84;9419637,48
12064;20230101;2023;52;Nhập khẩu;Thế giới;Màn hình, máy chiếu, thiết bị thu truyền hình;chiếc/đơn vị;762;762;12932;312200,095;0;312200,095
12066;20230101;2023;52;Nhập khẩu;Hy Lạp;Màn hình, máy chiếu, thiết bị thu truyền hình;chiếc/đơn vị;586;586;9045;239310,696;0;239310,696
12076;20230101;2023;52;Nhập khẩu;Châu Á khác (chưa xác định);Mạch tích hợp điện tử;chiếc/đơn vị;2318;2318;0;0;5218,131;5218,131
12083;20230101;2023;52;Nhập khẩu;Nhật Bản;Mạch tích hợp điện tử;chiếc/đơn vị;169;169;19,66;3408,09;3402,87;3408,09
12091;20230101;2023;52;Nhập khẩu;Quần đảo Virgin thuộc Anh;Mạch tích hợp điện tử;chiếc/đơn vị;3694,06;0;3,658;19841;19841;19841
12092;20230101;2023;52;Nhập khẩu;Trung Quốc;Mạch tích hợp điện tử;chiếc/đơn vị;10984,826;0;93,196;365832;340854;365832
12093;20230101;2023;52;Nhập khẩu;Hàn Quốc;Mạch tích hợp điện tử;chiếc/đơn vị;130379;130379;2555;12315086;11477661;12315086
12095;20230101;2023;52;Nhập khẩu;Châu Á khác (chưa xác định);Mạch tích hợp điện tử;chiếc/đơn vị;696,07;0;3,769;3667;3667;3667
12109;20230101;2023;52;Nhập khẩu;Thế giới;Máy xử lý dữ liệu tự động (máy tính) và bộ phận;chiếc/đơn vị;3767;3767;409;87117,813;0;87117,813
12111;20230101;2023;52;Nhập khẩu;Trung Quốc;Máy xử lý dữ liệu tự động (máy tính) và bộ phận;chiếc/đơn vị;3645;3645;328;71749,742;0;71749,742
12113;20230101;2023;52;Nhập khẩu;Thế giới;Máy xử lý dữ liệu tự động (máy tính) và bộ phận;chiếc/đơn vị;443211;443211;181996,612;111792095,9;0;111792095,9
12115;20230101;2023;52;Nhập khẩu;Hàn Quốc;Máy xử lý dữ liệu tự động (máy tính) và bộ phận;chiếc/đơn vị;4601;4601;2747;2607263,323;0;2607263,323
12118;20230101;2023;52;Nhập khẩu;Trung Quốc;Máy xử lý dữ liệu tự động (máy tính) và bộ phận;chiếc/đơn vị;438329;438329;178838,511;109009509,3;0;109009509,3
12175;20230101;2023;52;Nhập khẩu;Hàn Quốc;Điện thoại (kể cả di động) và thiết bị truyền dữ liệu;chiếc/đơn vị;2,336;0;2,096;2331,073;0;2331,073
12180;20230101;2023;52;Nhập khẩu;Thái Lan;Điện thoại (kể cả di động) và thiết bị truyền dữ liệu;kg;0,162;0;0,162;7,632;0;7,632
12184;20230101;2023;52;Nhập khẩu;Thế giới;Thiết bị phát sóng vô tuyến/truyền hình, camera;chiếc/đơn vị;10514;10514;3049;992255,343;0;992255,343
12186;20230101;2023;52;Nhập khẩu;Thế giới;Thiết bị phát sóng vô tuyến/truyền hình, camera;chiếc/đơn vị;848;848;538;212734,911;0;212734,911
12187;20230101;2023;52;Nhập khẩu;Trung Quốc;Thiết bị phát sóng vô tuyến/truyền hình, camera;chiếc/đơn vị;603;603;349;59854,488;0;59854,488
12189;20230101;2023;52;Nhập khẩu;Trung Quốc;Thiết bị phát sóng vô tuyến/truyền hình, camera;chiếc/đơn vị;243;243;178;114532,206;0;114532,206
12196;20230101;2023;52;Nhập khẩu;Thế giới;Màn hình, máy chiếu, thiết bị thu truyền hình;chiếc/đơn vị;505114;505114;307622;24677339,06;0;24677339,06
12198;20230101;2023;52;Nhập khẩu;Trung Quốc;Màn hình, máy chiếu, thiết bị thu truyền hình;chiếc/đơn vị;505101;505101;307550;24605994,93;0;24605994,93
12200;20230101;2023;52;Nhập khẩu;Thế giới;Mạch tích hợp điện tử;chiếc/đơn vị;174,919;0;1;622,97;0;622,97
12210;20230101;2023;52;Nhập khẩu;Châu Á khác (chưa xác định);Mạch tích hợp điện tử;chiếc/đơn vị;1761517,13;0;430;2367025,462;0;2367025,462
12214;20230101;2023;52;Nhập khẩu;Hoa Kỳ;Mạch tích hợp điện tử;chiếc/đơn vị;45622,372;0;30;123647,158;0;123647,158
12227;20230101;2023;52;Xuất khẩu;Áo;Máy in, máy photocopy, máy fax và phụ tùng;chiếc/đơn vị;484;484;11482;0;233603,353;233603,353
12232;20230101;2023;52;Xuất khẩu;Estonia;Máy in, máy photocopy, máy fax và phụ tùng;chiếc/đơn vị;2292;2292;48267;0;893308,906;893308,906
12238;20230101;2023;52;Xuất khẩu;Litva;Máy in, máy photocopy, máy fax và phụ tùng;chiếc/đơn vị;513;513;9797;0;149500,477;149500,477
12248;20230101;2023;52;Xuất khẩu;Thế giới;Máy xử lý dữ liệu tự động (máy tính) và bộ phận;chiếc/đơn vị;5870;5870;5376;0;1780631,001;1780631,001
12259;20230101;2023;52;Xuất khẩu;Hà Lan;Máy xử lý dữ liệu tự động (máy tính) và bộ phận;chiếc/đơn vị;4795;4795;4336;0;1456349,892;1456349,892
12262;20230101;2023;52;Xuất khẩu;Thụy Điển;Máy xử lý dữ liệu tự động (máy tính) và bộ phận;chiếc/đơn vị;843;843;764;0;266071,013;266071,013
12263;20230101;2023;52;Xuất khẩu;Thế giới;Máy xử lý dữ liệu tự động (máy tính) và bộ phận;chiếc/đơn vị;20852;20852;9412,026;0;2169035,839;2169035,839
12265;20230101;2023;52;Xuất khẩu;Bỉ;Máy xử lý dữ liệu tự động (máy tính) và bộ phận;chiếc/đơn vị;336;336;335;0;74317,387;74317,387
12267;20230101;2023;52;Xuất khẩu;Séc;Máy xử lý dữ liệu tự động (máy tính) và bộ phận;chiếc/đơn vị;2324;2324;562;0;156646,337;156646,337
12269;20230101;2023;52;Xuất khẩu;Estonia;Máy xử lý dữ liệu tự động (máy tính) và bộ phận;chiếc/đơn vị;102;102;234;0;7306,136;7306,136
12271;20230101;2023;52;Xuất khẩu;Đức;Máy xử lý dữ liệu tự động (máy tính) và bộ phận;chiếc/đơn vị;4878;4878;3432;0;965467,488;965467,488
12274;20230101;2023;52;Xuất khẩu;Ireland;Máy xử lý dữ liệu tự động (máy tính) và bộ phận;chiếc/đơn vị;876;876;230;0;136920,535;136920,535
12275;20230101;2023;52;Xuất khẩu;Ý;Máy xử lý dữ liệu tự động (máy tính) và bộ phận;chiếc/đơn vị;1140;1140;393;0;58903,742;58903,742
12281;20230101;2023;52;Xuất khẩu;Ba Lan;Máy xử lý dữ liệu tự động (máy tính) và bộ phận;chiếc/đơn vị;1199;1199;254;0;63203,906;63203,906
12286;20230101;2023;52;Xuất khẩu;Tây Ban Nha;Máy xử lý dữ liệu tự động (máy tính) và bộ phận;chiếc/đơn vị;3349;3349;787;0;291806,029;291806,029
12343;20230101;2023;52;Xuất khẩu;Croatia;Điện thoại (kể cả di động) và thiết bị truyền dữ liệu;chiếc/đơn vị;4,746;0;7;0;3262,187;3262,187
12347;20230101;2023;52;Xuất khẩu;Đức;Điện thoại (kể cả di động) và thiết bị truyền dữ liệu;chiếc/đơn vị;109,284;0;38;0;36982,631;36982,631
12351;20230101;2023;52;Xuất khẩu;Litva;Điện thoại (kể cả di động) và thiết bị truyền dữ liệu;chiếc/đơn vị;84,991;0;163,85;0;51040,204;51040,204
12353;20230101;2023;52;Xuất khẩu;Hà Lan;Điện thoại (kể cả di động) và thiết bị truyền dữ liệu;chiếc/đơn vị;2913,699;0;992;0;863985,528;863985,528
12354;20230101;2023;52;Xuất khẩu;Ba Lan;Điện thoại (kể cả di động) và thiết bị truyền dữ liệu;chiếc/đơn vị;2904,7;0;1076;0;642121,101;642121,101
12355;20230101;2023;52;Xuất khẩu;Slovakia;Điện thoại (kể cả di động) và thiết bị truyền dữ liệu;chiếc/đơn vị;201,579;0;68;0;63076,886;63076,886
12357;20230101;2023;52;Xuất khẩu;Tây Ban Nha;Điện thoại (kể cả di động) và thiết bị truyền dữ liệu;chiếc/đơn vị;299;299;101;0;92382,51;92382,51
12358;20230101;2023;52;Xuất khẩu;Thụy Điển;Điện thoại (kể cả di động) và thiết bị truyền dữ liệu;chiếc/đơn vị;9555,356;0;2832,315;0;1500045,038;1500045,038
12362;20230101;2023;52;Xuất khẩu;Bulgaria;Điện thoại (kể cả di động) và thiết bị truyền dữ liệu;chiếc/đơn vị;295,638;0;119;0;50766,794;50766,794
12363;20230101;2023;52;Xuất khẩu;Croatia;Điện thoại (kể cả di động) và thiết bị truyền dữ liệu;chiếc/đơn vị;39,752;0;12;0;16309,876;16309,876
12365;20230101;2023;52;Xuất khẩu;Đan Mạch;Điện thoại (kể cả di động) và thiết bị truyền dữ liệu;chiếc/đơn vị;175,437;0;42;0;33801,644;33801,644
12366;20230101;2023;52;Xuất khẩu;Estonia;Điện thoại (kể cả di động) và thiết bị truyền dữ liệu;chiếc/đơn vị;1572,965;0;713;0;317753,113;317753,113
12367;20230101;2023;52;Xuất khẩu;Phần Lan;Điện thoại (kể cả di động) và thiết bị truyền dữ liệu;chiếc/đơn vị;314,453;0;629;0;87464,288;87464,288
12370;20230101;2023;52;Xuất khẩu;Hungary;Điện thoại (kể cả di động) và thiết bị truyền dữ liệu;chiếc/đơn vị;229,467;0;117;0;69673,777;69673,777
12373;20230101;2023;52;Xuất khẩu;Latvia;Điện thoại (kể cả di động) và thiết bị truyền dữ liệu;chiếc/đơn vị;164,232;0;81;0;54227,422;54227,422
12374;20230101;2023;52;Xuất khẩu;Litva;Điện thoại (kể cả di động) và thiết bị truyền dữ liệu;chiếc/đơn vị;1258,993;0;576;0;319969,704;319969,704
12375;20230101;2023;52;Xuất khẩu;Luxembourg;Điện thoại (kể cả di động) và thiết bị truyền dữ liệu;chiếc/đơn vị;2531,837;0;1473;0;833510,023;833510,023
12376;20230101;2023;52;Xuất khẩu;Malta;Điện thoại (kể cả di động) và thiết bị truyền dữ liệu;chiếc/đơn vị;455,219;0;91;0;147919,534;147919,534
12378;20230101;2023;52;Xuất khẩu;Ba Lan;Điện thoại (kể cả di động) và thiết bị truyền dữ liệu;chiếc/đơn vị;6698,734;0;4873;0;1595466,583;1595466,583
12381;20230101;2023;52;Xuất khẩu;Slovakia;Điện thoại (kể cả di động) và thiết bị truyền dữ liệu;chiếc/đơn vị;1582,296;0;801;0;490368,062;490368,062
12382;20230101;2023;52;Xuất khẩu;Slovenia;Điện thoại (kể cả di động) và thiết bị truyền dữ liệu;chiếc/đơn vị;80,586;0;26;0;16304,425;16304,425
12384;20230101;2023;52;Xuất khẩu;Thụy Điển;Điện thoại (kể cả di động) và thiết bị truyền dữ liệu;chiếc/đơn vị;667,425;0;397;0;264586,558;264586,558
12392;20230101;2023;52;Xuất khẩu;Thụy Điển;Thiết bị phát sóng vô tuyến/truyền hình, camera;chiếc/đơn vị;344;344;323;0;396802,877;396802,877
12393;20230101;2023;52;Xuất khẩu;Thế giới;Thiết bị phát sóng vô tuyến/truyền hình, camera;chiếc/đơn vị;5309;5309;3934,016;0;852591,456;852591,456
12397;20230101;2023;52;Xuất khẩu;Séc;Thiết bị phát sóng vô tuyến/truyền hình, camera;chiếc/đơn vị;573;573;84;0;16393,83;16393,83
12401;20230101;2023;52;Xuất khẩu;Đức;Thiết bị phát sóng vô tuyến/truyền hình, camera;chiếc/đơn vị;2283;2283;2311;0;506761,891;506761,891
12403;20230101;2023;52;Xuất khẩu;Ireland;Thiết bị phát sóng vô tuyến/truyền hình, camera;chiếc/đơn vị;197;197;160;0;34722,952;34722,952
12409;20230101;2023;52;Xuất khẩu;Hà Lan;Thiết bị phát sóng vô tuyến/truyền hình, camera;chiếc/đơn vị;1379;1379;603,016;0;60750,719;60750,719
12412;20230101;2023;52;Xuất khẩu;Slovakia;Thiết bị phát sóng vô tuyến/truyền hình, camera;chiếc/đơn vị;190;190;182;0;39905,173;39905,173
12422;20230101;2023;52;Xuất khẩu;Thế giới;Màn hình, máy chiếu, thiết bị thu truyền hình;chiếc/đơn vị;2140;2140;31273;0;1458780,464;1458780,464
12425;20230101;2023;52;Xuất khẩu;Séc;Màn hình, máy chiếu, thiết bị thu truyền hình;chiếc/đơn vị;168;168;2944;0;169122,7;169122,7
12433;20230101;2023;52;Xuất khẩu;Hà Lan;Màn hình, máy chiếu, thiết bị thu truyền hình;chiếc/đơn vị;367;367;6140;0;211876,841;211876,841
12454;20230101;2023;52;Xuất khẩu;Bulgaria;Mạch tích hợp điện tử;chiếc/đơn vị;1574,791;0;20;0;7883,997;7883,997
12481;20230101;2023;52;Nhập khẩu;Philippines;Máy in, máy photocopy, máy fax và phụ tùng;kg;4310;4310;4310;513989,525;0;513989,525
12485;20230101;2023;52;Nhập khẩu;Thế giới;Máy xử lý dữ liệu tự động (máy tính) và bộ phận;chiếc/đơn vị;1103735,055;0;408657;332219228;0;332219228
12487;20230101;2023;52;Nhập khẩu;Trung Quốc;Máy xử lý dữ liệu tự động (máy tính) và bộ phận;chiếc/đơn vị;7497;7497;4853;1506958,873;0;1506958,873
12493;20230101;2023;52;Nhập khẩu;Trung Quốc;Máy xử lý dữ liệu tự động (máy tính) và bộ phận;chiếc/đơn vị;1071829,055;0;391498;328174823,5;0;328174823,5
12494;20230101;2023;52;Nhập khẩu;Thái Lan;Máy xử lý dữ liệu tự động (máy tính) và bộ phận;chiếc/đơn vị;20180;20180;12180;2413724,326;0;2413724,326
12533;20230101;2023;52;Nhập khẩu;Hồng Kông (Trung Quốc);Điện thoại (kể cả di động) và thiết bị truyền dữ liệu;chiếc/đơn vị;19224,789;0;10718;1741926,199;0;1741926,199
12534;20230101;2023;52;Nhập khẩu;Nhật Bản;Điện thoại (kể cả di động) và thiết bị truyền dữ liệu;chiếc/đơn vị;0,902;0;2;587,675;0;587,675
12535;20230101;2023;52;Nhập khẩu;Hàn Quốc;Điện thoại (kể cả di động) và thiết bị truyền dữ liệu;chiếc/đơn vị;39,889;0;69;19893,71;0;19893,71
12547;20230101;2023;52;Nhập khẩu;Thế giới;Màn hình, máy chiếu, thiết bị thu truyền hình;chiếc/đơn vị;103721;103721;851356;37344223,18;0;37344223,18
12550;20230101;2023;52;Nhập khẩu;Trung Quốc;Màn hình, máy chiếu, thiết bị thu truyền hình;chiếc/đơn vị;103711;103711;851342;37302169,02;0;37302169,02
12576;20230101;2023;52;Nhập khẩu (hàng nước ngoài);Thế giới;Máy xử lý dữ liệu tự động (máy tính) và bộ phận;chiếc/đơn vị;894;894;3522,705;229495,275;191146,794;229495,275
12599;20230101;2023;52;Nhập khẩu;Thế giới;Máy xử lý dữ liệu tự động (máy tính) và bộ phận;chiếc/đơn vị;26702;26702;28894;10964464,96;0;10964464,96
12601;20230101;2023;52;Nhập khẩu;Trung Quốc;Máy xử lý dữ liệu tự động (máy tính) và bộ phận;chiếc/đơn vị;26701;26701;28892;10963924,32;0;10963924,32
12606;20230101;2023;52;Nhập khẩu;Thế giới;Máy xử lý dữ liệu tự động (máy tính) và bộ phận;chiếc/đơn vị;2229,321;0;1553;383315,132;0;383315,132
12611;20230101;2023;52;Nhập khẩu;Hà Lan;Máy xử lý dữ liệu tự động (máy tính) và bộ phận;chiếc/đơn vị;356;356;74;50394,687;0;50394,687
12613;20230101;2023;52;Nhập khẩu;Trung Quốc;Máy xử lý dữ liệu tự động (máy tính) và bộ phận;chiếc/đơn vị;1650,321;0;1147;262996,966;0;262996,966
12652;20230101;2023;52;Nhập khẩu;Hà Lan;Điện thoại (kể cả di động) và thiết bị truyền dữ liệu;chiếc/đơn vị;1935,137;0;14026;830433,763;0;830433,763
12653;20230101;2023;52;Nhập khẩu;Ba Lan;Điện thoại (kể cả di động) và thiết bị truyền dữ liệu;chiếc/đơn vị;98,526;0;58;46762,705;0;46762,705
12654;20230101;2023;52;Nhập khẩu;Trung Quốc;Điện thoại (kể cả di động) và thiết bị truyền dữ liệu;chiếc/đơn vị;6696,346;0;5461;400159,135;0;400159,135
12655;20230101;2023;52;Nhập khẩu;Tây Ban Nha;Điện thoại (kể cả di động) và thiết bị truyền dữ liệu;chiếc/đơn vị;72,583;0;52;41287,161;0;41287,161
12658;20230101;2023;52;Nhập khẩu;Thế giới;Thiết bị phát sóng vô tuyến/truyền hình, camera;chiếc/đơn vị;649;649;116;110351,032;0;110351,032
12696;20230101;2023;52;Xuất khẩu;Slovakia;Điện thoại (kể cả di động) và thiết bị truyền dữ liệu;chiếc/đơn vị;10,016;0;10;0;4941,398;4941,398
12733;20230101;2023;52;Nhập khẩu;Ý;Máy in, máy photocopy, máy fax và phụ tùng;kg;5,738;0;5,738;851,99;817,66;851,99
12738;20230101;2023;52;Nhập khẩu;Thế giới;Máy xử lý dữ liệu tự động (máy tính) và bộ phận;chiếc/đơn vị;426;426;4245;227000;215000;227000
12741;20230101;2023;52;Nhập khẩu;Trung Quốc;Máy xử lý dữ liệu tự động (máy tính) và bộ phận;chiếc/đơn vị;34,632;0;443;19749,998;0;19749,998
12743;20230101;2023;52;Nhập khẩu;Trung Quốc;Máy xử lý dữ liệu tự động (máy tính) và bộ phận;chiếc/đơn vị;447,22;0;4589;142395,545;0;142395,545
12747;20230101;2023;52;Nhập khẩu;Trung Quốc;Máy xử lý dữ liệu tự động (máy tính) và bộ phận;chiếc/đơn vị;4463,58;0;2988,75;2529740,25;2456089,36;2529740,25
12748;20230101;2023;52;Nhập khẩu;Thế giới;Máy xử lý dữ liệu tự động (máy tính) và bộ phận;chiếc/đơn vị;84716;84716;51145,9;27498400,77;0;27498400,77
12754;20230101;2023;52;Nhập khẩu;Đức;Máy xử lý dữ liệu tự động (máy tính) và bộ phận;chiếc/đơn vị;668;668;1047,497;126435,984;0;126435,984
12757;20230101;2023;52;Nhập khẩu;Ý;Máy xử lý dữ liệu tự động (máy tính) và bộ phận;chiếc/đơn vị;1331;1331;3006,86;502277,387;0;502277,387
12758;20230101;2023;52;Nhập khẩu;Hà Lan;Máy xử lý dữ liệu tự động (máy tính) và bộ phận;chiếc/đơn vị;7762;7762;3123,323;645848,234;0;645848,234
12760;20230101;2023;52;Nhập khẩu;Trung Quốc;Máy xử lý dữ liệu tự động (máy tính) và bộ phận;chiếc/đơn vị;62931;62931;36999,648;21991537,53;0;21991537,53
12761;20230101;2023;52;Nhập khẩu;Tây Ban Nha;Máy xử lý dữ liệu tự động (máy tính) và bộ phận;chiếc/đơn vị;11646;11646;6764,857;4152494,277;0;4152494,277
12764;20230101;2023;52;Nhập khẩu;Thế giới;Máy xử lý dữ liệu tự động (máy tính) và bộ phận;chiếc/đơn vị;54213;54213;41415,896;15660354,12;15029130,67;15660354,12
12767;20230101;2023;52;Nhập khẩu;Bulgaria;Máy xử lý dữ liệu tự động (máy tính) và bộ phận;chiếc/đơn vị;547;547;285,81;87786,65;84248,23;87786,65
12771;20230101;2023;52;Nhập khẩu;Đức;Máy xử lý dữ liệu tự động (máy tính) và bộ phận;chiếc/đơn vị;6627;6627;21806,134;1771310,75;1699914,35;1771310,75
12772;20230101;2023;52;Nhập khẩu;Hy Lạp;Máy xử lý dữ liệu tự động (máy tính) và bộ phận;chiếc/đơn vị;4469;4469;2927;790261,16;758408,04;790261,16
12774;20230101;2023;52;Nhập khẩu;Ý;Máy xử lý dữ liệu tự động (máy tính) và bộ phận;chiếc/đơn vị;881;881;360;125617,76;120554,47;125617,76
12776;20230101;2023;52;Nhập khẩu;Hà Lan;Máy xử lý dữ liệu tự động (máy tính) và bộ phận;chiếc/đơn vị;2091;2091;1303,184;283903,89;272460,56;283903,89
12778;20230101;2023;52;Nhập khẩu;Slovakia;Máy xử lý dữ liệu tự động (máy tính) và bộ phận;chiếc/đơn vị;35751;35751;11269,531;11769024,38;11294649,1;11769024,38
12780;20230101;2023;52;Nhập khẩu;Slovenia;Máy xử lý dữ liệu tự động (máy tính) và bộ phận;chiếc/đơn vị;317;317;172;44040,84;42265,68;44040,84
12859;20230101;2023;52;Nhập khẩu;Israel;Điện thoại (kể cả di động) và thiết bị truyền dữ liệu;chiếc/đơn vị;4118;4118;1190;218000;194000;218000
12864;20230101;2023;52;Nhập khẩu;Thế giới;Điện thoại (kể cả di động) và thiết bị truyền dữ liệu;chiếc/đơn vị;237645,524;0;51357,48;74276851,29;73087520,23;74276851,29
12867;20230101;2023;52;Nhập khẩu;Bỉ;Điện thoại (kể cả di động) và thiết bị truyền dữ liệu;chiếc/đơn vị;61,535;0;21,547;15418,891;0;15418,891
12870;20230101;2023;52;Nhập khẩu;Pháp;Điện thoại (kể cả di động) và thiết bị truyền dữ liệu;chiếc/đơn vị;101,212;0;60,208;41284,998;0;41284,998
12884;20230101;2023;52;Nhập khẩu;Bulgaria;Điện thoại (kể cả di động) và thiết bị truyền dữ liệu;chiếc/đơn vị;1761,249;0;309,056;511849,5;491218,34;511849,5
12889;20230101;2023;52;Nhập khẩu;Pháp;Điện thoại (kể cả di động) và thiết bị truyền dữ liệu;chiếc/đơn vị;699,801;0;645,187;302296,24;290111,55;302296,24
12891;20230101;2023;52;Nhập khẩu;Hy Lạp;Điện thoại (kể cả di động) và thiết bị truyền dữ liệu;chiếc/đơn vị;560;560;101;235433,66;225944,01;235433,66
12900;20230101;2023;52;Nhập khẩu;Slovenia;Điện thoại (kể cả di động) và thiết bị truyền dữ liệu;chiếc/đơn vị;913;913;179;441790,67;423983,36;441790,67
12901;20230101;2023;52;Nhập khẩu;Tây Ban Nha;Điện thoại (kể cả di động) và thiết bị truyền dữ liệu;chiếc/đơn vị;55,442;0;26,157;25430,98;24405,95;25430,98
12905;20230101;2023;52;Nhập khẩu;Trung Quốc;Thiết bị phát sóng vô tuyến/truyền hình, camera;chiếc/đơn vị;4437,253;0;36530;2083717,962;0;2083717,962
12906;20230101;2023;52;Nhập khẩu;Thế giới;Thiết bị phát sóng vô tuyến/truyền hình, camera;chiếc/đơn vị;5216;5216;701,595;188850,052;0;188850,052
12911;20230101;2023;52;Nhập khẩu;Hà Lan;Thiết bị phát sóng vô tuyến/truyền hình, camera;chiếc/đơn vị;4672;4672;313,501;85389,945;0;85389,945
12916;20230101;2023;52;Nhập khẩu;Thế giới;Thiết bị phát sóng vô tuyến/truyền hình, camera;chiếc/đơn vị;3799;3799;1640,86;510793,81;490205,23;510793,81
12921;20230101;2023;52;Nhập khẩu;Đức;Thiết bị phát sóng vô tuyến/truyền hình, camera;chiếc/đơn vị;394;394;249,944;243549,57;233732,79;243549,57
12925;20230101;2023;52;Nhập khẩu;Hà Lan;Thiết bị phát sóng vô tuyến/truyền hình, camera;chiếc/đơn vị;1639;1639;1009,092;155810,46;149530,22;155810,46
12927;20230101;2023;52;Nhập khẩu;Slovakia;Thiết bị phát sóng vô tuyến/truyền hình, camera;chiếc/đơn vị;699;699;67,774;8098,53;7772,11;8098,53
12928;20230101;2023;52;Nhập khẩu;Trung Quốc;Thiết bị phát sóng vô tuyến/truyền hình, camera;chiếc/đơn vị;633;633;57,7;21245,71;20389,35;21245,71
12935;20230101;2023;52;Nhập khẩu;Trung Quốc;Màn hình, máy chiếu, thiết bị thu truyền hình;chiếc/đơn vị;140,925;0;609;56059,919;0;56059,919
12936;20230101;2023;52;Nhập khẩu;Thế giới;Màn hình, máy chiếu, thiết bị thu truyền hình;chiếc/đơn vị;11272,457;0;147041,9;3743787,64;3458638,25;3743787,64
12937;20230101;2023;52;Nhập khẩu;Trung Quốc;Màn hình, máy chiếu, thiết bị thu truyền hình;chiếc/đơn vị;34,385;0;120;1934,64;1875;1934,64
12938;20230101;2023;52;Nhập khẩu;Trung Quốc;Màn hình, máy chiếu, thiết bị thu truyền hình;chiếc/đơn vị;11238,072;0;146921,9;3741853;3456763,25;3741853
12939;20230101;2023;52;Nhập khẩu;Thế giới;Màn hình, máy chiếu, thiết bị thu truyền hình;chiếc/đơn vị;22203,78;0;184368;7536077,894;0;7536077,894
12943;20230101;2023;52;Nhập khẩu;Hà Lan;Màn hình, máy chiếu, thiết bị thu truyền hình;chiếc/đơn vị;19578;19578;144407;5947853,238;0;5947853,238
12947;20230101;2023;52;Nhập khẩu;Tây Ban Nha;Màn hình, máy chiếu, thiết bị thu truyền hình;chiếc/đơn vị;2382;2382;34545;1457623,626;0;1457623,626
12948;20230101;2023;52;Nhập khẩu;Vương quốc Anh;Màn hình, máy chiếu, thiết bị thu truyền hình;chiếc/đơn vị;0,331;0;1;96,233;0;96,233
12949;20230101;2023;52;Nhập khẩu;Hoa Kỳ;Màn hình, máy chiếu, thiết bị thu truyền hình;chiếc/đơn vị;0,449;0;2;73,526;0;73,526
12950;20230101;2023;52;Nhập khẩu;Thế giới;Màn hình, máy chiếu, thiết bị thu truyền hình;chiếc/đơn vị;44339;44339;426573,3;14377532,33;13798015,66;14377532,33
12959;20230101;2023;52;Nhập khẩu;Hà Lan;Màn hình, máy chiếu, thiết bị thu truyền hình;chiếc/đơn vị;15840;15840;16632;1220600,46;1171401,6;1220600,46
12961;20230101;2023;52;Nhập khẩu;Slovakia;Màn hình, máy chiếu, thiết bị thu truyền hình;chiếc/đơn vị;28260;28260;406994;12976231,97;12453197,66;12976231,97
12972;20230101;2023;52;Nhập khẩu;Hungary;Mạch tích hợp điện tử;chiếc/đơn vị;176,531;0;3;1645,691;0;1645,691
12992;20230101;2023;52;Nhập khẩu;Ba Lan;Mạch tích hợp điện tử;chiếc/đơn vị;3514,579;0;14,8;10131,35;9723,01;10131,35
12993;20230101;2023;52;Nhập khẩu;Slovakia;Mạch tích hợp điện tử;chiếc/đơn vị;5,763;0;0,071;38,27;36,72;38,27
13004;20230101;2023;52;Xuất khẩu;Ý;Máy in, máy photocopy, máy fax và phụ tùng;kg;1210;1210;1210;0;237728,8;237728,8
13013;20230101;2023;52;Xuất khẩu;Serbia;Máy in, máy photocopy, máy fax và phụ tùng;kg;50,83;50,83;50,83;0;8624,54;8624,54
13016;20230101;2023;52;Xuất khẩu;Thế giới;Máy xử lý dữ liệu tự động (máy tính) và bộ phận;chiếc/đơn vị;1310,01;0;7740;0;1030859,171;1030859,171
13018;20230101;2023;52;Xuất khẩu;Thế giới;Máy xử lý dữ liệu tự động (máy tính) và bộ phận;chiếc/đơn vị;588;588;489,823;0;138007,72;138007,72
13023;20230101;2023;52;Xuất khẩu;Tây Ban Nha;Máy xử lý dữ liệu tự động (máy tính) và bộ phận;chiếc/đơn vị;445;445;206,905;0;111125,22;111125,22
13024;20230101;2023;52;Xuất khẩu;Thế giới;Máy xử lý dữ liệu tự động (máy tính) và bộ phận;chiếc/đơn vị;5990;5990;6094,76;0;765561,06;765561,06
13032;20230101;2023;52;Xuất khẩu;Estonia;Máy xử lý dữ liệu tự động (máy tính) và bộ phận;chiếc/đơn vị;241;241;122;0;39105,34;39105,34
13033;20230101;2023;52;Xuất khẩu;Pháp;Máy xử lý dữ liệu tự động (máy tính) và bộ phận;chiếc/đơn vị;598;598;279,397;0;93667,65;93667,65
13037;20230101;2023;52;Xuất khẩu;Hungary;Máy xử lý dữ liệu tự động (máy tính) và bộ phận;chiếc/đơn vị;155;155;98;0;24532,21;24532,21
13040;20230101;2023;52;Xuất khẩu;Litva;Máy xử lý dữ liệu tự động (máy tính) và bộ phận;chiếc/đơn vị;488;488;268;0;76140,31;76140,31
13044;20230101;2023;52;Xuất khẩu;Hà Lan;Máy xử lý dữ liệu tự động (máy tính) và bộ phận;chiếc/đơn vị;161;161;78,909;0;25996,92;25996,92
13046;20230101;2023;52;Xuất khẩu;Ba Lan;Máy xử lý dữ liệu tự động (máy tính) và bộ phận;chiếc/đơn vị;236;236;131,043;0;41318,05;41318,05
13052;20230101;2023;52;Xuất khẩu;Các Tiểu vương quốc Ả Rập Thống nhất;Máy xử lý dữ liệu tự động (máy tính) và bộ phận;chiếc/đơn vị;1664;1664;3296,1;0;114052,31;114052,31
13139;20230101;2023;52;Xuất khẩu;Ý;Điện thoại (kể cả di động) và thiết bị truyền dữ liệu;chiếc/đơn vị;160,8;0;37,977;0;38635,89;38635,89
13142;20230101;2023;52;Xuất khẩu;Slovakia;Điện thoại (kể cả di động) và thiết bị truyền dữ liệu;kg;0,214;0;0,214;0;31,357;31,357
13143;20230101;2023;52;Xuất khẩu;Tây Ban Nha;Điện thoại (kể cả di động) và thiết bị truyền dữ liệu;chiếc/đơn vị;2480,519;0;962,701;0;611475,786;611475,786
13154;20230101;2023;52;Xuất khẩu;Estonia;Điện thoại (kể cả di động) và thiết bị truyền dữ liệu;chiếc/đơn vị;117,346;0;54;0;40896,86;40896,86
13165;20230101;2023;52;Xuất khẩu;Litva;Điện thoại (kể cả di động) và thiết bị truyền dữ liệu;chiếc/đơn vị;403;403;130;0;144731,27;144731,27
13168;20230101;2023;52;Xuất khẩu;Moldova;Điện thoại (kể cả di động) và thiết bị truyền dữ liệu;chiếc/đơn vị;7691,846;0;1339,28;0;276640,89;276640,89
13171;20230101;2023;52;Xuất khẩu;Na Uy;Điện thoại (kể cả di động) và thiết bị truyền dữ liệu;chiếc/đơn vị;40,819;0;13;0;26955,36;26955,36
13176;20230101;2023;52;Xuất khẩu;Trung Quốc;Điện thoại (kể cả di động) và thiết bị truyền dữ liệu;chiếc/đơn vị;4,317;0;1,27;0;2390;2390
13191;20230101;2023;52;Xuất khẩu;Thế giới;Thiết bị phát sóng vô tuyến/truyền hình, camera;chiếc/đơn vị;467;467;2039,689;0;234932,72;234932,72
13195;20230101;2023;52;Xuất khẩu;Slovakia;Thiết bị phát sóng vô tuyến/truyền hình, camera;chiếc/đơn vị;97;97;1,089;0;1045,1;1045,1
13197;20230101;2023;52;Xuất khẩu;Thế giới;Màn hình, máy chiếu, thiết bị thu truyền hình;chiếc/đơn vị;1172,443;0;7289;0;380757,717;380757,717
13199;20230101;2023;52;Xuất khẩu;Thế giới;Màn hình, máy chiếu, thiết bị thu truyền hình;chiếc/đơn vị;1362;1362;19827;0;947893,054;947893,054
13201;20230101;2023;52;Xuất khẩu;Tây Ban Nha;Màn hình, máy chiếu, thiết bị thu truyền hình;chiếc/đơn vị;1293;1293;19092;0;930390,559;930390,559
13202;20230101;2023;52;Xuất khẩu;Thế giới;Màn hình, máy chiếu, thiết bị thu truyền hình;chiếc/đơn vị;1711;1711;9318,158;0;394267;394267
13207;20230101;2023;52;Xuất khẩu;Hy Lạp;Màn hình, máy chiếu, thiết bị thu truyền hình;chiếc/đơn vị;266;266;670;0;43434,76;43434,76
13210;20230101;2023;52;Xuất khẩu;Ba Lan;Màn hình, máy chiếu, thiết bị thu truyền hình;chiếc/đơn vị;510;510;2140;0;67366,13;67366,13
13225;20230101;2023;52;Xuất khẩu;Ba Lan;Mạch tích hợp điện tử;chiếc/đơn vị;61,53;0;2,74;0;352,43;352,43
13235;20230101;2023;52;Nhập khẩu;Israel;Máy in, máy photocopy, máy fax và phụ tùng;kg;589,273;0;589,273;164438,008;0;164438,008
13237;20230101;2023;52;Nhập khẩu;Hà Lan;Máy in, máy photocopy, máy fax và phụ tùng;kg;644;644;644;666,457;0;666,457
13238;20230101;2023;52;Nhập khẩu;Ấn Độ;Máy in, máy photocopy, máy fax và phụ tùng;kg;9,653;0;9,653;567,305;0;567,305
13240;20230101;2023;52;Nhập khẩu;Vương quốc Anh;Máy in, máy photocopy, máy fax và phụ tùng;kg;42,348;0;42,348;3264,706;0;3264,706
13243;20230101;2023;52;Nhập khẩu;Thế giới;Máy xử lý dữ liệu tự động (máy tính) và bộ phận;chiếc/đơn vị;1171;1171;367,37;114345;113382;114345
13244;20230101;2023;52;Nhập khẩu;Trung Quốc;Máy xử lý dữ liệu tự động (máy tính) và bộ phận;chiếc/đơn vị;423;423;185;69669;68832;69669
13245;20230101;2023;52;Nhập khẩu;Trung Quốc;Máy xử lý dữ liệu tự động (máy tính) và bộ phận;chiếc/đơn vị;748;748;182,37;44676;44550;44676
13246;20230101;2023;52;Nhập khẩu;Thế giới;Máy xử lý dữ liệu tự động (máy tính) và bộ phận;chiếc/đơn vị;455194;455194;582351,956;144528435,7;0;144528435,7
13247;20230101;2023;52;Nhập khẩu;Trung Quốc;Máy xử lý dữ liệu tự động (máy tính) và bộ phận;chiếc/đơn vị;3637;3637;4885,633;1528532,172;0;1528532,172
13253;20230101;2023;52;Nhập khẩu;Trung Quốc;Máy xử lý dữ liệu tự động (máy tính) và bộ phận;chiếc/đơn vị;428252;428252;572031,462;140868145,3;0;140868145,3
13254;20230101;2023;52;Nhập khẩu;Thái Lan;Máy xử lý dữ liệu tự động (máy tính) và bộ phận;chiếc/đơn vị;23249;23249;5226,946;2100532,853;0;2100532,853
13255;20230101;2023;52;Nhập khẩu;Thế giới;Máy xử lý dữ liệu tự động (máy tính) và bộ phận;chiếc/đơn vị;307791;307791;440255,687;20846643,82;20357043,23;20846643,82
13257;20230101;2023;52;Nhập khẩu;Trung Quốc;Máy xử lý dữ liệu tự động (máy tính) và bộ phận;chiếc/đơn vị;307084;307084;437540,012;20799818,4;20318400,85;20799818,4
13309;20230101;2023;52;Nhập khẩu;Trung Quốc;Điện thoại (kể cả di động) và thiết bị truyền dữ liệu;chiếc/đơn vị;1934;1934;408;96289;95712;96289
13329;20230101;2023;52;Nhập khẩu;Hàn Quốc;Điện thoại (kể cả di động) và thiết bị truyền dữ liệu;kg;8683;8683;8683;3400061,07;3271233,32;3400061,07
13334;20230101;2023;52;Nhập khẩu;Thế giới;Thiết bị phát sóng vô tuyến/truyền hình, camera;chiếc/đơn vị;124326086;124326086;0;606098189,9;0;606098189,9
13339;20230101;2023;52;Nhập khẩu;Trung Quốc;Thiết bị phát sóng vô tuyến/truyền hình, camera;chiếc/đơn vị;124326000;124326000;0;606064717,3;0;606064717,3
13340;20230101;2023;52;Nhập khẩu;Thế giới;Thiết bị phát sóng vô tuyến/truyền hình, camera;chiếc/đơn vị;14112;14112;416,097;291391,08;281216,343;291391,08
13343;20230101;2023;52;Nhập khẩu;Trung Quốc;Thiết bị phát sóng vô tuyến/truyền hình, camera;chiếc/đơn vị;14092;14092;415,619;291347,83;281178,498;291347,83
13348;20230101;2023;52;Nhập khẩu;Thế giới;Màn hình, máy chiếu, thiết bị thu truyền hình;chiếc/đơn vị;3518663;3518663;0;162601203,1;0;162601203,1
13351;20230101;2023;52;Nhập khẩu;Hàn Quốc;Màn hình, máy chiếu, thiết bị thu truyền hình;chiếc/đơn vị;27216;27216;0;2081086,056;0;2081086,056
13352;20230101;2023;52;Nhập khẩu;Trung Quốc;Màn hình, máy chiếu, thiết bị thu truyền hình;chiếc/đơn vị;3491385;3491385;2730848,811;160500735,7;0;160500735,7
13354;20230101;2023;52;Nhập khẩu;Thế giới;Màn hình, máy chiếu, thiết bị thu truyền hình;chiếc/đơn vị;904269;904269;6270817,629;217231593,1;217090641,1;217231593,1
13357;20230101;2023;52;Nhập khẩu;Trung Quốc;Màn hình, máy chiếu, thiết bị thu truyền hình;chiếc/đơn vị;904091;904091;6270739;217224637,3;217083842;217224637,3
13361;20230101;2023;52;Nhập khẩu;Trung Quốc;Mạch tích hợp điện tử;chiếc/đơn vị;484788;484788;144,179;261868,237;0;261868,237
13363;20230101;2023;52;Nhập khẩu;Nhật Bản;Mạch tích hợp điện tử;chiếc/đơn vị;657000;657000;28,904;55579,662;0;55579,662
13366;20230101;2023;52;Nhập khẩu;Châu Á khác (chưa xác định);Mạch tích hợp điện tử;chiếc/đơn vị;181065;181065;57,089;103663,713;0;103663,713
13367;20230101;2023;52;Nhập khẩu;Philippines;Mạch tích hợp điện tử;chiếc/đơn vị;42000;42000;0,626;1136,33;0;1136,33
13368;20230101;2023;52;Nhập khẩu;Singapore;Mạch tích hợp điện tử;chiếc/đơn vị;70000;70000;7,082;13142,673;0;13142,673
13370;20230101;2023;52;Nhập khẩu;Thái Lan;Mạch tích hợp điện tử;chiếc/đơn vị;14000;14000;7,472;13599,544;0;13599,544
13374;20230101;2023;52;Nhập khẩu;Malaysia;Mạch tích hợp điện tử;kg;1,847;0;1,847;145,971;112,452;145,971
13385;20230101;2023;52;Nhập khẩu (hàng nước ngoài);Thế giới;Máy xử lý dữ liệu tự động (máy tính) và bộ phận;chiếc/đơn vị;238101;238101;147299,5;87279823,42;0;87279823,42
13386;20230101;2023;52;Nhập khẩu (hàng nước ngoài);Trung Quốc;Máy xử lý dữ liệu tự động (máy tính) và bộ phận;chiếc/đơn vị;5840;5840;4759,95;2452551,725;0;2452551,725
13387;20230101;2023;52;Nhập khẩu (hàng nước ngoài);Hàn Quốc;Máy xử lý dữ liệu tự động (máy tính) và bộ phận;chiếc/đơn vị;2550;2550;1343;818678,211;0;818678,211
13389;20230101;2023;52;Nhập khẩu (hàng nước ngoài);Trung Quốc;Máy xử lý dữ liệu tự động (máy tính) và bộ phận;chiếc/đơn vị;229706;229706;141193,05;84005614,75;0;84005614,75
13405;20230101;2023;52;Nhập khẩu (hàng nước ngoài);Brunei;Điện thoại (kể cả di động) và thiết bị truyền dữ liệu;chiếc/đơn vị;1430,436;0;418;454575,492;0;454575,492
13406;20230101;2023;52;Nhập khẩu (hàng nước ngoài);Trung Quốc;Điện thoại (kể cả di động) và thiết bị truyền dữ liệu;chiếc/đơn vị;69749,964;0;19420;22558390,35;0;22558390,35
13408;20230101;2023;52;Nhập khẩu (hàng nước ngoài);Hàn Quốc;Điện thoại (kể cả di động) và thiết bị truyền dữ liệu;chiếc/đơn vị;3736,172;0;340;1187310,796;0;1187310,796
13409;20230101;2023;52;Nhập khẩu (hàng nước ngoài);Châu Âu khác (chưa xác định);Điện thoại (kể cả di động) và thiết bị truyền dữ liệu;chiếc/đơn vị;216,847;0;313;40514,584;0;40514,584
13410;20230101;2023;52;Nhập khẩu (hàng nước ngoài);Ấn Độ;Điện thoại (kể cả di động) và thiết bị truyền dữ liệu;chiếc/đơn vị;1118,911;0;513;355576,699;0;355576,699
13417;20230101;2023;52;Nhập khẩu (hàng nước ngoài);Thế giới;Màn hình, máy chiếu, thiết bị thu truyền hình;chiếc/đơn vị;27937;27937;50144,5;6913505,232;0;6913505,232
13421;20230101;2023;52;Nhập khẩu (hàng nước ngoài);Trung Quốc;Màn hình, máy chiếu, thiết bị thu truyền hình;chiếc/đơn vị;25546;25546;45720,5;6340041,93;0;6340041,93
13473;20230101;2023;52;Xuất khẩu trong nước;Sri Lanka;Máy in, máy photocopy, máy fax và phụ tùng;kg;10,44;0;10,44;0;269,307;269,307
13479;20230101;2023;52;Xuất khẩu trong nước;Ý;Máy in, máy photocopy, máy fax và phụ tùng;chiếc/đơn vị;1,013;0;18;0;400;400
13499;20230101;2023;52;Xuất khẩu trong nước;Trung Quốc;Máy xử lý dữ liệu tự động (máy tính) và bộ phận;chiếc/đơn vị;33,185;0;278;0;14813,019;14813,019
13502;20230101;2023;52;Xuất khẩu trong nước;Hồng Kông (Trung Quốc);Máy xử lý dữ liệu tự động (máy tính) và bộ phận;chiếc/đơn vị;60,168;0;247;0;46890,506;46890,506
13589;20230101;2023;52;Xuất khẩu trong nước;Đức;Điện thoại (kể cả di động) và thiết bị truyền dữ liệu;chiếc/đơn vị;0,149;0;1;0;44,148;44,148
13590;20230101;2023;52;Xuất khẩu trong nước;Hồng Kông (Trung Quốc);Điện thoại (kể cả di động) và thiết bị truyền dữ liệu;chiếc/đơn vị;330,455;0;295;0;67208,588;67208,588
13593;20230101;2023;52;Xuất khẩu trong nước;Singapore;Điện thoại (kể cả di động) và thiết bị truyền dữ liệu;chiếc/đơn vị;33,654;0;23;0;6170,456;6170,456
13603;20230101;2023;52;Xuất khẩu trong nước;Úc;Màn hình, máy chiếu, thiết bị thu truyền hình;chiếc/đơn vị;0,039;0;1;0;14,993;14,993
13605;20230101;2023;52;Xuất khẩu trong nước;Trung Quốc;Màn hình, máy chiếu, thiết bị thu truyền hình;chiếc/đơn vị;1,214;0;68;0;464,593;464,593
13606;20230101;2023;52;Xuất khẩu trong nước;Pháp;Màn hình, máy chiếu, thiết bị thu truyền hình;chiếc/đơn vị;0,004;0;2;0;1,433;1,433
13607;20230101;2023;52;Xuất khẩu trong nước;Hồng Kông (Trung Quốc);Màn hình, máy chiếu, thiết bị thu truyền hình;chiếc/đơn vị;48,676;0;59;0;2195,407;2195,407
13609;20230101;2023;52;Xuất khẩu trong nước;Trung Quốc;Màn hình, máy chiếu, thiết bị thu truyền hình;chiếc/đơn vị;63496,937;0;857089;0;22956936,6;22956936,6
13626;20230101;2023;52;Xuất khẩu trong nước;Nhật Bản;Mạch tích hợp điện tử;kg;867;867;867;0;54850,539;54850,539
13661;20230101;2023;52;Nhập khẩu (hàng nước ngoài);Singapore;Máy in, máy photocopy, máy fax và phụ tùng;kg;2660;2660;2660;103345,215;0;103345,215
13673;20230101;2023;52;Nhập khẩu (hàng nước ngoài);Nhật Bản;Máy xử lý dữ liệu tự động (máy tính) và bộ phận;chiếc/đơn vị;7,352;0;43;2913,369;0;2913,369
13682;20230101;2023;52;Nhập khẩu (hàng nước ngoài);Trung Quốc;Máy xử lý dữ liệu tự động (máy tính) và bộ phận;chiếc/đơn vị;151530,443;0;139242;64416539,05;0;64416539,05
13740;20230101;2023;52;Nhập khẩu (hàng nước ngoài);Philippines;Điện thoại (kể cả di động) và thiết bị truyền dữ liệu;kg;0,187;0;0,187;139,106;0;139,106
13766;20230101;2023;52;Nhập khẩu (hàng nước ngoài);Trung Quốc;Màn hình, máy chiếu, thiết bị thu truyền hình;chiếc/đơn vị;706509,997;0;10226338;230717756,7;0;230717756,7
13771;20230101;2023;52;Nhập khẩu (hàng nước ngoài);Trung Quốc;Mạch tích hợp điện tử;chiếc/đơn vị;969684;969684;612;1802823,75;0;1802823,75
13772;20230101;2023;52;Nhập khẩu (hàng nước ngoài);Nhật Bản;Mạch tích hợp điện tử;chiếc/đơn vị;313761;313761;172;141267,875;0;141267,875
13773;20230101;2023;52;Nhập khẩu (hàng nước ngoài);Hàn Quốc;Mạch tích hợp điện tử;chiếc/đơn vị;184117;184117;187;3335944,315;0;3335944,315
13774;20230101;2023;52;Nhập khẩu (hàng nước ngoài);Malaysia;Mạch tích hợp điện tử;chiếc/đơn vị;274827;274827;76;75534,465;0;75534,465
13777;20230101;2023;52;Nhập khẩu (hàng nước ngoài);Na Uy;Mạch tích hợp điện tử;chiếc/đơn vị;11848;11848;6;2690,292;0;2690,292
13779;20230101;2023;52;Nhập khẩu (hàng nước ngoài);Singapore;Mạch tích hợp điện tử;chiếc/đơn vị;75003;75003;74;411692,504;0;411692,504
13799;20230101;2023;52;Nhập khẩu;Thế giới;Máy xử lý dữ liệu tự động (máy tính) và bộ phận;chiếc/đơn vị;162614;162614;116523,227;63499785,92;0;63499785,92
13801;20230101;2023;52;Nhập khẩu;Trung Quốc;Máy xử lý dữ liệu tự động (máy tính) và bộ phận;chiếc/đơn vị;162501;162501;116444,503;63473113,37;0;63473113,37
13885;20230101;2023;52;Nhập khẩu;Malaysia;Điện thoại (kể cả di động) và thiết bị truyền dữ liệu;kg;23,832;0;23,832;5089,461;0;5089,461
13909;20230101;2023;52;Nhập khẩu;Thế giới;Thiết bị phát sóng vô tuyến/truyền hình, camera;chiếc/đơn vị;33629;33629;0;7111578,668;0;7111578,668
13910;20230101;2023;52;Nhập khẩu;Trung Quốc;Thiết bị phát sóng vô tuyến/truyền hình, camera;chiếc/đơn vị;33623;33623;14090,912;7111484,419;0;7111484,419
13957;20230101;2023;52;Nhập khẩu;Thái Lan;Mạch tích hợp điện tử;chiếc/đơn vị;295483;295483;396;180959,556;0;180959,556
14098;20230101;2023;52;Xuất khẩu;Trung Quốc;Màn hình, máy chiếu, thiết bị thu truyền hình;chiếc/đơn vị;63497,535;0;857104;0;22957270,72;22957270,72
14142;20230101;2023;52;Xuất khẩu trong nước;Thế giới;Máy xử lý dữ liệu tự động (máy tính) và bộ phận;chiếc/đơn vị;11033;11033;18920;0;4989414,356;4989414,356
14148;20230101;2023;52;Xuất khẩu trong nước;Thế giới;Thiết bị phát sóng vô tuyến/truyền hình, camera;chiếc/đơn vị;391;391;4302;0;3558736,508;3558736,508
14156;20230101;2023;52;Nhập khẩu (hàng nước ngoài);Nhật Bản;Máy in, máy photocopy, máy fax và phụ tùng;kg;196,289;0;196,289;11600,433;0;11600,433
14157;20230101;2023;52;Nhập khẩu (hàng nước ngoài);Philippines;Máy in, máy photocopy, máy fax và phụ tùng;chiếc/đơn vị;819;819;11519;108156,36;0;108156,36
14161;20230101;2023;52;Nhập khẩu (hàng nước ngoài);Thế giới;Máy xử lý dữ liệu tự động (máy tính) và bộ phận;chiếc/đơn vị;757928;757928;529551;221381599,1;0;221381599,1
14162;20230101;2023;52;Nhập khẩu (hàng nước ngoài);Trung Quốc;Máy xử lý dữ liệu tự động (máy tính) và bộ phận;chiếc/đơn vị;201575;201575;93661;26046842,08;0;26046842,08
14165;20230101;2023;52;Nhập khẩu (hàng nước ngoài);Trung Quốc;Máy xử lý dữ liệu tự động (máy tính) và bộ phận;chiếc/đơn vị;556004;556004;435669;195194226,9;0;195194226,9
14202;20230101;2023;52;Nhập khẩu (hàng nước ngoài);Ấn Độ;Điện thoại (kể cả di động) và thiết bị truyền dữ liệu;chiếc/đơn vị;27345,219;0;9216;16184420,42;0;16184420,42
14209;20230101;2023;52;Nhập khẩu (hàng nước ngoài);Thế giới;Thiết bị phát sóng vô tuyến/truyền hình, camera;chiếc/đơn vị;853535;853535;631107;49331551,76;0;49331551,76
14210;20230101;2023;52;Nhập khẩu (hàng nước ngoài);Trung Quốc;Thiết bị phát sóng vô tuyến/truyền hình, camera;chiếc/đơn vị;135298;135298;59943;1747154,772;0;1747154,772
14212;20230101;2023;52;Nhập khẩu (hàng nước ngoài);Hàn Quốc;Thiết bị phát sóng vô tuyến/truyền hình, camera;chiếc/đơn vị;151;151;508;245036,004;0;245036,004
14214;20230101;2023;52;Nhập khẩu (hàng nước ngoài);Trung Quốc;Thiết bị phát sóng vô tuyến/truyền hình, camera;chiếc/đơn vị;718075;718075;570432;47077489,25;0;47077489,25
14216;20230101;2023;52;Nhập khẩu (hàng nước ngoài);Thế giới;Màn hình, máy chiếu, thiết bị thu truyền hình;chiếc/đơn vị;121772;121772;191229;15396422,48;0;15396422,48
14217;20230101;2023;52;Nhập khẩu (hàng nước ngoài);Trung Quốc;Màn hình, máy chiếu, thiết bị thu truyền hình;chiếc/đơn vị;20310;20310;22692;1584741,248;0;1584741,248
14218;20230101;2023;52;Nhập khẩu (hàng nước ngoài);Philippines;Màn hình, máy chiếu, thiết bị thu truyền hình;chiếc/đơn vị;11760;11760;9030;851324,889;0;851324,889
14219;20230101;2023;52;Nhập khẩu (hàng nước ngoài);Trung Quốc;Màn hình, máy chiếu, thiết bị thu truyền hình;chiếc/đơn vị;89701;89701;159503;12955347,27;0;12955347,27
14225;20230101;2023;52;Nhập khẩu (hàng nước ngoài);Vương quốc Anh;Mạch tích hợp điện tử;chiếc/đơn vị;9526,952;0;5;9353,183;0;9353,183
14237;20230101;2023;52;Nhập khẩu;Thế giới;Máy xử lý dữ liệu tự động (máy tính) và bộ phận;chiếc/đơn vị;291429;291429;191331;93756937;87958013;93756937
14238;20230101;2023;52;Nhập khẩu;Trung Quốc;Máy xử lý dữ liệu tự động (máy tính) và bộ phận;chiếc/đơn vị;2712;2712;2648;1185503;1118834;1185503
14241;20230101;2023;52;Nhập khẩu;Trung Quốc;Máy xử lý dữ liệu tự động (máy tính) và bộ phận;chiếc/đơn vị;288619;288619;188666;92550241;86819612;92550241
14299;20230101;2023;52;Nhập khẩu;Hàn Quốc;Điện thoại (kể cả di động) và thiết bị truyền dữ liệu;kg;214;214;214;61161;59795;61161
14319;20230101;2023;52;Nhập khẩu;Thế giới;Thiết bị phát sóng vô tuyến/truyền hình, camera;chiếc/đơn vị;4708693;4708693;11455;14523767;14407874;14523767
14320;20230101;2023;52;Nhập khẩu;Trung Quốc;Thiết bị phát sóng vô tuyến/truyền hình, camera;chiếc/đơn vị;1519;1519;50;15086;14621;15086
14322;20230101;2023;52;Nhập khẩu;Hàn Quốc;Thiết bị phát sóng vô tuyến/truyền hình, camera;chiếc/đơn vị;24835;24835;87;86342;85629;86342
14324;20230101;2023;52;Nhập khẩu;Trung Quốc;Thiết bị phát sóng vô tuyến/truyền hình, camera;chiếc/đơn vị;4682162;4682162;11283;14420507;14305995;14420507
14332;20230101;2023;52;Nhập khẩu;Thế giới;Màn hình, máy chiếu, thiết bị thu truyền hình;chiếc/đơn vị;91711;91711;727664;23376372;22071964;23376372
14353;20230101;2023;52;Xuất khẩu;Thế giới;Máy xử lý dữ liệu tự động (máy tính) và bộ phận;chiếc/đơn vị;3688;3688;2877;0;214218;214218
14365;20230101;2023;52;Xuất khẩu;Thế giới;Thiết bị phát sóng vô tuyến/truyền hình, camera;chiếc/đơn vị;34871;34871;141;0;189499;189499
14367;20230101;2023;52;Xuất khẩu;Thế giới;Thiết bị phát sóng vô tuyến/truyền hình, camera;chiếc/đơn vị;397;397;4387;0;3778676,15;3778676,15
14369;20230101;2023;52;Xuất khẩu;Thế giới;Màn hình, máy chiếu, thiết bị thu truyền hình;chiếc/đơn vị;858;858;33319;0;358429;358429
14379;20240101;2024;52;Nhập khẩu (hàng nước ngoài);Thế giới;Máy xử lý dữ liệu tự động (máy tính) và bộ phận;chiếc/đơn vị;104276;104276;53335,21;39636786,04;0;39636786,04
14383;20240101;2024;52;Nhập khẩu (hàng nước ngoài);Thế giới;Điện thoại (kể cả di động) và thiết bị truyền dữ liệu;Cái;0;2160466;619194,883;683153375,7;0;683153375,7
14385;20240101;2024;52;Nhập khẩu (hàng nước ngoài);Thế giới;Thiết bị phát sóng vô tuyến/truyền hình, camera;chiếc/đơn vị;635;635;752,78;149052,88;0;149052,88
14387;20240101;2024;52;Nhập khẩu (hàng nước ngoài);Thế giới;Màn hình, máy chiếu, thiết bị thu truyền hình;chiếc/đơn vị;197568;197568;1217725,69;49279955,63;0;49279955,63
14397;20240101;2024;52;Nhập khẩu;Thế giới;Máy xử lý dữ liệu tự động (máy tính) và bộ phận;chiếc/đơn vị;123727;123727;11669,66;3708730,15;3565626,25;3708730,15
14398;20240101;2024;52;Nhập khẩu;Trung Quốc;Máy xử lý dữ liệu tự động (máy tính) và bộ phận;chiếc/đơn vị;219;219;166,09;15268,89;12816,62;15268,89
14399;20240101;2024;52;Nhập khẩu;Nhật Bản;Máy xử lý dữ liệu tự động (máy tính) và bộ phận;chiếc/đơn vị;40866;40866;1302,78;466503,2;461975,52;466503,2
14403;20240101;2024;52;Nhập khẩu;Trung Quốc;Máy xử lý dữ liệu tự động (máy tính) và bộ phận;chiếc/đơn vị;74223;74223;9379,41;3104257,82;2982775,44;3104257,82
14404;20240101;2024;52;Nhập khẩu;Thái Lan;Máy xử lý dữ liệu tự động (máy tính) và bộ phận;chiếc/đơn vị;1577;1577;754,26;86371,75;73272,5;86371,75
14439;20240101;2024;52;Nhập khẩu;Thế giới;Điện thoại (kể cả di động) và thiết bị truyền dữ liệu;chiếc/đơn vị;16713;16713;15663,85;8383581,07;0;8383581,07
14450;20240101;2024;52;Nhập khẩu;Hoa Kỳ;Điện thoại (kể cả di động) và thiết bị truyền dữ liệu;kg;0,51;0,51;0,51;345,01;326,79;345,01
14454;20240101;2024;52;Nhập khẩu;Thế giới;Thiết bị phát sóng vô tuyến/truyền hình, camera;chiếc/đơn vị;354159;354159;20005,13;3018177,87;2918890,02;3018177,87
14455;20240101;2024;52;Nhập khẩu;Trung Quốc;Thiết bị phát sóng vô tuyến/truyền hình, camera;chiếc/đơn vị;143406;143406;426,67;244588,96;238307,41;244588,96
14456;20240101;2024;52;Nhập khẩu;Hàn Quốc;Thiết bị phát sóng vô tuyến/truyền hình, camera;chiếc/đơn vị;11371;11371;73,88;85300,1;84194,61;85300,1
14457;20240101;2024;52;Nhập khẩu;Trung Quốc;Thiết bị phát sóng vô tuyến/truyền hình, camera;chiếc/đơn vị;199382;199382;19504,58;2688288,81;2596388;2688288,81
14460;20240101;2024;52;Nhập khẩu;Thế giới;Màn hình, máy chiếu, thiết bị thu truyền hình;chiếc/đơn vị;9365;9365;82465,7;3005147,95;0;3005147,95
14462;20240101;2024;52;Nhập khẩu;Thế giới;Màn hình, máy chiếu, thiết bị thu truyền hình;chiếc/đơn vị;427741;427741;285990,439;13744293,53;13339820,11;13744293,53
14463;20240101;2024;52;Nhập khẩu;Trung Quốc;Màn hình, máy chiếu, thiết bị thu truyền hình;chiếc/đơn vị;185781;185781;8450,38;157991,17;150092,34;157991,17
14465;20240101;2024;52;Nhập khẩu;Trung Quốc;Màn hình, máy chiếu, thiết bị thu truyền hình;chiếc/đơn vị;234568;234568;277164,809;13580052,32;13183790,23;13580052,32
14468;20240101;2024;52;Nhập khẩu;Thế giới;Mạch tích hợp điện tử;chiếc/đơn vị;6035089;6035089;223982,494;4474760,25;4250051,43;4474760,25
14470;20240101;2024;52;Nhập khẩu;Trung Quốc;Mạch tích hợp điện tử;chiếc/đơn vị;1312180;1312180;2471,5;63952,69;60662,32;63952,69
14471;20240101;2024;52;Nhập khẩu;Đức;Mạch tích hợp điện tử;chiếc/đơn vị;12500;12500;6,12;5736,04;5503,01;5736,04
14472;20240101;2024;52;Nhập khẩu;Hồng Kông (Trung Quốc);Mạch tích hợp điện tử;chiếc/đơn vị;732333;732333;3252,91;69232,31;65769,17;69232,31
14475;20240101;2024;52;Nhập khẩu;Nhật Bản;Mạch tích hợp điện tử;chiếc/đơn vị;23020;23020;11,9;8886,37;8520,77;8886,37
14476;20240101;2024;52;Nhập khẩu;Hàn Quốc;Mạch tích hợp điện tử;chiếc/đơn vị;2038647;2038647;69769,77;1377938,33;1307910,22;1377938,33
14477;20240101;2024;52;Nhập khẩu;Malaysia;Mạch tích hợp điện tử;chiếc/đơn vị;7501;7501;18,94;17227,1;16523,67;17227,1
14479;20240101;2024;52;Nhập khẩu;Châu Á khác (chưa xác định);Mạch tích hợp điện tử;chiếc/đơn vị;1506399;1506399;146487,32;2850819,41;2708250,34;2850819,41
14480;20240101;2024;52;Nhập khẩu;Hà Lan;Mạch tích hợp điện tử;chiếc/đơn vị;27500;27500;114,34;2773,04;2511,65;2773,04
14481;20240101;2024;52;Nhập khẩu;Philippines;Mạch tích hợp điện tử;chiếc/đơn vị;31530;31530;84,05;7754,21;7365,97;7754,21
14483;20240101;2024;52;Nhập khẩu;Singapore;Mạch tích hợp điện tử;chiếc/đơn vị;43090;43090;297,04;8394,72;7974,54;8394,72
14484;20240101;2024;52;Nhập khẩu;Trung Quốc;Mạch tích hợp điện tử;chiếc/đơn vị;3719;3719;10,064;1624,94;1486,86;1624,94
14485;20240101;2024;52;Nhập khẩu;Thái Lan;Mạch tích hợp điện tử;chiếc/đơn vị;19630;19630;4,15;3636,67;3481,09;3636,67
14486;20240101;2024;52;Nhập khẩu;Ai Cập;Mạch tích hợp điện tử;chiếc/đơn vị;39040;39040;520,37;15074,87;14322,64;15074,87
14488;20240101;2024;52;Nhập khẩu;Khu vực khác (chưa xác định);Mạch tích hợp điện tử;chiếc/đơn vị;196000;196000;766,38;16204,8;15391,8;16204,8
14495;20240101;2024;52;Xuất khẩu trong nước;Thế giới;Điện thoại (kể cả di động) và thiết bị truyền dữ liệu;chiếc/đơn vị;12096;12096;1;0;60480;60480
14501;20240101;2024;52;Nhập khẩu (hàng nước ngoài);Malaysia;Máy in, máy photocopy, máy fax và phụ tùng;kg;4,864;0;4,864;0;376,274;376,274
14504;20240101;2024;52;Nhập khẩu (hàng nước ngoài);Thế giới;Máy xử lý dữ liệu tự động (máy tính) và bộ phận;chiếc/đơn vị;962845;962845;0;0;492934692,2;492934692,2
14505;20240101;2024;52;Nhập khẩu (hàng nước ngoài);Trung Quốc;Máy xử lý dữ liệu tự động (máy tính) và bộ phận;chiếc/đơn vị;24943;24943;2998,095;0;868912,458;868912,458
14507;20240101;2024;52;Nhập khẩu (hàng nước ngoài);Châu Á khác (chưa xác định);Máy xử lý dữ liệu tự động (máy tính) và bộ phận;chiếc/đơn vị;454;454;0;0;43866,851;43866,851
14510;20240101;2024;52;Nhập khẩu (hàng nước ngoài);Trung Quốc;Máy xử lý dữ liệu tự động (máy tính) và bộ phận;chiếc/đơn vị;931242;931242;1667265,265;0;491429620;491429620
14511;20240101;2024;52;Nhập khẩu (hàng nước ngoài);Thái Lan;Máy xử lý dữ liệu tự động (máy tính) và bộ phận;chiếc/đơn vị;6083;6083;1277,879;0;558043,606;558043,606
14554;20240101;2024;52;Nhập khẩu (hàng nước ngoài);Đức;Điện thoại (kể cả di động) và thiết bị truyền dữ liệu;chiếc/đơn vị;21,95;0;65,566;0;24232,74;24232,74
14567;20240101;2024;52;Nhập khẩu (hàng nước ngoài);Thế giới;Điện thoại (kể cả di động) và thiết bị truyền dữ liệu;chiếc/đơn vị;90086;90086;45948,06;10593603,14;10364112,15;10593603,14
14568;20240101;2024;52;Nhập khẩu (hàng nước ngoài);Trung Quốc;Điện thoại (kể cả di động) và thiết bị truyền dữ liệu;chiếc/đơn vị;78164;78164;42218,26;6945061,349;6777698,6;6945061,349
14569;20240101;2024;52;Nhập khẩu (hàng nước ngoài);Trung Quốc;Điện thoại (kể cả di động) và thiết bị truyền dữ liệu;chiếc/đơn vị;11922;11922;3729,8;3648541,789;3586413,548;3648541,789
14570;20240101;2024;52;Nhập khẩu (hàng nước ngoài);Thế giới;Thiết bị phát sóng vô tuyến/truyền hình, camera;chiếc/đơn vị;671116,695;0;0;0;61824112,53;61824112,53
14571;20240101;2024;52;Nhập khẩu (hàng nước ngoài);Trung Quốc;Thiết bị phát sóng vô tuyến/truyền hình, camera;chiếc/đơn vị;17415,61;0;0;0;1669208,113;1669208,113
14573;20240101;2024;52;Nhập khẩu (hàng nước ngoài);Châu Á khác (chưa xác định);Thiết bị phát sóng vô tuyến/truyền hình, camera;chiếc/đơn vị;22765;22765;0;0;1567868,498;1567868,498
14574;20240101;2024;52;Nhập khẩu (hàng nước ngoài);Trung Quốc;Thiết bị phát sóng vô tuyến/truyền hình, camera;chiếc/đơn vị;630931,085;0;0;0;58586158,92;58586158,92
14575;20240101;2024;52;Nhập khẩu (hàng nước ngoài);Thế giới;Màn hình, máy chiếu, thiết bị thu truyền hình;chiếc/đơn vị;288810;288810;1049927,135;0;42886782,91;42886782,91
14576;20240101;2024;52;Nhập khẩu (hàng nước ngoài);Trung Quốc;Màn hình, máy chiếu, thiết bị thu truyền hình;chiếc/đơn vị;13756;13756;79046,999;0;2063426,351;2063426,351
14579;20240101;2024;52;Nhập khẩu (hàng nước ngoài);Trung Quốc;Màn hình, máy chiếu, thiết bị thu truyền hình;chiếc/đơn vị;274986;274986;969685,569;0;40774458,36;40774458,36
14580;20240101;2024;52;Nhập khẩu (hàng nước ngoài);Thế giới;Màn hình, máy chiếu, thiết bị thu truyền hình;chiếc/đơn vị;6667;6667;128900,4;3355862,278;3129842,534;3355862,278
14581;20240101;2024;52;Nhập khẩu (hàng nước ngoài);Trung Quốc;Màn hình, máy chiếu, thiết bị thu truyền hình;chiếc/đơn vị;2322;2322;51333,1;1331152,223;1252454,831;1331152,223
14582;20240101;2024;52;Nhập khẩu (hàng nước ngoài);Mexico;Màn hình, máy chiếu, thiết bị thu truyền hình;chiếc/đơn vị;947;947;23246,3;660475,397;599517,529;660475,397
14583;20240101;2024;52;Nhập khẩu (hàng nước ngoài);Trung Quốc;Màn hình, máy chiếu, thiết bị thu truyền hình;chiếc/đơn vị;3396;3396;54241;1360701,319;1274669,614;1360701,319
14586;20240101;2024;52;Nhập khẩu (hàng nước ngoài);Trung Quốc;Mạch tích hợp điện tử;chiếc/đơn vị;2580;2580;0;0;13309,889;13309,889
14588;20240101;2024;52;Nhập khẩu (hàng nước ngoài);Châu Á khác (chưa xác định);Mạch tích hợp điện tử;chiếc/đơn vị;1667;1667;0;0;434366,108;434366,108
14589;20240101;2024;52;Nhập khẩu (hàng nước ngoài);Philippines;Mạch tích hợp điện tử;chiếc/đơn vị;2309;2309;0;0;2017,995;2017,995
14601;20240101;2024;52;Nhập khẩu;Thế giới;Máy in, máy photocopy, máy fax và phụ tùng;Cái;0;101677;323925,52;7118211,48;6833679,05;7118211,48
14603;20240101;2024;52;Nhập khẩu;Nhật Bản;Máy in, máy photocopy, máy fax và phụ tùng;kg;107205,6;79730;107205,6;3794981,96;3679187,41;3794981,96
14604;20240101;2024;52;Nhập khẩu;Philippines;Máy in, máy photocopy, máy fax và phụ tùng;kg;1,61;12;1,61;660,91;576;660,91
14605;20240101;2024;52;Nhập khẩu;Trung Quốc;Máy in, máy photocopy, máy fax và phụ tùng;Cái;0;21155;211518,15;3206367,94;3040691,81;3206367,94
14626;20240101;2024;52;Nhập khẩu;Thế giới;Máy xử lý dữ liệu tự động (máy tính) và bộ phận;chiếc/đơn vị;102443;102443;137275,58;32230960,22;31293606,12;32230960,22
14627;20240101;2024;52;Nhập khẩu;Trung Quốc;Máy xử lý dữ liệu tự động (máy tính) và bộ phận;chiếc/đơn vị;5557;5557;4178,73;1429040,65;1392727,61;1429040,65
14629;20240101;2024;52;Nhập khẩu;Trung Quốc;Máy xử lý dữ liệu tự động (máy tính) và bộ phận;chiếc/đơn vị;96800;96800;132889,12;30734275,6;29835263,25;30734275,6
14635;20240101;2024;52;Nhập khẩu;Hy Lạp;Máy xử lý dữ liệu tự động (máy tính) và bộ phận;chiếc/đơn vị;1696;1696;1952;716227,386;0;716227,386
14637;20240101;2024;52;Nhập khẩu;Thế giới;Máy xử lý dữ liệu tự động (máy tính) và bộ phận;chiếc/đơn vị;399261;399261;114725,366;193633223;181058101;193633223
14638;20240101;2024;52;Nhập khẩu;Trung Quốc;Máy xử lý dữ liệu tự động (máy tính) và bộ phận;chiếc/đơn vị;2454;2454;3123;1719940;1693290;1719940
14641;20240101;2024;52;Nhập khẩu;Malaysia;Máy xử lý dữ liệu tự động (máy tính) và bộ phận;chiếc/đơn vị;1857;1857;123;123752;123683;123752
14643;20240101;2024;52;Nhập khẩu;Trung Quốc;Máy xử lý dữ liệu tự động (máy tính) và bộ phận;chiếc/đơn vị;348670;348670;86643,265;188433760;175888156;188433760
14644;20240101;2024;52;Nhập khẩu;Thái Lan;Máy xử lý dữ liệu tự động (máy tính) và bộ phận;chiếc/đơn vị;46141;46141;24774;3300768;3300756;3300768
14750;20240101;2024;52;Nhập khẩu;Thế giới;Điện thoại (kể cả di động) và thiết bị truyền dữ liệu;Cái;0;1647610;687606,94;274820488,6;269191018,4;274820488,6
14751;20240101;2024;52;Nhập khẩu;Trung Quốc;Điện thoại (kể cả di động) và thiết bị truyền dữ liệu;Cái;0;18907;25938,72;1219289,59;1197740,06;1219289,59
14752;20240101;2024;52;Nhập khẩu;Hàn Quốc;Điện thoại (kể cả di động) và thiết bị truyền dữ liệu;Cái;0;1275;144,38;34824,15;33470,52;34824,15
14753;20240101;2024;52;Nhập khẩu;Trung Quốc;Điện thoại (kể cả di động) và thiết bị truyền dữ liệu;Cái;0;1627268;661318,64;273540610,6;267936788,7;273540610,6
14756;20240101;2024;52;Nhập khẩu;Bulgaria;Điện thoại (kể cả di động) và thiết bị truyền dữ liệu;chiếc/đơn vị;806,805;0;346;170711,964;0;170711,964
14766;20240101;2024;52;Nhập khẩu;Slovenia;Điện thoại (kể cả di động) và thiết bị truyền dữ liệu;chiếc/đơn vị;1161;1161;523;343471,791;0;343471,791
14775;20240101;2024;52;Nhập khẩu;Thế giới;Thiết bị phát sóng vô tuyến/truyền hình, camera;chiếc/đơn vị;671117,695;0;0;0;61829111,35;61829111,35
14782;20240101;2024;52;Nhập khẩu;Trung Quốc;Thiết bị phát sóng vô tuyến/truyền hình, camera;chiếc/đơn vị;1400;1400;87,7;6201,44;5856;6201,44
14789;20240101;2024;52;Nhập khẩu;Trung Quốc;Thiết bị phát sóng vô tuyến/truyền hình, camera;chiếc/đơn vị;602;602;253;8799;8403;8799
14797;20240101;2024;52;Nhập khẩu;Thế giới;Màn hình, máy chiếu, thiết bị thu truyền hình;chiếc/đơn vị;76538;76538;194293,81;5416672,14;5255089,88;5416672,14
14799;20240101;2024;52;Nhập khẩu;Trung Quốc;Màn hình, máy chiếu, thiết bị thu truyền hình;chiếc/đơn vị;76537;76537;194290,54;5416013,82;5254497,33;5416013,82
14803;20240101;2024;52;Nhập khẩu;Thế giới;Màn hình, máy chiếu, thiết bị thu truyền hình;chiếc/đơn vị;1248;1248;4473;111753;103535;111753
14826;20240101;2024;52;Nhập khẩu;Trung Quốc;Mạch tích hợp điện tử;chiếc/đơn vị;18146,256;0;249,17;1692041;1566169;1692041
14827;20240101;2024;52;Nhập khẩu;Hàn Quốc;Mạch tích hợp điện tử;chiếc/đơn vị;17820,452;0;419,367;2280133;2125084;2280133
14829;20240101;2024;52;Nhập khẩu;Châu Á khác (chưa xác định);Mạch tích hợp điện tử;chiếc/đơn vị;8513,849;0;6,211;11683;10889;11683
14833;20240101;2024;52;Nhập khẩu;Trung Quốc;Mạch tích hợp điện tử;chiếc/đơn vị;3405275,277;0;16695;123363429;114913285;123363429
14834;20240101;2024;52;Nhập khẩu;Thái Lan;Mạch tích hợp điện tử;chiếc/đơn vị;240,467;0;1,101;470;437;470
14835;20240101;2024;52;Nhập khẩu;Hoa Kỳ;Mạch tích hợp điện tử;chiếc/đơn vị;144,783;0;1,151;2388;2225;2388
14842;20240101;2024;52;Nhập khẩu;Thế giới;Máy in, máy photocopy, máy fax và phụ tùng;Cái;0;8773;74989,296;1325351,472;0;1325351,472
14843;20240101;2024;52;Nhập khẩu;Nhật Bản;Máy in, máy photocopy, máy fax và phụ tùng;kg;5,686;1;5,686;998,892;989,376;998,892
14844;20240101;2024;52;Nhập khẩu;Trung Quốc;Máy in, máy photocopy, máy fax và phụ tùng;Cái;0;8772;74983,61;1324352,58;0;1324352,58
14851;20240101;2024;52;Nhập khẩu;Thế giới;Máy xử lý dữ liệu tự động (máy tính) và bộ phận;chiếc/đơn vị;15807;15807;53336,91;6447781,549;6237378,772;6447781,549
14852;20240101;2024;52;Nhập khẩu;Trung Quốc;Máy xử lý dữ liệu tự động (máy tính) và bộ phận;chiếc/đơn vị;15063;15063;51274,83;6156403,069;5948830,772;6156403,069
14853;20240101;2024;52;Nhập khẩu;Hoa Kỳ;Máy xử lý dữ liệu tự động (máy tính) và bộ phận;chiếc/đơn vị;744;744;2062,08;291378,48;288548;291378,48
14856;20240101;2024;52;Nhập khẩu;Thế giới;Máy xử lý dữ liệu tự động (máy tính) và bộ phận;chiếc/đơn vị;1657;1657;3469;1618707,002;0;1618707,002
14858;20240101;2024;52;Nhập khẩu;Trung Quốc;Máy xử lý dữ liệu tự động (máy tính) và bộ phận;chiếc/đơn vị;1616;1616;3420;1597397,416;0;1597397,416
14859;20240101;2024;52;Nhập khẩu;Thế giới;Máy xử lý dữ liệu tự động (máy tính) và bộ phận;chiếc/đơn vị;491178;491178;236369,845;136572942,6;0;136572942,6
14860;20240101;2024;52;Nhập khẩu;Trung Quốc;Máy xử lý dữ liệu tự động (máy tính) và bộ phận;chiếc/đơn vị;3978;3978;540,428;216508,563;0;216508,563
14861;20240101;2024;52;Nhập khẩu;Hồng Kông (Trung Quốc);Máy xử lý dữ liệu tự động (máy tính) và bộ phận;chiếc/đơn vị;1600;1600;380;121347,838;0;121347,838
14865;20240101;2024;52;Nhập khẩu;Trung Quốc;Máy xử lý dữ liệu tự động (máy tính) và bộ phận;chiếc/đơn vị;485584;485584;235388,525;136197313,3;0;136197313,3
14913;20240101;2024;52;Nhập khẩu;Thế giới;Điện thoại (kể cả di động) và thiết bị truyền dữ liệu;Cái;0;96152;34615,929;16939535,92;0;16939535,92
14914;20240101;2024;52;Nhập khẩu;Trung Quốc;Điện thoại (kể cả di động) và thiết bị truyền dữ liệu;Cái;0;2457;2077,596;220938,826;211583,09;220938,826
14916;20240101;2024;52;Nhập khẩu;Trung Quốc;Điện thoại (kể cả di động) và thiết bị truyền dữ liệu;Cái;0;93643;32495,843;16710627,26;15644849,74;16710627,26
14921;20240101;2024;52;Nhập khẩu;Trung Quốc;Điện thoại (kể cả di động) và thiết bị truyền dữ liệu;kg;315;315;315;39162,232;0;39162,232
14922;20240101;2024;52;Nhập khẩu;Hàn Quốc;Điện thoại (kể cả di động) và thiết bị truyền dữ liệu;kg;2623;2623;2623;22967,324;0;22967,324
14928;20240101;2024;52;Nhập khẩu;Hoa Kỳ;Điện thoại (kể cả di động) và thiết bị truyền dữ liệu;chiếc/đơn vị;5,271;0;4,587;2887,791;0;2887,791
14930;20240101;2024;52;Nhập khẩu;Thế giới;Thiết bị phát sóng vô tuyến/truyền hình, camera;chiếc/đơn vị;13771;13771;4481;1279487,859;0;1279487,859
14932;20240101;2024;52;Nhập khẩu;Thế giới;Thiết bị phát sóng vô tuyến/truyền hình, camera;chiếc/đơn vị;48100;48100;32795,4;2665496,098;0;2665496,098
14933;20240101;2024;52;Nhập khẩu;Trung Quốc;Thiết bị phát sóng vô tuyến/truyền hình, camera;chiếc/đơn vị;5772;5772;614;19886,576;0;19886,576
14934;20240101;2024;52;Nhập khẩu;Trung Quốc;Thiết bị phát sóng vô tuyến/truyền hình, camera;chiếc/đơn vị;42312;42312;32139;2552730,454;0;2552730,454
14938;20240101;2024;52;Nhập khẩu;Thế giới;Màn hình, máy chiếu, thiết bị thu truyền hình;chiếc/đơn vị;42367,157;0;774291,81;10799403,05;0;10799403,05
14945;20240101;2024;52;Nhập khẩu;Thế giới;Màn hình, máy chiếu, thiết bị thu truyền hình;chiếc/đơn vị;706904;706904;608105,142;41185934,89;0;41185934,89
14946;20240101;2024;52;Nhập khẩu;Trung Quốc;Màn hình, máy chiếu, thiết bị thu truyền hình;chiếc/đơn vị;10561;10561;71996,142;1462075,196;0;1462075,196
14947;20240101;2024;52;Nhập khẩu;Indonesia;Màn hình, máy chiếu, thiết bị thu truyền hình;chiếc/đơn vị;9216;9216;9676;830716,179;0;830716,179
14948;20240101;2024;52;Nhập khẩu;Trung Quốc;Màn hình, máy chiếu, thiết bị thu truyền hình;chiếc/đơn vị;687124;687124;526423;38854261,16;0;38854261,16
14950;20240101;2024;52;Nhập khẩu;Thế giới;Mạch tích hợp điện tử;chiếc/đơn vị;45111;45111;49712,68;1872865,042;0;1872865,042
14983;20240101;2024;52;Xuất khẩu;Estonia;Máy in, máy photocopy, máy fax và phụ tùng;chiếc/đơn vị;1397;1397;34220;0;636054,383;636054,383
15003;20240101;2024;52;Xuất khẩu;Thế giới;Máy xử lý dữ liệu tự động (máy tính) và bộ phận;chiếc/đơn vị;3690;3690;3264;0;943760,236;943760,236
15011;20240101;2024;52;Xuất khẩu;Đức;Máy xử lý dữ liệu tự động (máy tính) và bộ phận;chiếc/đơn vị;1387;1387;914;0;318836,926;318836,926
15019;20240101;2024;52;Xuất khẩu;Ba Lan;Máy xử lý dữ liệu tự động (máy tính) và bộ phận;chiếc/đơn vị;475;475;491;0;122733,407;122733,407
15025;20240101;2024;52;Xuất khẩu;Thụy Điển;Máy xử lý dữ liệu tự động (máy tính) và bộ phận;chiếc/đơn vị;787;787;1063;0;277945,7;277945,7
15026;20240101;2024;52;Xuất khẩu;Thế giới;Máy xử lý dữ liệu tự động (máy tính) và bộ phận;chiếc/đơn vị;57896;57896;40846,79;0;7071941,635;7071941,635
15027;20240101;2024;52;Xuất khẩu;Áo;Máy xử lý dữ liệu tự động (máy tính) và bộ phận;chiếc/đơn vị;601;601;549,033;0;131004,837;131004,837
15028;20240101;2024;52;Xuất khẩu;Bỉ;Máy xử lý dữ liệu tự động (máy tính) và bộ phận;chiếc/đơn vị;1211;1211;1341,679;0;286164,076;286164,076
15032;20240101;2024;52;Xuất khẩu;Séc;Máy xử lý dữ liệu tự động (máy tính) và bộ phận;chiếc/đơn vị;4199;4199;3108;0;432026,749;432026,749
15036;20240101;2024;52;Xuất khẩu;Đức;Máy xử lý dữ liệu tự động (máy tính) và bộ phận;chiếc/đơn vị;31900;31900;22354,033;0;2634310,552;2634310,552
15039;20240101;2024;52;Xuất khẩu;Ireland;Máy xử lý dữ liệu tự động (máy tính) và bộ phận;chiếc/đơn vị;212;212;123,023;0;22374,969;22374,969
15040;20240101;2024;52;Xuất khẩu;Ý;Máy xử lý dữ liệu tự động (máy tính) và bộ phận;chiếc/đơn vị;5331;5331;3009,039;0;697978,452;697978,452
15043;20240101;2024;52;Xuất khẩu;Luxembourg;Máy xử lý dữ liệu tự động (máy tính) và bộ phận;chiếc/đơn vị;255;255;381;0;92289,17;92289,17
15044;20240101;2024;52;Xuất khẩu;Malta;Máy xử lý dữ liệu tự động (máy tính) và bộ phận;chiếc/đơn vị;1156;1156;2487;0;588491,338;588491,338
15045;20240101;2024;52;Xuất khẩu;Hà Lan;Máy xử lý dữ liệu tự động (máy tính) và bộ phận;chiếc/đơn vị;3957;3957;2320;0;500459,171;500459,171
15046;20240101;2024;52;Xuất khẩu;Ba Lan;Máy xử lý dữ liệu tự động (máy tính) và bộ phận;chiếc/đơn vị;2651;2651;1846;0;404190,088;404190,088
15049;20240101;2024;52;Xuất khẩu;Slovakia;Máy xử lý dữ liệu tự động (máy tính) và bộ phận;chiếc/đơn vị;702;702;420;0;233976,019;233976,019
15051;20240101;2024;52;Xuất khẩu;Tây Ban Nha;Máy xử lý dữ liệu tự động (máy tính) và bộ phận;chiếc/đơn vị;5335;5335;2467,028;0;968267,253;968267,253
15108;20240101;2024;52;Xuất khẩu;Đan Mạch;Điện thoại (kể cả di động) và thiết bị truyền dữ liệu;chiếc/đơn vị;278,312;0;109,42;0;52452,431;52452,431
15109;20240101;2024;52;Xuất khẩu;Estonia;Điện thoại (kể cả di động) và thiết bị truyền dữ liệu;chiếc/đơn vị;3894,25;0;1149,066;0;371716,89;371716,89
15110;20240101;2024;52;Xuất khẩu;Pháp;Điện thoại (kể cả di động) và thiết bị truyền dữ liệu;chiếc/đơn vị;107,575;0;47;0;80201,209;80201,209
15111;20240101;2024;52;Xuất khẩu;Đức;Điện thoại (kể cả di động) và thiết bị truyền dữ liệu;chiếc/đơn vị;1393,57;0;303;0;335970,73;335970,73
15115;20240101;2024;52;Xuất khẩu;Latvia;Điện thoại (kể cả di động) và thiết bị truyền dữ liệu;chiếc/đơn vị;253,767;0;88,323;0;44773,603;44773,603
15116;20240101;2024;52;Xuất khẩu;Litva;Điện thoại (kể cả di động) và thiết bị truyền dữ liệu;chiếc/đơn vị;160,59;0;65;0;44878,39;44878,39
15120;20240101;2024;52;Xuất khẩu;Slovakia;Điện thoại (kể cả di động) và thiết bị truyền dữ liệu;chiếc/đơn vị;29,017;0;12;0;13225,23;13225,23
15127;20240101;2024;52;Xuất khẩu;Croatia;Điện thoại (kể cả di động) và thiết bị truyền dữ liệu;chiếc/đơn vị;67,9;0;140;0;45533,581;45533,581
15132;20240101;2024;52;Xuất khẩu;Phần Lan;Điện thoại (kể cả di động) và thiết bị truyền dữ liệu;chiếc/đơn vị;591,4;0;2601;0;390087,753;390087,753
15138;20240101;2024;52;Xuất khẩu;Latvia;Điện thoại (kể cả di động) và thiết bị truyền dữ liệu;chiếc/đơn vị;655,483;0;343;0;230521,061;230521,061
15151;20240101;2024;52;Xuất khẩu;Thế giới;Thiết bị phát sóng vô tuyến/truyền hình, camera;chiếc/đơn vị;79;79;69;0;47467,69;47467,69
15159;20240101;2024;52;Xuất khẩu;Thế giới;Thiết bị phát sóng vô tuyến/truyền hình, camera;chiếc/đơn vị;19791;19791;9199;0;2412249,377;2412249,377
15161;20240101;2024;52;Xuất khẩu;Bỉ;Thiết bị phát sóng vô tuyến/truyền hình, camera;chiếc/đơn vị;688;688;588;0;192932,152;192932,152
15169;20240101;2024;52;Xuất khẩu;Đức;Thiết bị phát sóng vô tuyến/truyền hình, camera;chiếc/đơn vị;11838;11838;5775;0;1468780,543;1468780,543
15177;20240101;2024;52;Xuất khẩu;Hà Lan;Thiết bị phát sóng vô tuyến/truyền hình, camera;chiếc/đơn vị;1027;1027;788;0;157763,446;157763,446
15178;20240101;2024;52;Xuất khẩu;Ba Lan;Thiết bị phát sóng vô tuyến/truyền hình, camera;chiếc/đơn vị;3616;3616;551;0;115619,881;115619,881
15183;20240101;2024;52;Xuất khẩu;Tây Ban Nha;Thiết bị phát sóng vô tuyến/truyền hình, camera;chiếc/đơn vị;518;518;166;0;66253,59;66253,59
15184;20240101;2024;52;Xuất khẩu;Thụy Điển;Thiết bị phát sóng vô tuyến/truyền hình, camera;chiếc/đơn vị;81;81;55;0;25553,92;25553,92
15185;20240101;2024;52;Xuất khẩu;Thế giới;Màn hình, máy chiếu, thiết bị thu truyền hình;chiếc/đơn vị;963;963;8123;0;307969,415;307969,415
15190;20240101;2024;52;Xuất khẩu;Thụy Điển;Màn hình, máy chiếu, thiết bị thu truyền hình;chiếc/đơn vị;234;234;3250;0;126372,677;126372,677
15191;20240101;2024;52;Xuất khẩu;Thế giới;Màn hình, máy chiếu, thiết bị thu truyền hình;chiếc/đơn vị;8293;8293;92551,434;0;3607328,373;3607328,373
15193;20240101;2024;52;Xuất khẩu;Bỉ;Màn hình, máy chiếu, thiết bị thu truyền hình;chiếc/đơn vị;1968;1968;12525,499;0;577506,259;577506,259
15201;20240101;2024;52;Xuất khẩu;Đức;Màn hình, máy chiếu, thiết bị thu truyền hình;chiếc/đơn vị;2999;2999;30564,312;0;1306842,355;1306842,355
15210;20240101;2024;52;Xuất khẩu;Hà Lan;Màn hình, máy chiếu, thiết bị thu truyền hình;chiếc/đơn vị;731;731;19719;0;520479,962;520479,962
15211;20240101;2024;52;Xuất khẩu;Ba Lan;Màn hình, máy chiếu, thiết bị thu truyền hình;chiếc/đơn vị;345;345;3609;0;197711,944;197711,944
15216;20240101;2024;52;Xuất khẩu;Tây Ban Nha;Màn hình, máy chiếu, thiết bị thu truyền hình;chiếc/đơn vị;373;373;7225;0;156986,297;156986,297
15251;20240101;2024;52;Nhập khẩu;Nhật Bản;Máy in, máy photocopy, máy fax và phụ tùng;kg;5695;5695;5695;442760,719;0;442760,719
15252;20240101;2024;52;Nhập khẩu;Philippines;Máy in, máy photocopy, máy fax và phụ tùng;chiếc/đơn vị;3735;3735;42324;514648,088;0;514648,088
15253;20240101;2024;52;Nhập khẩu;Singapore;Máy in, máy photocopy, máy fax và phụ tùng;kg;352;352;352;9810,206;0;9810,206
15255;20240101;2024;52;Nhập khẩu;Thái Lan;Máy in, máy photocopy, máy fax và phụ tùng;kg;3,42;0;3,42;244,155;0;244,155
15257;20240101;2024;52;Nhập khẩu;Thế giới;Máy xử lý dữ liệu tự động (máy tính) và bộ phận;chiếc/đơn vị;955833;955833;492100,863;325512906,4;0;325512906,4
15260;20240101;2024;52;Nhập khẩu;Trung Quốc;Máy xử lý dữ liệu tự động (máy tính) và bộ phận;chiếc/đơn vị;17133;17133;30546;11699019,3;0;11699019,3
15263;20240101;2024;52;Nhập khẩu;Châu Á khác (chưa xác định);Máy xử lý dữ liệu tự động (máy tính) và bộ phận;chiếc/đơn vị;882;882;1069;108683,499;0;108683,499
15265;20240101;2024;52;Nhập khẩu;Trung Quốc;Máy xử lý dữ liệu tự động (máy tính) và bộ phận;chiếc/đơn vị;888598;888598;428435;307144493,9;0;307144493,9
15268;20240101;2024;52;Nhập khẩu;Thái Lan;Máy xử lý dữ liệu tự động (máy tính) và bộ phận;chiếc/đơn vị;47505;47505;30965;6152175,769;0;6152175,769
15315;20240101;2024;52;Nhập khẩu;Hàn Quốc;Điện thoại (kể cả di động) và thiết bị truyền dữ liệu;chiếc/đơn vị;737,742;0;1118;336865,616;0;336865,616
15330;20240101;2024;52;Nhập khẩu;Thế giới;Màn hình, máy chiếu, thiết bị thu truyền hình;chiếc/đơn vị;168298;168298;954714;39698179,57;0;39698179,57
15334;20240101;2024;52;Nhập khẩu;Trung Quốc;Màn hình, máy chiếu, thiết bị thu truyền hình;chiếc/đơn vị;168131;168131;954511;39672615,61;0;39672615,61
15341;20240101;2024;52;Nhập khẩu;Malaysia;Mạch tích hợp điện tử;chiếc/đơn vị;117528;0;29,023;159875,337;0;159875,337
15361;20240101;2024;52;Nhập khẩu;Thế giới;Máy xử lý dữ liệu tự động (máy tính) và bộ phận;chiếc/đơn vị;18597;18597;20452,853;7235987,642;0;7235987,642
15363;20240101;2024;52;Nhập khẩu;Trung Quốc;Máy xử lý dữ liệu tự động (máy tính) và bộ phận;chiếc/đơn vị;18594;18594;20449;7235705,764;0;7235705,764
15365;20240101;2024;52;Nhập khẩu;Thế giới;Máy xử lý dữ liệu tự động (máy tính) và bộ phận;chiếc/đơn vị;438,389;0;492;157198,444;0;157198,444
15367;20240101;2024;52;Nhập khẩu;Đức;Máy xử lý dữ liệu tự động (máy tính) và bộ phận;chiếc/đơn vị;217;217;108;53607,057;0;53607,057
15372;20240101;2024;52;Nhập khẩu;Trung Quốc;Máy xử lý dữ liệu tự động (máy tính) và bộ phận;chiếc/đơn vị;53,389;0;37;8196,867;0;8196,867
15404;20240101;2024;52;Nhập khẩu;Thế giới;Điện thoại (kể cả di động) và thiết bị truyền dữ liệu;chiếc/đơn vị;1962;1962;1002,671;592338,902;584540,366;592338,902
15406;20240101;2024;52;Nhập khẩu;Trung Quốc;Điện thoại (kể cả di động) và thiết bị truyền dữ liệu;chiếc/đơn vị;1930;1930;988,302;586963,621;579480,102;586963,621
15410;20240101;2024;52;Nhập khẩu;Séc;Điện thoại (kể cả di động) và thiết bị truyền dữ liệu;chiếc/đơn vị;1,051;0;2;970,895;0;970,895
15414;20240101;2024;52;Nhập khẩu;Ý;Điện thoại (kể cả di động) và thiết bị truyền dữ liệu;chiếc/đơn vị;77,231;0;66;35961,008;0;35961,008
15419;20240101;2024;52;Nhập khẩu;Tây Ban Nha;Điện thoại (kể cả di động) và thiết bị truyền dữ liệu;chiếc/đơn vị;102,782;0;48;52911,086;0;52911,086
15430;20240101;2024;52;Nhập khẩu;Thế giới;Màn hình, máy chiếu, thiết bị thu truyền hình;chiếc/đơn vị;1906;1906;30852,458;807417,197;788558,091;807417,197
15432;20240101;2024;52;Nhập khẩu;Trung Quốc;Màn hình, máy chiếu, thiết bị thu truyền hình;chiếc/đơn vị;1796;1796;29163,439;762402,227;743573,914;762402,227
15441;20240101;2024;52;Nhập khẩu;Châu Á khác (chưa xác định);Mạch tích hợp điện tử;chiếc/đơn vị;3023,185;0;6;3754,536;0;3754,536
15457;20240101;2024;52;Xuất khẩu;Thế giới;Điện thoại (kể cả di động) và thiết bị truyền dữ liệu;chiếc/đơn vị;24,08;0;17;0;16532,279;16532,279
15459;20240101;2024;52;Xuất khẩu;Slovakia;Điện thoại (kể cả di động) và thiết bị truyền dữ liệu;chiếc/đơn vị;21,08;0;14;0;14232,221;14232,221
15464;20240101;2024;52;Xuất khẩu trong nước;Ý;Máy in, máy photocopy, máy fax và phụ tùng;kg;1174;1174;1174;0;133971,867;133971,867
15466;20240101;2024;52;Xuất khẩu trong nước;Thế giới;Máy xử lý dữ liệu tự động (máy tính) và bộ phận;chiếc/đơn vị;3477;3477;2687,761;0;555377,941;555377,941
15467;20240101;2024;52;Xuất khẩu trong nước;Pháp;Máy xử lý dữ liệu tự động (máy tính) và bộ phận;chiếc/đơn vị;3037;3037;1915;0;401154,843;401154,843
15468;20240101;2024;52;Xuất khẩu trong nước;Đức;Máy xử lý dữ liệu tự động (máy tính) và bộ phận;chiếc/đơn vị;108;108;482;0;31367,09;31367,09
15510;20240101;2024;52;Nhập khẩu (hàng nước ngoài);Thế giới;Màn hình, máy chiếu, thiết bị thu truyền hình;chiếc/đơn vị;43663;43663;1950;317938;0;317938
15516;20240101;2024;52;Nhập khẩu;Thế giới;Máy in, máy photocopy, máy fax và phụ tùng;Cái;0;355;608,333;22454,995;17540,511;22454,995
15534;20240101;2024;52;Nhập khẩu;Séc;Máy in, máy photocopy, máy fax và phụ tùng;kg;542;542;542;35593,12;34158,46;35593,12
15538;20240101;2024;52;Nhập khẩu;Hy Lạp;Máy in, máy photocopy, máy fax và phụ tùng;kg;36,654;0;36,654;5814,16;5579,81;5814,16
15547;20240101;2024;52;Nhập khẩu;Trung Quốc;Máy xử lý dữ liệu tự động (máy tính) và bộ phận;chiếc/đơn vị;2,741;0;7;1658,314;0;1658,314
15549;20240101;2024;52;Nhập khẩu;Trung Quốc;Máy xử lý dữ liệu tự động (máy tính) và bộ phận;chiếc/đơn vị;2968,687;0;3112;880463,111;0;880463,111
15551;20240101;2024;52;Nhập khẩu;Thế giới;Máy xử lý dữ liệu tự động (máy tính) và bộ phận;chiếc/đơn vị;18932,627;0;24353,57;4108585,07;3703883,48;4108585,07
15559;20240101;2024;52;Nhập khẩu;Thế giới;Máy xử lý dữ liệu tự động (máy tính) và bộ phận;chiếc/đơn vị;78367;78367;61244,162;27626433,23;0;27626433,23
15566;20240101;2024;52;Nhập khẩu;Ý;Máy xử lý dữ liệu tự động (máy tính) và bộ phận;chiếc/đơn vị;4282;4282;4552,568;2213936,678;0;2213936,678
15567;20240101;2024;52;Nhập khẩu;Hà Lan;Máy xử lý dữ liệu tự động (máy tính) và bộ phận;chiếc/đơn vị;7712;7712;4908;1201135,102;0;1201135,102
15569;20240101;2024;52;Nhập khẩu;Trung Quốc;Máy xử lý dữ liệu tự động (máy tính) và bộ phận;chiếc/đơn vị;56269;56269;36310,42;20351496,07;0;20351496,07
15570;20240101;2024;52;Nhập khẩu;Tây Ban Nha;Máy xử lý dữ liệu tự động (máy tính) và bộ phận;chiếc/đơn vị;8807;8807;11801,041;3208152,095;0;3208152,095
15571;20240101;2024;52;Nhập khẩu;Thế giới;Máy xử lý dữ liệu tự động (máy tính) và bộ phận;chiếc/đơn vị;51935;51935;94354,507;15217556,19;14604180,69;15217556,19
15572;20240101;2024;52;Nhập khẩu;Áo;Máy xử lý dữ liệu tự động (máy tính) và bộ phận;chiếc/đơn vị;1345;1345;858,477;432568,62;415133,05;432568,62
15579;20240101;2024;52;Nhập khẩu;Đức;Máy xử lý dữ liệu tự động (máy tính) và bộ phận;chiếc/đơn vị;10523;10523;15960,456;1731093,42;1661318,05;1731093,42
15580;20240101;2024;52;Nhập khẩu;Hy Lạp;Máy xử lý dữ liệu tự động (máy tính) và bộ phận;chiếc/đơn vị;1548;1548;926;254299,5;244049,42;254299,5
15583;20240101;2024;52;Nhập khẩu;Ý;Máy xử lý dữ liệu tự động (máy tính) và bộ phận;chiếc/đơn vị;721;721;1833,616;185503,82;178026,68;185503,82
15587;20240101;2024;52;Nhập khẩu;Slovakia;Máy xử lý dữ liệu tự động (máy tính) và bộ phận;chiếc/đơn vị;30604;30604;68665;10987561,21;10544684,52;10987561,21
15588;20240101;2024;52;Nhập khẩu;Trung Quốc;Máy xử lý dữ liệu tự động (máy tính) và bộ phận;chiếc/đơn vị;3945;3945;2423,25;847714,58;813545,66;847714,58
15689;20240101;2024;52;Nhập khẩu;Trung Quốc;Điện thoại (kể cả di động) và thiết bị truyền dữ liệu;chiếc/đơn vị;216,137;0;121;67369,02;66484,78;67369,02
15690;20240101;2024;52;Nhập khẩu;Hàn Quốc;Điện thoại (kể cả di động) và thiết bị truyền dữ liệu;chiếc/đơn vị;1252,986;0;976,5;390550;376566,98;390550
15692;20240101;2024;52;Nhập khẩu;Trung Quốc;Điện thoại (kể cả di động) và thiết bị truyền dữ liệu;chiếc/đơn vị;173703,862;0;86263,222;54863815,82;53589783,54;54863815,82
15693;20240101;2024;52;Nhập khẩu;Thế giới;Điện thoại (kể cả di động) và thiết bị truyền dữ liệu;Cái;0;52913,76;622636,272;28786657,54;28484648,83;28786657,54
15694;20240101;2024;52;Nhập khẩu;Trung Quốc;Điện thoại (kể cả di động) và thiết bị truyền dữ liệu;Cái;0;51657,76;620956,242;28559987,73;28269894,4;28559987,73
15695;20240101;2024;52;Nhập khẩu;Hàn Quốc;Điện thoại (kể cả di động) và thiết bị truyền dữ liệu;kg;1,023;41;1,023;199,452;110,65;199,452
15698;20240101;2024;52;Nhập khẩu;Trung Quốc;Điện thoại (kể cả di động) và thiết bị truyền dữ liệu;Cái;0;1165;1413,422;115707,775;107986,928;115707,775
15699;20240101;2024;52;Nhập khẩu;Hoa Kỳ;Điện thoại (kể cả di động) và thiết bị truyền dữ liệu;kg;0,02;4;0,02;85,222;84,859;85,222
15712;20240101;2024;52;Nhập khẩu;Tây Ban Nha;Điện thoại (kể cả di động) và thiết bị truyền dữ liệu;chiếc/đơn vị;31729,786;0;7113,262;13124270,76;0;13124270,76
15725;20240101;2024;52;Nhập khẩu;Hy Lạp;Điện thoại (kể cả di động) và thiết bị truyền dữ liệu;chiếc/đơn vị;1940;1940;383;1150204,62;1103843,2;1150204,62
15732;20240101;2024;52;Nhập khẩu;Ba Lan;Điện thoại (kể cả di động) và thiết bị truyền dữ liệu;chiếc/đơn vị;1925,992;0;2641,621;696233,51;668170,35;696233,51
15735;20240101;2024;52;Nhập khẩu;Slovenia;Điện thoại (kể cả di động) và thiết bị truyền dữ liệu;chiếc/đơn vị;6767;6767;1331;1202813,01;1154331,08;1202813,01
15736;20240101;2024;52;Nhập khẩu;Tây Ban Nha;Điện thoại (kể cả di động) và thiết bị truyền dữ liệu;chiếc/đơn vị;602,292;0;133,673;113045,49;108488,96;113045,49
15740;20240101;2024;52;Nhập khẩu;Thế giới;Thiết bị phát sóng vô tuyến/truyền hình, camera;chiếc/đơn vị;201;201;46,489;19793,232;18944,899;19793,232
15743;20240101;2024;52;Nhập khẩu;Thế giới;Thiết bị phát sóng vô tuyến/truyền hình, camera;chiếc/đơn vị;5964;5964;1360,321;317214,816;0;317214,816
15747;20240101;2024;52;Nhập khẩu;Hà Lan;Thiết bị phát sóng vô tuyến/truyền hình, camera;chiếc/đơn vị;5121;5121;856;209882,027;0;209882,027
15751;20240101;2024;52;Nhập khẩu;Thế giới;Thiết bị phát sóng vô tuyến/truyền hình, camera;chiếc/đơn vị;7635;7635;5630,657;993104,2;953075,06;993104,2
15757;20240101;2024;52;Nhập khẩu;Hà Lan;Thiết bị phát sóng vô tuyến/truyền hình, camera;chiếc/đơn vị;4446;4446;4796,937;663024,24;636299,67;663024,24
15759;20240101;2024;52;Nhập khẩu;Slovakia;Thiết bị phát sóng vô tuyến/truyền hình, camera;chiếc/đơn vị;769;769;71,592;12536,14;12030,84;12536,14
15760;20240101;2024;52;Nhập khẩu;Trung Quốc;Thiết bị phát sóng vô tuyến/truyền hình, camera;chiếc/đơn vị;1458;1458;284,08;54133,49;51951,53;54133,49
15768;20240101;2024;52;Nhập khẩu;Thế giới;Màn hình, máy chiếu, thiết bị thu truyền hình;chiếc/đơn vị;32911,042;0;434432,4;9718725,13;9102107,88;9718725,13
15770;20240101;2024;52;Nhập khẩu;Thế giới;Màn hình, máy chiếu, thiết bị thu truyền hình;chiếc/đơn vị;3514;3514;2060,823;119673,785;106169;119673,785
15776;20240101;2024;52;Nhập khẩu;Hungary;Màn hình, máy chiếu, thiết bị thu truyền hình;chiếc/đơn vị;3416;3416;77432;1806388,75;0;1806388,75
15778;20240101;2024;52;Nhập khẩu;Hà Lan;Màn hình, máy chiếu, thiết bị thu truyền hình;chiếc/đơn vị;14550;14550;107241;4081266,694;0;4081266,694
15779;20240101;2024;52;Nhập khẩu;Slovakia;Màn hình, máy chiếu, thiết bị thu truyền hình;chiếc/đơn vị;1650;1650;37727;832143,734;0;832143,734
15780;20240101;2024;52;Nhập khẩu;Trung Quốc;Màn hình, máy chiếu, thiết bị thu truyền hình;chiếc/đơn vị;362;362;759;36033,278;0;36033,278
15782;20240101;2024;52;Nhập khẩu;Thế giới;Màn hình, máy chiếu, thiết bị thu truyền hình;chiếc/đơn vị;72549;72549;814088;25162055,26;24147845,76;25162055,26
15788;20240101;2024;52;Nhập khẩu;Hungary;Màn hình, máy chiếu, thiết bị thu truyền hình;chiếc/đơn vị;22447;22447;17176;2152605,21;2065839,93;2152605,21
15791;20240101;2024;52;Nhập khẩu;Hà Lan;Màn hình, máy chiếu, thiết bị thu truyền hình;chiếc/đơn vị;245;245;245;153628,35;147436,04;153628,35
15792;20240101;2024;52;Nhập khẩu;Ba Lan;Màn hình, máy chiếu, thiết bị thu truyền hình;chiếc/đơn vị;372;372;7069;294090,87;282236,93;294090,87
15793;20240101;2024;52;Nhập khẩu;Slovakia;Màn hình, máy chiếu, thiết bị thu truyền hình;chiếc/đơn vị;49055;49055;784286;21755735,23;20878824,61;21755735,23
15820;20240101;2024;52;Nhập khẩu;Hungary;Mạch tích hợp điện tử;chiếc/đơn vị;11313,877;0;11,138;50322,02;48293,68;50322,02
15837;20240101;2024;52;Xuất khẩu;Croatia;Máy in, máy photocopy, máy fax và phụ tùng;kg;11,562;0;11,562;0;1772,01;1772,01
15844;20240101;2024;52;Xuất khẩu;Serbia;Máy in, máy photocopy, máy fax và phụ tùng;kg;40,93;40,93;40,93;0;10834,15;10834,15
15845;20240101;2024;52;Xuất khẩu;Slovenia;Máy in, máy photocopy, máy fax và phụ tùng;kg;2,089;0;2,089;0;197,37;197,37
15848;20240101;2024;52;Xuất khẩu;Thế giới;Máy xử lý dữ liệu tự động (máy tính) và bộ phận;chiếc/đơn vị;2249,968;0;5077;0;953329,981;953329,981
15859;20240101;2024;52;Xuất khẩu;Bulgaria;Máy xử lý dữ liệu tự động (máy tính) và bộ phận;chiếc/đơn vị;269;269;152;0;27452,1;27452,1
15863;20240101;2024;52;Xuất khẩu;Đức;Máy xử lý dữ liệu tự động (máy tính) và bộ phận;chiếc/đơn vị;502;502;87,797;0;46525,2;46525,2
15969;20240101;2024;52;Xuất khẩu;Thế giới;Điện thoại (kể cả di động) và thiết bị truyền dữ liệu;chiếc/đơn vị;2364;2364;544,466;0;217213,51;217213,51
15989;20240101;2024;52;Xuất khẩu;Síp;Điện thoại (kể cả di động) và thiết bị truyền dữ liệu;chiếc/đơn vị;10,135;0;2,387;0;1284,17;1284,17
15991;20240101;2024;52;Xuất khẩu;Đan Mạch;Điện thoại (kể cả di động) và thiết bị truyền dữ liệu;chiếc/đơn vị;171,76;0;58;0;41776,33;41776,33
16004;20240101;2024;52;Xuất khẩu;Litva;Điện thoại (kể cả di động) và thiết bị truyền dữ liệu;chiếc/đơn vị;1654,966;0;403;0;499277,43;499277,43
16008;20240101;2024;52;Xuất khẩu;Moldova;Điện thoại (kể cả di động) và thiết bị truyền dữ liệu;chiếc/đơn vị;986,241;0;434,59;0;282642,91;282642,91
16011;20240101;2024;52;Xuất khẩu;Na Uy;Điện thoại (kể cả di động) và thiết bị truyền dữ liệu;chiếc/đơn vị;40,732;0;20,2;0;34284,38;34284,38
16021;20240101;2024;52;Xuất khẩu;Thụy Điển;Điện thoại (kể cả di động) và thiết bị truyền dữ liệu;chiếc/đơn vị;251,504;0;92,563;0;171817,72;171817,72
16028;20240101;2024;52;Xuất khẩu;Hoa Kỳ;Điện thoại (kể cả di động) và thiết bị truyền dữ liệu;chiếc/đơn vị;132,077;0;68,14;0;108287,66;108287,66
16033;20240101;2024;52;Xuất khẩu;Thế giới;Thiết bị phát sóng vô tuyến/truyền hình, camera;chiếc/đơn vị;889;889;313,887;0;46255,94;46255,94
16035;20240101;2024;52;Xuất khẩu;Moldova;Thiết bị phát sóng vô tuyến/truyền hình, camera;chiếc/đơn vị;767;767;305,43;0;42104,82;42104,82
16040;20240101;2024;52;Xuất khẩu;Thế giới;Màn hình, máy chiếu, thiết bị thu truyền hình;chiếc/đơn vị;644,639;0;2289;0;214791,452;214791,452
16049;20240101;2024;52;Xuất khẩu;Hy Lạp;Màn hình, máy chiếu, thiết bị thu truyền hình;chiếc/đơn vị;497;497;2051;0;65190,36;65190,36
16067;20240101;2024;52;Xuất khẩu;Hồng Kông (Trung Quốc);Mạch tích hợp điện tử;chiếc/đơn vị;238391,766;0;1285,72;0;2229054,03;2229054,03
16068;20240101;2024;52;Xuất khẩu;Hàn Quốc;Mạch tích hợp điện tử;chiếc/đơn vị;7171,01;0;17,1;0;15150,85;15150,85
16079;20240101;2024;52;Nhập khẩu;Israel;Máy in, máy photocopy, máy fax và phụ tùng;kg;257,619;0;257,619;45820,474;0;45820,474
16082;20240101;2024;52;Nhập khẩu;Hà Lan;Máy in, máy photocopy, máy fax và phụ tùng;kg;746;746;746;8071,33;0;8071,33
16086;20240101;2024;52;Nhập khẩu;Thế giới;Máy in, máy photocopy, máy fax và phụ tùng;kg;29685;29685;29685;266347,854;199719,76;266347,854
16090;20240101;2024;52;Nhập khẩu;Thế giới;Máy xử lý dữ liệu tự động (máy tính) và bộ phận;chiếc/đơn vị;560857,184;0;847625,717;249649077,8;0;249649077,8
16091;20240101;2024;52;Nhập khẩu;Trung Quốc;Máy xử lý dữ liệu tự động (máy tính) và bộ phận;chiếc/đơn vị;946,184;0;1776,831;444443,333;0;444443,333
16094;20240101;2024;52;Nhập khẩu;Singapore;Máy xử lý dữ liệu tự động (máy tính) và bộ phận;chiếc/đơn vị;3992;3992;207,164;93706,282;0;93706,282
16095;20240101;2024;52;Nhập khẩu;Trung Quốc;Máy xử lý dữ liệu tự động (máy tính) và bộ phận;chiếc/đơn vị;533109;533109;839493,314;246536897;0;246536897
16096;20240101;2024;52;Nhập khẩu;Thái Lan;Máy xử lý dữ liệu tự động (máy tính) và bộ phận;chiếc/đơn vị;22625;22625;4721,393;2130396,902;0;2130396,902
16098;20240101;2024;52;Nhập khẩu;Thế giới;Máy xử lý dữ liệu tự động (máy tính) và bộ phận;chiếc/đơn vị;301986;301986;534822;22612693,17;22098667,44;22612693,17
16100;20240101;2024;52;Nhập khẩu;Indonesia;Máy xử lý dữ liệu tự động (máy tính) và bộ phận;chiếc/đơn vị;2480;2480;1869;118909,235;115723,789;118909,235
16101;20240101;2024;52;Nhập khẩu;Nhật Bản;Máy xử lý dữ liệu tự động (máy tính) và bộ phận;chiếc/đơn vị;128;128;4;852,916;843,174;852,916
16102;20240101;2024;52;Nhập khẩu;Trung Quốc;Máy xử lý dữ liệu tự động (máy tính) và bộ phận;chiếc/đơn vị;298928;298928;532889;22485614,13;21975575,89;22485614,13
16181;20240101;2024;52;Nhập khẩu;Thế giới;Thiết bị phát sóng vô tuyến/truyền hình, camera;chiếc/đơn vị;132359852;132359852;0;729473533,7;0;729473533,7
16182;20240101;2024;52;Nhập khẩu;Trung Quốc;Thiết bị phát sóng vô tuyến/truyền hình, camera;chiếc/đơn vị;481;481;0;71352,511;0;71352,511
16184;20240101;2024;52;Nhập khẩu;Hàn Quốc;Thiết bị phát sóng vô tuyến/truyền hình, camera;chiếc/đơn vị;2035;2035;0;206294,042;0;206294,042
16186;20240101;2024;52;Nhập khẩu;Trung Quốc;Thiết bị phát sóng vô tuyến/truyền hình, camera;chiếc/đơn vị;132357333;132357333;0;729188628,3;0;729188628,3
16187;20240101;2024;52;Nhập khẩu;Thế giới;Thiết bị phát sóng vô tuyến/truyền hình, camera;chiếc/đơn vị;22268;22268;1862;474760,212;453778,266;474760,212
16190;20240101;2024;52;Nhập khẩu;Trung Quốc;Thiết bị phát sóng vô tuyến/truyền hình, camera;chiếc/đơn vị;21950;21950;1847;473007,838;452170,931;473007,838
16193;20240101;2024;52;Nhập khẩu;Thế giới;Màn hình, máy chiếu, thiết bị thu truyền hình;chiếc/đơn vị;2427005;2427005;0;155143310,1;0;155143310,1
16197;20240101;2024;52;Nhập khẩu;Trung Quốc;Màn hình, máy chiếu, thiết bị thu truyền hình;chiếc/đơn vị;2426992;2426992;2912629,619;155107405,1;0;155107405,1
16198;20240101;2024;52;Nhập khẩu;Thế giới;Màn hình, máy chiếu, thiết bị thu truyền hình;chiếc/đơn vị;1216226;1216226;7673104;260423759,6;260109033,7;260423759,6
16199;20240101;2024;52;Nhập khẩu;Trung Quốc;Màn hình, máy chiếu, thiết bị thu truyền hình;chiếc/đơn vị;928;928;98;34235,694;33446,639;34235,694
16200;20240101;2024;52;Nhập khẩu;Hàn Quốc;Màn hình, máy chiếu, thiết bị thu truyền hình;chiếc/đơn vị;2511;2511;1920;97140,399;95841,543;97140,399
16202;20240101;2024;52;Nhập khẩu;Trung Quốc;Màn hình, máy chiếu, thiết bị thu truyền hình;chiếc/đơn vị;1212119;1212119;7667514;260208411,3;259895881,6;260208411,3
16203;20240101;2024;52;Nhập khẩu;Ai Cập;Màn hình, máy chiếu, thiết bị thu truyền hình;chiếc/đơn vị;618;618;3474;82361,576;82361,576;82361,576
16204;20240101;2024;52;Nhập khẩu;Thế giới;Màn hình, máy chiếu, thiết bị thu truyền hình;chiếc/đơn vị;8945;8945;15425,05;1072892,803;0;1072892,803
16209;20240101;2024;52;Nhập khẩu;Hungary;Mạch tích hợp điện tử;chiếc/đơn vị;103315;103315;0;230663,574;0;230663,574
16211;20240101;2024;52;Nhập khẩu;Ý;Mạch tích hợp điện tử;chiếc/đơn vị;123623;123623;0;86949,894;0;86949,894
16213;20240101;2024;52;Nhập khẩu;Malaysia;Mạch tích hợp điện tử;chiếc/đơn vị;20146;20146;55,962;94440,13;0;94440,13
16214;20240101;2024;52;Nhập khẩu;Châu Á khác (chưa xác định);Mạch tích hợp điện tử;chiếc/đơn vị;66395;66395;68,579;111373,717;0;111373,717
16216;20240101;2024;52;Nhập khẩu;Trung Quốc;Mạch tích hợp điện tử;chiếc/đơn vị;132454350;132454350;60413,555;102804692,5;0;102804692,5
16217;20240101;2024;52;Nhập khẩu;Thái Lan;Mạch tích hợp điện tử;chiếc/đơn vị;320351;320351;0;203284,096;0;203284,096
16218;20240101;2024;52;Nhập khẩu;Vương quốc Anh;Mạch tích hợp điện tử;chiếc/đơn vị;18000;18000;0;13308,448;0;13308,448
16221;20240101;2024;52;Nhập khẩu;Trung Quốc;Mạch tích hợp điện tử;chiếc/đơn vị;64,218;0;13;917,859;635,357;917,859
16222;20240101;2024;52;Nhập khẩu;Malaysia;Mạch tích hợp điện tử;chiếc/đơn vị;40,607;0;1;67,108;54,119;67,108
16224;20240101;2024;52;Nhập khẩu;Philippines;Mạch tích hợp điện tử;chiếc/đơn vị;1168,438;0;19;1930,967;1506,674;1930,967
16232;20240101;2024;52;Nhập khẩu (hàng nước ngoài);Philippines;Máy in, máy photocopy, máy fax và phụ tùng;chiếc/đơn vị;1192;1192;9714,86;92582,722;0;92582,722
16237;20240101;2024;52;Nhập khẩu (hàng nước ngoài);Thế giới;Máy xử lý dữ liệu tự động (máy tính) và bộ phận;chiếc/đơn vị;248212;248212;162397,01;89699467,59;0;89699467,59
16238;20240101;2024;52;Nhập khẩu (hàng nước ngoài);Trung Quốc;Máy xử lý dữ liệu tự động (máy tính) và bộ phận;chiếc/đơn vị;14491;14491;10361;5452526,46;0;5452526,46
16240;20240101;2024;52;Nhập khẩu (hàng nước ngoài);Trung Quốc;Máy xử lý dữ liệu tự động (máy tính) và bộ phận;chiếc/đơn vị;233691;233691;152007,5;84229359,5;0;84229359,5
16256;20240101;2024;52;Nhập khẩu (hàng nước ngoài);Bermuda;Điện thoại (kể cả di động) và thiết bị truyền dữ liệu;chiếc/đơn vị;9109,83;0;2000;2839492,799;0;2839492,799
16265;20240101;2024;52;Nhập khẩu (hàng nước ngoài);Trung Quốc;Thiết bị phát sóng vô tuyến/truyền hình, camera;chiếc/đơn vị;224548,331;0;128248,8;22475606,57;0;22475606,57
16266;20240101;2024;52;Nhập khẩu (hàng nước ngoài);Thế giới;Màn hình, máy chiếu, thiết bị thu truyền hình;chiếc/đơn vị;81875;81875;332284,7;8869159,039;0;8869159,039
16267;20240101;2024;52;Nhập khẩu (hàng nước ngoài);Trung Quốc;Màn hình, máy chiếu, thiết bị thu truyền hình;chiếc/đơn vị;3827;3827;24417,5;503054,881;0;503054,881
16268;20240101;2024;52;Nhập khẩu (hàng nước ngoài);Hàn Quốc;Màn hình, máy chiếu, thiết bị thu truyền hình;chiếc/đơn vị;425;425;4231;167842,11;0;167842,11
16269;20240101;2024;52;Nhập khẩu (hàng nước ngoài);Trung Quốc;Màn hình, máy chiếu, thiết bị thu truyền hình;chiếc/đơn vị;77623;77623;303636,2;8198262,048;0;8198262,048
16271;20240101;2024;52;Nhập khẩu (hàng nước ngoài);Trung Quốc;Mạch tích hợp điện tử;kg;211,55;211,55;211,55;56480,997;0;56480,997
16282;20240101;2024;52;Nhập khẩu;Thế giới;Máy xử lý dữ liệu tự động (máy tính) và bộ phận;chiếc/đơn vị;248213;248213;162399,01;89699686,29;0;89699686,29
16351;20240101;2024;52;Xuất khẩu trong nước;Hồng Kông (Trung Quốc);Máy xử lý dữ liệu tự động (máy tính) và bộ phận;chiếc/đơn vị;29,773;0;151;0;15796,597;15796,597
16360;20240101;2024;52;Xuất khẩu trong nước;Singapore;Máy xử lý dữ liệu tự động (máy tính) và bộ phận;chiếc/đơn vị;14,714;0;88;0;26067,288;26067,288
16430;20240101;2024;52;Xuất khẩu trong nước;Úc;Điện thoại (kể cả di động) và thiết bị truyền dữ liệu;chiếc/đơn vị;0,181;0;1;0;49,366;49,366
16433;20240101;2024;52;Xuất khẩu trong nước;Hồng Kông (Trung Quốc);Điện thoại (kể cả di động) và thiết bị truyền dữ liệu;chiếc/đơn vị;132,195;0;103;0;34103,425;34103,425
16437;20240101;2024;52;Xuất khẩu trong nước;Ả Rập Xê Út;Điện thoại (kể cả di động) và thiết bị truyền dữ liệu;chiếc/đơn vị;552,726;0;128;0;99249,07;99249,07
16439;20240101;2024;52;Xuất khẩu trong nước;Singapore;Điện thoại (kể cả di động) và thiết bị truyền dữ liệu;chiếc/đơn vị;26,711;0;12;0;5564,862;5564,862
16463;20240101;2024;52;Xuất khẩu trong nước;Trung Quốc;Mạch tích hợp điện tử;kg;1079;1079;1079;0;95692,548;95692,548
16470;20240101;2024;52;Xuất khẩu trong nước;Indonesia;Mạch tích hợp điện tử;kg;325;325;325;0;29958,892;29958,892
16475;20240101;2024;52;Xuất khẩu trong nước;Hàn Quốc;Mạch tích hợp điện tử;kg;253;253;253;0;16107,718;16107,718
16482;20240101;2024;52;Xuất khẩu trong nước;Châu Á khác (chưa xác định);Mạch tích hợp điện tử;kg;496;496;496;0;37170,997;37170,997
16487;20240101;2024;52;Xuất khẩu trong nước;Philippines;Mạch tích hợp điện tử;kg;287;287;287;0;29820,66;29820,66
16498;20240101;2024;52;Xuất khẩu trong nước;Các Tiểu vương quốc Ả Rập Thống nhất;Mạch tích hợp điện tử;kg;799;799;799;0;27758,364;27758,364
16512;20240101;2024;52;Nhập khẩu (hàng nước ngoài);Pháp;Máy xử lý dữ liệu tự động (máy tính) và bộ phận;chiếc/đơn vị;0,424;0;40;225,158;0;225,158
16517;20240101;2024;52;Nhập khẩu (hàng nước ngoài);Nhật Bản;Máy xử lý dữ liệu tự động (máy tính) và bộ phận;chiếc/đơn vị;1,803;0;96;1226,258;0;1226,258
16521;20240101;2024;52;Nhập khẩu (hàng nước ngoài);Châu Á khác (chưa xác định);Máy xử lý dữ liệu tự động (máy tính) và bộ phận;chiếc/đơn vị;174,147;0;114;56897,027;0;56897,027
16527;20240101;2024;52;Nhập khẩu (hàng nước ngoài);Thụy Sĩ;Máy xử lý dữ liệu tự động (máy tính) và bộ phận;chiếc/đơn vị;8,584;0;30;6493,663;0;6493,663
16601;20240101;2024;52;Nhập khẩu (hàng nước ngoài);Pháp;Màn hình, máy chiếu, thiết bị thu truyền hình;chiếc/đơn vị;0,716;0;3;218,041;0;218,041
16603;20240101;2024;52;Nhập khẩu (hàng nước ngoài);Nhật Bản;Màn hình, máy chiếu, thiết bị thu truyền hình;chiếc/đơn vị;0,787;0;25;334,978;0;334,978
16610;20240101;2024;52;Nhập khẩu (hàng nước ngoài);Trung Quốc;Mạch tích hợp điện tử;chiếc/đơn vị;1978764;1978764;3489;1296875,508;0;1296875,508
16611;20240101;2024;52;Nhập khẩu (hàng nước ngoài);Pháp;Mạch tích hợp điện tử;chiếc/đơn vị;74710;74710;253;127226,255;0;127226,255
16614;20240101;2024;52;Nhập khẩu (hàng nước ngoài);Nhật Bản;Mạch tích hợp điện tử;chiếc/đơn vị;1078467;1078467;291,009;85337,516;0;85337,516
16615;20240101;2024;52;Nhập khẩu (hàng nước ngoài);Hàn Quốc;Mạch tích hợp điện tử;chiếc/đơn vị;25260;25260;76;264286,783;0;264286,783
16616;20240101;2024;52;Nhập khẩu (hàng nước ngoài);Malaysia;Mạch tích hợp điện tử;chiếc/đơn vị;153098;153098;122;167819,388;0;167819,388
16617;20240101;2024;52;Nhập khẩu (hàng nước ngoài);Mexico;Mạch tích hợp điện tử;chiếc/đơn vị;865000;865000;89;189794,131;0;189794,131
16618;20240101;2024;52;Nhập khẩu (hàng nước ngoài);Châu Á khác (chưa xác định);Mạch tích hợp điện tử;chiếc/đơn vị;415787;415787;432;330297,998;0;330297,998
16619;20240101;2024;52;Nhập khẩu (hàng nước ngoài);Hà Lan;Mạch tích hợp điện tử;chiếc/đơn vị;40000;40000;420;141491,302;0;141491,302
16620;20240101;2024;52;Nhập khẩu (hàng nước ngoài);Na Uy;Mạch tích hợp điện tử;chiếc/đơn vị;20106;20106;16;5188,267;0;5188,267
16621;20240101;2024;52;Nhập khẩu (hàng nước ngoài);Philippines;Mạch tích hợp điện tử;chiếc/đơn vị;324742;324742;202,817;75468,601;0;75468,601
16622;20240101;2024;52;Nhập khẩu (hàng nước ngoài);Singapore;Mạch tích hợp điện tử;chiếc/đơn vị;532283;532283;434;832366,756;0;832366,756
16636;20240101;2024;52;Nhập khẩu;Thế giới;Máy xử lý dữ liệu tự động (máy tính) và bộ phận;chiếc/đơn vị;184086;184086;108344,778;72041835,43;0;72041835,43
16638;20240101;2024;52;Nhập khẩu;Trung Quốc;Máy xử lý dữ liệu tự động (máy tính) và bộ phận;chiếc/đơn vị;184085;184085;108344,442;72041740,8;0;72041740,8
16727;20240101;2024;52;Nhập khẩu;Trung Quốc;Điện thoại (kể cả di động) và thiết bị truyền dữ liệu;chiếc/đơn vị;33,46;0;119,53;14099,651;0;14099,651
16730;20240101;2024;52;Nhập khẩu;Thái Lan;Điện thoại (kể cả di động) và thiết bị truyền dữ liệu;kg;1,845;0;1,845;189,257;0;189,257
16746;20240101;2024;52;Nhập khẩu;Thế giới;Thiết bị phát sóng vô tuyến/truyền hình, camera;chiếc/đơn vị;33024;33024;18157,411;4474510,041;0;4474510,041
16791;20240101;2024;52;Nhập khẩu;Thái Lan;Mạch tích hợp điện tử;chiếc/đơn vị;293834;293834;421;177509,195;0;177509,195
16976;20240101;2024;52;Xuất khẩu trong nước;Thế giới;Máy xử lý dữ liệu tự động (máy tính) và bộ phận;chiếc/đơn vị;17364;17364;14129;0;6381589,695;6381589,695
16982;20240101;2024;52;Xuất khẩu trong nước;Thế giới;Thiết bị phát sóng vô tuyến/truyền hình, camera;chiếc/đơn vị;1106;1106;2014;0;1359712,723;1359712,723
16984;20240101;2024;52;Xuất khẩu trong nước;Thế giới;Màn hình, máy chiếu, thiết bị thu truyền hình;chiếc/đơn vị;1625;1625;10060;0;428760,23;428760,23
16994;20240101;2024;52;Nhập khẩu (hàng nước ngoài);Thế giới;Máy xử lý dữ liệu tự động (máy tính) và bộ phận;chiếc/đơn vị;1240678;1240678;1028779;497287533,9;0;497287533,9
16995;20240101;2024;52;Nhập khẩu (hàng nước ngoài);Trung Quốc;Máy xử lý dữ liệu tự động (máy tính) và bộ phận;chiếc/đơn vị;335062;335062;388619;173813677,6;0;173813677,6
16999;20240101;2024;52;Nhập khẩu (hàng nước ngoài);Châu Á khác (chưa xác định);Máy xử lý dữ liệu tự động (máy tính) và bộ phận;chiếc/đơn vị;5041;5041;10427;985341,002;0;985341,002
17002;20240101;2024;52;Nhập khẩu (hàng nước ngoài);Trung Quốc;Máy xử lý dữ liệu tự động (máy tính) và bộ phận;chiếc/đơn vị;898970;898970;628570;321704345,7;0;321704345,7
17003;20240101;2024;52;Nhập khẩu (hàng nước ngoài);Thái Lan;Máy xử lý dữ liệu tự động (máy tính) và bộ phận;chiếc/đơn vị;1236;1236;868;206358,752;0;206358,752
17036;20240101;2024;52;Nhập khẩu (hàng nước ngoài);Campuchia;Điện thoại (kể cả di động) và thiết bị truyền dữ liệu;kg;3138;3138;3138;164342,509;0;164342,509
17047;20240101;2024;52;Nhập khẩu (hàng nước ngoài);Ấn Độ;Điện thoại (kể cả di động) và thiết bị truyền dữ liệu;chiếc/đơn vị;197756;197756;68689;124476230,5;0;124476230,5
17053;20240101;2024;52;Nhập khẩu (hàng nước ngoài);Thế giới;Thiết bị phát sóng vô tuyến/truyền hình, camera;chiếc/đơn vị;1390675;1390675;782273;67048689,65;0;67048689,65
17054;20240101;2024;52;Nhập khẩu (hàng nước ngoài);Trung Quốc;Thiết bị phát sóng vô tuyến/truyền hình, camera;chiếc/đơn vị;111007;111007;38534;1868737,318;0;1868737,318
17057;20240101;2024;52;Nhập khẩu (hàng nước ngoài);Trung Quốc;Thiết bị phát sóng vô tuyến/truyền hình, camera;chiếc/đơn vị;1279150;1279150;743053;64881333,63;0;64881333,63
17059;20240101;2024;52;Nhập khẩu (hàng nước ngoài);Thế giới;Màn hình, máy chiếu, thiết bị thu truyền hình;chiếc/đơn vị;197479;197479;252305;19401101,39;0;19401101,39
17064;20240101;2024;52;Nhập khẩu (hàng nước ngoài);Trung Quốc;Màn hình, máy chiếu, thiết bị thu truyền hình;chiếc/đơn vị;177610;177610;206637;16182135,7;0;16182135,7
17085;20240101;2024;52;Nhập khẩu;Thế giới;Máy xử lý dữ liệu tự động (máy tính) và bộ phận;chiếc/đơn vị;622137;622137;421358;233789356;209945843;233789356
17086;20240101;2024;52;Nhập khẩu;Trung Quốc;Máy xử lý dữ liệu tự động (máy tính) và bộ phận;chiếc/đơn vị;1107;1107;94;11967;11122;11967
17089;20240101;2024;52;Nhập khẩu;Trung Quốc;Máy xử lý dữ liệu tự động (máy tính) và bộ phận;chiếc/đơn vị;619052;619052;419922;233567738;209742544;233567738
17090;20240101;2024;52;Nhập khẩu;Thái Lan;Máy xử lý dữ liệu tự động (máy tính) và bộ phận;chiếc/đơn vị;1864;1864;1325;159293;146971;159293
17091;20240101;2024;52;Nhập khẩu;Thế giới;Máy xử lý dữ liệu tự động (máy tính) và bộ phận;chiếc/đơn vị;1240686;1240686;1028817;497324196,7;0;497324196,7
17180;20240101;2024;52;Nhập khẩu;Vương quốc Anh;Điện thoại (kể cả di động) và thiết bị truyền dữ liệu;chiếc/đơn vị;122,268;0;68;57746,967;0;57746,967
17182;20240101;2024;52;Nhập khẩu;Thế giới;Thiết bị phát sóng vô tuyến/truyền hình, camera;chiếc/đơn vị;2267780;2267780;22309;6879531;6776594;6879531
17184;20240101;2024;52;Nhập khẩu;Trung Quốc;Thiết bị phát sóng vô tuyến/truyền hình, camera;chiếc/đơn vị;5676;5676;65;27814;26510;27814
17189;20240101;2024;52;Nhập khẩu;Trung Quốc;Thiết bị phát sóng vô tuyến/truyền hình, camera;chiếc/đơn vị;2261532;2261532;22212;6838047;6737474;6838047
17190;20240101;2024;52;Nhập khẩu;Thế giới;Thiết bị phát sóng vô tuyến/truyền hình, camera;chiếc/đơn vị;1390681;1390681;782317;67150624,19;0;67150624,19
17197;20240101;2024;52;Nhập khẩu;Thế giới;Màn hình, máy chiếu, thiết bị thu truyền hình;chiếc/đơn vị;147571;147571;1105376;37149155;33430087;37149155
17199;20240101;2024;52;Nhập khẩu;Thế giới;Màn hình, máy chiếu, thiết bị thu truyền hình;chiếc/đơn vị;197480;197480;252309;19402369,69;0;19402369,69
17211;20240101;2024;52;Nhập khẩu;Hàn Quốc;Mạch tích hợp điện tử;chiếc/đơn vị;32703,805;0;25;31540;30772;31540
17230;20240101;2024;52;Xuất khẩu;Thế giới;Máy xử lý dữ liệu tự động (máy tính) và bộ phận;chiếc/đơn vị;6629;6629;27064;0;588841;588841
17244;20240101;2024;52;Xuất khẩu;Thế giới;Thiết bị phát sóng vô tuyến/truyền hình, camera;chiếc/đơn vị;1109;1109;2039;0;1378737,223;1378737,223
17256;20250101;2025;52;Nhập khẩu (hàng nước ngoài);Thế giới;Máy xử lý dữ liệu tự động (máy tính) và bộ phận;chiếc/đơn vị;183045;183045;113160,67;68340534,59;0;68340534,59
17260;20250101;2025;52;Nhập khẩu (hàng nước ngoài);Thế giới;Điện thoại (kể cả di động) và thiết bị truyền dữ liệu;Cái;0;2478537;761125,72;851675322,1;0;851675322,1
17262;20250101;2025;52;Nhập khẩu (hàng nước ngoài);Thế giới;Thiết bị phát sóng vô tuyến/truyền hình, camera;chiếc/đơn vị;1682;1682;1798,07;328490,57;0;328490,57
17264;20250101;2025;52;Nhập khẩu (hàng nước ngoài);Thế giới;Màn hình, máy chiếu, thiết bị thu truyền hình;chiếc/đơn vị;174688;174688;935263,94;39611376,65;0;39611376,65
17271;20250101;2025;52;Nhập khẩu;Thế giới;Máy xử lý dữ liệu tự động (máy tính) và bộ phận;chiếc/đơn vị;211420;211420;18255,643;10638503,81;10404506,28;10638503,81
17273;20250101;2025;52;Nhập khẩu;Nhật Bản;Máy xử lý dữ liệu tự động (máy tính) và bộ phận;chiếc/đơn vị;82510;82510;1113,503;697572,86;681639,03;697572,86
17276;20250101;2025;52;Nhập khẩu;Trung Quốc;Máy xử lý dữ liệu tự động (máy tính) và bộ phận;chiếc/đơn vị;128226;128226;16774,02;9862838,76;9653159,01;9862838,76
17280;20250101;2025;52;Nhập khẩu;Thế giới;Máy xử lý dữ liệu tự động (máy tính) và bộ phận;chiếc/đơn vị;12195;12195;310022,711;100105102,4;0;100105102,4
17282;20250101;2025;52;Nhập khẩu;Trung Quốc;Máy xử lý dữ liệu tự động (máy tính) và bộ phận;chiếc/đơn vị;12124;12124;308362,936;99569477,4;0;99569477,4
17283;20250101;2025;52;Nhập khẩu;Thế giới;Máy xử lý dữ liệu tự động (máy tính) và bộ phận;chiếc/đơn vị;232,441;0;1280,28;539912,04;0;539912,04
17324;20250101;2025;52;Nhập khẩu;Indonesia;Điện thoại (kể cả di động) và thiết bị truyền dữ liệu;kg;0,41;0,41;0,41;57,37;54,59;57,37
17335;20250101;2025;52;Nhập khẩu;Thế giới;Thiết bị phát sóng vô tuyến/truyền hình, camera;chiếc/đơn vị;591875;591875;11323,391;3134119,58;3077035,59;3134119,58
17336;20250101;2025;52;Nhập khẩu;Trung Quốc;Thiết bị phát sóng vô tuyến/truyền hình, camera;chiếc/đơn vị;267174;267174;1010,52;426246,27;416916,43;426246,27
17337;20250101;2025;52;Nhập khẩu;Hàn Quốc;Thiết bị phát sóng vô tuyến/truyền hình, camera;chiếc/đơn vị;17125;17125;101,24;127155;126504,11;127155
17338;20250101;2025;52;Nhập khẩu;Trung Quốc;Thiết bị phát sóng vô tuyến/truyền hình, camera;chiếc/đơn vị;307576;307576;10211,631;2580718,31;2533615,05;2580718,31
17343;20250101;2025;52;Nhập khẩu;Thế giới;Màn hình, máy chiếu, thiết bị thu truyền hình;chiếc/đơn vị;753496;753496;560850,36;17537865,35;17066968,03;17537865,35
17344;20250101;2025;52;Nhập khẩu;Trung Quốc;Màn hình, máy chiếu, thiết bị thu truyền hình;chiếc/đơn vị;416908;416908;18110,1;316317,33;300489,85;316317,33
17345;20250101;2025;52;Nhập khẩu;Châu Á khác (chưa xác định);Màn hình, máy chiếu, thiết bị thu truyền hình;chiếc/đơn vị;3802;3802;17809;301270;288898,72;301270
17346;20250101;2025;52;Nhập khẩu;Trung Quốc;Màn hình, máy chiếu, thiết bị thu truyền hình;chiếc/đơn vị;332786;332786;524931,26;16920278,02;16477579,46;16920278,02
17347;20250101;2025;52;Nhập khẩu;Thế giới;Màn hình, máy chiếu, thiết bị thu truyền hình;chiếc/đơn vị;174698;174698;935457,94;39613231,21;0;39613231,21
17351;20250101;2025;52;Nhập khẩu;Thế giới;Mạch tích hợp điện tử;chiếc/đơn vị;13960437;13960437;556154,04;10457079,79;9928449,68;10457079,79
17352;20250101;2025;52;Nhập khẩu;Trung Quốc;Mạch tích hợp điện tử;chiếc/đơn vị;2934295;2934295;13028,27;356431,42;335463,96;356431,42
17353;20250101;2025;52;Nhập khẩu;Hồng Kông (Trung Quốc);Mạch tích hợp điện tử;chiếc/đơn vị;2781322;2781322;10020,12;185594,99;176305,72;185594,99
17354;20250101;2025;52;Nhập khẩu;Indonesia;Mạch tích hợp điện tử;chiếc/đơn vị;30240;30240;5767,48;73374,15;69705,44;73374,15
17355;20250101;2025;52;Nhập khẩu;Nhật Bản;Mạch tích hợp điện tử;chiếc/đơn vị;11000;11000;130,49;39492,87;36342,03;39492,87
17356;20250101;2025;52;Nhập khẩu;Triều Tiên;Mạch tích hợp điện tử;chiếc/đơn vị;38360;38360;1141,98;17783,15;16894;17783,15
17357;20250101;2025;52;Nhập khẩu;Hàn Quốc;Mạch tích hợp điện tử;chiếc/đơn vị;3780111;3780111;179369,89;3476176,98;3302103,33;3476176,98
17358;20250101;2025;52;Nhập khẩu;Malaysia;Mạch tích hợp điện tử;chiếc/đơn vị;25000;25000;98,47;34340,97;31588,12;34340,97
17360;20250101;2025;52;Nhập khẩu;Châu Á khác (chưa xác định);Mạch tích hợp điện tử;chiếc/đơn vị;3517996;3517996;320966,16;5774133,08;5485325,7;5774133,08
17361;20250101;2025;52;Nhập khẩu;Hà Lan;Mạch tích hợp điện tử;chiếc/đơn vị;11120;11120;186,05;3367,69;3199,3;3367,69
17362;20250101;2025;52;Nhập khẩu;Philippines;Mạch tích hợp điện tử;chiếc/đơn vị;50000;50000;40,52;4844,57;4602,35;4844,57
17363;20250101;2025;52;Nhập khẩu;Singapore;Mạch tích hợp điện tử;chiếc/đơn vị;67860;67860;267,99;5346,43;5079,08;5346,43
17365;20250101;2025;52;Nhập khẩu;Trung Quốc;Mạch tích hợp điện tử;chiếc/đơn vị;8800;8800;41,19;939,01;892,06;939,01
17366;20250101;2025;52;Nhập khẩu;Thụy Sĩ;Mạch tích hợp điện tử;chiếc/đơn vị;85000;85000;540,2;31359,57;29790,76;31359,57
17367;20250101;2025;52;Nhập khẩu;Thái Lan;Mạch tích hợp điện tử;chiếc/đơn vị;18759;18759;1233,54;18795,32;17855,55;18795,32
17368;20250101;2025;52;Nhập khẩu;Ai Cập;Mạch tích hợp điện tử;chiếc/đơn vị;81840;81840;7775,23;107504,15;102128,94;107504,15
17369;20250101;2025;52;Nhập khẩu;Hoa Kỳ;Mạch tích hợp điện tử;chiếc/đơn vị;102000;102000;13915,42;295943,45;281104,3;295943,45
17370;20250101;2025;52;Nhập khẩu;Khu vực khác (chưa xác định);Mạch tích hợp điện tử;chiếc/đơn vị;397734;397734;1454,27;27034,12;25682,06;27034,12
17375;20250101;2025;52;Nhập khẩu (hàng nước ngoài);Tây Ban Nha;Máy in, máy photocopy, máy fax và phụ tùng;kg;3762,699;0;3762,699;0;287867,912;287867,912
17376;20250101;2025;52;Nhập khẩu (hàng nước ngoài);Thế giới;Máy xử lý dữ liệu tự động (máy tính) và bộ phận;chiếc/đơn vị;1356004;1356004;2850363,27;0;868030372,1;868030372,1
17377;20250101;2025;52;Nhập khẩu (hàng nước ngoài);Trung Quốc;Máy xử lý dữ liệu tự động (máy tính) và bộ phận;chiếc/đơn vị;36546;36546;20681,616;0;6218254,525;6218254,525
17381;20250101;2025;52;Nhập khẩu (hàng nước ngoài);Châu Á khác (chưa xác định);Máy xử lý dữ liệu tự động (máy tính) và bộ phận;chiếc/đơn vị;648;648;109,577;0;31697,936;31697,936
17383;20250101;2025;52;Nhập khẩu (hàng nước ngoài);Trung Quốc;Máy xử lý dữ liệu tự động (máy tính) và bộ phận;chiếc/đơn vị;1308943;1308943;2826177,5;0;860150738,9;860150738,9
17384;20250101;2025;52;Nhập khẩu (hàng nước ngoài);Thái Lan;Máy xử lý dữ liệu tự động (máy tính) và bộ phận;chiếc/đơn vị;8458;8458;2678,124;0;1302393,843;1302393,843
17436;20250101;2025;52;Nhập khẩu (hàng nước ngoài);Myanmar;Thiết bị phát sóng vô tuyến/truyền hình, camera;chiếc/đơn vị;2211;2211;678,023;0;275524,475;275524,475
17437;20250101;2025;52;Nhập khẩu (hàng nước ngoài);Trung Quốc;Thiết bị phát sóng vô tuyến/truyền hình, camera;chiếc/đơn vị;45148,209;0;16009,212;0;5966017,176;5966017,176
17438;20250101;2025;52;Nhập khẩu (hàng nước ngoài);Indonesia;Thiết bị phát sóng vô tuyến/truyền hình, camera;chiếc/đơn vị;2101;2101;1133,777;0;460726,75;460726,75
17440;20250101;2025;52;Nhập khẩu (hàng nước ngoài);Châu Á khác (chưa xác định);Thiết bị phát sóng vô tuyến/truyền hình, camera;chiếc/đơn vị;20489;20489;0;0;1160728,683;1160728,683
17442;20250101;2025;52;Nhập khẩu (hàng nước ngoài);Trung Quốc;Thiết bị phát sóng vô tuyến/truyền hình, camera;chiếc/đơn vị;1212302,729;0;286953,89;0;101308684,1;101308684,1
17444;20250101;2025;52;Nhập khẩu (hàng nước ngoài);Thế giới;Màn hình, máy chiếu, thiết bị thu truyền hình;chiếc/đơn vị;530106;530106;1621059,758;0;65670535,33;65670535,33
17445;20250101;2025;52;Nhập khẩu (hàng nước ngoài);Trung Quốc;Màn hình, máy chiếu, thiết bị thu truyền hình;chiếc/đơn vị;5206;5206;25890,684;0;735391,959;735391,959
17446;20250101;2025;52;Nhập khẩu (hàng nước ngoài);Hồng Kông (Trung Quốc);Màn hình, máy chiếu, thiết bị thu truyền hình;chiếc/đơn vị;2006;2006;3853,307;0;134176,649;134176,649
17448;20250101;2025;52;Nhập khẩu (hàng nước ngoài);Trung Quốc;Màn hình, máy chiếu, thiết bị thu truyền hình;chiếc/đơn vị;522888;522888;1591254,93;0;64799358,31;64799358,31
17450;20250101;2025;52;Nhập khẩu (hàng nước ngoài);Campuchia;Mạch tích hợp điện tử;chiếc/đơn vị;900;900;0;0;2299,587;2299,587
17451;20250101;2025;52;Nhập khẩu (hàng nước ngoài);Trung Quốc;Mạch tích hợp điện tử;chiếc/đơn vị;9541;9541;0;0;83836,406;83836,406
17453;20250101;2025;52;Nhập khẩu (hàng nước ngoài);Hàn Quốc;Mạch tích hợp điện tử;chiếc/đơn vị;728;728;0;0;5150,525;5150,525
17455;20250101;2025;52;Nhập khẩu (hàng nước ngoài);Châu Á khác (chưa xác định);Mạch tích hợp điện tử;chiếc/đơn vị;3854;3854;0;0;4340,526;4340,526
17456;20250101;2025;52;Nhập khẩu (hàng nước ngoài);Philippines;Mạch tích hợp điện tử;chiếc/đơn vị;14233;14233;0;0;11876,854;11876,854
17463;20250101;2025;52;Nhập khẩu;Thế giới;Máy in, máy photocopy, máy fax và phụ tùng;Cái;0;95707;287973,06;6823673,7;6644830,85;6823673,7
17464;20250101;2025;52;Nhập khẩu;Trung Quốc;Máy in, máy photocopy, máy fax và phụ tùng;Cái;0;834;3022,52;101829,8;99565,46;101829,8
17465;20250101;2025;52;Nhập khẩu;Nhật Bản;Máy in, máy photocopy, máy fax và phụ tùng;kg;113739,37;83133;113739,37;4052945,17;3969848,1;4052945,17
17466;20250101;2025;52;Nhập khẩu;Trung Quốc;Máy in, máy photocopy, máy fax và phụ tùng;Cái;0;11740;171211,17;2668898,73;2575417,29;2668898,73
17476;20250101;2025;52;Nhập khẩu;Thế giới;Máy in, máy photocopy, máy fax và phụ tùng;kg;81,81;10;81,81;716,057;680,4;716,057
17478;20250101;2025;52;Nhập khẩu;Thế giới;Máy xử lý dữ liệu tự động (máy tính) và bộ phận;chiếc/đơn vị;1356005;1356005;2850393,95;0;868038771,3;868038771,3
17489;20250101;2025;52;Nhập khẩu;Thế giới;Máy xử lý dữ liệu tự động (máy tính) và bộ phận;chiếc/đơn vị;130637;130637;199207,85;62562055,33;60317955,4;62562055,33
17490;20250101;2025;52;Nhập khẩu;Trung Quốc;Máy xử lý dữ liệu tự động (máy tính) và bộ phận;chiếc/đơn vị;1277;1277;6992,34;824114,82;799992,21;824114,82
17492;20250101;2025;52;Nhập khẩu;Trung Quốc;Máy xử lý dữ liệu tự động (máy tính) và bộ phận;chiếc/đơn vị;129287;129287;191793,74;61697679,91;59479073,77;61697679,91
17494;20250101;2025;52;Nhập khẩu;Thế giới;Máy xử lý dữ liệu tự động (máy tính) và bộ phận;chiếc/đơn vị;4174;4174;4466;1455523,36;0;1455523,36
17498;20250101;2025;52;Nhập khẩu;Hy Lạp;Máy xử lý dữ liệu tự động (máy tính) và bộ phận;chiếc/đơn vị;3856;3856;4109;1354685,925;0;1354685,925
17505;20250101;2025;52;Nhập khẩu;Thế giới;Máy xử lý dữ liệu tự động (máy tính) và bộ phận;chiếc/đơn vị;472558;472558;141699,103;184082859;176984835;184082859
17507;20250101;2025;52;Nhập khẩu;Trung Quốc;Máy xử lý dữ liệu tự động (máy tính) và bộ phận;chiếc/đơn vị;12102;12102;4488,374;2892648;2756984;2892648
17510;20250101;2025;52;Nhập khẩu;Trung Quốc;Máy xử lý dữ liệu tự động (máy tính) và bộ phận;chiếc/đơn vị;429908;429908;117576;178627541;171665344;178627541
17511;20250101;2025;52;Nhập khẩu;Thái Lan;Máy xử lý dữ liệu tự động (máy tính) và bộ phận;chiếc/đơn vị;30487;30487;19586;2549795;2549644;2549795
17513;20250101;2025;52;Nhập khẩu;Thế giới;Máy xử lý dữ liệu tự động (máy tính) và bộ phận;chiếc/đơn vị;12833;12833;1116;377808,944;365571,525;377808,944
17627;20250101;2025;52;Nhập khẩu;Thế giới;Điện thoại (kể cả di động) và thiết bị truyền dữ liệu;Cái;0;1875252;805554,52;302425364,9;296486072,4;302425364,9
17628;20250101;2025;52;Nhập khẩu;Trung Quốc;Điện thoại (kể cả di động) và thiết bị truyền dữ liệu;Cái;0;28810;30113,9;1513345,75;1415115,38;1513345,75
17629;20250101;2025;52;Nhập khẩu;Kenya;Điện thoại (kể cả di động) và thiết bị truyền dữ liệu;Cái;0;212;4,45;3065,3;2886,4;3065,3
17632;20250101;2025;52;Nhập khẩu;Trung Quốc;Điện thoại (kể cả di động) và thiết bị truyền dữ liệu;Cái;0;1843753;771669,7;300536407,8;294711153,1;300536407,8
17634;20250101;2025;52;Nhập khẩu;Hoa Kỳ;Điện thoại (kể cả di động) và thiết bị truyền dữ liệu;chiếc/đơn vị;2400;2400;3730,05;358256,52;345288;358256,52
17639;20250101;2025;52;Nhập khẩu;Đức;Điện thoại (kể cả di động) và thiết bị truyền dữ liệu;chiếc/đơn vị;418,294;0;145;186724,062;0;186724,062
17642;20250101;2025;52;Nhập khẩu;Ba Lan;Điện thoại (kể cả di động) và thiết bị truyền dữ liệu;chiếc/đơn vị;1881;1881;771;453412,511;0;453412,511
17648;20250101;2025;52;Nhập khẩu;Đức;Điện thoại (kể cả di động) và thiết bị truyền dữ liệu;kg;1,929;0;1,929;87;87;87
17649;20250101;2025;52;Nhập khẩu;Hàn Quốc;Điện thoại (kể cả di động) và thiết bị truyền dữ liệu;kg;14,183;0;14,183;2366;2279;2366
17654;20250101;2025;52;Nhập khẩu;Thế giới;Điện thoại (kể cả di động) và thiết bị truyền dữ liệu;chiếc/đơn vị;45936;45936;28262,27;6503484,677;6328834,296;6503484,677
17655;20250101;2025;52;Nhập khẩu;Trung Quốc;Điện thoại (kể cả di động) và thiết bị truyền dữ liệu;chiếc/đơn vị;35536;35536;24262,37;2706649,811;2627623,851;2706649,811
17656;20250101;2025;52;Nhập khẩu;Trung Quốc;Điện thoại (kể cả di động) và thiết bị truyền dữ liệu;chiếc/đơn vị;10400;10400;3999,9;3796834,866;3701210,445;3796834,866
17666;20250101;2025;52;Nhập khẩu;Thế giới;Thiết bị phát sóng vô tuyến/truyền hình, camera;chiếc/đơn vị;548;548;1388,33;75200,35;74194,67;75200,35
17674;20250101;2025;52;Nhập khẩu;Thế giới;Thiết bị phát sóng vô tuyến/truyền hình, camera;chiếc/đơn vị;10089;10089;3723,378;1251065;1221677;1251065
17675;20250101;2025;52;Nhập khẩu;Trung Quốc;Thiết bị phát sóng vô tuyến/truyền hình, camera;chiếc/đơn vị;4082;4082;1650;560647;556121;560647
17676;20250101;2025;52;Nhập khẩu;Hàn Quốc;Thiết bị phát sóng vô tuyến/truyền hình, camera;chiếc/đơn vị;1265;1265;78;103852;100011;103852
17679;20250101;2025;52;Nhập khẩu;Trung Quốc;Thiết bị phát sóng vô tuyến/truyền hình, camera;chiếc/đơn vị;4739;4739;1993;582630;561623;582630
17685;20250101;2025;52;Nhập khẩu;Thế giới;Màn hình, máy chiếu, thiết bị thu truyền hình;chiếc/đơn vị;129013;129013;285870,13;8860592,44;8706721,67;8860592,44
17687;20250101;2025;52;Nhập khẩu;Thế giới;Màn hình, máy chiếu, thiết bị thu truyền hình;chiếc/đơn vị;1393;1393;16471;342471,897;0;342471,897
17691;20250101;2025;52;Nhập khẩu;Thế giới;Màn hình, máy chiếu, thiết bị thu truyền hình;chiếc/đơn vị;134197;134197;535471;9818158;9637707;9818158
17692;20250101;2025;52;Nhập khẩu;Trung Quốc;Màn hình, máy chiếu, thiết bị thu truyền hình;chiếc/đơn vị;53345;53345;11213;956708;948122;956708
17693;20250101;2025;52;Nhập khẩu;Trung Quốc;Màn hình, máy chiếu, thiết bị thu truyền hình;chiếc/đơn vị;80852;80852;524258;8861450;8689585;8861450
17694;20250101;2025;52;Nhập khẩu;Thế giới;Màn hình, máy chiếu, thiết bị thu truyền hình;chiếc/đơn vị;5329;5329;143956,111;3186364,177;2984178,13;3186364,177
17695;20250101;2025;52;Nhập khẩu;Trung Quốc;Màn hình, máy chiếu, thiết bị thu truyền hình;chiếc/đơn vị;1578;1578;58854,31;1284848,509;1205941,995;1284848,509
17696;20250101;2025;52;Nhập khẩu;Mexico;Màn hình, máy chiếu, thiết bị thu truyền hình;chiếc/đơn vị;1313;1313;35272,66;844024,091;780815,256;844024,091
17697;20250101;2025;52;Nhập khẩu;Trung Quốc;Màn hình, máy chiếu, thiết bị thu truyền hình;chiếc/đơn vị;2258;2258;47900,57;1013367,078;957475,279;1013367,078
17719;20250101;2025;52;Nhập khẩu;Quần đảo Virgin thuộc Anh;Mạch tích hợp điện tử;chiếc/đơn vị;67,841;0;0,304;56;56;56
17721;20250101;2025;52;Nhập khẩu;Trung Quốc;Mạch tích hợp điện tử;chiếc/đơn vị;11785,481;0;61,569;74802;74769;74802
17729;20250101;2025;52;Nhập khẩu;Thế giới;Mạch tích hợp điện tử;Cái;0;2595;65,03;15808,619;14261,28;15808,619
17734;20250101;2025;52;Nhập khẩu;Vương quốc Anh;Máy in, máy photocopy, máy fax và phụ tùng;kg;11,623;0;11,623;3403,109;0;3403,109
17738;20250101;2025;52;Nhập khẩu;Thế giới;Máy xử lý dữ liệu tự động (máy tính) và bộ phận;chiếc/đơn vị;1852;1852;17408,061;6541701,322;0;6541701,322
17742;20250101;2025;52;Nhập khẩu;Trung Quốc;Máy xử lý dữ liệu tự động (máy tính) và bộ phận;chiếc/đơn vị;1817;1817;17318;6506556,691;0;6506556,691
17743;20250101;2025;52;Nhập khẩu;Thế giới;Máy xử lý dữ liệu tự động (máy tính) và bộ phận;chiếc/đơn vị;1030550;1030550;582322,641;267995484,5;0;267995484,5
17750;20250101;2025;52;Nhập khẩu;Trung Quốc;Máy xử lý dữ liệu tự động (máy tính) và bộ phận;chiếc/đơn vị;1025589;1025589;581661,704;267623563,1;0;267623563,1
17753;20250101;2025;52;Nhập khẩu;Khu vực khác (chưa xác định);Máy xử lý dữ liệu tự động (máy tính) và bộ phận;chiếc/đơn vị;1093;1093;109,065;161490,164;0;161490,164
17805;20250101;2025;52;Nhập khẩu;Châu Á khác (chưa xác định);Điện thoại (kể cả di động) và thiết bị truyền dữ liệu;chiếc/đơn vị;2,213;0;6;533,134;0;533,134
17810;20250101;2025;52;Nhập khẩu;Thế giới;Thiết bị phát sóng vô tuyến/truyền hình, camera;chiếc/đơn vị;25365;25365;6972;2327888,21;0;2327888,21
17812;20250101;2025;52;Nhập khẩu;Trung Quốc;Thiết bị phát sóng vô tuyến/truyền hình, camera;chiếc/đơn vị;25363;25363;6967;2327734,37;0;2327734,37
17814;20250101;2025;52;Nhập khẩu;Thế giới;Thiết bị phát sóng vô tuyến/truyền hình, camera;chiếc/đơn vị;11645;11645;6848,214;1712965,615;0;1712965,615
17817;20250101;2025;52;Nhập khẩu;Trung Quốc;Thiết bị phát sóng vô tuyến/truyền hình, camera;chiếc/đơn vị;11461;11461;6773,148;1687274,609;0;1687274,609
17821;20250101;2025;52;Nhập khẩu;Thế giới;Màn hình, máy chiếu, thiết bị thu truyền hình;chiếc/đơn vị;738616;738616;1239500;46437143,91;0;46437143,91
17822;20250101;2025;52;Nhập khẩu;Trung Quốc;Màn hình, máy chiếu, thiết bị thu truyền hình;chiếc/đơn vị;19723;19723;21329;1124616,692;0;1124616,692
17823;20250101;2025;52;Nhập khẩu;Trung Quốc;Màn hình, máy chiếu, thiết bị thu truyền hình;chiếc/đơn vị;718893;718893;1218171;45312527,21;0;45312527,21
17824;20250101;2025;52;Nhập khẩu;Thế giới;Mạch tích hợp điện tử;chiếc/đơn vị;5143,27;0;0,431;4245,58;0;4245,58
17830;20250101;2025;52;Nhập khẩu;Châu Âu khác (chưa xác định);Mạch tích hợp điện tử;chiếc/đơn vị;549,952;0;1,051;592,21;0;592,21
17834;20250101;2025;52;Nhập khẩu;Trung Quốc;Mạch tích hợp điện tử;chiếc/đơn vị;6978,7;0;12,154;9812,68;0;9812,68
17842;20250101;2025;52;Nhập khẩu;Khu vực khác (chưa xác định);Mạch tích hợp điện tử;chiếc/đơn vị;162862,003;0;302,067;209515,107;0;209515,107
17859;20250101;2025;52;Xuất khẩu;Estonia;Máy in, máy photocopy, máy fax và phụ tùng;chiếc/đơn vị;806;806;17624;0;236290,16;236290,16
17879;20250101;2025;52;Xuất khẩu;Thế giới;Máy xử lý dữ liệu tự động (máy tính) và bộ phận;chiếc/đơn vị;7956;7956;3751;0;1417167,313;1417167,313
17880;20250101;2025;52;Xuất khẩu;Áo;Máy xử lý dữ liệu tự động (máy tính) và bộ phận;chiếc/đơn vị;434;434;404;0;246047,069;246047,069
17893;20250101;2025;52;Xuất khẩu;Hà Lan;Máy xử lý dữ liệu tự động (máy tính) và bộ phận;chiếc/đơn vị;3436;3436;494;0;20222,014;20222,014
17894;20250101;2025;52;Xuất khẩu;Ba Lan;Máy xử lý dữ liệu tự động (máy tính) và bộ phận;chiếc/đơn vị;392;392;282;0;101804,76;101804,76
17899;20250101;2025;52;Xuất khẩu;Thụy Điển;Máy xử lý dữ liệu tự động (máy tính) và bộ phận;chiếc/đơn vị;815;815;976;0;327175,342;327175,342
17900;20250101;2025;52;Xuất khẩu;Thế giới;Máy xử lý dữ liệu tự động (máy tính) và bộ phận;chiếc/đơn vị;164157;164157;132336,149;0;67151331,87;67151331,87
17901;20250101;2025;52;Xuất khẩu;Áo;Máy xử lý dữ liệu tự động (máy tính) và bộ phận;chiếc/đơn vị;1479;1479;1678;0;854599,681;854599,681
17902;20250101;2025;52;Xuất khẩu;Bỉ;Máy xử lý dữ liệu tự động (máy tính) và bộ phận;chiếc/đơn vị;8942;8942;10841;0;3380848,976;3380848,976
17906;20250101;2025;52;Xuất khẩu;Séc;Máy xử lý dữ liệu tự động (máy tính) và bộ phận;chiếc/đơn vị;4085;4085;2169;0;1322468,536;1322468,536
17907;20250101;2025;52;Xuất khẩu;Đan Mạch;Máy xử lý dữ liệu tự động (máy tính) và bộ phận;chiếc/đơn vị;4752;4752;4336;0;2298480,795;2298480,795
17910;20250101;2025;52;Xuất khẩu;Đức;Máy xử lý dữ liệu tự động (máy tính) và bộ phận;chiếc/đơn vị;65779;65779;42553,149;0;17900332,34;17900332,34
17914;20250101;2025;52;Xuất khẩu;Ý;Máy xử lý dữ liệu tự động (máy tính) và bộ phận;chiếc/đơn vị;18101;18101;15455;0;9154628,965;9154628,965
17919;20250101;2025;52;Xuất khẩu;Hà Lan;Máy xử lý dữ liệu tự động (máy tính) và bộ phận;chiếc/đơn vị;11789;11789;7888;0;6429275,667;6429275,667
17920;20250101;2025;52;Xuất khẩu;Ba Lan;Máy xử lý dữ liệu tự động (máy tính) và bộ phận;chiếc/đơn vị;15045;15045;16875;0;8349891,435;8349891,435
17922;20250101;2025;52;Xuất khẩu;Romania;Máy xử lý dữ liệu tự động (máy tính) và bộ phận;chiếc/đơn vị;130;130;132;0;73846,734;73846,734
17923;20250101;2025;52;Xuất khẩu;Slovakia;Máy xử lý dữ liệu tự động (máy tính) và bộ phận;chiếc/đơn vị;2161;2161;1690;0;421422,583;421422,583
17925;20250101;2025;52;Xuất khẩu;Tây Ban Nha;Máy xử lý dữ liệu tự động (máy tính) và bộ phận;chiếc/đơn vị;21131;21131;18857;0;11503469,98;11503469,98
17926;20250101;2025;52;Xuất khẩu;Thụy Điển;Máy xử lý dữ liệu tự động (máy tính) và bộ phận;chiếc/đơn vị;5040;5040;5117;0;2859196,433;2859196,433
17986;20250101;2025;52;Xuất khẩu;Đan Mạch;Điện thoại (kể cả di động) và thiết bị truyền dữ liệu;chiếc/đơn vị;355,237;0;172,105;0;147115,438;147115,438
17987;20250101;2025;52;Xuất khẩu;Estonia;Điện thoại (kể cả di động) và thiết bị truyền dữ liệu;chiếc/đơn vị;1950,817;0;626;0;227472,041;227472,041
17988;20250101;2025;52;Xuất khẩu;Pháp;Điện thoại (kể cả di động) và thiết bị truyền dữ liệu;chiếc/đơn vị;3471,612;0;1117;0;858647,648;858647,648
17989;20250101;2025;52;Xuất khẩu;Đức;Điện thoại (kể cả di động) và thiết bị truyền dữ liệu;chiếc/đơn vị;1265,389;0;544;0;484981,217;484981,217
17991;20250101;2025;52;Xuất khẩu;Latvia;Điện thoại (kể cả di động) và thiết bị truyền dữ liệu;chiếc/đơn vị;141,416;0;50,659;0;57917,226;57917,226
17992;20250101;2025;52;Xuất khẩu;Litva;Điện thoại (kể cả di động) và thiết bị truyền dữ liệu;chiếc/đơn vị;174,072;0;96;0;72720,915;72720,915
17994;20250101;2025;52;Xuất khẩu;Ba Lan;Điện thoại (kể cả di động) và thiết bị truyền dữ liệu;chiếc/đơn vị;567,674;0;684;0;263952,863;263952,863
18034;20250101;2025;52;Xuất khẩu;Thế giới;Thiết bị phát sóng vô tuyến/truyền hình, camera;chiếc/đơn vị;27906;27906;16435;0;2819248,118;2819248,118
18035;20250101;2025;52;Xuất khẩu;Áo;Thiết bị phát sóng vô tuyến/truyền hình, camera;chiếc/đơn vị;561;561;240;0;54768,802;54768,802
18036;20250101;2025;52;Xuất khẩu;Bỉ;Thiết bị phát sóng vô tuyến/truyền hình, camera;chiếc/đơn vị;718;718;718;0;169018,99;169018,99
18040;20250101;2025;52;Xuất khẩu;Séc;Thiết bị phát sóng vô tuyến/truyền hình, camera;chiếc/đơn vị;678;678;285;0;18270,494;18270,494
18041;20250101;2025;52;Xuất khẩu;Đan Mạch;Thiết bị phát sóng vô tuyến/truyền hình, camera;chiếc/đơn vị;1097;1097;677;0;91272,565;91272,565
18044;20250101;2025;52;Xuất khẩu;Đức;Thiết bị phát sóng vô tuyến/truyền hình, camera;chiếc/đơn vị;10492;10492;4955;0;1131999,296;1131999,296
18048;20250101;2025;52;Xuất khẩu;Ý;Thiết bị phát sóng vô tuyến/truyền hình, camera;chiếc/đơn vị;890;890;626;0;163611,774;163611,774
18053;20250101;2025;52;Xuất khẩu;Hà Lan;Thiết bị phát sóng vô tuyến/truyền hình, camera;chiếc/đơn vị;1585;1585;3442;0;387956,796;387956,796
18059;20250101;2025;52;Xuất khẩu;Tây Ban Nha;Thiết bị phát sóng vô tuyến/truyền hình, camera;chiếc/đơn vị;10343;10343;4701;0;487064,222;487064,222
18061;20250101;2025;52;Xuất khẩu;Thế giới;Màn hình, máy chiếu, thiết bị thu truyền hình;chiếc/đơn vị;2268;2268;14138;0;830786,619;830786,619
18067;20250101;2025;52;Xuất khẩu;Thụy Điển;Màn hình, máy chiếu, thiết bị thu truyền hình;chiếc/đơn vị;1951;1951;10492;0;684957,121;684957,121
18068;20250101;2025;52;Xuất khẩu;Thế giới;Màn hình, máy chiếu, thiết bị thu truyền hình;chiếc/đơn vị;27323;27323;174140,053;0;6342507,187;6342507,187
18070;20250101;2025;52;Xuất khẩu;Bỉ;Màn hình, máy chiếu, thiết bị thu truyền hình;chiếc/đơn vị;6079;6079;14724;0;1336708,936;1336708,936
18077;20250101;2025;52;Xuất khẩu;Đức;Màn hình, máy chiếu, thiết bị thu truyền hình;chiếc/đơn vị;5098;5098;38573;0;1216108,37;1216108,37
18080;20250101;2025;52;Xuất khẩu;Ý;Màn hình, máy chiếu, thiết bị thu truyền hình;chiếc/đơn vị;8444;8444;49805;0;1575686,896;1575686,896
18086;20250101;2025;52;Xuất khẩu;Ba Lan;Màn hình, máy chiếu, thiết bị thu truyền hình;chiếc/đơn vị;2667;2667;17653,053;0;478633,724;478633,724
18129;20250101;2025;52;Nhập khẩu;Nhật Bản;Máy in, máy photocopy, máy fax và phụ tùng;kg;5371;5371;5371;96237,887;0;96237,887
18133;20250101;2025;52;Nhập khẩu;Thái Lan;Máy in, máy photocopy, máy fax và phụ tùng;kg;0,182;0;0,182;13,534;0;13,534
18134;20250101;2025;52;Nhập khẩu;Vương quốc Anh;Máy in, máy photocopy, máy fax và phụ tùng;kg;2453,602;0;2453,602;83220,746;0;83220,746
18136;20250101;2025;52;Nhập khẩu;Thế giới;Máy xử lý dữ liệu tự động (máy tính) và bộ phận;chiếc/đơn vị;1129345;1129345;1066687;523665037;0;523665037
18137;20250101;2025;52;Nhập khẩu;Trung Quốc;Máy xử lý dữ liệu tự động (máy tính) và bộ phận;chiếc/đơn vị;27062;27062;52015;18370955,18;0;18370955,18
18144;20250101;2025;52;Nhập khẩu;Châu Á khác (chưa xác định);Máy xử lý dữ liệu tự động (máy tính) và bộ phận;chiếc/đơn vị;1128;1128;869;228994,801;0;228994,801
18145;20250101;2025;52;Nhập khẩu;Trung Quốc;Máy xử lý dữ liệu tự động (máy tính) và bộ phận;chiếc/đơn vị;1085165;1085165;1001833;500836023,9;0;500836023,9
18146;20250101;2025;52;Nhập khẩu;Thái Lan;Máy xử lý dữ liệu tự động (máy tính) và bộ phận;chiếc/đơn vị;15767;15767;10749;3351690,929;0;3351690,929
18195;20250101;2025;52;Nhập khẩu;Hàn Quốc;Điện thoại (kể cả di động) và thiết bị truyền dữ liệu;chiếc/đơn vị;378,57;0;392;154613,357;0;154613,357
18197;20250101;2025;52;Nhập khẩu;Châu Á khác (chưa xác định);Điện thoại (kể cả di động) và thiết bị truyền dữ liệu;chiếc/đơn vị;316,07;0;828;124012,169;0;124012,169
18208;20250101;2025;52;Nhập khẩu;Trung Quốc;Thiết bị phát sóng vô tuyến/truyền hình, camera;chiếc/đơn vị;326356,108;0;252725;93540141,06;0;93540141,06
18211;20250101;2025;52;Nhập khẩu;Thế giới;Màn hình, máy chiếu, thiết bị thu truyền hình;chiếc/đơn vị;473562;473562;1488848;53010510,5;0;53010510,5
18214;20250101;2025;52;Nhập khẩu;Trung Quốc;Màn hình, máy chiếu, thiết bị thu truyền hình;chiếc/đơn vị;473356;473356;1488394;52965019,94;0;52965019,94
18217;20250101;2025;52;Nhập khẩu;Trung Quốc;Mạch tích hợp điện tử;chiếc/đơn vị;4866,477;0;135,05;13661,008;0;13661,008
18219;20250101;2025;52;Nhập khẩu;Hồng Kông (Trung Quốc);Mạch tích hợp điện tử;chiếc/đơn vị;82,627;0;0,037;68,205;0;68,205
18223;20250101;2025;52;Nhập khẩu;Malaysia;Mạch tích hợp điện tử;chiếc/đơn vị;746547,335;0;12,029;119519,679;0;119519,679
18224;20250101;2025;52;Nhập khẩu;Mexico;Mạch tích hợp điện tử;chiếc/đơn vị;27004,892;0;7;22291,544;0;22291,544
18225;20250101;2025;52;Nhập khẩu;Châu Á khác (chưa xác định);Mạch tích hợp điện tử;chiếc/đơn vị;4582,217;0;8,093;5043,086;0;5043,086
18228;20250101;2025;52;Nhập khẩu;Singapore;Mạch tích hợp điện tử;chiếc/đơn vị;187,66;0;0,084;154,907;0;154,907
18235;20250101;2025;52;Xuất khẩu trong nước;Thế giới;Máy xử lý dữ liệu tự động (máy tính) và bộ phận;chiếc/đơn vị;20,507;0;1455,203;0;102696,348;102696,348
18252;20250101;2025;52;Nhập khẩu (hàng nước ngoài);Thế giới;Màn hình, máy chiếu, thiết bị thu truyền hình;chiếc/đơn vị;0,634;0;0,594;29,267;24,376;29,267
18271;20250101;2025;52;Nhập khẩu;Trung Quốc;Máy xử lý dữ liệu tự động (máy tính) và bộ phận;chiếc/đơn vị;264,601;0;212,51;145219,552;0;145219,552
18272;20250101;2025;52;Nhập khẩu;Thế giới;Máy xử lý dữ liệu tự động (máy tính) và bộ phận;chiếc/đơn vị;40266;40266;36912;11158233,11;0;11158233,11
18274;20250101;2025;52;Nhập khẩu;Trung Quốc;Máy xử lý dữ liệu tự động (máy tính) và bộ phận;chiếc/đơn vị;40265;40265;36911;11157796,94;0;11157796,94
18277;20250101;2025;52;Nhập khẩu;Thế giới;Máy xử lý dữ liệu tự động (máy tính) và bộ phận;chiếc/đơn vị;1292;1292;1264;290520,572;0;290520,572
18287;20250101;2025;52;Nhập khẩu;Trung Quốc;Máy xử lý dữ liệu tự động (máy tính) và bộ phận;chiếc/đơn vị;793;793;442;105684,035;0;105684,035
18330;20250101;2025;52;Nhập khẩu;Thế giới;Điện thoại (kể cả di động) và thiết bị truyền dữ liệu;chiếc/đơn vị;21406,023;0;8388,685;8472370,836;0;8472370,836
18336;20250101;2025;52;Nhập khẩu;Thế giới;Điện thoại (kể cả di động) và thiết bị truyền dữ liệu;chiếc/đơn vị;2599;2599;1158,668;778599,108;769456,991;778599,108
18338;20250101;2025;52;Nhập khẩu;Trung Quốc;Điện thoại (kể cả di động) và thiết bị truyền dữ liệu;chiếc/đơn vị;1493;1493;914,205;647329,859;639612,424;647329,859
18348;20250101;2025;52;Nhập khẩu;Ba Lan;Điện thoại (kể cả di động) và thiết bị truyền dữ liệu;chiếc/đơn vị;26,765;0;42;11551,539;0;11551,539
18350;20250101;2025;52;Nhập khẩu;Trung Quốc;Điện thoại (kể cả di động) và thiết bị truyền dữ liệu;chiếc/đơn vị;9,86;0;18;8826,679;0;8826,679
18358;20250101;2025;52;Nhập khẩu;Thế giới;Thiết bị phát sóng vô tuyến/truyền hình, camera;chiếc/đơn vị;371;371;181;61335,679;0;61335,679
18368;20250101;2025;52;Nhập khẩu;Thế giới;Màn hình, máy chiếu, thiết bị thu truyền hình;chiếc/đơn vị;2503;2503;30985;623039,928;0;623039,928
18383;20250101;2025;52;Nhập khẩu;Trung Quốc;Mạch tích hợp điện tử;chiếc/đơn vị;418,123;0;11,702;1561,637;0;1561,637
18404;20250101;2025;52;Xuất khẩu;Thế giới;Máy xử lý dữ liệu tự động (máy tính) và bộ phận;chiếc/đơn vị;39,928;0;87;0;22873,278;22873,278
18405;20250101;2025;52;Xuất khẩu;Qatar;Máy xử lý dữ liệu tự động (máy tính) và bộ phận;chiếc/đơn vị;38,596;0;80;0;22181,532;22181,532
18406;20250101;2025;52;Xuất khẩu;Các Tiểu vương quốc Ả Rập Thống nhất;Máy xử lý dữ liệu tự động (máy tính) và bộ phận;chiếc/đơn vị;1,331;0;7;0;691,745;691,745
18436;20250101;2025;52;Xuất khẩu;Oman;Điện thoại (kể cả di động) và thiết bị truyền dữ liệu;chiếc/đơn vị;44,443;0;70,8;0;18513,977;18513,977
18440;20250101;2025;52;Xuất khẩu;Slovenia;Điện thoại (kể cả di động) và thiết bị truyền dữ liệu;chiếc/đơn vị;29,778;0;21,9;0;13136,636;13136,636
18447;20250101;2025;52;Xuất khẩu;Đức;Điện thoại (kể cả di động) và thiết bị truyền dữ liệu;chiếc/đơn vị;0,602;0;1;0;168,586;168,586
18449;20250101;2025;52;Xuất khẩu;Slovakia;Điện thoại (kể cả di động) và thiết bị truyền dữ liệu;chiếc/đơn vị;20,649;0;9;0;8843,201;8843,201
18467;20250101;2025;52;Xuất khẩu trong nước;Ý;Máy in, máy photocopy, máy fax và phụ tùng;kg;3778;3778;3778;0;537648,837;537648,837
18470;20250101;2025;52;Xuất khẩu trong nước;Thế giới;Máy xử lý dữ liệu tự động (máy tính) và bộ phận;chiếc/đơn vị;13927;13927;9552,157;0;4812053,454;4812053,454
18471;20250101;2025;52;Xuất khẩu trong nước;Pháp;Máy xử lý dữ liệu tự động (máy tính) và bộ phận;chiếc/đơn vị;12847;12847;8281;0;4385049,38;4385049,38
18475;20250101;2025;52;Xuất khẩu trong nước;Tây Ban Nha;Máy xử lý dữ liệu tự động (máy tính) và bộ phận;chiếc/đơn vị;592;592;594;0;296073,246;296073,246
18496;20250101;2025;52;Xuất khẩu trong nước;Đức;Điện thoại (kể cả di động) và thiết bị truyền dữ liệu;chiếc/đơn vị;16823,964;0;4446;0;8258927,811;8258927,811
18504;20250101;2025;52;Xuất khẩu trong nước;Thế giới;Thiết bị phát sóng vô tuyến/truyền hình, camera;chiếc/đơn vị;1130;1130;1122,964;0;96782,216;96782,216
18506;20250101;2025;52;Xuất khẩu trong nước;Tây Ban Nha;Thiết bị phát sóng vô tuyến/truyền hình, camera;chiếc/đơn vị;1030;1030;1115;0;95335,972;95335,972
18509;20250101;2025;52;Xuất khẩu trong nước;Thế giới;Màn hình, máy chiếu, thiết bị thu truyền hình;chiếc/đơn vị;971;971;15121;0;795653,153;795653,153
18551;20250101;2025;52;Nhập khẩu;Trung Quốc;Máy in, máy photocopy, máy fax và phụ tùng;kg;18,5;18,5;18,5;2952;2833,01;2952
18556;20250101;2025;52;Nhập khẩu;Trung Quốc;Máy xử lý dữ liệu tự động (máy tính) và bộ phận;chiếc/đơn vị;9,092;0;9;4990,151;0;4990,151
18559;20250101;2025;52;Nhập khẩu;Trung Quốc;Máy xử lý dữ liệu tự động (máy tính) và bộ phận;chiếc/đơn vị;4529,017;0;9611;3256356,666;0;3256356,666
18561;20250101;2025;52;Nhập khẩu;Thế giới;Máy xử lý dữ liệu tự động (máy tính) và bộ phận;chiếc/đơn vị;7164,564;0;12790,54;4009537,25;3838452,88;4009537,25
18563;20250101;2025;52;Nhập khẩu;Thế giới;Máy xử lý dữ liệu tự động (máy tính) và bộ phận;chiếc/đơn vị;112746,88;0;100982,349;39670828,38;0;39670828,38
18569;20250101;2025;52;Nhập khẩu;Ireland;Máy xử lý dữ liệu tự động (máy tính) và bộ phận;chiếc/đơn vị;1186;1186;128;407047,124;0;407047,124
18570;20250101;2025;52;Nhập khẩu;Ý;Máy xử lý dữ liệu tự động (máy tính) và bộ phận;chiếc/đơn vị;3283;3283;9205;1983893,276;0;1983893,276
18571;20250101;2025;52;Nhập khẩu;Hà Lan;Máy xử lý dữ liệu tự động (máy tính) và bộ phận;chiếc/đơn vị;11525;11525;7951;2846347,654;0;2846347,654
18574;20250101;2025;52;Nhập khẩu;Trung Quốc;Máy xử lý dữ liệu tự động (máy tính) và bộ phận;chiếc/đơn vị;81105,88;0;59301,516;28678259,31;0;28678259,31
18575;20250101;2025;52;Nhập khẩu;Tây Ban Nha;Máy xử lý dữ liệu tự động (máy tính) và bộ phận;chiếc/đơn vị;12612;12612;14934;4620402,265;0;4620402,265
18577;20250101;2025;52;Nhập khẩu;Thế giới;Máy xử lý dữ liệu tự động (máy tính) và bộ phận;chiếc/đơn vị;80126;80126;72242,903;22572647,09;21662809,09;22572647,09
18581;20250101;2025;52;Nhập khẩu;Séc;Máy xử lý dữ liệu tự động (máy tính) và bộ phận;chiếc/đơn vị;1143;1143;431,963;157172,58;150837,4;157172,58
18584;20250101;2025;52;Nhập khẩu;Đức;Máy xử lý dữ liệu tự động (máy tính) và bộ phận;chiếc/đơn vị;6062;6062;23673;2394446,99;2297933,77;2394446,99
18585;20250101;2025;52;Nhập khẩu;Hy Lạp;Máy xử lý dữ liệu tự động (máy tính) và bộ phận;chiếc/đơn vị;2353;2353;1221;418367,38;401504,19;418367,38
18586;20250101;2025;52;Nhập khẩu;Hungary;Máy xử lý dữ liệu tự động (máy tính) và bộ phận;chiếc/đơn vị;177;177;2523;147885,73;141924,89;147885,73
18587;20250101;2025;52;Nhập khẩu;Ý;Máy xử lý dữ liệu tự động (máy tính) và bộ phận;chiếc/đơn vị;1956;1956;6710;613602,29;588869,75;613602,29
18589;20250101;2025;52;Nhập khẩu;Châu Á khác (chưa xác định);Máy xử lý dữ liệu tự động (máy tính) và bộ phận;chiếc/đơn vị;4515;4515;91,29;13465,5;12922,74;13465,5
18590;20250101;2025;52;Nhập khẩu;Hà Lan;Máy xử lý dữ liệu tự động (máy tính) và bộ phận;chiếc/đơn vị;8404;8404;6931;3370961,28;3235087,61;3370961,28
18592;20250101;2025;52;Nhập khẩu;Ba Lan;Máy xử lý dữ liệu tự động (máy tính) và bộ phận;chiếc/đơn vị;779;779;252;112344,97;107816,69;112344,97
18593;20250101;2025;52;Nhập khẩu;Slovakia;Máy xử lý dữ liệu tự động (máy tính) và bộ phận;chiếc/đơn vị;46609;46609;26929;13710342,88;13157718,68;13710342,88
18594;20250101;2025;52;Nhập khẩu;Trung Quốc;Máy xử lý dữ liệu tự động (máy tính) và bộ phận;chiếc/đơn vị;4312;4312;1311,75;862327,4;827569,48;862327,4
18595;20250101;2025;52;Nhập khẩu;Tây Ban Nha;Máy xử lý dữ liệu tự động (máy tính) và bộ phận;chiếc/đơn vị;639;639;210;269003,51;258160,74;269003,51
18596;20250101;2025;52;Nhập khẩu;Thái Lan;Máy xử lý dữ liệu tự động (máy tính) và bộ phận;chiếc/đơn vị;2233;2233;756,9;189697;182050,87;189697
18693;20250101;2025;52;Nhập khẩu;Trung Quốc;Điện thoại (kể cả di động) và thiết bị truyền dữ liệu;chiếc/đơn vị;319926,063;0;172907,144;105415770,4;102579087,2;105415770,4
18715;20250101;2025;52;Nhập khẩu;Bulgaria;Điện thoại (kể cả di động) và thiết bị truyền dữ liệu;chiếc/đơn vị;790,12;0;149;267361,04;256584,48;267361,04
18721;20250101;2025;52;Nhập khẩu;Pháp;Điện thoại (kể cả di động) và thiết bị truyền dữ liệu;chiếc/đơn vị;611,538;0;2042,695;228492,1;219282,25;228492,1
18727;20250101;2025;52;Nhập khẩu;Ý;Điện thoại (kể cả di động) và thiết bị truyền dữ liệu;chiếc/đơn vị;1808,603;0;794;660668,79;634039,14;660668,79
18728;20250101;2025;52;Nhập khẩu;Latvia;Điện thoại (kể cả di động) và thiết bị truyền dữ liệu;chiếc/đơn vị;38,077;0;20;15773,05;15137,29;15773,05
18738;20250101;2025;52;Nhập khẩu;Slovenia;Điện thoại (kể cả di động) và thiết bị truyền dữ liệu;chiếc/đơn vị;1246;1246;264;783902,85;752306,01;783902,85
18739;20250101;2025;52;Nhập khẩu;Tây Ban Nha;Điện thoại (kể cả di động) và thiết bị truyền dữ liệu;chiếc/đơn vị;96,397;0;33;49524,87;47528,66;49524,87
18743;20250101;2025;52;Nhập khẩu;Thế giới;Thiết bị phát sóng vô tuyến/truyền hình, camera;chiếc/đơn vị;10820,43;0;3937,998;1961457,838;0;1961457,838
18750;20250101;2025;52;Nhập khẩu;Hà Lan;Thiết bị phát sóng vô tuyến/truyền hình, camera;chiếc/đơn vị;6181;6181;582;329544,9;0;329544,9
18752;20250101;2025;52;Nhập khẩu;Trung Quốc;Thiết bị phát sóng vô tuyến/truyền hình, camera;chiếc/đơn vị;1599,43;0;1358,756;973069,932;0;973069,932
18753;20250101;2025;52;Nhập khẩu;Tây Ban Nha;Thiết bị phát sóng vô tuyến/truyền hình, camera;chiếc/đơn vị;2337;2337;1535,15;360670,968;0;360670,968
18754;20250101;2025;52;Nhập khẩu;Thế giới;Thiết bị phát sóng vô tuyến/truyền hình, camera;chiếc/đơn vị;9054;9054;6249,162;1593157,38;1528941,85;1593157,38
18761;20250101;2025;52;Nhập khẩu;Đức;Thiết bị phát sóng vô tuyến/truyền hình, camera;chiếc/đơn vị;571;571;518;341257,86;327502,75;341257,86
18764;20250101;2025;52;Nhập khẩu;Hà Lan;Thiết bị phát sóng vô tuyến/truyền hình, camera;chiếc/đơn vị;4508;4508;4431;736282,92;706605,5;736282,92
18767;20250101;2025;52;Nhập khẩu;Trung Quốc;Thiết bị phát sóng vô tuyến/truyền hình, camera;chiếc/đơn vị;1376;1376;690,12;359512,08;345021,2;359512,08
18771;20250101;2025;52;Nhập khẩu;Hàn Quốc;Màn hình, máy chiếu, thiết bị thu truyền hình;chiếc/đơn vị;12727,457;0;10136;587621,044;0;587621,044
18772;20250101;2025;52;Nhập khẩu;Trung Quốc;Màn hình, máy chiếu, thiết bị thu truyền hình;chiếc/đơn vị;362,227;0;287;17331,531;0;17331,531
18773;20250101;2025;52;Nhập khẩu;Thế giới;Màn hình, máy chiếu, thiết bị thu truyền hình;chiếc/đơn vị;10356,751;0;139886,9;3319052,39;3125416,64;3319052,39
18775;20250101;2025;52;Nhập khẩu;Thế giới;Màn hình, máy chiếu, thiết bị thu truyền hình;chiếc/đơn vị;43008,784;0;351603,624;10155735,34;0;10155735,34
18776;20250101;2025;52;Nhập khẩu;Séc;Màn hình, máy chiếu, thiết bị thu truyền hình;chiếc/đơn vị;8241;8241;42967;1064636,637;0;1064636,637
18777;20250101;2025;52;Nhập khẩu;Pháp;Màn hình, máy chiếu, thiết bị thu truyền hình;chiếc/đơn vị;1033;1033;3230;148192,897;0;148192,897
18779;20250101;2025;52;Nhập khẩu;Hungary;Màn hình, máy chiếu, thiết bị thu truyền hình;chiếc/đơn vị;1438;1438;30049;666126,177;0;666126,177
18781;20250101;2025;52;Nhập khẩu;Hà Lan;Màn hình, máy chiếu, thiết bị thu truyền hình;chiếc/đơn vị;17750;17750;131745;5222134,828;0;5222134,828
18782;20250101;2025;52;Nhập khẩu;Slovakia;Màn hình, máy chiếu, thiết bị thu truyền hình;chiếc/đơn vị;491;491;11052;244267,693;0;244267,693
18783;20250101;2025;52;Nhập khẩu;Trung Quốc;Màn hình, máy chiếu, thiết bị thu truyền hình;chiếc/đơn vị;13115,784;0;125576,624;2573491,512;0;2573491,512
18785;20250101;2025;52;Nhập khẩu;Thế giới;Màn hình, máy chiếu, thiết bị thu truyền hình;chiếc/đơn vị;111690;111690;406472,48;20040698,53;19232916,12;20040698,53
18790;20250101;2025;52;Nhập khẩu;Séc;Màn hình, máy chiếu, thiết bị thu truyền hình;chiếc/đơn vị;662;662;3845;100099,19;96064,46;100099,19
18792;20250101;2025;52;Nhập khẩu;Đức;Màn hình, máy chiếu, thiết bị thu truyền hình;chiếc/đơn vị;402;402;2109;61021,75;58562,15;61021,75
18793;20250101;2025;52;Nhập khẩu;Hungary;Màn hình, máy chiếu, thiết bị thu truyền hình;chiếc/đơn vị;68774;68774;52604;6347484,53;6091635,82;6347484,53
18797;20250101;2025;52;Nhập khẩu;Hà Lan;Màn hình, máy chiếu, thiết bị thu truyền hình;chiếc/đơn vị;179;179;5475;162536,28;155984,92;162536,28
18799;20250101;2025;52;Nhập khẩu;Slovakia;Màn hình, máy chiếu, thiết bị thu truyền hình;chiếc/đơn vị;38952;38952;295558;11654896,6;11185121,53;11654896,6
18800;20250101;2025;52;Nhập khẩu;Trung Quốc;Màn hình, máy chiếu, thiết bị thu truyền hình;chiếc/đơn vị;1941;1941;29620,48;720916,7;691858,65;720916,7
18825;20250101;2025;52;Nhập khẩu;Đức;Mạch tích hợp điện tử;chiếc/đơn vị;237302,753;0;2429,916;933136,47;895524,46;933136,47
18826;20250101;2025;52;Nhập khẩu;Hungary;Mạch tích hợp điện tử;chiếc/đơn vị;4633,595;0;14;38869,07;37302,38;38869,07
18828;20250101;2025;52;Nhập khẩu;Hà Lan;Mạch tích hợp điện tử;chiếc/đơn vị;47566,406;0;225,239;207447,99;199086,36;207447,99
18850;20250101;2025;52;Xuất khẩu;Thế giới;Máy xử lý dữ liệu tự động (máy tính) và bộ phận;chiếc/đơn vị;3540,081;0;8871;0;1244645,974;1244645,974
18858;20250101;2025;52;Xuất khẩu;Thế giới;Máy xử lý dữ liệu tự động (máy tính) và bộ phận;chiếc/đơn vị;5661;5661;6083,416;0;1102092,95;1102092,95
18861;20250101;2025;52;Xuất khẩu;Bulgaria;Máy xử lý dữ liệu tự động (máy tính) và bộ phận;chiếc/đơn vị;1560;1560;2066;0;540561,57;540561,57
18867;20250101;2025;52;Xuất khẩu;Hồng Kông (Trung Quốc);Máy xử lý dữ liệu tự động (máy tính) và bộ phận;chiếc/đơn vị;2549;2549;85,17;0;52640,36;52640,36
18873;20250101;2025;52;Xuất khẩu;Moldova;Máy xử lý dữ liệu tự động (máy tính) và bộ phận;chiếc/đơn vị;284;284;239,1;0;112142,69;112142,69
18996;20250101;2025;52;Xuất khẩu;Croatia;Điện thoại (kể cả di động) và thiết bị truyền dữ liệu;chiếc/đơn vị;5,491;0;2,249;0;1745,2;1745,2
19003;20250101;2025;52;Xuất khẩu;Hy Lạp;Điện thoại (kể cả di động) và thiết bị truyền dữ liệu;chiếc/đơn vị;85,214;0;17;0;34967,07;34967,07
19006;20250101;2025;52;Xuất khẩu;Ireland;Điện thoại (kể cả di động) và thiết bị truyền dữ liệu;chiếc/đơn vị;418,88;0;95,026;0;328712,98;328712,98
19010;20250101;2025;52;Xuất khẩu;Latvia;Điện thoại (kể cả di động) và thiết bị truyền dữ liệu;chiếc/đơn vị;71,812;0;17;0;36251,49;36251,49
19018;20250101;2025;52;Xuất khẩu;Na Uy;Điện thoại (kể cả di động) và thiết bị truyền dữ liệu;chiếc/đơn vị;174,662;0;50,91;0;152578,52;152578,52
19021;20250101;2025;52;Xuất khẩu;Bồ Đào Nha;Điện thoại (kể cả di động) và thiết bị truyền dữ liệu;chiếc/đơn vị;9,428;0;2,499;0;7990,75;7990,75
19023;20250101;2025;52;Xuất khẩu;Serbia;Điện thoại (kể cả di động) và thiết bị truyền dữ liệu;chiếc/đơn vị;9,337;0;7,2;0;3057,19;3057,19
19031;20250101;2025;52;Xuất khẩu;Thụy Điển;Điện thoại (kể cả di động) và thiết bị truyền dữ liệu;chiếc/đơn vị;669,874;0;420;0;316407,53;316407,53
19034;20250101;2025;52;Xuất khẩu;Các Tiểu vương quốc Ả Rập Thống nhất;Điện thoại (kể cả di động) và thiết bị truyền dữ liệu;chiếc/đơn vị;154,337;0;50,6;0;154027,24;154027,24
19047;20250101;2025;52;Xuất khẩu;Thế giới;Thiết bị phát sóng vô tuyến/truyền hình, camera;chiếc/đơn vị;262;262;28,192;0;9778,08;9778,08
19054;20250101;2025;52;Xuất khẩu;Thế giới;Màn hình, máy chiếu, thiết bị thu truyền hình;chiếc/đơn vị;1532,309;0;6611;0;593429,676;593429,676
19071;20250101;2025;52;Xuất khẩu;Ba Lan;Màn hình, máy chiếu, thiết bị thu truyền hình;chiếc/đơn vị;263;263;1866;0;125756,29;125756,29
19086;20250101;2025;52;Xuất khẩu;Hồng Kông (Trung Quốc);Mạch tích hợp điện tử;chiếc/đơn vị;305134,255;0;2209,14;0;3596162,72;3596162,72
19088;20250101;2025;52;Xuất khẩu;Hàn Quốc;Mạch tích hợp điện tử;chiếc/đơn vị;20933,57;0;35,75;0;44894,26;44894,26
19097;20250101;2025;52;Nhập khẩu;Israel;Máy in, máy photocopy, máy fax và phụ tùng;kg;813,018;0;813,018;257546,152;0;257546,152
19099;20250101;2025;52;Nhập khẩu;Malaysia;Máy in, máy photocopy, máy fax và phụ tùng;kg;810;810;810;35391,948;0;35391,948
19100;20250101;2025;52;Nhập khẩu;Ấn Độ;Máy in, máy photocopy, máy fax và phụ tùng;kg;112,945;0;112,945;8640,939;0;8640,939
19104;20250101;2025;52;Nhập khẩu;Thế giới;Máy in, máy photocopy, máy fax và phụ tùng;kg;35101;35101;35101;295173,88;203261,683;295173,88
19106;20250101;2025;52;Nhập khẩu;Thế giới;Máy xử lý dữ liệu tự động (máy tính) và bộ phận;chiếc/đơn vị;1443385;1443385;1170468,565;345362948,9;0;345362948,9
19113;20250101;2025;52;Nhập khẩu;Singapore;Máy xử lý dữ liệu tự động (máy tính) và bộ phận;chiếc/đơn vị;825;825;167,168;81295,076;0;81295,076
19114;20250101;2025;52;Nhập khẩu;Trung Quốc;Máy xử lý dữ liệu tự động (máy tính) và bộ phận;chiếc/đơn vị;1414556;1414556;1164513,452;342814664,5;0;342814664,5
19115;20250101;2025;52;Nhập khẩu;Thái Lan;Máy xử lý dữ liệu tự động (máy tính) và bộ phận;chiếc/đơn vị;26894;26894;4689,29;2280439,925;0;2280439,925
19116;20250101;2025;52;Nhập khẩu;Thế giới;Máy xử lý dữ liệu tự động (máy tính) và bộ phận;chiếc/đơn vị;465049;465049;769186,834;37434376,67;36500340,85;37434376,67
19117;20250101;2025;52;Nhập khẩu;Trung Quốc;Máy xử lý dữ liệu tự động (máy tính) và bộ phận;chiếc/đơn vị;1694;1694;21,834;14057,72;13500,379;14057,72
19118;20250101;2025;52;Nhập khẩu;Indonesia;Máy xử lý dữ liệu tự động (máy tính) và bộ phận;chiếc/đơn vị;6076;6076;3670;305660,98;297467,784;305660,98
19122;20250101;2025;52;Nhập khẩu;Trung Quốc;Máy xử lý dữ liệu tự động (máy tính) và bộ phận;chiếc/đơn vị;457265;457265;765430;37104633,01;36179561,29;37104633,01
19212;20250101;2025;52;Nhập khẩu;Trung Quốc;Điện thoại (kể cả di động) và thiết bị truyền dữ liệu;kg;154;154;154;12949,999;0;12949,999
19216;20250101;2025;52;Nhập khẩu;Thế giới;Thiết bị phát sóng vô tuyến/truyền hình, camera;chiếc/đơn vị;126488578;126488578;1829084,68;743275083,8;0;743275083,8
19217;20250101;2025;52;Nhập khẩu;Trung Quốc;Thiết bị phát sóng vô tuyến/truyền hình, camera;chiếc/đơn vị;3378;3378;1208,772;491202,037;0;491202,037
19220;20250101;2025;52;Nhập khẩu;Trung Quốc;Thiết bị phát sóng vô tuyến/truyền hình, camera;chiếc/đơn vị;126485191;126485191;1827870,317;742781609,9;0;742781609,9
19221;20250101;2025;52;Nhập khẩu;Thế giới;Thiết bị phát sóng vô tuyến/truyền hình, camera;chiếc/đơn vị;134949;134949;8307,2;7786339,173;7696203,95;7786339,173
19226;20250101;2025;52;Nhập khẩu;Trung Quốc;Thiết bị phát sóng vô tuyến/truyền hình, camera;chiếc/đơn vị;131436;131436;5789;4553832,199;4464259,629;4553832,199
19227;20250101;2025;52;Nhập khẩu;Thái Lan;Thiết bị phát sóng vô tuyến/truyền hình, camera;chiếc/đơn vị;2994;2994;2436;3220257,5;3220257,5;3220257,5
19228;20250101;2025;52;Nhập khẩu;Thế giới;Thiết bị phát sóng vô tuyến/truyền hình, camera;chiếc/đơn vị;303;303;286,906;141514,103;0;141514,103
19232;20250101;2025;52;Nhập khẩu;Thế giới;Màn hình, máy chiếu, thiết bị thu truyền hình;chiếc/đơn vị;1851399;1851399;4160885,765;190116164,9;0;190116164,9
19234;20250101;2025;52;Nhập khẩu;Trung Quốc;Màn hình, máy chiếu, thiết bị thu truyền hình;chiếc/đơn vị;1851396;1851396;4160636,625;190106057,2;0;190106057,2
19235;20250101;2025;52;Nhập khẩu;Thế giới;Màn hình, máy chiếu, thiết bị thu truyền hình;chiếc/đơn vị;2003425;2003425;8462189;304549238,8;303796683,2;304549238,8
19237;20250101;2025;52;Nhập khẩu;Hàn Quốc;Màn hình, máy chiếu, thiết bị thu truyền hình;chiếc/đơn vị;18560;18560;13138;733076,829;723284,685;733076,829
19238;20250101;2025;52;Nhập khẩu;Trung Quốc;Màn hình, máy chiếu, thiết bị thu truyền hình;chiếc/đơn vị;1984401;1984401;8448978;303799900,1;303057502,7;303799900,1
19246;20250101;2025;52;Nhập khẩu;Hàn Quốc;Mạch tích hợp điện tử;chiếc/đơn vị;659931;659931;5810,976;9636742,421;0;9636742,421
19247;20250101;2025;52;Nhập khẩu;Malaysia;Mạch tích hợp điện tử;chiếc/đơn vị;341075;341075;0;28605,352;0;28605,352
19248;20250101;2025;52;Nhập khẩu;Mexico;Mạch tích hợp điện tử;chiếc/đơn vị;828000;828000;152,517;311866,596;0;311866,596
19249;20250101;2025;52;Nhập khẩu;Châu Á khác (chưa xác định);Mạch tích hợp điện tử;chiếc/đơn vị;187894;187894;0;3182906,173;0;3182906,173
19250;20250101;2025;52;Nhập khẩu;Philippines;Mạch tích hợp điện tử;chiếc/đơn vị;1252010;1252010;152,742;276618,14;0;276618,14
19252;20250101;2025;52;Nhập khẩu;Ấn Độ;Mạch tích hợp điện tử;chiếc/đơn vị;951;951;0;2499,288;0;2499,288
19253;20250101;2025;52;Nhập khẩu;Singapore;Mạch tích hợp điện tử;chiếc/đơn vị;134800;134800;982,169;1688293,453;0;1688293,453
19255;20250101;2025;52;Nhập khẩu;Thái Lan;Mạch tích hợp điện tử;chiếc/đơn vị;3843;3843;0;1247,068;0;1247,068
19257;20250101;2025;52;Nhập khẩu;Trung Quốc;Mạch tích hợp điện tử;chiếc/đơn vị;167,011;0;5,985;612,638;489,096;612,638
19258;20250101;2025;52;Nhập khẩu;Hàn Quốc;Mạch tích hợp điện tử;chiếc/đơn vị;157,416;0;1;608,903;475,155;608,903
19269;20250101;2025;52;Nhập khẩu (hàng nước ngoài);Thế giới;Máy xử lý dữ liệu tự động (máy tính) và bộ phận;chiếc/đơn vị;291730;291730;181049,456;87363490,62;0;87363490,62
19273;20250101;2025;52;Nhập khẩu (hàng nước ngoài);Trung Quốc;Máy xử lý dữ liệu tự động (máy tính) và bộ phận;chiếc/đơn vị;287804;287804;175761,416;85827771,2;0;85827771,2
19295;20250101;2025;52;Nhập khẩu (hàng nước ngoài);Ấn Độ;Điện thoại (kể cả di động) và thiết bị truyền dữ liệu;chiếc/đơn vị;18576,807;0;8020;5382532,865;0;5382532,865
19301;20250101;2025;52;Nhập khẩu (hàng nước ngoài);Thế giới;Màn hình, máy chiếu, thiết bị thu truyền hình;chiếc/đơn vị;537265,157;0;1578760,72;47944800,94;0;47944800,94
19302;20250101;2025;52;Nhập khẩu (hàng nước ngoài);Trung Quốc;Màn hình, máy chiếu, thiết bị thu truyền hình;chiếc/đơn vị;3056;3056;14496;311368,994;0;311368,994
19304;20250101;2025;52;Nhập khẩu (hàng nước ngoài);Trung Quốc;Màn hình, máy chiếu, thiết bị thu truyền hình;chiếc/đơn vị;534206,157;0;1564251,72;47631341,87;0;47631341,87
19310;20250101;2025;52;Nhập khẩu;Thế giới;Máy xử lý dữ liệu tự động (máy tính) và bộ phận;chiếc/đơn vị;291732;291732;181055,456;87392956,66;0;87392956,66
19314;20250101;2025;52;Nhập khẩu;Trung Quốc;Máy xử lý dữ liệu tự động (máy tính) và bộ phận;chiếc/đơn vị;287806;287806;175767,416;85857237,24;0;85857237,24
19351;20250101;2025;52;Nhập khẩu;Vương quốc Anh;Máy in, máy photocopy, máy fax và phụ tùng;kg;319,851;0;319,851;26355,575;0;26355,575
19352;20250101;2025;52;Nhập khẩu;Thế giới;Máy xử lý dữ liệu tự động (máy tính) và bộ phận;chiếc/đơn vị;309111;309111;217152,53;115090389,9;0;115090389,9
19353;20250101;2025;52;Nhập khẩu;Trung Quốc;Máy xử lý dữ liệu tự động (máy tính) và bộ phận;chiếc/đơn vị;512;512;44,995;11705,447;0;11705,447
19357;20250101;2025;52;Nhập khẩu;Trung Quốc;Máy xử lý dữ liệu tự động (máy tính) và bộ phận;chiếc/đơn vị;308589;308589;217087,482;115069892,8;0;115069892,8
19380;20250101;2025;52;Nhập khẩu;Sri Lanka;Điện thoại (kể cả di động) và thiết bị truyền dữ liệu;kg;0,72;0;0,72;105,173;0;105,173
19386;20250101;2025;52;Nhập khẩu;Thế giới;Thiết bị phát sóng vô tuyến/truyền hình, camera;chiếc/đơn vị;77985;77985;22012,07;4308295,477;0;4308295,477
19387;20250101;2025;52;Nhập khẩu;Trung Quốc;Thiết bị phát sóng vô tuyến/truyền hình, camera;chiếc/đơn vị;672;672;8,296;3008,85;0;3008,85
19390;20250101;2025;52;Nhập khẩu;Trung Quốc;Thiết bị phát sóng vô tuyến/truyền hình, camera;chiếc/đơn vị;77311;77311;22000;4303917,882;0;4303917,882
19391;20250101;2025;52;Nhập khẩu;Thế giới;Màn hình, máy chiếu, thiết bị thu truyền hình;chiếc/đơn vị;2985;2985;40292,403;846222,943;0;846222,943
19392;20250101;2025;52;Nhập khẩu;Trung Quốc;Màn hình, máy chiếu, thiết bị thu truyền hình;chiếc/đơn vị;682;682;3020,786;90327,535;0;90327,535
19393;20250101;2025;52;Nhập khẩu;Trung Quốc;Màn hình, máy chiếu, thiết bị thu truyền hình;chiếc/đơn vị;2285;2285;37251,505;752757,443;0;752757,443
19402;20250101;2025;52;Xuất khẩu trong nước;Thế giới;Máy xử lý dữ liệu tự động (máy tính) và bộ phận;chiếc/đơn vị;12644;12644;28685;0;10126162,08;10126162,08
19408;20250101;2025;52;Xuất khẩu trong nước;Thế giới;Thiết bị phát sóng vô tuyến/truyền hình, camera;chiếc/đơn vị;1706;1706;4155;0;2929112,807;2929112,807
19418;20250101;2025;52;Nhập khẩu (hàng nước ngoài);Thế giới;Máy xử lý dữ liệu tự động (máy tính) và bộ phận;chiếc/đơn vị;2715643;2715643;2768338;1143391956;0;1143391956
19420;20250101;2025;52;Nhập khẩu (hàng nước ngoài);Trung Quốc;Máy xử lý dữ liệu tự động (máy tính) và bộ phận;chiếc/đơn vị;1136639;1136639;1222538;508571903,7;0;508571903,7
19425;20250101;2025;52;Nhập khẩu (hàng nước ngoài);Châu Á khác (chưa xác định);Máy xử lý dữ liệu tự động (máy tính) và bộ phận;chiếc/đơn vị;5293;5293;4992;680205,004;0;680205,004
19428;20250101;2025;52;Nhập khẩu (hàng nước ngoài);Trung Quốc;Máy xử lý dữ liệu tự động (máy tính) và bộ phận;chiếc/đơn vị;1566902;1566902;1533759;632762696,3;0;632762696,3
19429;20250101;2025;52;Nhập khẩu (hàng nước ngoài);Thái Lan;Máy xử lý dữ liệu tự động (máy tính) và bộ phận;chiếc/đơn vị;3857;3857;5968;839900,559;0;839900,559
19474;20250101;2025;52;Nhập khẩu (hàng nước ngoài);Ấn Độ;Điện thoại (kể cả di động) và thiết bị truyền dữ liệu;chiếc/đơn vị;207685,586;0;72029;126624317,9;0;126624317,9
19479;20250101;2025;52;Nhập khẩu (hàng nước ngoài);Thế giới;Thiết bị phát sóng vô tuyến/truyền hình, camera;chiếc/đơn vị;1648323;1648323;1021791,539;88530498,73;0;88530498,73
19480;20250101;2025;52;Nhập khẩu (hàng nước ngoài);Trung Quốc;Thiết bị phát sóng vô tuyến/truyền hình, camera;chiếc/đơn vị;169453;169453;50816;3793018,937;0;3793018,937
19484;20250101;2025;52;Nhập khẩu (hàng nước ngoài);Trung Quốc;Thiết bị phát sóng vô tuyến/truyền hình, camera;chiếc/đơn vị;1477115;1477115;968852;84283287,06;0;84283287,06
19487;20250101;2025;52;Nhập khẩu (hàng nước ngoài);Thế giới;Màn hình, máy chiếu, thiết bị thu truyền hình;chiếc/đơn vị;1035281;1035281;6378910;154166104,5;0;154166104,5
19488;20250101;2025;52;Nhập khẩu (hàng nước ngoài);Trung Quốc;Màn hình, máy chiếu, thiết bị thu truyền hình;chiếc/đơn vị;23317;23317;73960;8748068,974;0;8748068,974
19493;20250101;2025;52;Nhập khẩu (hàng nước ngoài);Trung Quốc;Màn hình, máy chiếu, thiết bị thu truyền hình;chiếc/đơn vị;999272;999272;6289613;144571671,7;0;144571671,7
19500;20250101;2025;52;Nhập khẩu (hàng nước ngoài);Hàn Quốc;Mạch tích hợp điện tử;kg;1613;1613;1613;3029181,014;0;3029181,014
19519;20250101;2025;52;Nhập khẩu;Thế giới;Máy xử lý dữ liệu tự động (máy tính) và bộ phận;chiếc/đơn vị;564069;564069;404649;185473567;172817691;185473567
19520;20250101;2025;52;Nhập khẩu;Trung Quốc;Máy xử lý dữ liệu tự động (máy tính) và bộ phận;chiếc/đơn vị;2956;2956;1232;405551;377487;405551
19523;20250101;2025;52;Nhập khẩu;Trung Quốc;Máy xử lý dữ liệu tự động (máy tính) và bộ phận;chiếc/đơn vị;560961;560961;403404;185065827;172438217;185065827
19525;20250101;2025;52;Nhập khẩu;Thế giới;Máy xử lý dữ liệu tự động (máy tính) và bộ phận;chiếc/đơn vị;2715687;2715687;2768678,954;1143568243;0;1143568243
19618;20250101;2025;52;Nhập khẩu;Thế giới;Thiết bị phát sóng vô tuyến/truyền hình, camera;chiếc/đơn vị;3129570;3129570;22438;12017493;11837878;12017493
19619;20250101;2025;52;Nhập khẩu;Trung Quốc;Thiết bị phát sóng vô tuyến/truyền hình, camera;chiếc/đơn vị;1661;1661;619;348909;326694;348909
19622;20250101;2025;52;Nhập khẩu;Trung Quốc;Thiết bị phát sóng vô tuyến/truyền hình, camera;chiếc/đơn vị;3127855;3127855;21811;11667787;11510587;11667787
19623;20250101;2025;52;Nhập khẩu;Thế giới;Thiết bị phát sóng vô tuyến/truyền hình, camera;chiếc/đơn vị;1648325;1648325;1021826,539;88618296,56;0;88618296,56
19632;20250101;2025;52;Nhập khẩu;Thế giới;Màn hình, máy chiếu, thiết bị thu truyền hình;chiếc/đơn vị;152303;152303;1101965;29515405;26530902;29515405
19643;20250101;2025;52;Nhập khẩu;Indonesia;Mạch tích hợp điện tử;chiếc/đơn vị;15,068;0;2;14;12;14
19645;20250101;2025;52;Nhập khẩu;Hàn Quốc;Mạch tích hợp điện tử;chiếc/đơn vị;85,894;0;6;90;72;90
19673;20250101;2025;52;Xuất khẩu;Thế giới;Máy xử lý dữ liệu tự động (máy tính) và bộ phận;chiếc/đơn vị;2831;2831;26425;0;595943;595943
19685;20250101;2025;52;Xuất khẩu;Thế giới;Thiết bị phát sóng vô tuyến/truyền hình, camera;chiếc/đơn vị;12315;12315;83;0;31151;31151
19687;20250101;2025;52;Xuất khẩu;Thế giới;Thiết bị phát sóng vô tuyến/truyền hình, camera;chiếc/đơn vị;1707;1707;4160;0;2933145,685;2933145,685
19689;20250101;2025;52;Xuất khẩu;Thế giới;Màn hình, máy chiếu, thiết bị thu truyền hình;chiếc/đơn vị;613;613;9703;0;342951;342951
