Order_ID,Customer_ID,Product_ID,Quantity,Unit_Price,Discount_Rate,VAT,Shipping_Fee,Revenue
DH2020002684,KH00045,SP025,2,4290000,0,858000,22000,9460000
DH2020004980,KH00009,SP021,1,350000,0,35000,25000,410000
DH2020006522,KH00070,SP011,1,3990000,0,319000,45000,3556000
DH2020006863,KH00048,SP022,1,190000,0,16000,45000,223000
DH2020007018,KH00444,SP001,3,4590000,0,1170000,40000,12914000
DH2020008249,KH00567,SP003,2,19990000,0,3998000,25000,44003000
DH2020008457,KH00001,SP007,1,23990000,0,1919000,28000,21139000
DH2020002665,KH00195,SP017,2,3290000,0,625000,22000,6898000
DH2020005827,KH00018,SP014,3,1190000,0,357000,40000,3967000
DH2020006332,KH00861,SP015,2,7990000,0,1598000,22000,17600000
DH2020007570,KH00003,SP004,4,16990000,0,6116000,22000,67302000
DH2020009607,KH02055,SP026,2,990000,0,184000,45000,2070000
DH2020001232,KH00071,SP015,1,7990000,0,639000,28000,7059000
DH2020003109,KH00014,SP026,1,990000,0,99000,40000,1129000
DH2020005860,KH00075,SP014,2,1190000,0,209000,30000,2333000
DH2020007436,KH00304,SP011,3,3990000,0,1161000,25000,12797000
DH2020001394,KH00001,SP025,1,4290000,0,416000,18000,4595000
DH2020003749,KH00130,SP001,3,4590000,0,1336000,18000,14711000
DH2020004511,KH00001,SP002,1,18990000,0,1671000,35000,18417000
DH2020006757,KH00110,SP011,2,3990000,0,774000,35000,8550000
DH2020007313,KH00001,SP002,2,18990000,0,3418000,28000,37628000
DH2020001827,KH00125,SP001,10,4590000,0,4590000,40000,50530000
DH2020006552,KH00001,SP012,3,1590000,0,429000,25000,4747000
DH2020006694,KH00307,SP015,6,7990000,0,4458000,30000,49072000
DH2020007463,KH00113,SP024,3,5490000,0,1598000,22000,17596000
DH2020008106,KH00025,SP024,1,5490000,0,549000,18000,6057000
DH2020008286,KH00005,SP008,3,13990000,0,3358000,18000,36952000
DH2020009083,KH00001,SP004,1,16990000,0,1580000,22000,17403000
DH2020001339,KH00073,SP022,5,190000,0,90000,45000,1037000
DH2020004819,KH00001,SP024,1,5490000,0,522000,22000,5760000
DH2020008719,KH00001,SP024,3,5490000,0,1532000,18000,16867000
DH2020009051,KH00004,SP007,1,23990000,0,2111000,18000,23240000
DH2020000444,KH00515,SP024,3,5490000,0,1647000,28000,18145000
DH2020002081,KH00006,SP006,1,7990000,0,799000,40000,8829000
DH2020002965,KH00001,SP011,1,3990000,0,339000,40000,3771000
DH2020003076,KH00019,SP007,1,23990000,0,2159000,40000,23790000
DH2020005458,KH00002,SP010,1,12990000,0,1169000,22000,12882000
DH2020005524,KH00001,SP022,3,190000,0,46000,45000,547000
DH2020009664,KH00022,SP016,2,11990000,0,2230000,40000,24571000
DH2020000116,KH00016,SP002,4,18990000,0,6457000,35000,71058000
DH2020001378,KH00002,SP006,1,7990000,0,703000,18000,7752000
DH2020001936,KH00684,SP026,4,990000,0,396000,45000,4401000
DH2020003183,KH00276,SP013,2,990000,0,198000,18000,2196000
DH2020004381,KH00005,SP016,5,11990000,0,5695000,18000,62665000
DH2020002062,KH00018,SP019,3,690000,0,201000,22000,2231000
DH2020003763,KH00073,SP010,2,12990000,0,2208000,28000,24319000
DH2020003931,KH00003,SP019,6,690000,0,393000,25000,4351000
DH2020007163,KH00369,SP001,4,4590000,0,1652000,28000,18204000
DH2020007577,KH00250,SP001,5,4590000,0,2066000,28000,22749000
DH2020009257,KH00017,SP001,1,4590000,0,459000,18000,5067000
DH2020009466,KH00040,SP009,2,15990000,0,3198000,35000,35213000
DH2020003157,KH00006,SP001,5,4590000,0,2180000,45000,24027000
DH2020007129,KH00002,SP003,1,19990000,0,1899000,25000,20914000
DH2020007563,KH00004,SP001,2,4590000,0,826000,30000,9118000
DH2020002313,KH00061,SP007,2,23990000,0,4558000,30000,50169000
DH2020002589,KH00481,SP015,2,7990000,0,1598000,40000,17618000
DH2020004759,KH00001,SP014,5,1190000,0,506000,30000,5594000
DH2020007206,KH00520,SP024,2,5490000,0,966000,28000,10656000
DH2020002314,KH00163,SP006,1,7990000,0,775000,18000,8543000
DH2020005028,KH00002,SP001,1,4590000,0,427000,22000,4718000
DH2020009618,KH00001,SP002,3,18990000,0,5697000,25000,62692000
DH2020000932,KH00002,SP024,8,5490000,0,3733000,30000,41095000
DH2020006978,KH00003,SP024,8,5490000,0,3733000,25000,41090000
DH2020009531,KH00037,SP019,2,690000,0,124000,30000,1396000
DH2020005492,KH02106,SP015,1,7990000,0,743000,25000,8199000
DH2020002316,KH00008,SP014,1,1190000,0,101000,25000,1138000
DH2020003514,KH00064,SP001,1,4590000,0,459000,28000,5077000
DH2020002032,KH01080,SP019,1,690000,0,69000,30000,789000
DH2020003279,KH00001,SP017,6,3290000,0,1737000,30000,19138000
DH2020003885,KH00009,SP020,1,1190000,0,101000,40000,1153000
DH2020005100,KH00046,SP024,1,5490000,0,467000,35000,5168000
DH2020007040,KH00020,SP013,1,990000,0,99000,25000,1114000
DH2020007305,KH00002,SP015,3,7990000,0,2157000,28000,23758000
DH2020008500,KH00009,SP001,8,4590000,0,2938000,28000,32342000
DH2020009167,KH00001,SP008,3,13990000,0,3903000,45000,42980000
DH2020009190,KH00309,SP010,1,12990000,0,1260000,18000,13878000
DH2020001312,KH01074,SP001,4,4590000,0,1561000,30000,17197000
DH2020003288,KH00003,SP011,1,3990000,0,399000,40000,4429000
DH2020006693,KH00005,SP022,1,190000,0,19000,22000,231000
DH2020001898,KH00075,SP011,4,3990000,0,1548000,18000,17047000
DH2020002631,KH00001,SP018,3,390000,0,103000,25000,1158000
DH2020002677,KH00337,SP014,3,1190000,0,303000,35000,3372000
DH2020004617,KH00007,SP001,1,4590000,0,413000,28000,4572000
DH2020006508,KH00003,SP011,3,3990000,0,1137000,30000,12539000
DH2020007287,KH00001,SP010,4,12990000,0,4832000,22000,53177000
DH2020007445,KH00001,SP008,1,13990000,0,1329000,40000,14659000
DH2020007595,KH00001,SP017,1,3290000,0,290000,25000,3210000
DH2020009485,KH00006,SP009,1,15990000,0,1439000,22000,15852000
DH2020001467,KH00261,SP003,3,19990000,0,5997000,25000,65992000
DH2020006716,KH00003,SP019,1,690000,0,61000,18000,686000
DH2020009594,KH00001,SP024,2,5490000,0,988000,40000,10910000
DH2020000686,KH00004,SP006,3,7990000,0,2037000,25000,22436000
DH2020004967,KH00462,SP003,2,19990000,0,3798000,18000,41797000
DH2020005135,KH00021,SP020,4,1190000,0,428000,28000,4740000
DH2020003747,KH00001,SP021,4,350000,0,136000,35000,1529000
DH2020005234,KH00037,SP006,1,7990000,0,639000,18000,7049000
DH2020005898,KH00019,SP009,1,15990000,0,1359000,22000,14973000
DH2020007248,KH00030,SP018,2,390000,0,76000,18000,851000
DH2020008579,KH00038,SP025,8,4290000,0,3432000,45000,37797000
DH2020000597,KH00394,SP011,2,3990000,0,774000,28000,8543000
DH2020002200,KH00002,SP003,5,19990000,0,7996000,28000,87984000
DH2020004856,KH00041,SP021,8,350000,0,266000,28000,2954000
DH2020007653,KH00200,SP002,1,18990000,0,1804000,30000,19874000
DH2020008867,KH00001,SP019,3,690000,0,182000,45000,2049000
DH2020004848,KH00017,SP018,2,390000,0,69000,30000,785000
DH2020006451,KH00012,SP002,1,18990000,0,1804000,25000,19869000
DH2020009021,KH00002,SP008,1,13990000,0,1399000,45000,15434000
DH2020002327,KH00001,SP022,2,190000,0,38000,18000,436000
DH2020002458,KH00180,SP008,2,13990000,0,2798000,25000,30803000
DH2020006971,KH00015,SP016,1,11990000,0,959000,40000,10591000
DH2020009007,KH00001,SP020,2,1190000,0,231000,45000,2585000
DH2020003442,KH00005,SP016,2,11990000,0,2326000,35000,25622000
DH2020003626,KH00063,SP001,1,4590000,0,404000,18000,4461000
DH2020004500,KH00002,SP022,1,190000,0,18000,40000,242000
DH2020009100,KH00053,SP023,2,5990000,0,1198000,30000,13208000
DH2020000569,KH00014,SP011,1,3990000,0,319000,18000,3529000
DH2020003308,KH00003,SP021,1,350000,0,31000,30000,369000
DH2020006207,KH00040,SP026,1,990000,0,94000,28000,1062000
DH2020006578,KH00548,SP008,2,13990000,0,2714000,18000,29873000
DH2020007096,KH00001,SP003,2,19990000,0,3878000,30000,42689000
DH2020008105,KH00268,SP019,6,690000,0,393000,40000,4366000
DH2020009404,KH00402,SP005,3,4990000,0,1497000,25000,16492000
DH2020009873,KH00049,SP005,3,4990000,0,1452000,45000,16018000
DH2020000267,KH00001,SP002,1,18990000,0,1614000,30000,17786000
DH2020003761,KH00070,SP011,1,3990000,0,399000,25000,4414000
DH2020005241,KH00001,SP013,5,990000,0,446000,35000,4936000
DH2020005595,KH00001,SP006,2,7990000,0,1518000,35000,16734000
DH2020007247,KH00010,SP003,4,19990000,0,7596000,30000,83588000
DH2020009880,KH00076,SP021,10,350000,0,280000,45000,3125000
DH2020000010,KH00005,SP006,2,7990000,0,1406000,35000,15503000
DH2020000788,KH00013,SP025,2,4290000,0,755000,45000,8350000
DH2020001073,KH00071,SP005,1,4990000,0,484000,28000,5352000
DH2020004594,KH00394,SP010,4,12990000,0,5196000,30000,57186000
DH2020006712,KH00001,SP021,1,350000,0,30000,28000,356000
DH2020000811,KH00001,SP017,1,3290000,0,319000,18000,3528000
DH2020001105,KH00004,SP009,2,15990000,0,2558000,25000,28167000
DH2020005873,KH00002,SP012,2,1590000,0,280000,25000,3103000
DH2020007031,KH00004,SP009,1,15990000,0,1439000,18000,15848000
DH2020000282,KH00026,SP025,4,4290000,0,1510000,45000,16656000
DH2020000783,KH00004,SP011,1,3990000,0,319000,30000,3541000
DH2020003237,KH00001,SP005,5,4990000,0,2495000,28000,27473000
DH2020004476,KH00010,SP019,4,690000,0,262000,18000,2902000
DH2020005729,KH00002,SP010,5,12990000,0,6495000,45000,71490000
DH2020006013,KH00704,SP001,1,4590000,0,390000,35000,4327000
DH2020008403,KH00001,SP001,1,4590000,0,367000,18000,4057000
DH2020009193,KH01636,SP020,2,1190000,0,209000,18000,2321000
DH2020009700,KH00043,SP011,4,3990000,0,1484000,30000,16357000
DH2020001470,KH00001,SP015,4,7990000,0,3196000,40000,35196000
DH2020003256,KH00002,SP010,1,12990000,0,1234000,28000,13602000
DH2020000872,KH00001,SP010,1,12990000,0,1299000,35000,14324000
DH2020001996,KH00002,SP020,2,1190000,0,231000,25000,2565000
DH2020002882,KH00063,SP003,1,19990000,0,1899000,28000,20917000
DH2020003395,KH00013,SP023,2,5990000,0,1078000,40000,11900000
DH2020006345,KH00022,SP023,3,5990000,0,1707000,28000,18807000
DH2020006438,KH00030,SP009,3,15990000,0,4797000,40000,52807000
DH2020001168,KH00006,SP002,1,18990000,0,1709000,18000,18818000
DH2020002431,KH00022,SP018,1,390000,0,36000,35000,434000
DH2020004325,KH00014,SP019,1,690000,0,64000,45000,751000
DH2020005409,KH00003,SP024,3,5490000,0,1647000,40000,18157000
DH2020000906,KH00002,SP015,4,7990000,0,3100000,18000,34119000
DH2020006264,KH00224,SP019,3,690000,0,182000,22000,2026000
DH2020009610,KH00010,SP001,1,4590000,0,367000,22000,4061000
DH2020000060,KH00001,SP022,1,190000,0,18000,35000,233000
DH2020006405,KH00016,SP013,1,990000,0,96000,30000,1086000
DH2020007211,KH00007,SP006,1,7990000,0,775000,18000,8543000
DH2020001600,KH00007,SP014,1,1190000,0,119000,18000,1327000
DH2020007364,KH00002,SP026,2,990000,0,198000,35000,2213000
DH2020000056,KH00162,SP013,3,990000,0,261000,22000,2897000
DH2020000588,KH00016,SP025,2,4290000,0,858000,28000,9466000
DH2020001626,KH00002,SP002,1,18990000,0,1709000,22000,18822000
DH2020007630,KH00002,SP010,3,12990000,0,3897000,40000,42907000
DH2020008030,KH00001,SP011,1,3990000,0,379000,40000,4209000
DH2020009583,KH00054,SP014,2,1190000,0,226000,25000,2512000
DH2020002008,KH00002,SP007,1,23990000,0,2159000,25000,23775000
DH2020004538,KH00005,SP003,3,19990000,0,5697000,35000,62704000
DH2020005314,KH00045,SP018,2,390000,0,70000,40000,812000
DH2020008660,KH00002,SP019,2,690000,0,134000,30000,1503000
DH2020009016,KH00002,SP016,1,11990000,0,1199000,28000,13217000
DH2020000235,KH00106,SP020,1,1190000,0,119000,40000,1349000
DH2020002661,KH00005,SP024,1,5490000,0,483000,45000,5359000
DH2020002768,KH00002,SP022,1,190000,0,19000,45000,254000
DH2020009243,KH00109,SP004,5,16990000,0,7900000,18000,86921000
DH2020009414,KH00001,SP026,6,990000,0,594000,40000,6574000
DH2020000715,KH01817,SP025,1,4290000,0,343000,30000,3805000
DH2020001588,KH00001,SP010,4,12990000,0,4417000,18000,48601000
DH2020006518,KH00032,SP015,3,7990000,0,2037000,25000,22436000
DH2020000202,KH00001,SP008,1,13990000,0,1399000,45000,15434000
DH2020001356,KH00004,SP015,1,7990000,0,759000,25000,8374000
DH2020002264,KH00001,SP011,1,3990000,0,359000,35000,3985000
DH2020005943,KH00003,SP021,1,350000,0,28000,30000,338000
DH2020006373,KH00001,SP008,2,13990000,0,2462000,25000,27109000
DH2020006527,KH00292,SP021,1,350000,0,31000,25000,364000
DH2020007590,KH00001,SP007,6,23990000,0,12235000,30000,134614000
DH2020005894,KH00001,SP025,2,4290000,0,815000,30000,8996000
DH2020003427,KH00001,SP020,2,1190000,0,231000,28000,2568000
DH2020005495,KH00001,SP014,1,1190000,0,95000,28000,1075000
DH2020007934,KH00001,SP013,1,990000,0,87000,22000,980000
DH2020008055,KH00002,SP020,2,1190000,0,238000,30000,2648000
DH2020008091,KH00003,SP012,1,1590000,0,143000,28000,1602000
DH2020008918,KH00003,SP011,2,3990000,0,718000,25000,7925000
DH2020000222,KH00004,SP020,6,1190000,0,714000,25000,7879000
DH2020004379,KH01452,SP019,3,690000,0,201000,30000,2239000
DH2020005358,KH00005,SP024,5,5490000,0,2470000,45000,27220000
DH2020006913,KH00002,SP007,2,23990000,0,4222000,28000,46472000
DH2020007256,KH00017,SP024,1,5490000,0,549000,35000,6074000
DH2020007524,KH00225,SP021,1,350000,0,32000,45000,392000
DH2020007983,KH00002,SP024,1,5490000,0,439000,30000,4861000
DH2020008402,KH00001,SP026,2,990000,0,198000,40000,2218000
DH2020002344,KH00002,SP018,1,390000,0,36000,35000,434000
DH2020003267,KH00674,SP013,2,990000,0,184000,25000,2050000
DH2020003631,KH00002,SP021,1,350000,0,32000,35000,392000
DH2020005672,KH00013,SP014,2,1190000,0,226000,22000,2509000
DH2020009113,KH00023,SP009,1,15990000,0,1407000,30000,15508000
DH2020009203,KH00002,SP002,1,18990000,0,1671000,18000,18400000
DH2020009931,KH00001,SP010,2,12990000,0,2468000,22000,27171000
DH2020001468,KH00034,SP015,1,7990000,0,775000,25000,8550000
DH2020003215,KH00005,SP003,1,19990000,0,1999000,22000,22011000
DH2020005067,KH00142,SP018,3,390000,0,114000,22000,1271000
DH2020008094,KH00001,SP004,1,16990000,0,1529000,25000,16845000
DH2020001767,KH00001,SP007,3,23990000,0,6477000,45000,71295000
DH2020002781,KH00272,SP009,2,15990000,0,2814000,28000,30984000
DH2020003352,KH00004,SP026,6,990000,0,564000,25000,6232000
DH2020006424,KH00002,SP009,4,15990000,0,6076000,18000,66856000
DH2020007402,KH00005,SP024,2,5490000,0,1043000,40000,11514000
DH2020001169,KH00123,SP014,4,1190000,0,419000,30000,4638000
DH2020004071,KH00004,SP001,3,4590000,0,1102000,40000,12158000
DH2020007025,KH00008,SP006,2,7990000,0,1278000,25000,14087000
DH2020007297,KH00425,SP008,2,13990000,0,2798000,30000,30808000
DH2020009884,KH00005,SP026,3,990000,0,297000,22000,3289000
DH2020000401,KH00002,SP006,1,7990000,0,639000,28000,7059000
DH2020001295,KH00001,SP005,2,4990000,0,948000,35000,10464000
DH2020002529,KH00318,SP022,1,190000,0,17000,22000,206000
DH2020008854,KH00002,SP019,3,690000,0,166000,45000,1867000
DH2020006779,KH00006,SP005,2,4990000,0,878000,45000,9705000
DH2020007474,KH00011,SP008,2,13990000,0,2714000,30000,29885000
DH2020007993,KH00026,SP018,1,390000,0,39000,45000,474000
DH2020000019,KH00003,SP016,2,11990000,0,2278000,18000,25077000
DH2020000449,KH01345,SP002,1,18990000,0,1899000,28000,20917000
DH2020000886,KH00001,SP019,1,690000,0,64000,22000,728000
DH2020005743,KH00001,SP010,2,12990000,0,2338000,18000,25738000
DH2020007685,KH00002,SP007,2,23990000,0,4222000,25000,46469000
DH2020007695,KH00002,SP019,3,690000,0,197000,28000,2191000
DH2020007722,KH00001,SP011,1,3990000,0,379000,28000,4197000
DH2020008883,KH00013,SP001,2,4590000,0,918000,25000,10123000
DH2020003658,KH00007,SP007,1,23990000,0,2327000,25000,25622000
DH2020003808,KH00001,SP002,2,18990000,0,3798000,30000,41808000
DH2020006238,KH00196,SP010,1,12990000,0,1299000,30000,14319000
DH2020001557,KH00001,SP010,1,12990000,0,1299000,40000,14329000
DH2020003171,KH00001,SP014,2,1190000,0,209000,28000,2331000
DH2020009451,KH00004,SP002,1,18990000,0,1899000,35000,20924000
DH2020004035,KH00035,SP004,1,16990000,0,1495000,30000,16476000
DH2020007187,KH00024,SP010,1,12990000,0,1299000,25000,14314000
DH2020007193,KH00004,SP021,1,350000,0,33000,30000,395000
DH2020008492,KH00004,SP005,3,4990000,0,1497000,40000,16507000
DH2020000270,KH00008,SP025,6,4290000,0,2445000,25000,26923000
DH2020008468,KH00032,SP023,2,5990000,0,1198000,25000,13203000
DH2020008966,KH00003,SP015,8,7990000,0,5753000,40000,63321000
DH2020000087,KH00001,SP004,2,16990000,0,3160000,40000,34801000
DH2020002764,KH00005,SP021,1,350000,0,35000,22000,407000
DH2020002989,KH00019,SP016,1,11990000,0,1199000,28000,13217000
DH2020003372,KH00072,SP006,3,7990000,0,2397000,30000,26397000
DH2020007837,KH00035,SP007,2,23990000,0,4078000,45000,44906000
DH2020009013,KH00220,SP011,1,3990000,0,359000,18000,3968000
DH2020004667,KH00001,SP008,4,13990000,0,5204000,40000,57287000
DH2020006208,KH01325,SP025,4,4290000,0,1373000,40000,15141000
DH2020007605,KH00002,SP001,1,4590000,0,367000,18000,4057000
DH2020009233,KH00007,SP003,1,19990000,0,1599000,22000,17613000
DH2020009502,KH00149,SP017,1,3290000,0,319000,35000,3545000
DH2020009632,KH00118,SP005,5,4990000,0,2495000,22000,27467000
DH2020007164,KH00002,SP017,4,3290000,0,1316000,40000,14516000
DH2020008769,KH00190,SP021,3,350000,0,98000,40000,1114000
DH2020009085,KH00001,SP010,1,12990000,0,1299000,18000,14307000
DH2020001680,KH00154,SP012,1,1590000,0,135000,35000,1522000
DH2020001719,KH00002,SP024,1,5490000,0,483000,25000,5339000
DH2020003169,KH00037,SP024,2,5490000,0,878000,18000,9680000
DH2020003415,KH01061,SP009,2,15990000,0,3038000,25000,33444000
DH2020004664,KH00005,SP014,4,1190000,0,428000,25000,4737000
DH2020004846,KH01904,SP025,1,4290000,0,408000,22000,4506000
DH2020004986,KH00090,SP004,2,16990000,0,2718000,30000,29932000
DH2020009028,KH00007,SP010,3,12990000,0,3780000,22000,41603000
DH2020000934,KH00001,SP016,2,11990000,0,1918000,35000,21137000
DH2020001830,KH00001,SP018,1,390000,0,37000,30000,437000
DH2020001976,KH00003,SP022,2,190000,0,38000,45000,463000
DH2020002898,KH00057,SP008,1,13990000,0,1231000,22000,13564000
DH2020004858,KH00011,SP001,1,4590000,0,459000,30000,5079000
DH2020005730,KH00003,SP004,1,16990000,0,1648000,35000,18163000
DH2020008638,KH00001,SP026,2,990000,0,198000,45000,2223000
DH2020001754,KH00026,SP008,2,13990000,0,2658000,28000,29267000
DH2020002111,KH00116,SP011,2,3990000,0,678000,25000,7486000
DH2020002990,KH00131,SP016,3,11990000,0,3165000,30000,34849000
DH2020002258,KH00023,SP003,1,19990000,0,1999000,18000,22007000
DH2020004716,KH00164,SP003,1,19990000,0,1999000,18000,22007000
DH2020006890,KH00033,SP022,1,190000,0,19000,25000,234000
DH2020001056,KH00004,SP012,3,1590000,0,453000,22000,5007000
DH2020003170,KH00001,SP023,3,5990000,0,1527000,30000,16831000
DH2020004051,KH00039,SP003,3,19990000,0,5397000,30000,59400000
DH2020007662,KH00065,SP001,6,4590000,0,2424000,22000,26681000
DH2020005582,KH00002,SP024,1,5490000,0,511000,30000,5647000
DH2020007427,KH00004,SP024,1,5490000,0,483000,22000,5336000
DH2020007778,KH00002,SP001,3,4590000,0,1377000,40000,15187000
DH2020008559,KH00094,SP025,1,4290000,0,429000,30000,4749000
DH2020000447,KH00001,SP003,6,19990000,0,11994000,18000,131952000
DH2020002968,KH00058,SP003,1,19990000,0,1939000,30000,21359000
DH2020006362,KH00010,SP014,4,1190000,0,443000,40000,4910000
DH2020000976,KH00002,SP022,1,190000,0,15000,18000,185000
DH2020001152,KH00013,SP026,1,990000,0,94000,40000,1074000
DH2020005649,KH00008,SP002,1,18990000,0,1671000,45000,18427000
DH2020007957,KH00002,SP004,1,16990000,0,1648000,25000,18153000
DH2020008324,KH00200,SP019,2,690000,0,131000,30000,1472000
DH2020009545,KH00008,SP025,1,4290000,0,386000,45000,4292000
DH2020004756,KH00222,SP003,1,19990000,0,1599000,35000,17626000
DH2020005687,KH00001,SP013,1,990000,0,89000,28000,1008000
DH2020009769,KH00004,SP018,3,390000,0,103000,28000,1161000
DH2020004436,KH00004,SP007,1,23990000,0,2279000,30000,25099000
DH2020005220,KH00002,SP011,10,3990000,0,3990000,35000,43925000
DH2020006318,KH00001,SP005,1,4990000,0,499000,25000,5514000
DH2020004076,KH00001,SP009,1,15990000,0,1487000,45000,16403000
DH2020004934,KH00002,SP005,1,4990000,0,399000,35000,4426000
DH2020007910,KH00007,SP002,1,18990000,0,1614000,35000,17791000
DH2020000683,KH00016,SP004,1,16990000,0,1648000,45000,18173000
DH2020001410,KH00019,SP025,4,4290000,0,1630000,35000,17967000
DH2020003063,KH00004,SP007,3,23990000,0,6837000,25000,75234000
DH2020006477,KH00002,SP024,1,5490000,0,467000,35000,5168000
DH2020009153,KH00001,SP016,1,11990000,0,1199000,25000,13214000
DH2020009508,KH00002,SP008,1,13990000,0,1399000,35000,15424000
DH2020000968,KH00382,SP012,1,1590000,0,151000,35000,1696000
DH2020001821,KH00320,SP006,6,7990000,0,4650000,22000,51174000
DH2020005031,KH00069,SP010,1,12990000,0,1299000,30000,14319000
DH2020005989,KH00002,SP002,1,18990000,0,1614000,40000,17796000
DH2020008192,KH00140,SP001,3,4590000,0,1170000,45000,12919000
DH2020000008,KH00015,SP006,3,7990000,0,2037000,30000,22441000
DH2020004818,KH00037,SP008,1,13990000,0,1119000,18000,12329000
DH2020006836,KH00104,SP013,1,990000,0,79000,40000,911000
DH2020006935,KH00022,SP009,2,15990000,0,3198000,28000,35206000
DH2020001507,KH00025,SP006,1,7990000,0,679000,22000,7493000
DH2020004097,KH00001,SP005,1,4990000,0,449000,22000,4962000
DH2020006157,KH00001,SP019,1,690000,0,66000,45000,767000
DH2020007098,KH00003,SP019,1,690000,0,69000,35000,794000
DH2020007915,KH00001,SP004,2,16990000,0,2990000,18000,32910000
DH2020009714,KH00002,SP024,4,5490000,0,2042000,35000,22500000
DH2020004571,KH00002,SP011,3,3990000,0,1161000,22000,12794000
DH2020006735,KH00003,SP010,1,12990000,0,1260000,25000,13885000
DH2020000063,KH00008,SP002,2,18990000,0,3798000,22000,41800000
DH2020001138,KH00141,SP003,3,19990000,0,4798000,30000,52804000
DH2020002548,KH00001,SP020,1,1190000,0,113000,35000,1278000
DH2020002634,KH00001,SP011,1,3990000,0,339000,35000,3766000
DH2020003354,KH00460,SP001,1,4590000,0,445000,25000,4922000
DH2020003491,KH00963,SP019,1,690000,0,55000,30000,637000
DH2020006060,KH00006,SP007,5,23990000,0,11155000,30000,122739000
DH2020008095,KH00029,SP005,8,4990000,0,3713000,40000,40879000
DH2020009422,KH00397,SP019,3,690000,0,176000,22000,1958000
DH2020000773,KH00038,SP011,1,3990000,0,351000,18000,3880000
DH2020001326,KH01068,SP003,2,19990000,0,3718000,45000,40944000
DH2020002744,KH00531,SP015,1,7990000,0,719000,22000,7932000
DH2020003865,KH00002,SP012,5,1590000,0,700000,25000,7721000
DH2020004454,KH00008,SP022,2,190000,0,38000,25000,443000
DH2020004939,KH00001,SP013,3,990000,0,297000,25000,3292000
DH2020005721,KH00002,SP013,10,990000,0,921000,40000,10168000
DH2020006083,KH00002,SP021,1,350000,0,28000,30000,338000
DH2020000755,KH00007,SP007,5,23990000,0,11995000,35000,131980000
DH2020006888,KH00276,SP003,4,19990000,0,7036000,30000,77431000
DH2020008049,KH00005,SP014,3,1190000,0,357000,25000,3952000
DH2020009935,KH00948,SP013,1,990000,0,79000,40000,911000
DH2020003065,KH00005,SP020,1,1190000,0,107000,45000,1223000
DH2020005184,KH00006,SP010,2,12990000,0,2520000,35000,27756000
DH2020008602,KH00002,SP016,5,11990000,0,5695000,25000,62672000
DH2020009590,KH02092,SP001,1,4590000,0,459000,25000,5074000
DH2020002167,KH00001,SP023,2,5990000,0,958000,25000,10567000
DH2020004616,KH00004,SP004,1,16990000,0,1444000,30000,15916000
DH2020005913,KH00001,SP026,2,990000,0,198000,25000,2203000
DH2020007739,KH00002,SP022,3,190000,0,50000,18000,570000
DH2020008353,KH00032,SP004,1,16990000,0,1699000,45000,18734000
DH2020008894,KH00008,SP005,4,4990000,0,1936000,25000,21322000
DH2020001119,KH00013,SP013,1,990000,0,87000,18000,976000
DH2020004099,KH00014,SP006,1,7990000,0,775000,22000,8547000
DH2020009408,KH00010,SP009,1,15990000,0,1279000,35000,14106000
DH2020003720,KH00001,SP026,1,990000,0,92000,18000,1031000
DH2020006678,KH00001,SP011,2,3990000,0,742000,30000,8193000
DH2020007072,KH00001,SP020,2,1190000,0,209000,45000,2348000
DH2020008814,KH00002,SP017,5,3290000,0,1563000,28000,17219000
DH2020009006,KH00001,SP011,2,3990000,0,742000,40000,8203000
DH2020009827,KH00054,SP021,2,350000,0,70000,28000,798000
DH2020005488,KH00009,SP005,3,4990000,0,1452000,35000,16008000
DH2020006243,KH00001,SP021,2,350000,0,60000,45000,700000
DH2020001674,KH00008,SP012,1,1590000,0,143000,25000,1599000
DH2020008173,KH00016,SP023,1,5990000,0,599000,35000,6624000
DH2020008285,KH00001,SP001,3,4590000,0,1281000,28000,14115000
DH2020001641,KH00109,SP024,2,5490000,0,1098000,30000,12108000
DH2020003985,KH00048,SP004,1,16990000,0,1699000,35000,18724000
DH2020008610,KH00148,SP004,6,16990000,0,9888000,28000,108798000
DH2020009088,KH00009,SP019,3,690000,0,192000,18000,2135000
DH2020000548,KH00022,SP004,8,16990000,0,12912000,30000,142066000
DH2020000565,KH00002,SP006,1,7990000,0,799000,30000,8819000
DH2020000898,KH00947,SP007,1,23990000,0,2111000,18000,23240000
DH2020002337,KH00022,SP018,2,390000,0,72000,30000,827000
DH2020003922,KH00118,SP026,1,990000,0,99000,25000,1114000
DH2020004506,KH00030,SP015,1,7990000,0,799000,28000,8817000
DH2020005455,KH00013,SP006,1,7990000,0,719000,45000,7955000
DH2020007345,KH00185,SP021,4,350000,0,130000,30000,1462000
DH2020007503,KH00001,SP026,3,990000,0,297000,45000,3312000
DH2020008627,KH00005,SP004,3,16990000,0,4078000,45000,44899000
DH2020007405,KH00003,SP009,1,15990000,0,1599000,25000,17614000
DH2020009022,KH00071,SP001,1,4590000,0,459000,28000,5077000
DH2020009606,KH00056,SP012,1,1590000,0,159000,18000,1767000
DH2020001198,KH00001,SP015,4,7990000,0,3196000,45000,35201000
DH2020001426,KH00001,SP021,1,350000,0,28000,45000,353000
DH2020002240,KH00034,SP004,2,16990000,0,3160000,18000,34779000
DH2020002525,KH00042,SP005,2,4990000,0,998000,18000,10996000
DH2020002542,KH00006,SP004,1,16990000,0,1529000,30000,16850000
DH2020003330,KH01737,SP021,1,350000,0,32000,28000,375000
DH2020007912,KH00964,SP017,1,3290000,0,313000,30000,3469000
DH2020008518,KH00002,SP021,1,350000,0,35000,28000,413000
DH2020000892,KH00005,SP008,3,13990000,0,3358000,25000,36959000
DH2020000983,KH00247,SP003,1,19990000,0,1939000,18000,21347000
DH2020003056,KH00002,SP023,1,5990000,0,557000,25000,6153000
DH2020003360,KH00023,SP021,1,350000,0,32000,45000,392000
DH2020009082,KH00007,SP006,4,7990000,0,2972000,45000,32740000
DH2020002477,KH00001,SP012,1,1590000,0,143000,22000,1596000
DH2020003230,KH00019,SP009,1,15990000,0,1519000,35000,16744000
DH2020003964,KH00001,SP023,5,5990000,0,2905000,35000,31992000
DH2020005845,KH00004,SP025,5,4290000,0,1823000,35000,20090000
DH2020007306,KH00046,SP001,2,4590000,0,734000,18000,8096000
DH2020008591,KH00950,SP022,2,190000,0,32000,30000,385000
DH2020002756,KH00002,SP019,3,690000,0,207000,18000,2295000
DH2020005600,KH00017,SP014,2,1190000,0,221000,40000,2474000
DH2020008712,KH00050,SP014,1,1190000,0,111000,25000,1243000
DH2020009202,KH00001,SP013,6,990000,0,535000,30000,5911000
DH2020004333,KH00001,SP009,2,15990000,0,2814000,30000,30986000
DH2020005569,KH00001,SP010,1,12990000,0,1143000,18000,12592000
DH2020006141,KH00008,SP011,2,3990000,0,678000,40000,7501000
DH2020006665,KH00003,SP002,1,18990000,0,1671000,18000,18400000
DH2020007152,KH00012,SP020,1,1190000,0,105000,22000,1174000
DH2020008562,KH00003,SP026,8,990000,0,792000,25000,8737000
DH2020009391,KH00039,SP019,2,690000,0,124000,28000,1394000
DH2020009668,KH00001,SP009,1,15990000,0,1359000,22000,14973000
DH2020000140,KH00001,SP026,1,990000,0,99000,28000,1117000
DH2020000557,KH00003,SP018,6,390000,0,227000,18000,2515000
DH2020001863,KH00002,SP007,1,23990000,0,2399000,40000,26429000
DH2020003524,KH00004,SP003,6,19990000,0,11994000,45000,131979000
DH2020003926,KH00001,SP020,1,1190000,0,113000,40000,1283000
DH2020004245,KH00012,SP001,2,4590000,0,826000,28000,9116000
DH2020008625,KH00011,SP007,3,23990000,0,7197000,45000,79212000
DH2020000384,KH00003,SP005,3,4990000,0,1422000,28000,15672000
DH2020003200,KH00018,SP024,1,5490000,0,522000,25000,5763000
DH2020005862,KH00015,SP001,1,4590000,0,459000,40000,5089000
DH2020007156,KH00001,SP007,3,23990000,0,6333000,18000,69685000
DH2020002071,KH00039,SP005,1,4990000,0,399000,30000,4421000
DH2020003739,KH00003,SP007,1,23990000,0,2399000,25000,26414000
DH2020004915,KH00023,SP004,1,16990000,0,1699000,30000,18719000
DH2020005018,KH00005,SP007,1,23990000,0,1919000,45000,21156000
DH2020006696,KH00001,SP014,1,1190000,0,105000,18000,1170000
DH2020001852,KH01404,SP005,1,4990000,0,439000,45000,4875000
DH2020002833,KH00001,SP011,1,3990000,0,359000,40000,3990000
DH2020005114,KH00002,SP010,1,12990000,0,1169000,40000,12900000
DH2020006791,KH00072,SP018,2,390000,0,62000,18000,704000
DH2020007925,KH00019,SP003,6,19990000,0,10555000,30000,116132000
DH2020001196,KH00009,SP003,1,19990000,0,1699000,22000,18713000
DH2020005228,KH00001,SP026,3,990000,0,297000,28000,3295000
DH2020007559,KH00003,SP009,1,15990000,0,1359000,28000,14979000
DH2020007819,KH00001,SP001,2,4590000,0,918000,28000,10126000
DH2020003968,KH00005,SP021,1,350000,0,31000,25000,364000
DH2020004292,KH00321,SP012,1,1590000,0,143000,40000,1614000
DH2020007540,KH00013,SP024,1,5490000,0,522000,40000,5778000
DH2020008556,KH00106,SP021,1,350000,0,35000,30000,415000
DH2020002324,KH00001,SP001,2,4590000,0,918000,28000,10126000
DH2020002879,KH00001,SP006,1,7990000,0,799000,45000,8834000
DH2020004029,KH00024,SP010,2,12990000,0,2286000,35000,25183000
DH2020008344,KH00001,SP011,4,3990000,0,1484000,40000,16367000
DH2020009551,KH00018,SP018,1,390000,0,39000,25000,454000
DH2020006350,KH00001,SP018,1,390000,0,39000,22000,451000
DH2020006809,KH00001,SP006,2,7990000,0,1358000,40000,14981000
DH2020007172,KH00027,SP001,1,4590000,0,459000,28000,5077000
DH2020008011,KH00001,SP024,1,5490000,0,494000,28000,5463000
DH2020002181,KH00015,SP002,3,18990000,0,5526000,22000,60809000
DH2020003480,KH00040,SP012,1,1590000,0,135000,40000,1527000
DH2020008272,KH00636,SP003,1,19990000,0,1599000,30000,17621000
DH2020000211,KH00106,SP020,1,1190000,0,119000,35000,1344000
DH2020003086,KH00001,SP001,2,4590000,0,808000,18000,8904000
DH2020003222,KH00001,SP026,1,990000,0,99000,18000,1107000
DH2020003414,KH00001,SP001,2,4590000,0,734000,40000,8118000
DH2020007401,KH00001,SP020,3,1190000,0,357000,18000,3945000
DH2020009889,KH00001,SP006,2,7990000,0,1278000,30000,14092000
DH2020003919,KH01273,SP013,2,990000,0,198000,40000,2218000
DH2020006792,KH00006,SP021,2,350000,0,70000,28000,798000
DH2020008016,KH00170,SP022,1,190000,0,16000,25000,203000
DH2020009347,KH00031,SP012,4,1590000,0,636000,18000,7014000
DH2020001713,KH00015,SP009,1,15990000,0,1487000,18000,16376000
DH2020007573,KH00030,SP006,4,7990000,0,3100000,28000,34129000
DH2020000725,KH00937,SP016,1,11990000,0,1199000,25000,13214000
DH2020000946,KH00001,SP025,2,4290000,0,858000,18000,9456000
DH2020004000,KH00459,SP007,1,23990000,0,2399000,40000,26429000
DH2020009965,KH00004,SP011,6,3990000,0,1915000,22000,21089000
DH2020001995,KH00162,SP004,1,16990000,0,1614000,22000,17776000
DH2020002237,KH00001,SP001,5,4590000,0,2295000,18000,25263000
DH2020005610,KH00002,SP008,1,13990000,0,1329000,22000,14641000
DH2020001423,KH00170,SP010,1,12990000,0,1169000,45000,12905000
DH2020003175,KH00034,SP007,1,23990000,0,2399000,30000,26419000
DH2020004223,KH00001,SP002,6,18990000,0,11394000,25000,125359000
DH2020004810,KH01733,SP001,1,4590000,0,459000,30000,5079000
DH2020006007,KH00002,SP022,1,190000,0,19000,22000,231000
DH2020008671,KH00730,SP008,3,13990000,0,3567000,18000,39259000
DH2020009817,KH00102,SP010,2,12990000,0,2468000,40000,27189000
DH2020000551,KH00016,SP026,1,990000,0,99000,45000,1134000
DH2020000575,KH00165,SP015,2,7990000,0,1518000,40000,16739000
DH2020001361,KH00002,SP004,3,16990000,0,4332000,40000,47696000
DH2020005567,KH00001,SP007,5,23990000,0,10196000,40000,112194000
DH2020008081,KH00039,SP010,2,12990000,0,2338000,22000,25742000
DH2020004636,KH00002,SP010,1,12990000,0,1299000,25000,14314000
DH2020005104,KH00016,SP015,4,7990000,0,3036000,18000,33416000
DH2020002560,KH00157,SP004,8,16990000,0,11553000,18000,127103000
DH2020008725,KH00008,SP026,1,990000,0,96000,18000,1074000
DH2020000960,KH00001,SP024,1,5490000,0,511000,35000,5652000
DH2020002653,KH00040,SP013,4,990000,0,356000,25000,3945000
DH2020004136,KH00003,SP010,1,12990000,0,1260000,30000,13890000
DH2020004520,KH00006,SP026,1,990000,0,87000,18000,976000
DH2020006927,KH00003,SP019,2,690000,0,110000,30000,1244000
DH2020006972,KH02249,SP013,4,990000,0,368000,28000,4079000
DH2020008830,KH00046,SP001,3,4590000,0,1377000,22000,15169000
DH2020002835,KH00042,SP019,2,690000,0,110000,22000,1236000
DH2020008079,KH00013,SP016,3,11990000,0,2878000,28000,31682000
DH2020008701,KH00004,SP003,1,19990000,0,1899000,28000,20917000
DH2020002154,KH00001,SP015,1,7990000,0,743000,25000,8199000
DH2020008054,KH00109,SP019,4,690000,0,221000,25000,2454000
DH2020009612,KH02234,SP001,1,4590000,0,459000,40000,5089000
DH2020001264,KH00005,SP013,2,990000,0,198000,45000,2223000
DH2020004364,KH00003,SP025,2,4290000,0,858000,22000,9460000
DH2020009110,KH00071,SP014,5,1190000,0,577000,45000,6394000
DH2020006188,KH00004,SP005,1,4990000,0,439000,22000,4852000
DH2020006729,KH00684,SP014,2,1190000,0,238000,28000,2646000
DH2020001190,KH00011,SP009,1,15990000,0,1279000,28000,14099000
DH2020002110,KH00110,SP012,1,1590000,0,148000,30000,1657000
DH2020000770,KH00015,SP003,2,19990000,0,3998000,25000,44003000
DH2020001180,KH00001,SP009,1,15990000,0,1551000,25000,17086000
DH2020003474,KH00001,SP016,1,11990000,0,1199000,28000,13217000
DH2020003619,KH00001,SP011,4,3990000,0,1404000,25000,15474000
DH2020000905,KH01681,SP013,1,990000,0,87000,30000,988000
DH2020003207,KH00002,SP014,2,1190000,0,238000,40000,2658000
DH2020003296,KH00025,SP024,3,5490000,0,1400000,18000,15418000
DH2020001660,KH00001,SP014,2,1190000,0,238000,45000,2663000
DH2020001970,KH00015,SP015,1,7990000,0,799000,30000,8819000
DH2020003386,KH00322,SP025,8,4290000,0,3432000,30000,37782000
DH2020008240,KH00001,SP026,1,990000,0,79000,28000,899000
DH2020008459,KH00269,SP026,2,990000,0,158000,40000,1782000
DH2020008629,KH01075,SP010,1,12990000,0,1299000,45000,14334000
DH2020009214,KH00003,SP015,1,7990000,0,759000,40000,8389000
DH2020001518,KH00001,SP007,10,23990000,0,23990000,35000,263925000
DH2020005344,KH00001,SP020,1,1190000,0,101000,25000,1138000
DH2020005457,KH00008,SP009,1,15990000,0,1487000,40000,16398000
DH2020006548,KH00184,SP014,2,1190000,0,202000,40000,2265000
DH2020000677,KH00040,SP018,1,390000,0,36000,45000,444000
DH2020001261,KH00006,SP006,1,7990000,0,719000,28000,7938000
DH2020008906,KH00001,SP021,4,350000,0,123000,40000,1395000
DH2020009816,KH00125,SP015,2,7990000,0,1358000,30000,14971000
DH2020001799,KH00013,SP006,1,7990000,0,775000,35000,8560000
DH2020004717,KH00007,SP008,1,13990000,0,1399000,45000,15434000
DH2020009453,KH00006,SP019,1,690000,0,62000,18000,701000
DH2020000879,KH00013,SP016,4,11990000,0,4316000,35000,47515000
DH2020003565,KH00007,SP005,2,4990000,0,928000,28000,10237000
DH2020005094,KH01814,SP023,1,5990000,0,599000,45000,6634000
DH2020006331,KH00014,SP013,1,990000,0,99000,22000,1111000
DH2020006591,KH00001,SP019,1,690000,0,55000,30000,637000
DH2020008417,KH00004,SP023,3,5990000,0,1438000,22000,15836000
DH2020009118,KH00001,SP022,1,190000,0,17000,45000,229000
DH2020001003,KH00018,SP015,3,7990000,0,2109000,28000,23231000
DH2020004498,KH00015,SP007,2,23990000,0,4078000,28000,44889000
DH2020005139,KH00001,SP013,3,990000,0,282000,22000,3126000
DH2020005200,KH00094,SP019,1,690000,0,69000,40000,799000
DH2020006041,KH00001,SP010,5,12990000,0,6495000,18000,71463000
DH2020008114,KH00003,SP020,1,1190000,0,107000,25000,1203000
DH2020008514,KH00002,SP005,5,4990000,0,1996000,35000,21991000
DH2020008858,KH00008,SP009,1,15990000,0,1551000,22000,17083000
DH2020002145,KH00007,SP008,3,13990000,0,4197000,22000,46189000
DH2020002676,KH00003,SP023,3,5990000,0,1707000,22000,18801000
DH2020004330,KH00016,SP023,1,5990000,0,581000,30000,6421000
DH2020000425,KH00072,SP023,4,5990000,0,2396000,35000,26391000
DH2020001202,KH00001,SP025,1,4290000,0,416000,30000,4607000
DH2020007082,KH01654,SP019,1,690000,0,69000,22000,781000
DH2020007597,KH00001,SP015,2,7990000,0,1598000,35000,17613000
DH2020007651,KH00001,SP023,1,5990000,0,599000,40000,6629000
DH2020008582,KH00001,SP026,3,990000,0,252000,30000,2806000
DH2020008674,KH00016,SP023,1,5990000,0,479000,28000,5299000
DH2020009097,KH00002,SP023,1,5990000,0,557000,22000,6150000
DH2020000535,KH00001,SP020,4,1190000,0,428000,18000,4730000
DH2020001313,KH00005,SP014,4,1190000,0,419000,35000,4643000
DH2020004845,KH00278,SP014,6,1190000,0,714000,22000,7876000
DH2020006476,KH00001,SP022,2,190000,0,38000,18000,436000
DH2020008233,KH00003,SP014,2,1190000,0,214000,28000,2384000
DH2020008920,KH00002,SP005,3,4990000,0,1497000,30000,16497000
DH2020002275,KH00328,SP003,3,19990000,0,5097000,22000,56093000
DH2020004482,KH00027,SP014,1,1190000,0,101000,25000,1138000
DH2020004507,KH00001,SP006,2,7990000,0,1406000,22000,15490000
DH2020006038,KH00003,SP024,2,5490000,0,1098000,18000,12096000
DH2020006901,KH00031,SP008,1,13990000,0,1189000,35000,13116000
DH2020007660,KH01289,SP026,1,990000,0,84000,45000,971000
DH2020009070,KH00011,SP012,2,1590000,0,318000,40000,3538000
DH2020001592,KH00001,SP017,4,3290000,0,1276000,18000,14059000
DH2020005516,KH00034,SP017,2,3290000,0,658000,18000,7256000
DH2020006723,KH00036,SP004,8,16990000,0,13592000,30000,149542000
DH2020000080,KH00003,SP020,2,1190000,0,238000,35000,2653000
DH2020003864,KH00002,SP008,1,13990000,0,1399000,30000,15419000
DH2020006274,KH01610,SP008,3,13990000,0,3693000,18000,40645000
DH2020007508,KH00005,SP003,5,19990000,0,9995000,25000,109970000
DH2020008093,KH00001,SP002,1,18990000,0,1519000,25000,16736000
DH2020009048,KH00001,SP008,1,13990000,0,1259000,30000,13880000
DH2020001359,KH01159,SP017,3,3290000,0,938000,22000,10336000
DH2020002805,KH00001,SP001,2,4590000,0,780000,25000,8608000
DH2020003549,KH00001,SP010,1,12990000,0,1299000,30000,14319000
DH2020004726,KH00342,SP012,2,1590000,0,286000,18000,3166000
DH2020006576,KH00003,SP005,1,4990000,0,474000,45000,5259000
DH2020009855,KH00011,SP017,1,3290000,0,280000,18000,3094000
DH2020000935,KH00039,SP001,2,4590000,0,918000,22000,10120000
DH2020001321,KH00059,SP005,1,4990000,0,499000,30000,5519000
DH2020004565,KH00004,SP023,4,5990000,0,2396000,30000,26386000
DH2020009775,KH00673,SP016,1,11990000,0,1079000,40000,11910000
DH2020009926,KH00001,SP005,1,4990000,0,449000,18000,4958000
DH2020009994,KH00033,SP020,8,1190000,0,838000,30000,9246000
DH2020000389,KH00001,SP001,3,4590000,0,1377000,40000,15187000
DH2020002269,KH00001,SP024,1,5490000,0,511000,35000,5652000
DH2020005844,KH00017,SP003,10,19990000,0,17991000,25000,197926000
DH2020007927,KH00023,SP009,4,15990000,0,6204000,25000,68270000
DH2020008140,KH00544,SP021,3,350000,0,89000,35000,1016000
DH2020009663,KH00110,SP018,1,390000,0,38000,35000,451000
DH2020009686,KH00007,SP013,1,990000,0,96000,45000,1101000
DH2020003771,KH00005,SP021,1,350000,0,35000,45000,430000
DH2020006123,KH00016,SP016,3,11990000,0,3597000,45000,39612000
DH2020002323,KH00002,SP020,1,1190000,0,111000,22000,1240000
DH2020006040,KH00047,SP001,1,4590000,0,459000,18000,5067000
DH2020000048,KH00001,SP003,8,19990000,0,12794000,40000,140770000
DH2020001709,KH00002,SP021,1,350000,0,31000,25000,364000
DH2020003396,KH00001,SP024,2,5490000,0,1098000,25000,12103000
DH2020004319,KH00002,SP020,1,1190000,0,115000,45000,1314000
DH2020004861,KH00015,SP010,2,12990000,0,2598000,22000,28600000
DH2020005232,KH00024,SP022,2,190000,0,33000,40000,407000
DH2020005972,KH00001,SP011,5,3990000,0,1895000,18000,20865000
DH2020006313,KH00051,SP015,2,7990000,0,1598000,25000,17603000
DH2020000075,KH00008,SP005,2,4990000,0,798000,45000,8827000
DH2020003607,KH00002,SP012,2,1590000,0,296000,22000,3275000
DH2020004003,KH00001,SP003,1,19990000,0,1759000,18000,19368000
DH2020005465,KH00001,SP025,1,4290000,0,429000,25000,4744000
DH2020008178,KH00001,SP007,1,23990000,0,2231000,40000,24582000
DH2020008816,KH00097,SP023,1,5990000,0,479000,18000,5289000
DH2020009642,KH00001,SP011,1,3990000,0,371000,28000,4110000
DH2020004054,KH00001,SP011,3,3990000,0,1197000,28000,13195000
DH2020005459,KH00004,SP014,4,1190000,0,476000,18000,5254000
DH2020006909,KH00012,SP018,8,390000,0,265000,35000,2952000
DH2020007385,KH00008,SP008,3,13990000,0,3358000,45000,36979000
DH2020000121,KH00361,SP001,1,4590000,0,459000,35000,5084000
DH2020002273,KH00035,SP023,2,5990000,0,1018000,18000,11219000
DH2020004306,KH00005,SP003,3,19990000,0,5697000,28000,62697000
DH2020004474,KH00005,SP013,1,990000,0,94000,40000,1074000
DH2020005380,KH00002,SP015,5,7990000,0,3196000,18000,35174000
DH2020002433,KH00001,SP018,3,390000,0,103000,35000,1168000
DH2020002619,KH00001,SP023,1,5990000,0,539000,35000,5965000
DH2020003377,KH00001,SP017,1,3290000,0,263000,18000,2913000
DH2020005948,KH00039,SP005,5,4990000,0,2370000,22000,26094000
DH2020007440,KH00034,SP004,3,16990000,0,5097000,18000,56085000
DH2020009015,KH00028,SP001,3,4590000,0,1212000,35000,13365000
DH2020008265,KH00097,SP004,2,16990000,0,3398000,40000,37418000
DH2020001753,KH00281,SP001,2,4590000,0,918000,18000,10116000
DH2020007554,KH00002,SP020,5,1190000,0,565000,45000,6262000
DH2020007946,KH00224,SP005,1,4990000,0,439000,22000,4852000
DH2020009031,KH00004,SP008,3,13990000,0,4197000,45000,46212000
DH2020009620,KH00015,SP017,1,3290000,0,319000,22000,3532000
DH2020000999,KH00004,SP012,1,1590000,0,143000,22000,1596000
DH2020001897,KH00131,SP019,1,690000,0,66000,22000,744000
DH2020002943,KH00002,SP010,3,12990000,0,3118000,30000,34324000
DH2020003551,KH00008,SP013,1,990000,0,89000,22000,1002000
DH2020007142,KH00002,SP025,3,4290000,0,1197000,28000,13194000
DH2020008255,KH00002,SP020,2,1190000,0,238000,22000,2640000
DH2020009693,KH00006,SP026,2,990000,0,188000,30000,2099000
DH2020003346,KH00262,SP007,1,23990000,0,2327000,18000,25615000
DH2020004168,KH00008,SP004,1,16990000,0,1580000,28000,17409000
DH2020007299,KH00012,SP014,10,1190000,0,1047000,35000,11554000
DH2020009435,KH00003,SP024,1,5490000,0,439000,18000,4849000
DH2020002184,KH00001,SP002,1,18990000,0,1842000,40000,20302000
DH2020003300,KH00004,SP016,2,11990000,0,1918000,45000,21147000
DH2020004541,KH00006,SP014,3,1190000,0,357000,25000,3952000
DH2020005700,KH00015,SP018,1,390000,0,33000,45000,410000
DH2020000049,KH01332,SP020,2,1190000,0,221000,40000,2474000
DH2020003906,KH00006,SP014,1,1190000,0,95000,30000,1077000
DH2020005181,KH00002,SP014,4,1190000,0,381000,45000,4234000
DH2020003041,KH00476,SP013,1,990000,0,99000,40000,1129000
DH2020004059,KH00101,SP025,2,4290000,0,832000,25000,9180000
DH2020004977,KH00123,SP010,4,12990000,0,4157000,25000,45750000
DH2020008155,KH01751,SP011,1,3990000,0,379000,40000,4209000
DH2020009424,KH00019,SP016,1,11990000,0,1139000,18000,12547000
DH2020000150,KH00452,SP017,2,3290000,0,526000,40000,5830000
DH2020000221,KH00005,SP011,5,3990000,0,1995000,28000,21973000
DH2020000280,KH00270,SP022,1,190000,0,19000,30000,239000
DH2020001611,KH00001,SP023,6,5990000,0,3055000,35000,33639000
DH2020003487,KH00001,SP001,1,4590000,0,445000,35000,4932000
DH2020007365,KH00002,SP026,2,990000,0,174000,18000,1934000
DH2020003383,KH00001,SP011,1,3990000,0,399000,45000,4434000
DH2020004415,KH00004,SP005,2,4990000,0,948000,18000,10447000
DH2020009162,KH00003,SP009,1,15990000,0,1407000,18000,15496000
DH2020001319,KH00001,SP016,1,11990000,0,1163000,28000,12821000
DH2020001748,KH00192,SP008,1,13990000,0,1399000,22000,15411000
DH2020002196,KH00001,SP002,2,18990000,0,3038000,40000,33462000
DH2020004380,KH00005,SP003,1,19990000,0,1759000,40000,19390000
DH2020005137,KH00002,SP001,4,4590000,0,1836000,30000,20226000
DH2020006692,KH00002,SP018,2,390000,0,74000,45000,860000
DH2020006963,KH00001,SP016,1,11990000,0,1055000,30000,11636000
DH2020008907,KH00087,SP020,1,1190000,0,119000,45000,1354000
DH2020000086,KH00006,SP022,1,190000,0,19000,22000,231000
DH2020001888,KH00035,SP013,3,990000,0,276000,22000,3060000
DH2020000358,KH00003,SP002,2,18990000,0,3684000,45000,40570000
DH2020001879,KH00559,SP022,1,190000,0,17000,35000,223000
DH2020006740,KH00005,SP021,1,350000,0,35000,25000,410000
DH2020003087,KH00035,SP015,2,7990000,0,1438000,45000,15865000
DH2020003281,KH00004,SP016,1,11990000,0,1199000,28000,13217000
DH2020004055,KH00003,SP019,1,690000,0,62000,30000,713000
DH2020009138,KH00353,SP018,3,390000,0,114000,35000,1284000
DH2020007549,KH01151,SP013,5,990000,0,495000,45000,5490000
DH2020009851,KH00025,SP007,3,23990000,0,7197000,45000,79212000
DH2020002057,KH00143,SP002,1,18990000,0,1766000,22000,19449000
DH2020004722,KH00001,SP015,2,7990000,0,1278000,25000,14087000
DH2020009344,KH00001,SP007,2,23990000,0,4318000,35000,47535000
DH2020000419,KH00532,SP011,3,3990000,0,1113000,28000,12273000
DH2020001620,KH00002,SP004,2,16990000,0,3160000,28000,34789000
DH2020004135,KH00013,SP004,6,16990000,0,10194000,45000,112179000
DH2020004418,KH00003,SP026,1,990000,0,79000,18000,889000
DH2020004401,KH00001,SP012,1,1590000,0,127000,22000,1421000
DH2020005463,KH00040,SP002,1,18990000,0,1614000,22000,17778000
DH2020008389,KH00001,SP021,1,350000,0,35000,18000,403000
DH2020009003,KH00002,SP006,4,7990000,0,2876000,25000,31665000
DH2020003719,KH00033,SP002,3,18990000,0,4558000,35000,50169000
DH2020003760,KH00009,SP018,1,390000,0,33000,22000,387000
DH2020006628,KH00001,SP019,10,690000,0,690000,25000,7615000
DH2020009709,KH00001,SP001,1,4590000,0,436000,18000,4814000
DH2020000698,KH00001,SP026,3,990000,0,288000,35000,3204000
DH2020001880,KH00002,SP008,1,13990000,0,1329000,45000,14664000
DH2020005656,KH00018,SP014,1,1190000,0,113000,35000,1278000
DH2020000628,KH00005,SP016,1,11990000,0,1163000,28000,12821000
DH2020004265,KH00019,SP012,3,1590000,0,420000,40000,4658000
DH2020005537,KH00002,SP008,4,13990000,0,5204000,45000,57292000
DH2020005928,KH00001,SP001,1,4590000,0,459000,22000,5071000
DH2020007188,KH00027,SP009,1,15990000,0,1599000,28000,17617000
DH2020007537,KH00015,SP025,5,4290000,0,1716000,45000,18921000
DH2020009980,KH00002,SP025,6,4290000,0,2188000,22000,24089000
DH2020002216,KH00030,SP023,3,5990000,0,1743000,35000,19209000
DH2020002260,KH00001,SP021,2,350000,0,70000,22000,792000
DH2020004169,KH00003,SP007,1,23990000,0,2231000,22000,24564000
DH2020006087,KH00789,SP007,3,23990000,0,6837000,40000,75249000
DH2020006980,KH00005,SP007,1,23990000,0,2039000,35000,22466000
DH2020008670,KH00001,SP026,1,990000,0,87000,40000,998000
DH2020008930,KH00005,SP023,2,5990000,0,1138000,40000,12559000
DH2020009322,KH00002,SP023,1,5990000,0,599000,40000,6629000
DH2020009348,KH00001,SP003,2,19990000,0,3198000,45000,35227000
DH2020004045,KH00006,SP023,1,5990000,0,599000,22000,6611000
DH2020007245,KH00055,SP016,1,11990000,0,959000,22000,10573000
DH2020009613,KH00001,SP018,2,390000,0,76000,28000,861000
DH2020000037,KH00001,SP010,2,12990000,0,2078000,30000,22892000
DH2020000640,KH00013,SP008,8,13990000,0,8954000,30000,98520000
DH2020002252,KH00002,SP014,10,1190000,0,1071000,35000,11816000
DH2020003019,KH00053,SP017,5,3290000,0,1316000,35000,14511000
DH2020006375,KH00001,SP011,2,3990000,0,758000,28000,8367000
DH2020006334,KH01519,SP004,2,16990000,0,3398000,18000,37396000
DH2020000850,KH00003,SP002,1,18990000,0,1614000,30000,17786000
DH2020002556,KH00001,SP012,3,1590000,0,420000,22000,4640000
DH2020005746,KH00001,SP003,1,19990000,0,1799000,45000,19835000
DH2020000180,KH00004,SP014,2,1190000,0,226000,45000,2532000
DH2020000318,KH00006,SP026,1,990000,0,99000,35000,1124000
DH2020002710,KH02341,SP019,2,690000,0,110000,30000,1244000
DH2020003725,KH00001,SP020,2,1190000,0,231000,30000,2570000
DH2020005754,KH00002,SP024,6,5490000,0,3195000,25000,35172000
DH2020008511,KH00001,SP008,3,13990000,0,4071000,40000,44822000
DH2020009382,KH00041,SP004,4,16990000,0,5980000,22000,65807000
DH2020001420,KH00003,SP002,1,18990000,0,1766000,25000,19452000
DH2020002462,KH00006,SP009,2,15990000,0,2558000,25000,28167000
DH2020002910,KH00001,SP004,2,16990000,0,3398000,45000,37423000
DH2020003928,KH00001,SP012,1,1590000,0,143000,35000,1609000
DH2020004308,KH00001,SP024,1,5490000,0,549000,35000,6074000
DH2020005120,KH00001,SP014,1,1190000,0,105000,18000,1170000
DH2020005945,KH00001,SP012,2,1590000,0,308000,28000,3421000
DH2020000894,KH00102,SP010,8,12990000,0,8314000,18000,91468000
DH2020004096,KH00001,SP019,2,690000,0,138000,25000,1543000
DH2020005407,KH00075,SP023,1,5990000,0,599000,40000,6629000
DH2020006575,KH00007,SP016,2,11990000,0,2398000,30000,26408000
DH2020008048,KH00502,SP010,1,12990000,0,1208000,40000,13329000
DH2020000071,KH00506,SP014,3,1190000,0,314000,35000,3491000
DH2020000756,KH00005,SP004,1,16990000,0,1648000,25000,18153000
DH2020000893,KH00023,SP019,1,690000,0,67000,40000,776000
DH2020006688,KH00015,SP010,2,12990000,0,2416000,35000,26612000
DH2020006801,KH00001,SP005,1,4990000,0,499000,45000,5534000
DH2020000555,KH00048,SP021,1,350000,0,30000,25000,353000
DH2020006412,KH01706,SP006,2,7990000,0,1438000,22000,15842000
DH2020006925,KH00089,SP006,4,7990000,0,2812000,22000,30959000
DH2020007842,KH00004,SP001,6,4590000,0,2754000,30000,30324000
DH2020008536,KH00001,SP020,1,1190000,0,101000,35000,1148000
DH2020009646,KH00012,SP014,5,1190000,0,595000,45000,6590000
DH2020000643,KH00005,SP010,1,12990000,0,1234000,30000,13604000
DH2020003051,KH00001,SP021,2,350000,0,70000,22000,792000
DH2020003592,KH00103,SP013,1,990000,0,89000,45000,1025000
DH2020006528,KH00008,SP018,2,390000,0,66000,18000,747000
DH2020007249,KH00035,SP017,3,3290000,0,888000,45000,9816000
DH2020007968,KH00009,SP005,1,4990000,0,484000,30000,5354000
DH2020004676,KH00001,SP019,3,690000,0,197000,45000,2208000
DH2020005040,KH00001,SP002,1,18990000,0,1519000,28000,16739000
DH2020008835,KH00003,SP012,1,1590000,0,159000,35000,1784000
DH2020009210,KH00001,SP023,8,5990000,0,4792000,45000,52757000
DH2020003092,KH00001,SP003,4,19990000,0,7196000,45000,79205000
DH2020003344,KH00370,SP003,1,19990000,0,1599000,35000,17626000
DH2020003774,KH00104,SP018,3,390000,0,109000,30000,1227000
DH2020005183,KH00636,SP012,2,1590000,0,318000,25000,3523000
DH2020008523,KH00002,SP007,1,23990000,0,2159000,30000,23780000
DH2020009616,KH00018,SP004,1,16990000,0,1614000,30000,17784000
DH2020000366,KH00002,SP017,2,3290000,0,579000,25000,6394000
DH2020001984,KH00336,SP025,2,4290000,0,798000,40000,8817000
DH2020002575,KH00007,SP009,2,15990000,0,3198000,35000,35213000
DH2020003601,KH00001,SP005,2,4990000,0,898000,22000,9902000
DH2020004207,KH00001,SP012,1,1590000,0,159000,25000,1774000
DH2020005541,KH00002,SP024,1,5490000,0,483000,35000,5349000
DH2020005940,KH01536,SP019,1,690000,0,69000,25000,784000
DH2020006562,KH00426,SP004,4,16990000,0,6116000,22000,67302000
DH2020008790,KH00001,SP024,2,5490000,0,933000,25000,10291000
DH2020002663,KH00001,SP018,4,390000,0,151000,25000,1689000
DH2020006559,KH00001,SP010,2,12990000,0,2286000,28000,25176000
DH2020007785,KH00007,SP025,3,4290000,0,1287000,35000,14192000
DH2020008723,KH00008,SP022,2,190000,0,33000,45000,412000
DH2020000011,KH00001,SP020,1,1190000,0,119000,28000,1337000
DH2020001702,KH00002,SP006,6,7990000,0,4794000,18000,52752000
DH2020001818,KH00007,SP022,1,190000,0,19000,30000,239000
DH2020003174,KH00004,SP007,1,23990000,0,2231000,18000,24560000
DH2020005364,KH00028,SP004,4,16990000,0,5980000,45000,65830000
DH2020007646,KH01362,SP005,4,4990000,0,1996000,45000,22001000
DH2020000058,KH00001,SP010,1,12990000,0,1169000,30000,12890000
DH2020004748,KH00090,SP002,1,18990000,0,1614000,25000,17781000
DH2020004979,KH00001,SP004,3,16990000,0,5097000,25000,56092000
DH2020006912,KH00001,SP001,2,4590000,0,734000,18000,8096000
DH2020007860,KH00004,SP021,1,350000,0,28000,35000,343000
DH2020008729,KH00129,SP001,2,4590000,0,890000,28000,9823000
DH2020000613,KH00077,SP004,2,16990000,0,3058000,25000,33665000
DH2020005055,KH00001,SP005,1,4990000,0,499000,25000,5514000
DH2020008844,KH00020,SP013,6,990000,0,523000,40000,5790000
DH2020009065,KH00010,SP007,1,23990000,0,2327000,18000,25615000
DH2020000230,KH00024,SP019,3,690000,0,207000,18000,2295000
DH2020000463,KH00001,SP013,3,990000,0,252000,22000,2798000
DH2020001329,KH00008,SP023,2,5990000,0,1054000,28000,11624000
DH2020002212,KH00001,SP017,1,3290000,0,329000,35000,3654000
DH2020004181,KH00006,SP024,3,5490000,0,1598000,28000,17602000
DH2020007528,KH00002,SP021,3,350000,0,89000,28000,1009000
DH2020008578,KH00084,SP005,1,4990000,0,424000,30000,4696000
DH2020002904,KH00333,SP023,2,5990000,0,1114000,22000,12277000
DH2020004732,KH00008,SP011,10,3990000,0,3511000,35000,38658000
DH2020008734,KH00002,SP012,4,1590000,0,572000,40000,6336000
DH2020009617,KH00012,SP012,1,1590000,0,151000,35000,1696000
DH2020009921,KH00028,SP001,1,4590000,0,390000,40000,4332000
DH2020001526,KH00020,SP005,3,4990000,0,1497000,45000,16512000
DH2020005057,KH00059,SP003,1,19990000,0,1859000,18000,20468000
DH2020005476,KH00028,SP018,1,390000,0,34000,35000,412000
DH2020003444,KH00009,SP006,3,7990000,0,2397000,45000,26412000
DH2020004742,KH00001,SP001,1,4590000,0,367000,35000,4074000
DH2020005190,KH00001,SP016,3,11990000,0,3597000,35000,39602000
DH2020005487,KH00738,SP008,2,13990000,0,2798000,25000,30803000
DH2020006165,KH00001,SP019,2,690000,0,124000,25000,1391000
DH2020001849,KH00905,SP018,2,390000,0,69000,28000,783000
DH2020004699,KH02549,SP011,3,3990000,0,1161000,40000,12812000
DH2020001069,KH00493,SP003,1,19990000,0,1759000,45000,19395000
DH2020001736,KH00038,SP001,3,4590000,0,1281000,45000,14132000
DH2020005037,KH00091,SP007,3,23990000,0,7197000,18000,79185000
DH2020005224,KH00001,SP010,2,12990000,0,2520000,40000,27761000
DH2020009524,KH00008,SP008,1,13990000,0,1399000,25000,15414000
DH2020002967,KH00109,SP013,1,990000,0,99000,35000,1124000
DH2020004294,KH00001,SP018,1,390000,0,39000,40000,469000
DH2020000556,KH00001,SP004,2,16990000,0,2718000,25000,29927000
DH2020007916,KH00165,SP021,6,350000,0,210000,35000,2345000
DH2020009520,KH00001,SP019,1,690000,0,66000,30000,752000
DH2020001908,KH00010,SP006,1,7990000,0,759000,30000,8379000
DH2020002945,KH00011,SP014,1,1190000,0,119000,22000,1331000
DH2020004743,KH00020,SP019,1,690000,0,66000,25000,747000
DH2020005436,KH00087,SP014,2,1190000,0,231000,35000,2575000
DH2020007709,KH00150,SP007,1,23990000,0,2399000,22000,26411000
DH2020003950,KH00001,SP025,6,4290000,0,2188000,18000,24085000
DH2020004009,KH00157,SP026,4,990000,0,396000,18000,4374000
DH2020009334,KH00681,SP005,5,4990000,0,2320000,45000,25568000
DH2020004883,KH00024,SP015,1,7990000,0,639000,45000,7076000
DH2020005892,KH00655,SP013,3,990000,0,297000,30000,3297000
DH2020006612,KH00022,SP004,6,16990000,0,9480000,40000,104324000
DH2020009241,KH00002,SP014,5,1190000,0,595000,35000,6580000
DH2020004692,KH00001,SP003,2,19990000,0,3998000,25000,44003000
DH2020008381,KH00001,SP002,1,18990000,0,1671000,45000,18427000
DH2020001983,KH00001,SP004,1,16990000,0,1614000,35000,17789000
DH2020002489,KH00007,SP021,2,350000,0,66000,40000,771000
DH2020005677,KH00001,SP016,1,11990000,0,1199000,22000,13211000
DH2020009565,KH00001,SP018,2,390000,0,76000,45000,878000
DH2020003307,KH00004,SP004,2,16990000,0,2990000,45000,32937000
DH2020003384,KH00001,SP004,1,16990000,0,1359000,40000,14991000
DH2020005330,KH00001,SP007,2,23990000,0,3838000,35000,42257000
DH2020005702,KH00002,SP024,4,5490000,0,2042000,22000,22487000
DH2020007010,KH00014,SP011,1,3990000,0,351000,35000,3897000
DH2020008628,KH00008,SP010,2,12990000,0,2598000,28000,28606000
DH2020008684,KH00001,SP021,1,350000,0,32000,18000,375000
DH2020001568,KH00305,SP013,1,990000,0,87000,35000,993000
DH2020001630,KH00001,SP007,1,23990000,0,2231000,28000,24570000
DH2020006441,KH00002,SP012,1,1590000,0,159000,45000,1794000
DH2020006670,KH00001,SP020,1,1190000,0,115000,45000,1314000
DH2020006818,KH00027,SP011,3,3990000,0,1053000,35000,11622000
DH2020006976,KH00002,SP004,1,16990000,0,1614000,22000,17776000
DH2020000754,KH00001,SP013,2,990000,0,168000,22000,1873000
DH2020003529,KH00001,SP013,4,990000,0,348000,18000,3851000
DH2020007118,KH00001,SP019,2,690000,0,138000,22000,1540000
DH2020008558,KH00001,SP010,3,12990000,0,3897000,25000,42892000
DH2020000798,KH00001,SP016,1,11990000,0,1055000,28000,11634000
DH2020002263,KH01914,SP021,4,350000,0,140000,30000,1570000
DH2020006202,KH00031,SP016,1,11990000,0,1115000,18000,12284000
DH2020007409,KH00053,SP021,2,350000,0,56000,22000,638000
DH2020007634,KH00004,SP021,2,350000,0,70000,40000,810000
DH2020008460,KH00023,SP006,2,7990000,0,1406000,22000,15490000
DH2020008720,KH00004,SP004,2,16990000,0,2718000,22000,29924000
DH2020009795,KH00005,SP010,1,12990000,0,1039000,18000,11449000
DH2020009857,KH00195,SP013,2,990000,0,198000,28000,2206000
DH2020001476,KH00004,SP021,2,350000,0,68000,40000,787000
DH2020002617,KH00001,SP014,1,1190000,0,115000,22000,1291000
DH2020004335,KH00044,SP003,5,19990000,0,9295000,28000,102276000
DH2020009952,KH00050,SP007,2,23990000,0,4654000,18000,51213000
DH2020003902,KH00001,SP014,1,1190000,0,115000,35000,1304000
DH2020004161,KH00008,SP012,8,1590000,0,1183000,25000,13038000
DH2020005032,KH00047,SP015,3,7990000,0,2229000,30000,24551000
DH2020007553,KH00005,SP020,1,1190000,0,107000,22000,1200000
DH2020008201,KH00001,SP001,10,4590000,0,3672000,40000,40432000
DH2020000623,KH00008,SP003,2,19990000,0,3198000,30000,35212000
DH2020005738,KH00062,SP020,2,1190000,0,214000,28000,2384000
DH2020006094,KH00030,SP008,2,13990000,0,2658000,22000,29261000
DH2020009341,KH00011,SP003,1,19990000,0,1899000,45000,20934000
DH2020009967,KH00586,SP007,4,23990000,0,8444000,18000,92907000
DH2020003556,KH00046,SP024,5,5490000,0,2553000,40000,28121000
DH2020005024,KH00001,SP009,2,15990000,0,2718000,45000,29946000
DH2020006966,KH00060,SP024,2,5490000,0,1043000,45000,11519000
DH2020008186,KH02008,SP005,3,4990000,0,1347000,30000,14850000
DH2020000024,KH00023,SP008,3,13990000,0,3567000,25000,39266000
DH2020001561,KH00003,SP026,5,990000,0,421000,45000,4674000
DH2020001655,KH00010,SP015,3,7990000,0,2325000,35000,25611000
DH2020001489,KH00024,SP006,3,7990000,0,2229000,22000,24543000
DH2020001992,KH00001,SP005,1,4990000,0,499000,28000,5517000
DH2020006103,KH00745,SP004,3,16990000,0,4842000,18000,53282000
DH2020006760,KH00002,SP007,3,23990000,0,6837000,30000,75239000
DH2020006866,KH00004,SP003,1,19990000,0,1699000,45000,18736000
DH2020009708,KH00011,SP016,5,11990000,0,5575000,18000,61347000
DH2020002368,KH00001,SP001,2,4590000,0,826000,28000,9116000
DH2020004809,KH00240,SP017,1,3290000,0,306000,35000,3401000
DH2020005219,KH00015,SP020,1,1190000,0,101000,30000,1143000
DH2020005732,KH00161,SP002,3,18990000,0,5127000,30000,56430000
DH2020006078,KH00001,SP012,4,1590000,0,541000,45000,5992000
DH2020006920,KH00024,SP024,3,5490000,0,1318000,25000,14519000
DH2020009997,KH00006,SP003,2,19990000,0,3878000,45000,42704000
DH2020004844,KH00002,SP024,3,5490000,0,1532000,40000,16889000
DH2020006829,KH00018,SP015,2,7990000,0,1598000,30000,17608000
DH2020007460,KH00003,SP007,1,23990000,0,2327000,18000,25615000
DH2020001894,KH00001,SP019,1,690000,0,59000,25000,670000
DH2020007879,KH00329,SP025,1,4290000,0,399000,18000,4407000
DH2020009254,KH00026,SP009,10,15990000,0,15990000,35000,175925000
DH2020000139,KH00001,SP023,6,5990000,0,3414000,45000,37602000
DH2020003504,KH00105,SP025,3,4290000,0,1197000,40000,13206000
DH2020007370,KH00003,SP006,2,7990000,0,1358000,18000,14959000
DH2020009050,KH00092,SP001,2,4590000,0,808000,22000,8908000
DH2020005335,KH00008,SP018,1,390000,0,38000,28000,444000
DH2020006510,KH00010,SP019,2,690000,0,138000,30000,1548000
DH2020001275,KH00002,SP010,1,12990000,0,1143000,40000,12614000
DH2020003969,KH00087,SP007,1,23990000,0,2399000,28000,26417000
DH2020007726,KH00033,SP015,6,7990000,0,4458000,30000,49072000
DH2020004112,KH00004,SP017,1,3290000,0,306000,45000,3411000
DH2020005477,KH00266,SP020,3,1190000,0,321000,18000,3552000
DH2020006639,KH00002,SP024,3,5490000,0,1400000,35000,15435000
DH2020001892,KH01101,SP009,2,15990000,0,3198000,18000,35196000
DH2020002484,KH00281,SP013,1,990000,0,79000,22000,893000
DH2020004410,KH00004,SP012,1,1590000,0,143000,40000,1614000
DH2020006084,KH01334,SP006,5,7990000,0,3875000,18000,42645000
DH2020008205,KH00051,SP020,1,1190000,0,113000,28000,1271000
DH2020009716,KH00002,SP024,2,5490000,0,1098000,18000,12096000
DH2020001062,KH00392,SP023,1,5990000,0,599000,40000,6629000
DH2020001504,KH00001,SP009,6,15990000,0,8922000,40000,98186000
DH2020001579,KH00001,SP004,1,16990000,0,1614000,22000,17776000
DH2020002345,KH00002,SP015,6,7990000,0,4315000,22000,47483000
DH2020004896,KH00005,SP008,10,13990000,0,12591000,45000,138546000
DH2020009333,KH00021,SP004,2,16990000,0,3398000,45000,37423000
DH2020002271,KH00036,SP002,4,18990000,0,7064000,22000,77729000
DH2020003793,KH00001,SP010,1,12990000,0,1234000,35000,13609000
DH2020005050,KH00771,SP026,1,990000,0,99000,40000,1129000
DH2020005346,KH00008,SP001,1,4590000,0,445000,30000,4927000
DH2020005855,KH00068,SP026,4,990000,0,348000,30000,3863000
DH2020008455,KH00002,SP026,1,990000,0,89000,30000,1010000
DH2020002930,KH00006,SP006,1,7990000,0,743000,40000,8214000
DH2020000706,KH00275,SP008,2,13990000,0,2518000,25000,27725000
DH2020002277,KH00001,SP015,2,7990000,0,1598000,18000,17596000
DH2020003198,KH00054,SP018,1,390000,0,33000,25000,390000
DH2020003674,KH00001,SP026,1,990000,0,99000,40000,1129000
DH2020007212,KH00235,SP014,1,1190000,0,119000,40000,1349000
DH2020008680,KH00013,SP006,1,7990000,0,703000,18000,7752000
DH2020000110,KH00006,SP010,1,12990000,0,1299000,25000,14314000
DH2020000376,KH00193,SP002,1,18990000,0,1709000,25000,18825000
DH2020000852,KH00001,SP003,1,19990000,0,1759000,18000,19368000
DH2020007933,KH00003,SP025,1,4290000,0,399000,22000,4411000
DH2020008715,KH00001,SP010,3,12990000,0,3118000,28000,34322000
DH2020002686,KH00069,SP009,2,15990000,0,2558000,22000,28164000
DH2020006030,KH00008,SP015,3,7990000,0,2037000,35000,22446000
DH2020007160,KH00006,SP026,2,990000,0,198000,30000,2208000
DH2020001150,KH00001,SP019,5,690000,0,345000,30000,3825000
DH2020004739,KH00241,SP007,2,23990000,0,4462000,28000,49111000
DH2020005157,KH00007,SP005,2,4990000,0,998000,25000,11003000
DH2020008946,KH00001,SP011,4,3990000,0,1516000,45000,16723000
DH2020009893,KH00008,SP002,2,18990000,0,3228000,35000,35546000
DH2020001139,KH00004,SP006,1,7990000,0,639000,25000,7056000
DH2020002819,KH00017,SP001,1,4590000,0,390000,22000,4314000
DH2020006324,KH01126,SP019,2,690000,0,117000,28000,1318000
DH2020008483,KH00026,SP019,2,690000,0,117000,30000,1320000
DH2020001322,KH00044,SP023,2,5990000,0,1054000,35000,11631000
DH2020002574,KH00063,SP024,4,5490000,0,2196000,28000,24184000
DH2020006850,KH00006,SP011,3,3990000,0,1197000,25000,13192000
DH2020007084,KH00013,SP024,1,5490000,0,494000,40000,5475000
DH2020007997,KH00157,SP026,2,990000,0,198000,35000,2213000
DH2020008880,KH00009,SP010,2,12990000,0,2416000,22000,26599000
DH2020004114,KH00001,SP026,1,990000,0,79000,35000,906000
DH2020005650,KH00001,SP002,1,18990000,0,1519000,45000,16756000
DH2020007995,KH00003,SP023,2,5990000,0,1054000,30000,11626000
DH2020008541,KH00001,SP002,4,18990000,0,7596000,35000,83591000
DH2020009807,KH00342,SP012,10,1590000,0,1399000,18000,15409000
DH2020001287,KH00188,SP006,1,7990000,0,759000,35000,8384000
DH2020005603,KH00012,SP026,1,990000,0,89000,45000,1025000
DH2020006114,KH00001,SP009,1,15990000,0,1519000,35000,16744000
DH2020003503,KH00003,SP004,1,16990000,0,1529000,22000,16842000
DH2020007058,KH00063,SP009,2,15990000,0,3198000,40000,35218000
DH2020007520,KH00046,SP026,2,990000,0,168000,30000,1881000
DH2020009465,KH00003,SP010,2,12990000,0,2078000,22000,22884000
DH2020003312,KH00013,SP022,3,190000,0,50000,45000,597000
DH2020008096,KH00001,SP001,1,4590000,0,436000,22000,4818000
DH2020008569,KH00045,SP002,3,18990000,0,5697000,30000,62697000
DH2020003689,KH00001,SP003,1,19990000,0,1599000,22000,17613000
DH2020000540,KH00001,SP008,1,13990000,0,1119000,25000,12336000
DH2020001368,KH00003,SP025,1,4290000,0,429000,18000,4737000
DH2020007323,KH00882,SP010,3,12990000,0,3507000,25000,38605000
DH2020007546,KH00002,SP009,5,15990000,0,7995000,45000,87990000
DH2020003776,KH00001,SP021,1,350000,0,35000,45000,430000
DH2020007632,KH00003,SP019,1,690000,0,59000,22000,667000
DH2020009979,KH00001,SP025,2,4290000,0,815000,25000,8991000
DH2020003560,KH00006,SP002,1,18990000,0,1766000,40000,19467000
DH2020001899,KH00001,SP009,2,15990000,0,3038000,28000,33447000
DH2020005753,KH00021,SP015,4,7990000,0,2717000,22000,29905000
DH2020000921,KH00011,SP001,2,4590000,0,780000,40000,8623000
DH2020005047,KH00001,SP010,2,12990000,0,2598000,45000,28623000
DH2020007664,KH01810,SP022,1,190000,0,17000,30000,214000
DH2020007913,KH00006,SP019,1,690000,0,62000,25000,708000
DH2020007975,KH00002,SP018,1,390000,0,39000,40000,469000
DH2020009134,KH00002,SP022,1,190000,0,19000,30000,239000
DH2020003679,KH00005,SP024,1,5490000,0,439000,18000,4849000
DH2020003594,KH00123,SP014,2,1190000,0,190000,35000,2129000
DH2020003896,KH00001,SP002,1,18990000,0,1766000,25000,19452000
DH2020006568,KH00003,SP024,1,5490000,0,532000,30000,5887000
DH2020007120,KH00208,SP001,4,4590000,0,1744000,45000,19231000
DH2020008707,KH00192,SP015,3,7990000,0,2157000,40000,23770000
DH2020001227,KH00039,SP003,8,19990000,0,14393000,45000,158366000
DH2020003217,KH00049,SP002,1,18990000,0,1671000,45000,18427000
DH2020004052,KH00012,SP002,2,18990000,0,3798000,22000,41800000
DH2020004100,KH00004,SP025,1,4290000,0,378000,40000,4193000
DH2020004857,KH00042,SP012,3,1590000,0,444000,35000,4915000
DH2020005468,KH00001,SP011,1,3990000,0,371000,35000,4117000
DH2020005920,KH01585,SP005,2,4990000,0,998000,40000,11018000
DH2020007041,KH00010,SP019,1,690000,0,66000,45000,767000
DH2020008921,KH00211,SP024,3,5490000,0,1400000,25000,15425000
DH2020009315,KH00005,SP023,1,5990000,0,557000,40000,6168000
DH2020009609,KH00640,SP010,3,12990000,0,3897000,18000,42885000
DH2020009757,KH00258,SP004,2,16990000,0,2718000,40000,29942000
DH2020003337,KH00001,SP001,1,4590000,0,404000,25000,4468000
DH2020005890,KH00433,SP010,3,12990000,0,3429000,40000,37763000
DH2020006616,KH00113,SP005,3,4990000,0,1317000,35000,14526000
DH2020000728,KH00001,SP015,3,7990000,0,2109000,18000,23221000
DH2020001288,KH00006,SP006,2,7990000,0,1598000,40000,17618000
DH2020008242,KH00002,SP012,5,1590000,0,795000,45000,8790000
DH2020000924,KH00002,SP013,2,990000,0,192000,18000,2131000
DH2020001053,KH00001,SP010,1,12990000,0,1299000,18000,14307000
DH2020002278,KH00009,SP022,1,190000,0,18000,25000,227000
DH2020003579,KH00001,SP007,3,23990000,0,5758000,30000,63364000
DH2020004252,KH00001,SP014,1,1190000,0,111000,25000,1243000
DH2020005744,KH00009,SP001,2,4590000,0,918000,45000,10143000
DH2020009974,KH00002,SP015,1,7990000,0,719000,40000,7950000
DH2020000402,KH00256,SP025,1,4290000,0,365000,18000,4029000
DH2020004170,KH00010,SP017,1,3290000,0,319000,28000,3538000
DH2020006635,KH00049,SP018,2,390000,0,78000,35000,893000
DH2020005711,KH00002,SP021,4,350000,0,140000,45000,1585000
DH2020008676,KH00008,SP025,2,4290000,0,858000,25000,9463000
DH2020000964,KH00001,SP021,1,350000,0,30000,28000,356000
DH2020004042,KH00003,SP019,1,690000,0,69000,45000,804000
DH2020004556,KH00001,SP003,1,19990000,0,1859000,40000,20490000
DH2020005605,KH01675,SP016,2,11990000,0,2398000,22000,26400000
DH2020003905,KH00043,SP010,3,12990000,0,3897000,18000,42885000
DH2020004080,KH00110,SP015,1,7990000,0,759000,35000,8384000
DH2020008813,KH00001,SP011,1,3990000,0,359000,45000,3995000
DH2020000591,KH00001,SP001,3,4590000,0,1239000,25000,13657000
DH2020004613,KH00035,SP017,1,3290000,0,329000,25000,3644000
DH2020007535,KH00003,SP025,1,4290000,0,429000,40000,4759000
DH2020008297,KH00001,SP018,2,390000,0,72000,30000,827000
DH2020000510,KH00001,SP006,3,7990000,0,2325000,35000,25611000
DH2020004652,KH00211,SP014,1,1190000,0,113000,28000,1271000
DH2020005298,KH00005,SP018,3,390000,0,99000,35000,1128000
DH2020006284,KH00015,SP006,1,7990000,0,679000,30000,7501000
DH2020006981,KH00001,SP004,1,16990000,0,1699000,25000,18714000
DH2020002349,KH00001,SP004,1,16990000,0,1359000,40000,14991000
DH2020002773,KH00263,SP005,4,4990000,0,1996000,22000,21978000
DH2020003611,KH00039,SP010,1,12990000,0,1143000,28000,12602000
DH2020004924,KH00002,SP015,1,7990000,0,703000,35000,7769000
DH2020007513,KH00001,SP006,1,7990000,0,639000,30000,7061000
DH2020008448,KH02060,SP023,4,5990000,0,2276000,30000,25068000
DH2020000144,KH00019,SP024,1,5490000,0,467000,28000,5161000
DH2020000637,KH00066,SP019,1,690000,0,59000,18000,663000
DH2020002193,KH00002,SP004,3,16990000,0,5097000,18000,56085000
DH2020002745,KH00001,SP014,3,1190000,0,332000,30000,3682000
DH2020007424,KH00001,SP019,3,690000,0,207000,22000,2299000
DH2020007930,KH00003,SP022,4,190000,0,71000,28000,806000
DH2020009825,KH00018,SP012,1,1590000,0,135000,40000,1527000
DH2020000190,KH00038,SP019,1,690000,0,64000,45000,751000
DH2020001125,KH00010,SP019,1,690000,0,66000,18000,740000
DH2020007740,KH00028,SP002,2,18990000,0,3798000,35000,41813000
DH2020003295,KH00001,SP001,8,4590000,0,3121000,28000,34361000
DH2020003403,KH00242,SP007,3,23990000,0,5758000,25000,63359000
DH2020005046,KH00133,SP026,2,990000,0,158000,28000,1770000
DH2020000646,KH00008,SP015,2,7990000,0,1438000,25000,15845000
DH2020002089,KH00016,SP021,2,350000,0,66000,40000,771000
DH2020002490,KH00002,SP019,1,690000,0,69000,28000,787000
DH2020003030,KH00005,SP016,1,11990000,0,1019000,22000,11233000
DH2020003980,KH00001,SP015,2,7990000,0,1518000,28000,16727000
DH2020002494,KH00001,SP023,1,5990000,0,569000,40000,6299000
DH2020004256,KH00001,SP008,1,13990000,0,1357000,25000,14952000
DH2020006044,KH00001,SP006,2,7990000,0,1438000,30000,15850000
DH2020006381,KH00002,SP022,1,190000,0,17000,40000,224000
DH2020001300,KH00316,SP001,3,4590000,0,1308000,25000,14415000
DH2020002170,KH00001,SP014,1,1190000,0,107000,45000,1223000
DH2020002964,KH00031,SP017,8,3290000,0,2632000,18000,28970000
DH2020003714,KH00007,SP024,1,5490000,0,522000,25000,5763000
DH2020004943,KH00001,SP003,4,19990000,0,7196000,22000,79182000
DH2020006404,KH00001,SP019,1,690000,0,61000,35000,703000
DH2020008597,KH00051,SP003,3,19990000,0,5997000,25000,65992000
DH2020008759,KH00006,SP006,1,7990000,0,759000,45000,8394000
DH2020008967,KH00005,SP016,4,11990000,0,4796000,35000,52791000
DH2020000257,KH00014,SP006,1,7990000,0,639000,35000,7066000
DH2020002988,KH00001,SP001,1,4590000,0,459000,22000,5071000
DH2020003788,KH02269,SP003,8,19990000,0,15992000,40000,175952000
DH2020008359,KH00010,SP010,3,12990000,0,3897000,18000,42885000
DH2020005736,KH00001,SP023,1,5990000,0,581000,40000,6431000
DH2020003643,KH00107,SP014,2,1190000,0,190000,28000,2122000
DH2020005748,KH00462,SP021,3,350000,0,105000,30000,1185000
DH2020003521,KH00001,SP019,1,690000,0,59000,40000,685000
DH2020005253,KH01876,SP007,1,23990000,0,2327000,25000,25622000
DH2020008245,KH00492,SP007,1,23990000,0,2399000,35000,26424000
DH2020009096,KH00003,SP018,8,390000,0,290000,18000,3210000
DH2020001414,KH00641,SP002,4,18990000,0,7596000,35000,83591000
DH2020001949,KH01798,SP021,2,350000,0,70000,30000,800000
DH2020002890,KH00013,SP023,2,5990000,0,1114000,45000,12300000
DH2020006765,KH00002,SP013,3,990000,0,267000,40000,2980000
DH2020007411,KH00196,SP007,5,23990000,0,9596000,18000,105574000
DH2020002918,KH00115,SP026,3,990000,0,276000,45000,3083000
DH2020003134,KH00197,SP021,1,350000,0,32000,45000,392000
DH2020008668,KH00025,SP019,2,690000,0,110000,40000,1254000
DH2020009509,KH00010,SP018,3,390000,0,109000,28000,1225000
DH2020009821,KH00005,SP022,4,190000,0,76000,22000,858000
DH2020000030,KH00001,SP016,1,11990000,0,1199000,28000,13217000
DH2020000377,KH00032,SP022,2,190000,0,34000,45000,421000
DH2020004780,KH00001,SP016,2,11990000,0,2326000,35000,25622000
DH2020006483,KH00020,SP026,4,990000,0,317000,35000,3520000
DH2020006631,KH00882,SP015,1,7990000,0,703000,45000,7779000
DH2020007115,KH00001,SP012,1,1590000,0,151000,45000,1706000
DH2020008137,KH00023,SP017,3,3290000,0,938000,35000,10349000
DH2020008916,KH00001,SP023,1,5990000,0,599000,25000,6614000
DH2020010000,KH00001,SP022,1,190000,0,16000,35000,213000
DH2020003520,KH00001,SP015,2,7990000,0,1598000,18000,17596000
DH2020002519,KH00002,SP002,1,18990000,0,1899000,45000,20934000
DH2020004735,KH00001,SP003,1,19990000,0,1699000,25000,18716000
DH2020005098,KH00002,SP005,1,4990000,0,484000,30000,5354000
DH2020000314,KH00001,SP012,1,1590000,0,140000,18000,1557000
DH2020000609,KH00014,SP004,2,16990000,0,3160000,25000,34786000
DH2020000746,KH00002,SP024,2,5490000,0,988000,18000,10888000
DH2020006133,KH00128,SP003,1,19990000,0,1699000,25000,18716000
DH2020006610,KH00047,SP001,3,4590000,0,1377000,35000,15182000
DH2020000081,KH01289,SP018,1,390000,0,39000,28000,457000
DH2020001112,KH00033,SP006,1,7990000,0,679000,45000,7516000
DH2020003937,KH00013,SP015,1,7990000,0,719000,25000,7935000
DH2020006487,KH01298,SP024,3,5490000,0,1482000,45000,16350000
DH2020008436,KH00001,SP011,1,3990000,0,399000,35000,4424000
DH2020000526,KH00001,SP002,3,18990000,0,5298000,45000,58325000
DH2020002069,KH00001,SP005,2,4990000,0,998000,40000,11018000
DH2020002176,KH00008,SP009,3,15990000,0,4797000,45000,52812000
DH2020001720,KH00005,SP019,1,690000,0,66000,35000,757000
DH2020003691,KH00006,SP023,1,5990000,0,599000,18000,6607000
DH2020005598,KH00099,SP024,3,5490000,0,1449000,22000,15965000
DH2020005902,KH00002,SP010,5,12990000,0,6170000,45000,67917000
DH2020006707,KH00002,SP016,1,11990000,0,1019000,25000,11236000
DH2020009705,KH00001,SP020,3,1190000,0,314000,22000,3478000
DH2020002978,KH00011,SP026,4,990000,0,396000,40000,4396000
DH2020003461,KH00001,SP003,1,19990000,0,1899000,28000,20917000
DH2020003469,KH00020,SP017,2,3290000,0,526000,18000,5808000
DH2020001676,KH00002,SP014,2,1190000,0,214000,18000,2374000
DH2020006312,KH00001,SP023,2,5990000,0,1078000,30000,11890000
DH2020001490,KH00001,SP011,2,3990000,0,798000,35000,8813000
DH2020004622,KH00001,SP002,1,18990000,0,1519000,45000,16756000
DH2020008238,KH00004,SP002,2,18990000,0,3532000,40000,38893000
DH2020003938,KH00212,SP024,2,5490000,0,1021000,28000,11260000
DH2020005322,KH00004,SP018,1,390000,0,37000,45000,452000
DH2020007688,KH00421,SP010,3,12990000,0,3897000,22000,42889000
DH2020001217,KH00015,SP026,1,990000,0,89000,18000,998000
DH2020003704,KH00003,SP021,1,350000,0,32000,35000,392000
DH2020007536,KH00001,SP002,5,18990000,0,9495000,25000,104470000
DH2020007621,KH00001,SP017,1,3290000,0,290000,45000,3230000
DH2020001044,KH00398,SP011,5,3990000,0,1895000,18000,20865000
DH2020001487,KH00001,SP006,1,7990000,0,799000,22000,8811000
DH2020003958,KH00004,SP009,1,15990000,0,1407000,18000,15496000
DH2020005549,KH00009,SP012,4,1590000,0,604000,35000,6681000
DH2020008949,KH00248,SP007,4,23990000,0,8924000,30000,98197000
DH2020009964,KH00001,SP008,6,13990000,0,8394000,28000,92362000
DH2020002028,KH00300,SP017,3,3290000,0,957000,25000,10556000
DH2020003071,KH00006,SP018,6,390000,0,206000,18000,2283000
DH2020006301,KH00505,SP021,1,350000,0,31000,18000,357000
DH2020006924,KH00452,SP024,1,5490000,0,439000,40000,4871000
DH2020008544,KH00005,SP014,1,1190000,0,107000,22000,1200000
DH2020000845,KH00182,SP008,2,13990000,0,2238000,28000,24650000
DH2020003421,KH00567,SP007,4,23990000,0,9596000,18000,105574000
DH2020005093,KH00015,SP009,1,15990000,0,1599000,45000,17634000
DH2020007222,KH02016,SP011,1,3990000,0,399000,22000,4411000
DH2020008026,KH00001,SP006,1,7990000,0,759000,28000,8377000
DH2020009647,KH00057,SP017,1,3290000,0,329000,28000,3647000
DH2020001434,KH00001,SP018,5,390000,0,172000,25000,1913000
DH2020005564,KH00004,SP009,6,15990000,0,9594000,35000,105569000
DH2020006690,KH00005,SP020,4,1190000,0,462000,18000,5097000
DH2020007566,KH00033,SP004,3,16990000,0,5097000,30000,56097000
DH2020009939,KH00001,SP014,2,1190000,0,238000,45000,2663000
DH2020000415,KH00004,SP026,4,990000,0,356000,25000,3945000
DH2020003669,KH00006,SP011,3,3990000,0,1017000,25000,11216000
DH2020008750,KH00050,SP010,3,12990000,0,3702000,25000,40749000
DH2020008947,KH00005,SP026,3,990000,0,238000,40000,2654000
DH2020002310,KH00002,SP025,1,4290000,0,343000,22000,3797000
DH2020002335,KH00001,SP013,2,990000,0,184000,45000,2070000
DH2020002831,KH00013,SP006,1,7990000,0,703000,25000,7759000
DH2020003716,KH00040,SP025,2,4290000,0,798000,18000,8795000
DH2020004266,KH00025,SP007,8,23990000,0,18616000,30000,204808000
DH2020005596,KH00001,SP004,6,16990000,0,8665000,22000,95336000
DH2020007838,KH00006,SP002,4,18990000,0,6836000,30000,75230000
DH2020007956,KH00004,SP016,1,11990000,0,1199000,25000,13214000
DH2020000178,KH00003,SP014,4,1190000,0,476000,35000,5271000
DH2020001848,KH01891,SP023,1,5990000,0,599000,30000,6619000
DH2020003209,KH00001,SP015,3,7990000,0,2397000,18000,26385000
DH2020002675,KH00001,SP020,1,1190000,0,101000,40000,1153000
DH2020003399,KH00001,SP021,2,350000,0,70000,40000,810000
DH2020006017,KH00137,SP017,1,3290000,0,296000,45000,3302000
DH2020008310,KH00001,SP006,5,7990000,0,3196000,40000,35196000
DH2020008791,KH00001,SP026,1,990000,0,84000,22000,948000
DH2020009963,KH00004,SP024,1,5490000,0,549000,22000,6061000
DH2020001023,KH00045,SP026,1,990000,0,92000,25000,1038000
DH2020001464,KH00006,SP015,1,7990000,0,799000,30000,8819000
DH2020002280,KH00257,SP003,3,19990000,0,5997000,40000,66007000
DH2020004795,KH00004,SP004,1,16990000,0,1648000,45000,18173000
DH2020005264,KH00017,SP019,2,690000,0,117000,22000,1312000
DH2020006943,KH00001,SP011,2,3990000,0,742000,28000,8191000
DH2020000234,KH00005,SP012,4,1590000,0,592000,40000,6547000
DH2020000404,KH00001,SP017,2,3290000,0,612000,30000,6761000
DH2020004088,KH00105,SP026,3,990000,0,276000,22000,3060000
DH2020008739,KH00077,SP018,1,390000,0,37000,45000,452000
DH2020009852,KH00002,SP026,1,990000,0,79000,22000,893000
DH2020003243,KH00003,SP003,2,19990000,0,3598000,35000,39615000
DH2020005351,KH00004,SP007,1,23990000,0,2399000,30000,26419000
DH2020009187,KH00013,SP021,10,350000,0,350000,45000,3895000
DH2020000523,KH00027,SP017,2,3290000,0,658000,22000,7260000
DH2020009381,KH00046,SP005,1,4990000,0,439000,30000,4860000
DH2020009910,KH00160,SP023,1,5990000,0,599000,45000,6634000
DH2020000193,KH00774,SP016,10,11990000,0,11630000,25000,127958000
DH2020001608,KH00108,SP024,3,5490000,0,1598000,28000,17602000
DH2020002016,KH00001,SP011,1,3990000,0,371000,28000,4110000
DH2020004157,KH00069,SP004,3,16990000,0,4078000,25000,44879000
DH2020004446,KH00933,SP013,3,990000,0,297000,18000,3285000
DH2020004459,KH00004,SP024,1,5490000,0,467000,25000,5158000
DH2020005505,KH00006,SP003,1,19990000,0,1759000,45000,19395000
DH2020008135,KH00001,SP016,3,11990000,0,2878000,30000,31684000
DH2020008820,KH01341,SP019,1,690000,0,69000,25000,784000
DH2020009467,KH00001,SP013,1,990000,0,99000,45000,1134000
DH2020001355,KH00047,SP011,5,3990000,0,1995000,45000,21990000
DH2020002356,KH00001,SP013,5,990000,0,396000,25000,4381000
DH2020002625,KH00011,SP017,1,3290000,0,296000,40000,3297000
DH2020003706,KH00828,SP021,2,350000,0,65000,28000,744000
DH2020004249,KH00007,SP005,1,4990000,0,474000,40000,5254000
DH2020006776,KH00059,SP016,4,11990000,0,4316000,35000,47515000
DH2020007207,KH00002,SP010,1,12990000,0,1169000,45000,12905000
DH2020008508,KH02594,SP011,1,3990000,0,319000,45000,3556000
DH2020008634,KH00003,SP012,3,1590000,0,420000,35000,4653000
DH2020009406,KH00001,SP015,1,7990000,0,719000,28000,7938000
DH2020007138,KH00002,SP007,1,23990000,0,2399000,35000,26424000
DH2020000895,KH00021,SP007,2,23990000,0,4798000,40000,52818000
DH2020001868,KH00147,SP008,3,13990000,0,4197000,30000,46197000
DH2020003262,KH00001,SP021,1,350000,0,31000,40000,379000
DH2020008743,KH00015,SP022,8,190000,0,141000,45000,1600000
DH2020002306,KH00002,SP003,2,19990000,0,3398000,18000,37399000
DH2020002220,KH00002,SP022,1,190000,0,15000,25000,192000
DH2020004180,KH00001,SP002,1,18990000,0,1804000,35000,19879000
DH2020004377,KH00020,SP003,1,19990000,0,1759000,18000,19368000
DH2020005239,KH00042,SP020,2,1190000,0,190000,30000,2124000
DH2020005731,KH00001,SP016,1,11990000,0,1163000,40000,12833000
DH2020006333,KH00403,SP026,2,990000,0,184000,40000,2065000
DH2020006822,KH00001,SP026,2,990000,0,174000,28000,1944000
DH2020007579,KH00118,SP015,5,7990000,0,3795000,40000,41787000
DH2020009732,KH00003,SP022,1,190000,0,19000,28000,237000
DH2020009972,KH00263,SP011,4,3990000,0,1516000,40000,16718000
DH2020000491,KH00042,SP020,2,1190000,0,209000,45000,2348000
DH2020003883,KH00037,SP010,1,12990000,0,1234000,28000,13602000
DH2020007696,KH00006,SP003,2,19990000,0,3998000,40000,44018000
DH2020000256,KH00748,SP016,1,11990000,0,1055000,35000,11641000
DH2020001661,KH00002,SP017,5,3290000,0,1398000,40000,15420000
DH2020002623,KH00001,SP001,2,4590000,0,918000,18000,10116000
DH2020006705,KH00002,SP001,1,4590000,0,390000,40000,4332000
DH2020004057,KH00011,SP001,8,4590000,0,3121000,30000,34363000
DH2020004354,KH00001,SP013,4,990000,0,356000,28000,3948000
DH2020007692,KH00162,SP017,4,3290000,0,1316000,40000,14516000
DH2020007888,KH00358,SP007,5,23990000,0,11155000,45000,122754000
DH2020008585,KH00630,SP006,2,7990000,0,1406000,18000,15486000
DH2020007760,KH00001,SP022,2,190000,0,34000,40000,416000
DH2020009095,KH00008,SP008,1,13990000,0,1329000,25000,14644000
DH2020009283,KH00100,SP003,1,19990000,0,1939000,22000,21351000
DH2020000281,KH00074,SP023,1,5990000,0,599000,45000,6634000
DH2020000293,KH00484,SP008,1,13990000,0,1329000,22000,14641000
DH2020000961,KH00841,SP018,2,390000,0,70000,25000,797000
DH2020001959,KH00002,SP011,2,3990000,0,758000,28000,8367000
DH2020008121,KH00004,SP021,1,350000,0,28000,25000,333000
DH2020009745,KH00328,SP024,8,5490000,0,3514000,45000,38695000
DH2020000196,KH00001,SP005,5,4990000,0,2495000,40000,27485000
DH2020001803,KH00005,SP013,2,990000,0,168000,18000,1869000
DH2020004402,KH00005,SP003,1,19990000,0,1759000,45000,19395000
DH2020001531,KH00011,SP025,5,4290000,0,1888000,35000,20799000
DH2020002411,KH00003,SP025,3,4290000,0,1287000,40000,14197000
DH2020003618,KH00022,SP024,1,5490000,0,522000,25000,5763000
DH2020006505,KH00149,SP026,3,990000,0,288000,40000,3209000
DH2020007358,KH00001,SP020,1,1190000,0,119000,28000,1337000
DH2020003627,KH00040,SP026,1,990000,0,84000,35000,961000
DH2020004443,KH00001,SP020,2,1190000,0,238000,40000,2658000
DH2020001650,KH00004,SP009,2,15990000,0,2814000,28000,30984000
DH2020001854,KH00089,SP025,8,4290000,0,2917000,40000,32129000
DH2020006789,KH00004,SP025,1,4290000,0,408000,30000,4514000
DH2020008177,KH00001,SP001,2,4590000,0,734000,28000,8106000
DH2020009242,KH00036,SP020,1,1190000,0,107000,45000,1223000
DH2020003590,KH00015,SP015,2,7990000,0,1598000,45000,17623000
DH2020005942,KH00207,SP024,2,5490000,0,1043000,28000,11502000
DH2020008978,KH00003,SP018,2,390000,0,78000,28000,886000
DH2020009398,KH00001,SP002,1,18990000,0,1899000,22000,20911000
DH2020000736,KH00006,SP012,5,1590000,0,636000,35000,7031000
DH2020005240,KH00477,SP014,3,1190000,0,314000,40000,3496000
DH2020002654,KH00002,SP017,2,3290000,0,638000,30000,7051000
DH2020002754,KH00038,SP010,8,12990000,0,9353000,35000,102916000
DH2020003617,KH00032,SP019,1,690000,0,67000,22000,758000
DH2020002124,KH00010,SP013,2,990000,0,198000,40000,2218000
DH2020002333,KH00001,SP021,3,350000,0,89000,35000,1016000
DH2020004431,KH00894,SP004,2,16990000,0,3058000,45000,33685000
DH2020004852,KH00001,SP015,3,7990000,0,1918000,22000,21116000
DH2020006471,KH00002,SP012,2,1590000,0,286000,30000,3178000
DH2020007717,KH00251,SP013,1,990000,0,99000,30000,1119000
DH2020008677,KH00001,SP021,1,350000,0,35000,30000,415000
DH2020008850,KH00004,SP019,3,690000,0,207000,22000,2299000
DH2020009470,KH00001,SP024,1,5490000,0,494000,45000,5480000
DH2020003270,KH00015,SP009,2,15990000,0,3198000,22000,35200000
DH2020008965,KH00006,SP002,1,18990000,0,1709000,18000,18818000
DH2020007574,KH00086,SP018,1,390000,0,35000,22000,408000
DH2020009940,KH00031,SP005,2,4990000,0,878000,28000,9688000
DH2020000775,KH00004,SP010,3,12990000,0,3897000,22000,42889000
DH2020001049,KH00002,SP018,3,390000,0,117000,40000,1327000
DH2020003595,KH00096,SP020,6,1190000,0,714000,35000,7889000
DH2020003898,KH00012,SP019,2,690000,0,110000,30000,1244000
DH2020004940,KH00003,SP023,1,5990000,0,527000,22000,5820000
DH2020005066,KH00006,SP026,1,990000,0,79000,35000,906000
DH2020009256,KH00225,SP011,1,3990000,0,379000,30000,4199000
DH2020009528,KH00013,SP025,1,4290000,0,429000,45000,4764000
DH2020000079,KH00057,SP007,3,23990000,0,7197000,28000,79195000
DH2020001063,KH00001,SP018,1,390000,0,37000,28000,435000
DH2020002297,KH00019,SP011,2,3990000,0,718000,40000,7940000
DH2020002771,KH00165,SP015,2,7990000,0,1406000,22000,15490000
DH2020007404,KH00001,SP019,2,690000,0,110000,22000,1236000
DH2020000629,KH00096,SP014,1,1190000,0,113000,30000,1273000
DH2020001517,KH00744,SP016,4,11990000,0,4316000,25000,47505000
DH2020000697,KH00190,SP004,3,16990000,0,5097000,40000,56107000
DH2020001895,KH00867,SP016,2,11990000,0,2110000,18000,23230000
DH2020002365,KH00003,SP010,3,12990000,0,3507000,22000,38602000
DH2020003380,KH00001,SP002,1,18990000,0,1899000,22000,20911000
DH2020004762,KH00001,SP006,2,7990000,0,1518000,22000,16721000
DH2020008013,KH00001,SP022,1,190000,0,17000,45000,229000
DH2020008145,KH00001,SP015,3,7990000,0,2109000,22000,23225000
DH2020008183,KH00138,SP002,2,18990000,0,3798000,40000,41818000
DH2020000183,KH00002,SP011,3,3990000,0,1197000,28000,13195000
DH2020001766,KH00006,SP024,10,5490000,0,4392000,28000,48340000
DH2020006468,KH00001,SP013,1,990000,0,99000,22000,1111000
DH2020007766,KH00007,SP024,2,5490000,0,933000,25000,10291000
DH2020007815,KH00102,SP015,2,7990000,0,1598000,40000,17618000
DH2020009641,KH00043,SP019,3,690000,0,192000,30000,2147000
DH2020002093,KH00009,SP019,1,690000,0,66000,25000,747000
DH2020005668,KH00004,SP011,8,3990000,0,2713000,30000,29875000
DH2020005955,KH00001,SP018,2,390000,0,62000,45000,731000
DH2020006608,KH00003,SP012,1,1590000,0,159000,25000,1774000
DH2020007438,KH00066,SP021,1,350000,0,32000,28000,375000
DH2020007582,KH00016,SP018,1,390000,0,39000,40000,469000
DH2020000618,KH00412,SP025,4,4290000,0,1716000,28000,18904000
DH2020002445,KH00001,SP022,2,190000,0,36000,40000,437000
DH2020006307,KH00006,SP017,2,3290000,0,658000,40000,7278000
DH2020007414,KH00001,SP014,1,1190000,0,119000,25000,1334000
DH2020002602,KH00005,SP025,4,4290000,0,1716000,40000,18916000
DH2020005727,KH00111,SP013,1,990000,0,92000,40000,1053000
DH2020006928,KH00006,SP009,4,15990000,0,6396000,45000,70401000
DH2020009075,KH00020,SP020,1,1190000,0,119000,22000,1331000
DH2020002900,KH00003,SP015,1,7990000,0,759000,45000,8394000
DH2020008098,KH00004,SP007,1,23990000,0,2399000,22000,26411000
DH2020000163,KH00002,SP014,1,1190000,0,119000,28000,1337000
DH2020000506,KH00001,SP005,2,4990000,0,848000,28000,9359000
DH2020004334,KH00003,SP009,3,15990000,0,4797000,35000,52802000
DH2020005956,KH00002,SP007,1,23990000,0,2327000,18000,25615000
DH2020006784,KH00003,SP004,4,16990000,0,5777000,25000,63568000
DH2020009674,KH00049,SP010,2,12990000,0,2598000,35000,28613000
DH2020001035,KH00003,SP012,1,1590000,0,159000,25000,1774000
DH2020004747,KH01917,SP021,3,350000,0,105000,25000,1180000
DH2020007147,KH00006,SP010,1,12990000,0,1143000,35000,12609000
DH2020005251,KH00002,SP010,5,12990000,0,5521000,25000,60754000
DH2020005317,KH00001,SP022,2,190000,0,38000,28000,446000
DH2020007391,KH00002,SP006,4,7990000,0,2557000,35000,28160000
DH2020009639,KH00001,SP009,2,15990000,0,2558000,28000,28170000
DH2020001666,KH00005,SP016,2,11990000,0,2326000,30000,25617000
DH2020001717,KH00012,SP020,1,1190000,0,113000,18000,1261000
DH2020004413,KH00003,SP023,3,5990000,0,1797000,22000,19789000
DH2020009069,KH00001,SP021,1,350000,0,35000,40000,425000
DH2020002605,KH00050,SP021,1,350000,0,32000,18000,365000
DH2020002652,KH00006,SP007,2,23990000,0,3838000,40000,42262000
DH2020003069,KH00021,SP021,2,350000,0,70000,18000,788000
DH2020005222,KH00005,SP025,3,4290000,0,1133000,40000,12499000
DH2020008316,KH00031,SP015,2,7990000,0,1438000,18000,15838000
DH2020002780,KH02542,SP025,3,4290000,0,1223000,18000,13467000
DH2020004050,KH00071,SP014,2,1190000,0,238000,22000,2640000
DH2020007896,KH00001,SP012,2,1590000,0,280000,40000,3118000
DH2020002738,KH00001,SP005,2,4990000,0,878000,30000,9690000
DH2020003878,KH00006,SP024,1,5490000,0,549000,22000,6061000
DH2020001376,KH00005,SP022,1,190000,0,18000,35000,233000
DH2020003070,KH00320,SP022,1,190000,0,17000,30000,218000
DH2020004921,KH00003,SP002,1,18990000,0,1804000,35000,19879000
DH2020006184,KH00021,SP020,3,1190000,0,314000,40000,3496000
DH2020006887,KH00319,SP004,2,16990000,0,2718000,18000,29920000
DH2020007899,KH00002,SP020,2,1190000,0,190000,22000,2116000
DH2020005652,KH01690,SP006,2,7990000,0,1598000,45000,17623000
DH2020002380,KH00016,SP017,1,3290000,0,329000,22000,3641000
DH2020006166,KH00001,SP019,8,690000,0,524000,35000,5803000
DH2020006883,KH00001,SP023,1,5990000,0,509000,28000,5629000
DH2020008148,KH00002,SP004,1,16990000,0,1699000,28000,18717000
DH2020000100,KH00003,SP025,1,4290000,0,378000,18000,4171000
DH2020001194,KH00160,SP012,2,1590000,0,296000,45000,3298000
DH2020004288,KH00682,SP009,2,15990000,0,3038000,30000,33449000
DH2020004473,KH00003,SP020,2,1190000,0,202000,28000,2253000
DH2020006410,KH00007,SP025,4,4290000,0,1596000,35000,17590000
DH2020006835,KH00001,SP006,4,7990000,0,3036000,18000,33416000
DH2020002379,KH00001,SP014,5,1190000,0,595000,25000,6570000
DH2020003715,KH00019,SP014,2,1190000,0,214000,22000,2378000
DH2020001024,KH00762,SP004,1,16990000,0,1699000,18000,18707000
DH2020002123,KH00004,SP012,4,1590000,0,572000,22000,6318000
DH2020003690,KH00002,SP021,1,350000,0,33000,45000,410000
DH2020005481,KH00004,SP015,6,7990000,0,4315000,22000,47483000
DH2020009826,KH00085,SP008,1,13990000,0,1189000,28000,13109000
DH2020002610,KH00010,SP002,6,18990000,0,11394000,35000,125369000
DH2020004300,KH00107,SP026,1,990000,0,87000,35000,993000
DH2020004936,KH00002,SP003,4,19990000,0,7996000,40000,87996000
DH2020005129,KH00158,SP002,1,18990000,0,1766000,22000,19449000
DH2020004316,KH00001,SP018,1,390000,0,39000,28000,457000
DH2020009154,KH00002,SP019,3,690000,0,207000,40000,2317000
DH2020000660,KH01887,SP003,1,19990000,0,1699000,28000,18719000
DH2020002949,KH00001,SP024,2,5490000,0,1098000,30000,12108000
DH2020003047,KH00001,SP025,2,4290000,0,832000,30000,9185000
DH2020006497,KH00020,SP015,3,7990000,0,1918000,40000,21134000
DH2020006898,KH01301,SP009,1,15990000,0,1487000,25000,16383000
DH2020007924,KH00137,SP001,1,4590000,0,459000,30000,5079000
DH2020008469,KH00001,SP002,1,18990000,0,1842000,40000,20302000
DH2020000122,KH00001,SP026,1,990000,0,99000,18000,1107000
DH2020003485,KH00001,SP003,1,19990000,0,1899000,25000,20914000
DH2020005327,KH00008,SP001,2,4590000,0,826000,35000,9123000
DH2020008748,KH00005,SP023,1,5990000,0,539000,45000,5975000
DH2020004150,KH02541,SP008,1,13990000,0,1189000,22000,13103000
DH2020008307,KH00567,SP008,1,13990000,0,1231000,22000,13564000
DH2020009342,KH00021,SP013,4,990000,0,337000,30000,3733000
DH2020005657,KH00004,SP001,1,4590000,0,404000,28000,4471000
DH2020000227,KH00015,SP004,1,16990000,0,1614000,25000,17779000
DH2020003440,KH00001,SP024,6,5490000,0,2965000,22000,32633000
DH2020004781,KH00778,SP016,1,11990000,0,1139000,22000,12551000
DH2020006478,KH00326,SP006,1,7990000,0,639000,18000,7049000
DH2020009403,KH00001,SP014,1,1190000,0,119000,40000,1349000
DH2020000528,KH00003,SP006,1,7990000,0,703000,35000,7769000
DH2020002338,KH00001,SP025,3,4290000,0,1287000,22000,14179000
DH2020005365,KH00001,SP020,4,1190000,0,419000,22000,4630000
DH2020009079,KH00020,SP025,4,4290000,0,1373000,30000,15131000
DH2020001772,KH00034,SP018,2,390000,0,74000,30000,845000
DH2020002126,KH00001,SP025,1,4290000,0,408000,45000,4529000
DH2020003040,KH00003,SP008,1,13990000,0,1189000,25000,13106000
DH2020006019,KH00590,SP002,3,18990000,0,5412000,18000,59552000
DH2020001172,KH00003,SP013,3,990000,0,282000,25000,3129000
DH2020003563,KH00169,SP025,3,4290000,0,1223000,30000,13479000
DH2020006541,KH00001,SP010,2,12990000,0,2598000,30000,28608000
DH2020007470,KH00051,SP019,1,690000,0,66000,45000,767000
DH2020001580,KH00011,SP025,4,4290000,0,1664000,40000,18349000
DH2020001834,KH00003,SP018,10,390000,0,378000,28000,4189000
DH2020004361,KH00002,SP008,1,13990000,0,1399000,18000,15407000
DH2020005373,KH00002,SP011,1,3990000,0,399000,18000,4407000
DH2020000752,KH00316,SP021,8,350000,0,260000,30000,2894000
DH2020009443,KH00011,SP023,8,5990000,0,4457000,22000,49045000
DH2020002712,KH00001,SP007,1,23990000,0,2111000,25000,23247000
DH2020002856,KH00001,SP014,3,1190000,0,286000,30000,3172000
DH2020003253,KH01265,SP001,3,4590000,0,1377000,28000,15175000
DH2020003795,KH00002,SP002,1,18990000,0,1804000,40000,19884000
DH2020006369,KH00001,SP005,3,4990000,0,1497000,35000,16502000
DH2020008010,KH00101,SP016,5,11990000,0,5815000,25000,63992000
DH2020009730,KH00003,SP022,8,190000,0,134000,45000,1517000
DH2020009878,KH00291,SP019,2,690000,0,134000,28000,1501000
DH2020001440,KH00021,SP004,5,16990000,0,7900000,35000,86938000
DH2020001804,KH00003,SP011,1,3990000,0,399000,45000,4434000
DH2020003932,KH00005,SP010,5,12990000,0,5716000,22000,62894000
DH2020004892,KH00016,SP015,1,7990000,0,799000,18000,8807000
DH2020005579,KH00104,SP023,3,5990000,0,1527000,35000,16836000
DH2020007300,KH00022,SP002,1,18990000,0,1671000,30000,18412000
DH2020000285,KH00087,SP005,1,4990000,0,399000,35000,4426000
DH2020000553,KH00001,SP010,2,12990000,0,2598000,40000,28618000
DH2020001876,KH00001,SP009,1,15990000,0,1439000,25000,15855000
DH2020003124,KH00150,SP018,5,390000,0,195000,18000,2163000
DH2020003310,KH00002,SP025,2,4290000,0,686000,45000,7595000
DH2020003816,KH00136,SP023,1,5990000,0,599000,22000,6611000
DH2020005342,KH00002,SP022,3,190000,0,50000,22000,574000
DH2020006929,KH00025,SP023,1,5990000,0,509000,22000,5623000
DH2020003225,KH00001,SP013,1,990000,0,92000,35000,1048000
DH2020008499,KH00021,SP020,2,1190000,0,238000,45000,2663000
DH2020004831,KH00011,SP010,2,12990000,0,2286000,25000,25173000
DH2020008276,KH00001,SP023,1,5990000,0,569000,22000,6281000
DH2020009543,KH00001,SP003,1,19990000,0,1999000,28000,22017000
DH2020000651,KH00002,SP004,1,16990000,0,1699000,45000,18734000
DH2020002487,KH00176,SP026,5,990000,0,480000,30000,5312000
DH2020003342,KH00001,SP013,2,990000,0,188000,35000,2104000
DH2020003717,KH00009,SP012,1,1590000,0,159000,18000,1767000
DH2020007407,KH00015,SP023,1,5990000,0,527000,45000,5843000
DH2020004369,KH01242,SP006,2,7990000,0,1518000,30000,16729000
DH2020006932,KH00007,SP022,1,190000,0,18000,18000,220000
DH2020009064,KH00125,SP016,5,11990000,0,5995000,22000,65967000
DH2020000842,KH00001,SP017,1,3290000,0,329000,45000,3664000
DH2020002563,KH00001,SP010,5,12990000,0,6495000,35000,71480000
DH2020003147,KH00006,SP026,1,990000,0,92000,45000,1058000
DH2020004456,KH00006,SP016,2,11990000,0,2398000,40000,26418000
DH2020005580,KH00002,SP025,4,4290000,0,1716000,22000,18898000
DH2020006506,KH00002,SP025,2,4290000,0,858000,18000,9456000
DH2020008269,KH00001,SP016,1,11990000,0,1019000,25000,11236000
DH2020009026,KH01106,SP009,2,15990000,0,2558000,18000,28160000
DH2020009053,KH00001,SP014,1,1190000,0,115000,45000,1314000
DH2020009251,KH00019,SP012,2,1590000,0,318000,40000,3538000
DH2020009216,KH00001,SP002,1,18990000,0,1766000,28000,19455000
DH2020002343,KH00001,SP007,1,23990000,0,2231000,22000,24564000
DH2020002417,KH01385,SP003,4,19990000,0,7996000,30000,87986000
DH2020003545,KH00157,SP015,2,7990000,0,1598000,45000,17623000
DH2020004471,KH00001,SP012,3,1590000,0,477000,45000,5292000
DH2020004907,KH00013,SP021,1,350000,0,32000,40000,397000
DH2020008287,KH00015,SP026,6,990000,0,475000,22000,5249000
DH2020009023,KH00012,SP013,4,990000,0,396000,30000,4386000
DH2020009314,KH00003,SP012,2,1590000,0,270000,45000,3018000
DH2020004869,KH00025,SP025,2,4290000,0,772000,22000,8516000
DH2020005715,KH00020,SP003,1,19990000,0,1999000,25000,22014000
DH2020006942,KH00009,SP017,8,3290000,0,2237000,22000,24631000
DH2020000498,KH00856,SP003,1,19990000,0,1999000,25000,22014000
DH2020001958,KH00006,SP012,2,1590000,0,286000,30000,3178000
DH2020002354,KH00023,SP002,1,18990000,0,1614000,40000,17796000
DH2020002376,KH00136,SP009,1,15990000,0,1599000,25000,17614000
DH2020003156,KH00032,SP024,2,5490000,0,1098000,18000,12096000
DH2020005555,KH00039,SP019,1,690000,0,59000,25000,670000
DH2021000839,KH00212,SP018,5,390000,0,156000,40000,1756000
DH2021006023,KH00035,SP011,2,3990000,0,798000,35000,8813000
DH2021009579,KH00015,SP024,1,5490000,0,439000,22000,4853000
DH2021001365,KH00511,SP009,2,15990000,0,2878000,25000,31685000
DH2021007304,KH00002,SP013,2,990000,0,198000,22000,2200000
DH2021001354,KH00001,SP024,1,5490000,0,483000,18000,5332000
DH2021009625,KH00002,SP011,1,3990000,0,351000,25000,3887000
DH2021009904,KH01310,SP013,2,990000,0,184000,25000,2050000
DH2021002808,KH00009,SP020,1,1190000,0,107000,45000,1223000
DH2021005352,KH00003,SP014,2,1190000,0,238000,25000,2643000
DH2021006169,KH00015,SP006,5,7990000,0,3795000,18000,41765000
DH2021002498,KH00150,SP021,4,350000,0,112000,28000,1260000
DH2021001583,KH00005,SP014,1,1190000,0,113000,28000,1271000
DH2021001756,KH00006,SP008,1,13990000,0,1357000,28000,14955000
DH2021002901,KH00132,SP025,3,4290000,0,1094000,35000,12069000
DH2021001165,KH00001,SP002,1,18990000,0,1804000,28000,19872000
DH2021001696,KH00001,SP002,1,18990000,0,1766000,28000,19455000
DH2021005063,KH00041,SP001,3,4590000,0,1336000,25000,14718000
DH2021007279,KH01330,SP024,1,5490000,0,532000,40000,5897000
DH2021007640,KH00001,SP013,1,990000,0,96000,40000,1096000
DH2021001982,KH00028,SP002,1,18990000,0,1519000,35000,16746000
DH2021003612,KH00073,SP009,1,15990000,0,1519000,45000,16754000
DH2021003638,KH00001,SP006,3,7990000,0,2397000,40000,26407000
DH2021005523,KH00018,SP018,1,390000,0,39000,25000,454000
DH2021006279,KH00001,SP020,1,1190000,0,101000,28000,1141000
DH2021006316,KH00001,SP002,5,18990000,0,9020000,30000,99252000
DH2021006554,KH00005,SP007,1,23990000,0,2399000,22000,26411000
DH2021000488,KH00080,SP023,1,5990000,0,599000,28000,6617000
DH2021000616,KH00020,SP025,3,4290000,0,1197000,18000,13184000
DH2021003671,KH00068,SP023,5,5990000,0,2845000,40000,31337000
DH2021004973,KH00029,SP016,5,11990000,0,4796000,28000,52784000
DH2021005116,KH00484,SP019,8,690000,0,535000,45000,5934000
DH2021007771,KH00050,SP012,2,1590000,0,280000,28000,3106000
DH2021001639,KH00004,SP006,2,7990000,0,1598000,22000,17600000
DH2021003599,KH00013,SP003,2,19990000,0,3998000,25000,44003000
DH2021006042,KH01366,SP004,1,16990000,0,1580000,35000,17416000
DH2021006363,KH00007,SP013,1,990000,0,96000,18000,1074000
DH2021007494,KH00002,SP002,1,18990000,0,1842000,28000,20290000
DH2021007762,KH01725,SP023,2,5990000,0,958000,18000,10560000
DH2021000111,KH00001,SP011,1,3990000,0,319000,35000,3546000
DH2021000446,KH00002,SP007,1,23990000,0,2111000,40000,23262000
DH2021000469,KH00001,SP014,1,1190000,0,105000,45000,1197000
DH2021006015,KH00003,SP007,3,23990000,0,6117000,45000,67336000
DH2021006739,KH00002,SP010,3,12990000,0,3507000,35000,38615000
DH2021007547,KH00165,SP007,1,23990000,0,2039000,28000,22459000
DH2021001228,KH00003,SP014,2,1190000,0,238000,18000,2636000
DH2021001417,KH00259,SP022,3,190000,0,53000,30000,613000
DH2021004508,KH00002,SP022,3,190000,0,48000,22000,554000
DH2021006204,KH00005,SP001,1,4590000,0,367000,30000,4069000
DH2021000844,KH00006,SP019,1,690000,0,59000,28000,673000
DH2021001482,KH00003,SP016,2,11990000,0,1918000,30000,21132000
DH2021002995,KH00001,SP018,1,390000,0,34000,40000,417000
DH2021004801,KH00060,SP011,1,3990000,0,371000,45000,4127000
DH2021007346,KH00001,SP010,1,12990000,0,1039000,40000,11471000
DH2021009724,KH00005,SP019,2,690000,0,117000,40000,1330000
DH2021002248,KH00006,SP021,2,350000,0,60000,22000,677000
DH2021005633,KH00033,SP002,2,18990000,0,3798000,40000,41818000
DH2021009325,KH00005,SP012,1,1590000,0,159000,40000,1789000
DH2021003348,KH00001,SP014,6,1190000,0,693000,40000,7659000
DH2021006950,KH00001,SP020,2,1190000,0,221000,45000,2479000
DH2021007851,KH00002,SP007,2,23990000,0,3838000,35000,42257000
DH2021001084,KH00001,SP014,6,1190000,0,678000,30000,7491000
DH2021001344,KH00005,SP007,1,23990000,0,2399000,25000,26414000
DH2021002299,KH00005,SP021,8,350000,0,238000,30000,2648000
DH2021005833,KH00022,SP007,2,23990000,0,3838000,40000,42262000
DH2021006422,KH00002,SP001,1,4590000,0,404000,22000,4465000
DH2021006905,KH00001,SP026,1,990000,0,99000,22000,1111000
DH2021009542,KH00001,SP022,1,190000,0,16000,28000,206000
DH2021000891,KH00029,SP022,1,190000,0,19000,18000,227000
DH2021003132,KH00002,SP023,3,5990000,0,1797000,28000,19795000
DH2021007880,KH00001,SP021,1,350000,0,28000,22000,330000
DH2021007992,KH00001,SP001,1,4590000,0,367000,45000,4084000
DH2021000298,KH00003,SP013,4,990000,0,396000,30000,4386000
DH2021004175,KH00002,SP022,3,190000,0,51000,18000,582000
DH2021004805,KH00009,SP020,1,1190000,0,95000,28000,1075000
DH2021006021,KH00281,SP015,3,7990000,0,2037000,28000,22439000
DH2021007292,KH00007,SP009,2,15990000,0,3102000,25000,34148000
DH2021009011,KH00012,SP026,1,990000,0,99000,35000,1124000
DH2021002604,KH00005,SP011,1,3990000,0,399000,22000,4411000
DH2021005004,KH00001,SP009,1,15990000,0,1279000,45000,14116000
DH2021007858,KH00002,SP015,1,7990000,0,743000,35000,8209000
DH2021000247,KH00001,SP006,8,7990000,0,5625000,18000,61893000
DH2021000479,KH00002,SP021,3,350000,0,94000,22000,1061000
DH2021001527,KH00002,SP019,1,690000,0,69000,30000,789000
DH2021006969,KH00558,SP022,1,190000,0,17000,35000,219000
DH2021007555,KH00003,SP016,2,11990000,0,2110000,45000,23257000
DH2021009495,KH00060,SP020,1,1190000,0,101000,35000,1148000
DH2021000952,KH00002,SP020,3,1190000,0,286000,28000,3170000
DH2021000996,KH00001,SP012,1,1590000,0,143000,30000,1604000
DH2021001179,KH00001,SP003,1,19990000,0,1699000,25000,18716000
DH2021002034,KH01443,SP019,1,690000,0,59000,28000,673000
DH2021002149,KH00007,SP013,1,990000,0,79000,40000,911000
DH2021005589,KH01203,SP022,1,190000,0,19000,40000,249000
DH2021009377,KH00004,SP019,1,690000,0,59000,18000,663000
DH2021002163,KH00051,SP004,5,16990000,0,8495000,40000,93485000
DH2021003655,KH00017,SP018,1,390000,0,35000,45000,431000
DH2021004840,KH00001,SP017,3,3290000,0,987000,40000,10897000
DH2021005528,KH00001,SP009,1,15990000,0,1359000,28000,14979000
DH2021007498,KH00048,SP018,2,390000,0,78000,35000,893000
DH2021008360,KH00005,SP026,1,990000,0,89000,28000,1008000
DH2021008663,KH00078,SP026,5,990000,0,396000,45000,4401000
DH2021004540,KH00025,SP008,2,13990000,0,2658000,18000,29257000
DH2021005867,KH00006,SP001,1,4590000,0,413000,25000,4569000
DH2021003231,KH00003,SP019,1,690000,0,66000,22000,744000
DH2021004942,KH00005,SP024,1,5490000,0,439000,22000,4853000
DH2021005302,KH00031,SP026,2,990000,0,198000,45000,2223000
DH2021005889,KH00002,SP012,3,1590000,0,382000,35000,4233000
DH2021006677,KH00001,SP026,1,990000,0,99000,30000,1119000
DH2021007117,KH00030,SP012,1,1590000,0,159000,40000,1789000
DH2021001381,KH00011,SP015,2,7990000,0,1598000,35000,17613000
DH2021003146,KH00010,SP005,6,4990000,0,2844000,40000,31327000
DH2021001582,KH00036,SP016,2,11990000,0,2398000,40000,26418000
DH2021001776,KH00608,SP008,1,13990000,0,1259000,25000,13875000
DH2021002897,KH00001,SP009,3,15990000,0,4077000,25000,44876000
DH2021003548,KH00003,SP022,2,190000,0,38000,22000,440000
DH2021004513,KH00009,SP003,1,19990000,0,1799000,35000,19825000
DH2021007650,KH00015,SP020,2,1190000,0,238000,22000,2640000
DH2021008327,KH00003,SP026,1,990000,0,96000,40000,1096000
DH2021006173,KH00006,SP023,1,5990000,0,581000,35000,6426000
DH2021000052,KH00957,SP024,1,5490000,0,549000,22000,6061000
DH2021000648,KH00013,SP011,2,3990000,0,798000,40000,8818000
DH2021000681,KH00001,SP002,1,18990000,0,1842000,18000,20280000
DH2021004487,KH00030,SP009,6,15990000,0,9114000,35000,100292000
DH2021006050,KH00001,SP018,2,390000,0,70000,18000,790000
DH2021006617,KH00008,SP013,2,990000,0,198000,22000,2200000
DH2021006622,KH00010,SP003,3,19990000,0,4798000,35000,52809000
DH2021008032,KH00020,SP008,1,13990000,0,1399000,40000,15429000
DH2021000832,KH00001,SP003,2,19990000,0,3998000,30000,44008000
DH2021001869,KH00036,SP011,3,3990000,0,1017000,28000,11219000
DH2021007585,KH01235,SP002,4,18990000,0,7368000,28000,81077000
DH2021009513,KH00002,SP017,1,3290000,0,319000,30000,3540000
DH2021000827,KH00041,SP026,2,990000,0,168000,22000,1873000
DH2021001164,KH00002,SP018,8,390000,0,275000,35000,3056000
DH2021005439,KH00029,SP001,1,4590000,0,459000,25000,5074000
DH2021009150,KH00607,SP016,1,11990000,0,1139000,25000,12554000
DH2021001459,KH00002,SP008,2,13990000,0,2602000,18000,28641000
DH2021003193,KH00025,SP019,1,690000,0,59000,45000,690000
DH2021003119,KH00001,SP009,1,15990000,0,1599000,28000,17617000
DH2021006367,KH00001,SP025,2,4290000,0,798000,25000,8802000
DH2021009798,KH00003,SP022,2,190000,0,37000,25000,431000
DH2021002787,KH00476,SP007,1,23990000,0,2327000,40000,25637000
DH2021006427,KH00002,SP020,6,1190000,0,714000,40000,7894000
DH2021006954,KH00028,SP008,3,13990000,0,4071000,22000,44804000
DH2021009603,KH00095,SP005,1,4990000,0,449000,45000,4985000
DH2021000347,KH00009,SP017,2,3290000,0,658000,40000,7278000
DH2021000824,KH00001,SP015,4,7990000,0,3196000,28000,35184000
DH2021001316,KH00026,SP013,1,990000,0,99000,22000,1111000
DH2021001825,KH00128,SP003,8,19990000,0,14073000,25000,154828000
DH2021005620,KH00080,SP018,2,390000,0,76000,28000,861000
DH2021009155,KH00387,SP015,1,7990000,0,799000,18000,8807000
DH2021004232,KH00027,SP014,1,1190000,0,119000,18000,1327000
DH2021004590,KH00001,SP020,3,1190000,0,332000,30000,3682000
DH2021004895,KH00001,SP023,2,5990000,0,1198000,35000,13213000
DH2021005467,KH00003,SP009,8,15990000,0,12792000,40000,140752000
DH2021001480,KH00006,SP020,2,1190000,0,231000,35000,2575000
DH2021002035,KH00001,SP021,1,350000,0,32000,30000,387000
DH2021005970,KH00004,SP026,2,990000,0,198000,22000,2200000
DH2021006443,KH00003,SP024,1,5490000,0,549000,35000,6074000
DH2021008952,KH00002,SP018,1,390000,0,37000,22000,429000
DH2021004653,KH00010,SP014,1,1190000,0,119000,18000,1327000
DH2021006720,KH00755,SP010,2,12990000,0,2338000,22000,25742000
DH2021007019,KH00203,SP023,3,5990000,0,1797000,30000,19797000
DH2021008519,KH00001,SP025,4,4290000,0,1716000,18000,18894000
DH2021009503,KH00001,SP019,2,690000,0,110000,18000,1232000
DH2021004794,KH00001,SP020,1,1190000,0,115000,35000,1304000
DH2021006745,KH00080,SP006,2,7990000,0,1550000,35000,17086000
DH2021007252,KH00003,SP008,3,13990000,0,3903000,40000,42975000
DH2021008977,KH00001,SP019,2,690000,0,138000,22000,1540000
DH2021000114,KH00001,SP024,6,5490000,0,3294000,28000,36262000
DH2021003140,KH00005,SP025,1,4290000,0,399000,22000,4411000
DH2021003315,KH00636,SP023,2,5990000,0,1018000,35000,11236000
DH2021009882,KH00007,SP015,2,7990000,0,1598000,22000,17600000
DH2021002720,KH00307,SP013,4,990000,0,396000,30000,4386000
DH2021002803,KH00811,SP026,2,990000,0,198000,28000,2206000
DH2021003356,KH00001,SP011,2,3990000,0,798000,22000,8800000
DH2021003392,KH00062,SP003,2,19990000,0,3998000,28000,44006000
DH2021008319,KH00004,SP004,3,16990000,0,5097000,35000,56102000
DH2021003724,KH00035,SP017,1,3290000,0,329000,40000,3659000
DH2021005170,KH00019,SP001,3,4590000,0,1336000,40000,14733000
DH2021008021,KH00182,SP001,2,4590000,0,872000,28000,9621000
DH2021008985,KH00001,SP001,2,4590000,0,780000,28000,8611000
DH2021009806,KH00005,SP009,1,15990000,0,1279000,30000,14101000
DH2021009993,KH00002,SP022,2,190000,0,38000,45000,463000
DH2021001399,KH00073,SP015,1,7990000,0,799000,30000,8819000
DH2021002514,KH00005,SP020,3,1190000,0,357000,30000,3957000
DH2021002788,KH00019,SP018,4,390000,0,156000,25000,1741000
DH2021008224,KH00098,SP023,2,5990000,0,1054000,40000,11636000
DH2021003703,KH00001,SP025,4,4290000,0,1596000,25000,17580000
DH2021005039,KH01225,SP026,4,990000,0,368000,28000,4079000
DH2021008565,KH00003,SP002,2,18990000,0,3532000,45000,38898000
DH2021001617,KH00478,SP021,2,350000,0,70000,18000,788000
DH2021005397,KH00001,SP011,3,3990000,0,1137000,22000,12531000
DH2021006606,KH00018,SP004,1,16990000,0,1580000,22000,17403000
DH2021007227,KH00001,SP013,1,990000,0,94000,30000,1064000
DH2021008226,KH00001,SP005,6,4990000,0,2994000,25000,32959000
DH2021008488,KH00001,SP022,2,190000,0,34000,40000,416000
DH2021009025,KH00056,SP014,2,1190000,0,202000,22000,2247000
DH2021002838,KH00002,SP010,1,12990000,0,1299000,35000,14324000
DH2021004604,KH00006,SP015,5,7990000,0,3795000,22000,41769000
DH2021005778,KH00004,SP001,10,4590000,0,4452000,18000,48993000
DH2021008130,KH00017,SP011,2,3990000,0,638000,35000,7057000
DH2021008807,KH00005,SP007,1,23990000,0,1919000,18000,21129000
DH2021001405,KH01325,SP008,4,13990000,0,5316000,25000,58503000
DH2021002178,KH00010,SP015,3,7990000,0,2229000,30000,24551000
DH2021004348,KH00014,SP003,4,19990000,0,7196000,40000,79200000
DH2021005078,KH00289,SP023,1,5990000,0,599000,30000,6619000
DH2021006509,KH00034,SP009,1,15990000,0,1599000,35000,17624000
DH2021000243,KH00055,SP016,1,11990000,0,1055000,18000,11624000
DH2021002629,KH00603,SP002,1,18990000,0,1899000,30000,20919000
DH2021003241,KH00169,SP003,1,19990000,0,1699000,22000,18713000
DH2021004502,KH00002,SP021,1,350000,0,34000,30000,404000
DH2021005870,KH00002,SP019,1,690000,0,55000,35000,642000
DH2021007043,KH00731,SP026,6,990000,0,594000,28000,6562000
DH2021007423,KH00004,SP007,3,23990000,0,7197000,30000,79197000
DH2021008394,KH00014,SP013,2,990000,0,198000,35000,2213000
DH2021008446,KH00751,SP010,1,12990000,0,1299000,35000,14324000
DH2021009640,KH00013,SP025,2,4290000,0,815000,22000,8988000
DH2021001472,KH00001,SP012,6,1590000,0,840000,18000,9253000
DH2021001550,KH00002,SP015,2,7990000,0,1358000,40000,14981000
DH2021002757,KH00106,SP005,1,4990000,0,449000,22000,4962000
DH2021002801,KH00001,SP013,5,990000,0,436000,18000,4810000
DH2021005578,KH00003,SP026,1,990000,0,99000,25000,1114000
DH2021006194,KH00030,SP002,2,18990000,0,3798000,22000,41800000
DH2021008477,KH00003,SP004,1,16990000,0,1699000,22000,18711000
DH2021003460,KH00020,SP026,1,990000,0,94000,22000,1056000
DH2021003827,KH00231,SP025,2,4290000,0,729000,28000,8050000
DH2021006515,KH00001,SP010,1,12990000,0,1143000,18000,12592000
DH2021006107,KH00247,SP002,5,18990000,0,9210000,30000,101342000
DH2021007593,KH00001,SP023,8,5990000,0,4313000,25000,47466000
DH2021009960,KH00001,SP015,8,7990000,0,5945000,40000,65431000
DH2021000584,KH00008,SP019,2,690000,0,110000,18000,1232000
DH2021000717,KH00001,SP015,3,7990000,0,2397000,28000,26395000
DH2021000843,KH00027,SP003,1,19990000,0,1939000,35000,21364000
DH2021004549,KH00112,SP014,2,1190000,0,238000,25000,2643000
DH2021007090,KH00005,SP013,1,990000,0,84000,40000,966000
DH2021007274,KH01017,SP009,1,15990000,0,1407000,28000,15506000
DH2021006884,KH00004,SP004,4,16990000,0,5980000,22000,65807000
DH2021009387,KH00001,SP002,1,18990000,0,1804000,45000,19889000
DH2021001514,KH00009,SP002,2,18990000,0,3608000,45000,39734000
DH2021007007,KH00001,SP016,3,11990000,0,3597000,40000,39607000
DH2021009294,KH01260,SP025,1,4290000,0,416000,25000,4602000
DH2021009440,KH00002,SP023,1,5990000,0,557000,45000,6173000
DH2021009987,KH00022,SP016,1,11990000,0,1199000,25000,13214000
DH2021002414,KH00885,SP022,4,190000,0,68000,28000,780000
DH2021004022,KH00106,SP011,8,3990000,0,3096000,22000,34080000
DH2021003228,KH00041,SP026,1,990000,0,84000,22000,948000
DH2021003483,KH00001,SP007,1,23990000,0,2279000,35000,25104000
DH2021006439,KH00289,SP018,2,390000,0,62000,18000,704000
DH2021007296,KH00014,SP021,3,350000,0,89000,35000,1016000
DH2021009985,KH00002,SP011,1,3990000,0,399000,30000,4419000
DH2021002408,KH00015,SP021,1,350000,0,35000,25000,410000
DH2021003048,KH00095,SP013,1,990000,0,99000,25000,1114000
DH2021003358,KH00002,SP023,2,5990000,0,958000,18000,10560000
DH2021004607,KH00002,SP016,2,11990000,0,2158000,28000,23768000
DH2021005060,KH00002,SP005,2,4990000,0,998000,35000,11013000
DH2021008025,KH02319,SP003,4,19990000,0,7996000,35000,87991000
DH2021008244,KH00003,SP024,1,5490000,0,549000,18000,6057000
DH2021008411,KH00001,SP021,2,350000,0,70000,35000,805000
DH2021003211,KH00025,SP023,4,5990000,0,2396000,28000,26384000
DH2021005820,KH00001,SP008,3,13990000,0,3903000,28000,42963000
DH2021008533,KH00055,SP022,1,190000,0,15000,28000,195000
DH2021009101,KH00004,SP007,2,23990000,0,4318000,45000,47545000
DH2021001619,KH00005,SP005,1,4990000,0,439000,40000,4870000
DH2021001634,KH02454,SP012,1,1590000,0,135000,35000,1522000
DH2021001664,KH00002,SP017,2,3290000,0,526000,35000,5825000
DH2021003562,KH00001,SP024,3,5490000,0,1598000,40000,17614000
DH2021005020,KH00001,SP020,1,1190000,0,95000,30000,1077000
DH2021007813,KH01271,SP003,2,19990000,0,3998000,40000,44018000
DH2021008463,KH00001,SP026,3,990000,0,267000,30000,2970000
DH2021008590,KH00303,SP022,1,190000,0,15000,28000,195000
DH2021009182,KH00011,SP006,1,7990000,0,759000,18000,8367000
DH2021009498,KH00013,SP011,1,3990000,0,399000,18000,4407000
DH2021004488,KH02009,SP011,2,3990000,0,742000,40000,8203000
DH2021005908,KH00001,SP004,3,16990000,0,5097000,45000,56112000
DH2021006486,KH00069,SP012,6,1590000,0,906000,45000,10014000
DH2021008420,KH00029,SP018,2,390000,0,78000,45000,903000
DH2021000177,KH00001,SP007,1,23990000,0,2159000,45000,23795000
DH2021000782,KH00006,SP023,1,5990000,0,599000,25000,6614000
DH2021007683,KH00629,SP022,2,190000,0,34000,35000,411000
DH2021001752,KH00081,SP019,1,690000,0,62000,25000,708000
DH2021002140,KH00003,SP013,1,990000,0,89000,30000,1010000
DH2021005983,KH00018,SP015,1,7990000,0,799000,40000,8829000
DH2021007099,KH00002,SP008,1,13990000,0,1399000,25000,15414000
DH2021007792,KH00002,SP003,2,19990000,0,3718000,45000,40944000
DH2021000480,KH00004,SP018,1,390000,0,38000,25000,441000
DH2021001815,KH00004,SP007,1,23990000,0,2399000,45000,26434000
DH2021001945,KH00001,SP013,2,990000,0,198000,35000,2213000
DH2021003622,KH00007,SP016,5,11990000,0,5276000,35000,58067000
DH2021005930,KH00001,SP025,2,4290000,0,815000,25000,8991000
DH2021007525,KH00070,SP009,2,15990000,0,3038000,30000,33449000
DH2021003095,KH00036,SP022,2,190000,0,33000,25000,392000
DH2021004261,KH00638,SP003,2,19990000,0,3518000,25000,38725000
DH2021009102,KH00002,SP023,1,5990000,0,557000,30000,6158000
DH2021000722,KH00001,SP017,1,3290000,0,306000,40000,3406000
DH2021007753,KH00107,SP016,2,11990000,0,2398000,35000,26413000
DH2021009267,KH00014,SP017,1,3290000,0,280000,35000,3111000
DH2021001906,KH00030,SP025,8,4290000,0,3260000,18000,35882000
DH2021002005,KH00014,SP002,2,18990000,0,3798000,40000,41818000
DH2021004298,KH00233,SP020,1,1190000,0,119000,40000,1349000
DH2021005336,KH00016,SP014,2,1190000,0,190000,40000,2134000
DH2021008756,KH00006,SP025,1,4290000,0,378000,35000,4188000
DH2021008826,KH00010,SP005,1,4990000,0,464000,25000,5130000
DH2021009699,KH00078,SP016,3,11990000,0,3057000,18000,33649000
DH2021003620,KH00166,SP004,1,16990000,0,1359000,30000,14981000
DH2021003711,KH00014,SP026,2,990000,0,184000,35000,2060000
DH2021006565,KH00001,SP020,1,1190000,0,119000,30000,1339000
DH2021002541,KH00011,SP007,10,23990000,0,23990000,45000,263935000
DH2021004435,KH00137,SP009,2,15990000,0,2558000,45000,28187000
DH2021008840,KH00050,SP018,5,390000,0,166000,28000,1852000
DH2021009512,KH00001,SP019,2,690000,0,134000,25000,1498000
DH2021009768,KH00001,SP025,2,4290000,0,858000,25000,9463000
DH2021000073,KH02052,SP026,1,990000,0,94000,18000,1052000
DH2021004066,KH00194,SP019,1,690000,0,66000,28000,750000
DH2021007012,KH00028,SP024,2,5490000,0,988000,30000,10900000
DH2021002762,KH00005,SP002,1,18990000,0,1709000,30000,18830000
DH2021003927,KH00024,SP025,1,4290000,0,399000,40000,4429000
DH2021004752,KH00002,SP008,2,13990000,0,2518000,28000,27728000
DH2021006337,KH00008,SP014,1,1190000,0,107000,30000,1208000
DH2021006421,KH00001,SP020,1,1190000,0,113000,28000,1271000
DH2021008103,KH00007,SP023,6,5990000,0,3414000,35000,37592000
DH2021008516,KH00001,SP006,1,7990000,0,719000,35000,7945000
DH2021000949,KH00063,SP017,2,3290000,0,638000,45000,7066000
DH2021003848,KH00016,SP016,1,11990000,0,1079000,30000,11900000
DH2021004631,KH00006,SP013,1,990000,0,99000,35000,1124000
DH2021004669,KH00001,SP011,8,3990000,0,3096000,18000,34076000
DH2021005258,KH00003,SP021,1,350000,0,33000,35000,400000
DH2021001643,KH00003,SP023,2,5990000,0,1198000,25000,13203000
DH2021001409,KH00007,SP024,4,5490000,0,1932000,30000,21287000
DH2021000351,KH00004,SP024,3,5490000,0,1449000,30000,15973000
DH2021001151,KH00012,SP004,3,16990000,0,4587000,30000,50490000
DH2021002210,KH00004,SP012,2,1590000,0,318000,45000,3543000
DH2021005413,KH01122,SP007,2,23990000,0,4462000,35000,49118000
DH2021000568,KH00172,SP016,2,11990000,0,2230000,35000,24566000
DH2021001185,KH00013,SP006,4,7990000,0,2557000,22000,28147000
DH2021003272,KH00004,SP014,1,1190000,0,111000,28000,1246000
DH2021003861,KH00006,SP012,2,1590000,0,296000,35000,3288000
DH2021001986,KH00379,SP023,3,5990000,0,1617000,40000,17830000
DH2021002644,KH00333,SP022,1,190000,0,18000,45000,243000
DH2021004946,KH00014,SP019,4,690000,0,268000,45000,2990000
DH2021001236,KH00001,SP006,3,7990000,0,2325000,30000,25606000
DH2021005568,KH00001,SP022,2,190000,0,38000,35000,453000
DH2021006145,KH00001,SP013,1,990000,0,92000,18000,1031000
DH2021002734,KH00228,SP024,1,5490000,0,549000,45000,6084000
DH2021005045,KH00010,SP008,2,13990000,0,2518000,18000,27718000
DH2021007633,KH00012,SP026,4,990000,0,317000,18000,3503000
DH2021001521,KH00015,SP007,3,23990000,0,6693000,18000,73643000
DH2021001877,KH00004,SP026,2,990000,0,198000,40000,2218000
DH2021002798,KH00002,SP017,1,3290000,0,329000,25000,3644000
DH2021004065,KH00001,SP003,1,19990000,0,1999000,40000,22029000
DH2021006455,KH00002,SP010,1,12990000,0,1299000,40000,14329000
DH2021009573,KH00096,SP001,1,4590000,0,445000,30000,4927000
DH2021001501,KH00001,SP025,4,4290000,0,1716000,25000,18901000
DH2021001598,KH00039,SP020,3,1190000,0,339000,45000,3776000
DH2021002434,KH00031,SP001,1,4590000,0,367000,35000,4074000
DH2021004158,KH00001,SP026,1,990000,0,96000,18000,1074000
DH2021004948,KH00037,SP002,1,18990000,0,1766000,30000,19457000
DH2021005934,KH00001,SP015,2,7990000,0,1486000,30000,16377000
DH2021006076,KH00009,SP006,1,7990000,0,639000,18000,7049000
DH2021006663,KH00036,SP006,5,7990000,0,3715000,35000,40903000
DH2021008120,KH00001,SP026,1,990000,0,87000,35000,993000
DH2021009169,KH00011,SP002,2,18990000,0,3342000,35000,36799000
DH2021009892,KH00001,SP025,1,4290000,0,378000,18000,4171000
DH2021000333,KH00003,SP014,1,1190000,0,107000,18000,1196000
DH2021000670,KH02373,SP008,2,13990000,0,2238000,40000,24662000
DH2021004171,KH00026,SP006,2,7990000,0,1598000,18000,17596000
DH2021005430,KH00020,SP006,1,7990000,0,639000,40000,7071000
DH2021005692,KH00123,SP006,1,7990000,0,759000,25000,8374000
DH2021005801,KH00155,SP004,2,16990000,0,3160000,25000,34786000
DH2021006163,KH00106,SP010,2,12990000,0,2338000,28000,25748000
DH2021001878,KH00020,SP009,2,15990000,0,2814000,28000,30984000
DH2021007787,KH00002,SP020,1,1190000,0,119000,35000,1344000
DH2021009144,KH00002,SP011,2,3990000,0,798000,30000,8808000
DH2021000855,KH00001,SP015,8,7990000,0,6200000,30000,68232000
DH2021007654,KH00008,SP020,1,1190000,0,119000,30000,1339000
DH2021009958,KH00003,SP024,1,5490000,0,549000,35000,6074000
DH2021001886,KH00004,SP010,1,12990000,0,1299000,22000,14311000
DH2021004941,KH00002,SP011,1,3990000,0,351000,40000,3902000
DH2021005742,KH00001,SP021,2,350000,0,56000,45000,661000
DH2021006177,KH00001,SP006,5,7990000,0,3516000,30000,38702000
DH2021006752,KH00006,SP006,2,7990000,0,1486000,45000,16392000
DH2021008583,KH00003,SP023,1,5990000,0,479000,45000,5316000
DH2021000436,KH01374,SP016,5,11990000,0,5815000,28000,63995000
DH2021001790,KH00001,SP021,4,350000,0,140000,45000,1585000
DH2021005017,KH00001,SP015,1,7990000,0,799000,35000,8824000
DH2021005977,KH00117,SP002,1,18990000,0,1519000,30000,16741000
DH2021006726,KH00003,SP004,1,16990000,0,1614000,25000,17779000
DH2021000962,KH00002,SP014,6,1190000,0,693000,30000,7649000
DH2021001107,KH00028,SP001,1,4590000,0,436000,22000,4818000
DH2021001364,KH00003,SP007,1,23990000,0,2327000,30000,25627000
DH2021006000,KH00001,SP018,1,390000,0,31000,40000,383000
DH2021007101,KH00002,SP007,4,23990000,0,8157000,30000,89753000
DH2021007857,KH00047,SP018,1,390000,0,39000,28000,457000
DH2021000669,KH00021,SP011,6,3990000,0,2394000,25000,26359000
DH2021002115,KH00015,SP018,1,390000,0,33000,22000,387000
DH2021003191,KH00053,SP023,5,5990000,0,2696000,22000,29673000
DH2021004347,KH00117,SP009,2,15990000,0,2814000,35000,30991000
DH2021004917,KH00007,SP025,1,4290000,0,365000,22000,4033000
DH2021005572,KH00030,SP019,2,690000,0,110000,45000,1259000
DH2021000816,KH00001,SP024,1,5490000,0,549000,40000,6079000
DH2021001479,KH00001,SP012,3,1590000,0,463000,22000,5112000
DH2021006349,KH00012,SP006,1,7990000,0,775000,25000,8550000
DH2021007021,KH00010,SP020,10,1190000,0,1190000,18000,13108000
DH2021007387,KH00005,SP010,2,12990000,0,2416000,22000,26599000
DH2021007950,KH00004,SP002,4,18990000,0,7596000,35000,83591000
DH2021008211,KH00001,SP011,2,3990000,0,718000,45000,7945000
DH2021000606,KH00001,SP013,1,990000,0,99000,35000,1124000
DH2021003731,KH00003,SP018,1,390000,0,33000,28000,393000
DH2021003853,KH00001,SP005,2,4990000,0,998000,30000,11008000
DH2021006198,KH00072,SP022,1,190000,0,19000,18000,227000
DH2021007833,KH00013,SP026,5,990000,0,495000,30000,5475000
DH2021002156,KH00700,SP008,1,13990000,0,1399000,45000,15434000
DH2021002750,KH00001,SP020,1,1190000,0,107000,25000,1203000
DH2021002936,KH00002,SP019,3,690000,0,201000,45000,2254000
DH2021003150,KH00004,SP001,2,4590000,0,780000,22000,8605000
DH2021004283,KH00004,SP009,2,15990000,0,2718000,40000,29941000
DH2021009345,KH00003,SP019,1,690000,0,67000,45000,781000
DH2021009367,KH00002,SP009,1,15990000,0,1519000,25000,16734000
DH2021001055,KH00001,SP010,1,12990000,0,1039000,18000,11449000
DH2021003220,KH00030,SP008,2,13990000,0,2658000,35000,29274000
DH2021003963,KH00001,SP013,2,990000,0,198000,18000,2196000
DH2021005226,KH00037,SP011,5,3990000,0,1696000,45000,18699000
DH2021006974,KH00001,SP023,3,5990000,0,1438000,18000,15832000
DH2021009395,KH00004,SP002,1,18990000,0,1671000,45000,18427000
DH2021005192,KH00059,SP013,1,990000,0,99000,35000,1124000
DH2021006138,KH00005,SP023,4,5990000,0,2037000,18000,22421000
DH2021006393,KH00081,SP019,1,690000,0,62000,40000,723000
DH2021007127,KH00114,SP024,3,5490000,0,1400000,22000,15422000
DH2021002804,KH00034,SP009,1,15990000,0,1407000,22000,15500000
DH2021002891,KH00003,SP015,1,7990000,0,759000,30000,8379000
DH2021002929,KH00004,SP005,1,4990000,0,484000,28000,5352000
DH2021003022,KH00073,SP018,3,390000,0,109000,35000,1232000
DH2021005027,KH00061,SP020,1,1190000,0,111000,18000,1236000
DH2021006356,KH00002,SP025,3,4290000,0,1030000,30000,11356000
DH2021007209,KH00003,SP023,2,5990000,0,1018000,18000,11219000
DH2021000038,KH00004,SP016,1,11990000,0,959000,25000,10576000
DH2021002944,KH00004,SP023,2,5990000,0,1054000,25000,11621000
DH2021006574,KH00001,SP021,6,350000,0,178000,45000,2008000
DH2021008954,KH00004,SP002,8,18990000,0,15192000,28000,167140000
DH2021002141,KH00028,SP001,4,4590000,0,1744000,25000,19211000
DH2021003822,KH00001,SP018,2,390000,0,69000,35000,790000
DH2021006372,KH00026,SP016,1,11990000,0,1115000,22000,12288000
DH2021006746,KH00119,SP004,5,16990000,0,7221000,45000,79474000
DH2021009147,KH00377,SP006,1,7990000,0,639000,28000,7059000
DH2021000055,KH00002,SP020,2,1190000,0,238000,25000,2643000
DH2021001080,KH00066,SP004,2,16990000,0,3058000,18000,33658000
DH2021002974,KH00011,SP010,1,12990000,0,1169000,22000,12882000
DH2021000496,KH00898,SP006,2,7990000,0,1518000,45000,16744000
DH2021000911,KH00002,SP018,1,390000,0,39000,35000,464000
DH2021002664,KH00020,SP022,2,190000,0,30000,35000,369000
DH2021007202,KH00003,SP025,1,4290000,0,343000,45000,3820000
DH2021007262,KH00017,SP009,1,15990000,0,1359000,28000,14979000
DH2021009560,KH00003,SP009,4,15990000,0,5437000,40000,59843000
DH2021003648,KH00002,SP016,4,11990000,0,4220000,35000,46460000
DH2021004332,KH00002,SP019,2,690000,0,138000,40000,1558000
DH2021006297,KH00004,SP001,2,4590000,0,918000,35000,10133000
DH2021006771,KH00001,SP015,1,7990000,0,719000,22000,7932000
DH2021007990,KH00001,SP021,1,350000,0,32000,25000,372000
DH2021000050,KH00172,SP014,2,1190000,0,209000,22000,2325000
DH2021005773,KH00001,SP005,5,4990000,0,2196000,18000,24170000
DH2021000309,KH00008,SP021,2,350000,0,56000,25000,641000
DH2021002076,KH00103,SP024,2,5490000,0,878000,45000,9707000
DH2021005613,KH00004,SP007,1,23990000,0,2279000,22000,25091000
DH2021000018,KH00009,SP011,8,3990000,0,3032000,25000,33381000
DH2021001999,KH00489,SP008,2,13990000,0,2798000,18000,30796000
DH2021002493,KH00449,SP011,2,3990000,0,798000,40000,8818000
DH2021003407,KH00481,SP023,5,5990000,0,2396000,18000,26374000
DH2021005361,KH01376,SP022,3,190000,0,55000,28000,636000
DH2021003659,KH00010,SP009,1,15990000,0,1599000,30000,17619000
DH2021005551,KH00001,SP026,2,990000,0,198000,22000,2200000
DH2021008721,KH00052,SP002,1,18990000,0,1519000,45000,16756000
DH2021003836,KH00009,SP021,1,350000,0,35000,25000,410000
DH2021007250,KH00002,SP006,2,7990000,0,1486000,18000,16365000
DH2021007836,KH00101,SP017,2,3290000,0,526000,45000,5835000
DH2021001710,KH00009,SP002,4,18990000,0,7216000,25000,79403000
DH2021001797,KH00003,SP004,1,16990000,0,1359000,25000,14976000
DH2021002103,KH00005,SP018,2,390000,0,78000,25000,883000
DH2021002657,KH00001,SP018,3,390000,0,111000,40000,1263000
DH2021004578,KH00011,SP003,1,19990000,0,1999000,35000,22024000
DH2021006499,KH00001,SP018,1,390000,0,31000,18000,361000
DH2021002555,KH00002,SP025,4,4290000,0,1664000,45000,18354000
DH2021003418,KH00006,SP023,1,5990000,0,527000,35000,5833000
DH2021004269,KH00009,SP015,4,7990000,0,2876000,28000,31668000
DH2021002188,KH00001,SP010,1,12990000,0,1143000,18000,12592000
DH2021005148,KH02328,SP009,4,15990000,0,6396000,18000,70374000
DH2021005198,KH00001,SP017,5,3290000,0,1645000,45000,18140000
DH2021006085,KH00058,SP008,2,13990000,0,2798000,35000,30813000
DH2021009626,KH00001,SP003,1,19990000,0,1999000,35000,22024000
DH2021003651,KH00051,SP024,1,5490000,0,549000,22000,6061000
DH2021004620,KH00016,SP010,1,12990000,0,1169000,18000,12878000
DH2021002508,KH00002,SP020,2,1190000,0,238000,25000,2643000
DH2021002543,KH00023,SP018,1,390000,0,31000,28000,371000
DH2021003730,KH00015,SP020,3,1190000,0,357000,35000,3962000
DH2021003287,KH00806,SP017,1,3290000,0,329000,18000,3637000
DH2021003881,KH00862,SP016,3,11990000,0,3597000,18000,39585000
DH2021004173,KH00001,SP019,1,690000,0,61000,18000,686000
DH2021009991,KH00001,SP026,2,990000,0,178000,28000,1988000
DH2021001740,KH00064,SP024,4,5490000,0,2196000,45000,24201000
DH2021003329,KH00126,SP015,2,7990000,0,1486000,22000,16369000
DH2021009338,KH00001,SP007,1,23990000,0,2111000,35000,23257000
DH2021006893,KH00001,SP009,1,15990000,0,1551000,25000,17086000
DH2021009872,KH00137,SP006,3,7990000,0,2109000,30000,23233000
DH2021000596,KH00001,SP009,2,15990000,0,3198000,30000,35208000
DH2021001159,KH00020,SP022,4,190000,0,76000,22000,858000
DH2021004383,KH01569,SP012,2,1590000,0,270000,30000,3003000
DH2021005019,KH00018,SP013,1,990000,0,96000,35000,1091000
DH2021000801,KH00001,SP002,4,18990000,0,7596000,22000,83578000
DH2021001404,KH00001,SP017,2,3290000,0,638000,22000,7043000
DH2021001726,KH00005,SP018,1,390000,0,37000,40000,447000
DH2021005401,KH00001,SP015,4,7990000,0,2876000,30000,31670000
DH2021009001,KH00001,SP003,1,19990000,0,1899000,28000,20917000
DH2021008736,KH00007,SP022,1,190000,0,15000,40000,207000
DH2021001657,KH00003,SP001,1,4590000,0,445000,35000,4932000
DH2021002023,KH00001,SP023,2,5990000,0,1198000,35000,13213000
DH2021004851,KH00001,SP020,1,1190000,0,119000,30000,1339000
DH2021008589,KH00001,SP008,5,13990000,0,5596000,28000,61584000
DH2021001875,KH00002,SP024,2,5490000,0,878000,22000,9684000
DH2021003845,KH00001,SP016,2,11990000,0,2158000,40000,23780000
DH2021004058,KH00010,SP013,4,990000,0,356000,40000,3960000
DH2021004373,KH00003,SP018,1,390000,0,33000,35000,400000
DH2021008453,KH00002,SP020,8,1190000,0,762000,30000,8408000
DH2021009033,KH00002,SP021,2,350000,0,70000,28000,798000
DH2021001537,KH00021,SP018,3,390000,0,117000,18000,1305000
DH2021003539,KH00002,SP019,1,690000,0,69000,45000,804000
DH2021007478,KH00001,SP005,2,4990000,0,878000,45000,9705000
DH2021008163,KH00003,SP011,1,3990000,0,399000,22000,4411000
DH2021008661,KH00057,SP024,2,5490000,0,1065000,45000,11761000
DH2021001503,KH00014,SP007,4,23990000,0,8444000,18000,92907000
DH2021005167,KH00553,SP005,1,4990000,0,499000,40000,5529000
DH2021008293,KH00002,SP020,6,1190000,0,714000,18000,7872000
DH2021008388,KH00010,SP010,8,12990000,0,9353000,22000,102903000
DH2021000288,KH00001,SP004,2,16990000,0,3398000,45000,37423000
DH2021005293,KH00064,SP003,6,19990000,0,11154000,25000,122723000
DH2021007657,KH00017,SP019,1,690000,0,61000,40000,708000
DH2021008220,KH00419,SP001,1,4590000,0,367000,40000,4079000
DH2021008747,KH00049,SP016,1,11990000,0,959000,35000,10586000
DH2021000732,KH00314,SP005,1,4990000,0,399000,45000,4436000
DH2021005587,KH00182,SP023,1,5990000,0,599000,18000,6607000
DH2021008526,KH00001,SP021,1,350000,0,35000,22000,407000
DH2021002609,KH00013,SP019,2,690000,0,124000,22000,1388000
DH2021004218,KH00699,SP017,1,3290000,0,329000,25000,3644000
DH2021009552,KH00025,SP001,1,4590000,0,459000,22000,5071000
DH2021009786,KH01660,SP001,1,4590000,0,390000,30000,4322000
DH2021000910,KH00009,SP023,1,5990000,0,599000,28000,6617000
DH2021001645,KH00001,SP017,2,3290000,0,658000,40000,7278000
DH2021007637,KH00003,SP019,1,690000,0,69000,28000,787000
DH2021000414,KH00463,SP023,1,5990000,0,557000,40000,6168000
DH2021000530,KH00495,SP021,2,350000,0,63000,25000,718000
DH2021005539,KH00002,SP014,1,1190000,0,119000,22000,1331000
DH2021004843,KH00045,SP004,3,16990000,0,5097000,45000,56112000
DH2021005768,KH00004,SP006,1,7990000,0,703000,40000,7774000
DH2021005937,KH00001,SP005,6,4990000,0,2784000,28000,30656000
DH2021007506,KH00342,SP006,1,7990000,0,759000,30000,8379000
DH2021009667,KH00481,SP012,2,1590000,0,318000,25000,3523000
DH2021001385,KH00001,SP005,1,4990000,0,484000,22000,5346000
DH2021003580,KH00561,SP004,2,16990000,0,2990000,22000,32914000
DH2021006790,KH00001,SP023,2,5990000,0,1018000,30000,11231000
DH2021000854,KH00895,SP006,4,7990000,0,3196000,30000,35186000
DH2021001800,KH00029,SP012,2,1590000,0,302000,18000,3341000
DH2021006436,KH00001,SP012,2,1590000,0,280000,45000,3123000
DH2021008659,KH00249,SP020,1,1190000,0,107000,35000,1213000
DH2021003847,KH00009,SP020,5,1190000,0,506000,25000,5589000
DH2021004813,KH00003,SP006,4,7990000,0,3196000,35000,35191000
DH2021006092,KH00372,SP015,5,7990000,0,3396000,18000,37372000
DH2021007966,KH00038,SP007,1,23990000,0,2399000,40000,26429000
DH2021009417,KH00002,SP011,1,3990000,0,371000,30000,4112000
DH2021000877,KH00001,SP006,6,7990000,0,4315000,45000,47506000
DH2021003393,KH00015,SP020,5,1190000,0,476000,35000,5271000
DH2021005856,KH00061,SP008,1,13990000,0,1399000,25000,15414000
DH2021005915,KH00047,SP007,3,23990000,0,6693000,30000,73655000
DH2021005926,KH00004,SP006,2,7990000,0,1518000,25000,16724000
DH2021008126,KH00008,SP024,2,5490000,0,966000,45000,10673000
DH2021002813,KH00001,SP005,1,4990000,0,464000,35000,5140000
DH2021003185,KH00001,SP008,4,13990000,0,5596000,30000,61586000
DH2021003781,KH00005,SP018,1,390000,0,39000,18000,447000
DH2021004597,KH00063,SP007,1,23990000,0,2159000,45000,23795000
DH2021005767,KH00009,SP012,2,1590000,0,318000,40000,3538000
DH2021006399,KH00422,SP021,1,350000,0,35000,28000,413000
DH2021008855,KH00011,SP011,1,3990000,0,399000,22000,4411000
DH2021009681,KH00021,SP012,4,1590000,0,636000,18000,7014000
DH2021009871,KH00001,SP018,2,390000,0,74000,18000,833000
DH2021000130,KH00001,SP025,1,4290000,0,408000,28000,4512000
DH2021001542,KH00002,SP004,1,16990000,0,1359000,35000,14986000
DH2021001585,KH00189,SP006,1,7990000,0,703000,22000,7756000
DH2021001686,KH00002,SP001,1,4590000,0,413000,28000,4572000
DH2021002261,KH00037,SP024,1,5490000,0,522000,25000,5763000
DH2021003283,KH00407,SP011,1,3990000,0,379000,25000,4194000
DH2021004527,KH00008,SP009,1,15990000,0,1279000,22000,14093000
DH2021006489,KH00001,SP002,1,18990000,0,1842000,18000,20280000
DH2021008144,KH00009,SP012,10,1590000,0,1590000,18000,17508000
DH2021008843,KH00341,SP025,1,4290000,0,416000,18000,4595000
DH2021002194,KH00002,SP002,1,18990000,0,1766000,18000,19445000
DH2021002608,KH00001,SP021,2,350000,0,65000,28000,744000
DH2021002878,KH00003,SP019,1,690000,0,66000,28000,750000
DH2021006308,KH00055,SP008,4,13990000,0,4757000,30000,52353000
DH2021007611,KH00003,SP013,1,990000,0,92000,22000,1035000
DH2021008481,KH02197,SP025,1,4290000,0,365000,25000,4036000
DH2021000400,KH00004,SP022,4,190000,0,61000,25000,694000
DH2021001902,KH00172,SP006,1,7990000,0,799000,22000,8811000
DH2021002659,KH00002,SP025,1,4290000,0,429000,18000,4737000
DH2021004130,KH00775,SP003,1,19990000,0,1599000,40000,17631000
DH2021001916,KH00008,SP013,1,990000,0,99000,40000,1129000
DH2021003751,KH00137,SP025,1,4290000,0,429000,45000,4764000
DH2021004534,KH00017,SP016,1,11990000,0,959000,45000,10596000
DH2021007459,KH00001,SP001,4,4590000,0,1469000,45000,16202000
DH2021007711,KH00002,SP019,4,690000,0,276000,18000,3054000
DH2021007841,KH00023,SP025,1,4290000,0,408000,25000,4509000
DH2021009413,KH00033,SP017,1,3290000,0,319000,25000,3535000
DH2021002182,KH00001,SP017,1,3290000,0,306000,22000,3388000
DH2021005025,KH00310,SP007,2,23990000,0,4462000,18000,49101000
DH2021005854,KH00015,SP002,2,18990000,0,3342000,25000,36789000
DH2021006453,KH00005,SP021,2,350000,0,56000,18000,634000
DH2021009790,KH00001,SP015,4,7990000,0,3196000,40000,35196000
DH2021005362,KH00017,SP002,1,18990000,0,1766000,40000,19467000
DH2021006865,KH00339,SP009,4,15990000,0,6396000,18000,70374000
DH2021007845,KH00020,SP004,3,16990000,0,4485000,25000,49364000
DH2021008654,KH00081,SP003,2,19990000,0,3798000,25000,41804000
DH2021003959,KH00001,SP014,3,1190000,0,339000,40000,3771000
DH2021008504,KH00003,SP023,3,5990000,0,1671000,22000,18405000
DH2021002082,KH00001,SP003,1,19990000,0,1759000,22000,19372000
DH2021004814,KH00313,SP003,1,19990000,0,1799000,45000,19835000
DH2021005194,KH00020,SP001,1,4590000,0,404000,28000,4471000
DH2021005648,KH00002,SP025,3,4290000,0,1223000,18000,13467000
DH2021005785,KH00001,SP002,6,18990000,0,10027000,28000,110322000
DH2021004277,KH00005,SP004,2,16990000,0,3398000,22000,37400000
DH2021007103,KH00001,SP019,1,690000,0,61000,45000,713000
DH2021007384,KH00001,SP016,2,11990000,0,2158000,22000,23762000
DH2021009306,KH00001,SP007,5,23990000,0,11995000,28000,131973000
DH2021009812,KH00018,SP021,2,350000,0,70000,28000,798000
DH2021009919,KH00003,SP017,2,3290000,0,638000,45000,7066000
DH2021000357,KH00037,SP021,1,350000,0,35000,22000,407000
DH2021001840,KH00002,SP020,1,1190000,0,95000,28000,1075000
DH2021006277,KH00005,SP018,2,390000,0,70000,35000,807000
DH2021007413,KH00001,SP018,3,390000,0,103000,25000,1158000
DH2021009988,KH00007,SP017,2,3290000,0,526000,45000,5835000
DH2021001347,KH00002,SP008,8,13990000,0,8954000,22000,98512000
DH2021002603,KH00004,SP003,1,19990000,0,1999000,45000,22034000
DH2021009805,KH00829,SP023,1,5990000,0,599000,45000,6634000
DH2021003029,KH00010,SP010,3,12990000,0,3429000,28000,37751000
DH2021004874,KH00001,SP004,1,16990000,0,1580000,18000,17399000
DH2021005941,KH00005,SP008,1,13990000,0,1259000,28000,13878000
DH2021006065,KH00002,SP007,1,23990000,0,2111000,28000,23250000
DH2021006210,KH00003,SP014,1,1190000,0,119000,35000,1344000
DH2021001681,KH00002,SP003,6,19990000,0,11994000,30000,131964000
DH2021002283,KH00001,SP019,1,690000,0,61000,22000,690000
DH2021003032,KH00018,SP017,2,3290000,0,612000,18000,6749000
DH2021006511,KH00227,SP020,1,1190000,0,101000,35000,1148000
DH2021008614,KH00018,SP012,1,1590000,0,151000,40000,1701000
DH2021004225,KH00101,SP003,3,19990000,0,5997000,25000,65992000
DH2021004444,KH00001,SP013,2,990000,0,174000,22000,1938000
DH2021006464,KH00007,SP014,5,1190000,0,476000,45000,5281000
DH2021006990,KH00150,SP025,3,4290000,0,1223000,22000,13471000
DH2021007030,KH00783,SP010,1,12990000,0,1260000,40000,13900000
DH2021009635,KH00019,SP008,1,13990000,0,1189000,40000,13121000
DH2021000297,KH00006,SP020,2,1190000,0,221000,40000,2474000
DH2021001684,KH00002,SP004,1,16990000,0,1648000,25000,18153000
DH2021004751,KH00712,SP017,2,3290000,0,658000,28000,7266000
DH2021007134,KH00351,SP025,1,4290000,0,416000,30000,4607000
DH2021009550,KH00007,SP002,1,18990000,0,1709000,28000,18828000
DH2021001625,KH01339,SP022,1,190000,0,19000,28000,237000
DH2021002086,KH00365,SP010,4,12990000,0,4417000,40000,48623000
DH2021003434,KH00001,SP007,1,23990000,0,2399000,40000,26429000
DH2021007011,KH00010,SP011,1,3990000,0,319000,45000,3556000
DH2021007145,KH00097,SP025,2,4290000,0,798000,22000,8799000
DH2021008595,KH00001,SP009,1,15990000,0,1599000,22000,17611000
DH2021000158,KH00004,SP001,1,4590000,0,390000,25000,4317000
DH2021002153,KH00132,SP003,2,19990000,0,3998000,45000,44023000
DH2021004516,KH00014,SP026,1,990000,0,89000,45000,1025000
DH2021004761,KH00001,SP016,1,11990000,0,1163000,45000,12838000
DH2021008369,KH00572,SP015,3,7990000,0,2397000,45000,26412000
DH2021008404,KH00003,SP014,2,1190000,0,238000,18000,2636000
DH2021002488,KH00689,SP007,2,23990000,0,4078000,18000,44879000
DH2021008380,KH00001,SP021,2,350000,0,70000,30000,800000
DH2021009937,KH00003,SP012,1,1590000,0,159000,25000,1774000
DH2021002050,KH00001,SP025,2,4290000,0,772000,28000,8522000
DH2021002409,KH00004,SP009,1,15990000,0,1599000,45000,17634000
DH2021003647,KH00001,SP003,3,19990000,0,5277000,18000,58069000
DH2021004757,KH00013,SP011,1,3990000,0,351000,28000,3890000
DH2021005535,KH00025,SP010,4,12990000,0,4832000,40000,53195000
DH2021008869,KH00021,SP014,4,1190000,0,381000,45000,4234000
DH2021008901,KH00001,SP008,2,13990000,0,2378000,35000,26196000
DH2021000175,KH00006,SP009,5,15990000,0,7435000,22000,81810000
DH2021001460,KH00001,SP012,3,1590000,0,420000,25000,4643000
DH2021001919,KH00041,SP010,2,12990000,0,2598000,40000,28618000
DH2021006289,KH00033,SP018,2,390000,0,70000,40000,812000
DH2021007054,KH00012,SP002,2,18990000,0,3798000,35000,41813000
DH2021008355,KH00059,SP019,1,690000,0,69000,18000,777000
DH2021008557,KH00002,SP013,1,990000,0,79000,35000,906000
DH2021004592,KH00003,SP018,6,390000,0,187000,45000,2104000
DH2021009014,KH00011,SP014,2,1190000,0,238000,22000,2640000
DH2021000847,KH00567,SP008,4,13990000,0,4757000,30000,52353000
DH2021001911,KH00034,SP002,1,18990000,0,1709000,30000,18830000
DH2021001974,KH00001,SP024,1,5490000,0,522000,22000,5760000
DH2021004853,KH00011,SP004,4,16990000,0,6796000,28000,74784000
DH2021007093,KH00001,SP008,3,13990000,0,4197000,35000,46202000
DH2021007100,KH00161,SP016,1,11990000,0,1115000,28000,12294000
DH2021009761,KH00001,SP019,1,690000,0,55000,22000,629000
DH2021004870,KH00019,SP010,1,12990000,0,1299000,25000,14314000
DH2021005077,KH00001,SP007,1,23990000,0,2159000,22000,23772000
DH2021009292,KH00011,SP001,1,4590000,0,436000,35000,4831000
DH2021009358,KH00002,SP021,3,350000,0,105000,30000,1185000
DH2021001144,KH00001,SP022,3,190000,0,51000,22000,586000
DH2021003367,KH00003,SP006,1,7990000,0,679000,35000,7506000
DH2021004647,KH00004,SP026,2,990000,0,198000,45000,2223000
DH2021004968,KH00429,SP005,2,4990000,0,798000,45000,8827000
DH2021005995,KH00035,SP026,2,990000,0,174000,22000,1938000
DH2021006142,KH00025,SP007,1,23990000,0,2327000,40000,25637000
DH2021009566,KH00001,SP019,1,690000,0,59000,22000,667000
DH2021000043,KH00005,SP018,1,390000,0,31000,45000,388000
DH2021002577,KH00078,SP016,1,11990000,0,1163000,35000,12828000
DH2021002772,KH00148,SP008,2,13990000,0,2714000,28000,29883000
DH2021004551,KH00240,SP025,3,4290000,0,1133000,35000,12494000
DH2021005628,KH00164,SP018,2,390000,0,78000,25000,883000
DH2021009896,KH00249,SP023,4,5990000,0,2276000,40000,25078000
DH2021009968,KH02291,SP012,10,1590000,0,1352000,18000,14885000
DH2021002146,KH00003,SP004,6,16990000,0,10194000,28000,112162000
DH2021003953,KH00341,SP009,2,15990000,0,2878000,35000,31695000
DH2021004523,KH00001,SP011,3,3990000,0,1077000,30000,11880000
DH2021005433,KH00007,SP010,2,12990000,0,2286000,35000,25183000
DH2021005456,KH00066,SP013,2,990000,0,184000,35000,2060000
DH2021005462,KH00054,SP004,2,16990000,0,2888000,45000,31816000
DH2021002886,KH00376,SP023,1,5990000,0,569000,18000,6277000
DH2021005421,KH00002,SP025,2,4290000,0,729000,18000,8040000
DH2021006328,KH00003,SP003,8,19990000,0,14873000,45000,163644000
DH2021006454,KH00001,SP007,3,23990000,0,6981000,22000,76814000
DH2021006806,KH01827,SP001,3,4590000,0,1281000,28000,14115000
DH2021009077,KH00013,SP004,2,16990000,0,3160000,40000,34801000
DH2021000155,KH00008,SP026,1,990000,0,94000,35000,1069000
DH2021000467,KH00001,SP007,2,23990000,0,4462000,25000,49108000
DH2021003167,KH00002,SP011,1,3990000,0,319000,22000,3533000
DH2021006586,KH00001,SP014,3,1190000,0,357000,45000,3972000
DH2021008837,KH00002,SP005,1,4990000,0,424000,28000,4694000
DH2021007070,KH00001,SP008,2,13990000,0,2798000,28000,30806000
DH2021001235,KH00004,SP002,3,18990000,0,5127000,18000,56418000
DH2021001929,KH00282,SP014,2,1190000,0,238000,40000,2658000
DH2021005102,KH00004,SP002,1,18990000,0,1804000,25000,19869000
DH2021008560,KH00788,SP006,1,7990000,0,743000,18000,8192000
DH2021008666,KH00001,SP013,1,990000,0,79000,30000,901000
DH2021009244,KH00002,SP014,1,1190000,0,107000,40000,1218000
DH2021000092,KH00004,SP021,2,350000,0,70000,40000,810000
DH2021000171,KH00001,SP003,2,19990000,0,3878000,30000,42689000
DH2021008752,KH00018,SP003,2,19990000,0,3998000,45000,44023000
DH2021000421,KH00005,SP022,3,190000,0,53000,25000,608000
DH2021001652,KH00015,SP014,2,1190000,0,190000,28000,2122000
DH2021004850,KH00088,SP014,3,1190000,0,339000,18000,3749000
DH2021004872,KH00005,SP012,4,1590000,0,541000,40000,5987000
DH2021009901,KH00054,SP018,1,390000,0,38000,30000,446000
DH2021000341,KH00436,SP020,1,1190000,0,95000,30000,1077000
DH2021005387,KH00169,SP012,1,1590000,0,154000,25000,1721000
DH2021007181,KH00001,SP017,3,3290000,0,957000,30000,10561000
DH2021005510,KH00056,SP011,8,3990000,0,2554000,25000,28115000
DH2021000903,KH00003,SP016,3,11990000,0,3165000,18000,34837000
DH2021004208,KH00030,SP004,1,16990000,0,1648000,30000,18158000
DH2021006656,KH00016,SP017,10,3290000,0,3290000,35000,36225000
DH2021002581,KH00023,SP010,1,12990000,0,1260000,30000,13890000
DH2021004205,KH00655,SP020,1,1190000,0,107000,35000,1213000
DH2021006338,KH00062,SP009,1,15990000,0,1519000,25000,16734000
DH2021000435,KH00001,SP025,1,4290000,0,343000,28000,3803000
DH2021001036,KH00585,SP003,2,19990000,0,3518000,25000,38725000
DH2021008273,KH00001,SP006,2,7990000,0,1518000,22000,16721000
DH2021008354,KH00575,SP012,6,1590000,0,763000,28000,8423000
DH2021003311,KH00163,SP011,1,3990000,0,399000,35000,4424000
DH2021007216,KH00007,SP012,2,1590000,0,318000,40000,3538000
DH2021007672,KH00001,SP021,3,350000,0,105000,22000,1177000
DH2021008914,KH00003,SP024,1,5490000,0,549000,25000,6064000
DH2021000833,KH00006,SP001,1,4590000,0,459000,45000,5094000
DH2021003199,KH01757,SP014,2,1190000,0,238000,28000,2646000
DH2021004132,KH00014,SP004,2,16990000,0,3058000,30000,33670000
DH2021006091,KH00138,SP010,8,12990000,0,10080000,45000,110927000
DH2021001397,KH00170,SP026,2,990000,0,198000,18000,2196000
DH2021004211,KH00001,SP016,1,11990000,0,1139000,40000,12569000
DH2021005699,KH00079,SP017,1,3290000,0,296000,30000,3287000
DH2021006329,KH00010,SP025,1,4290000,0,365000,35000,4046000
DH2021006754,KH00004,SP012,1,1590000,0,143000,28000,1602000
DH2021008493,KH00003,SP011,1,3990000,0,359000,40000,3990000
DH2021000123,KH00065,SP016,1,11990000,0,1079000,22000,11892000
DH2021001575,KH00002,SP002,1,18990000,0,1804000,25000,19869000
DH2021002290,KH00057,SP025,2,4290000,0,832000,45000,9200000
DH2021005424,KH00353,SP021,1,350000,0,33000,22000,387000
DH2021005691,KH00014,SP012,3,1590000,0,477000,25000,5272000
DH2021008119,KH00001,SP017,2,3290000,0,559000,22000,6174000
DH2021000791,KH00001,SP002,5,18990000,0,7596000,45000,83601000
DH2021001862,KH00003,SP011,1,3990000,0,351000,22000,3884000
DH2021003633,KH00052,SP006,1,7990000,0,799000,30000,8819000
DH2021003884,KH00005,SP011,1,3990000,0,399000,18000,4407000
DH2021009911,KH00001,SP011,8,3990000,0,2554000,45000,28135000
DH2021001616,KH00522,SP016,1,11990000,0,1163000,28000,12821000
DH2021002626,KH00004,SP019,1,690000,0,62000,45000,728000
DH2021007278,KH00062,SP012,3,1590000,0,444000,18000,4898000
DH2021007687,KH00001,SP020,1,1190000,0,119000,18000,1327000
DH2021008104,KH00041,SP015,1,7990000,0,775000,30000,8555000
DH2021000429,KH00064,SP024,2,5490000,0,1043000,40000,11514000
DH2021000630,KH00023,SP022,1,190000,0,18000,22000,224000
DH2021001502,KH00001,SP004,5,16990000,0,8070000,45000,88817000
DH2021001576,KH00032,SP009,4,15990000,0,5948000,25000,65456000
DH2021003264,KH00005,SP015,1,7990000,0,799000,30000,8819000
DH2021003733,KH00001,SP009,3,15990000,0,4797000,40000,52807000
DH2021007338,KH00029,SP009,2,15990000,0,2878000,40000,31700000
DH2021001943,KH00280,SP010,5,12990000,0,6495000,40000,71485000
DH2021002187,KH00008,SP013,2,990000,0,168000,30000,1881000
DH2021005009,KH00176,SP023,1,5990000,0,569000,22000,6281000
DH2021006282,KH00002,SP007,1,23990000,0,1919000,25000,21136000
DH2021007724,KH00101,SP020,1,1190000,0,113000,25000,1268000
DH2021008234,KH00020,SP016,1,11990000,0,1199000,22000,13211000
DH2021000252,KH00001,SP006,1,7990000,0,743000,25000,8199000
DH2021004503,KH00002,SP018,2,390000,0,66000,45000,774000
DH2021004728,KH00136,SP024,3,5490000,0,1400000,30000,15430000
DH2021009037,KH00011,SP007,4,23990000,0,9596000,22000,105578000
DH2021000197,KH00026,SP014,2,1190000,0,226000,30000,2517000
DH2021002491,KH00001,SP001,5,4590000,0,2180000,40000,24022000
DH2021005179,KH00018,SP024,1,5490000,0,483000,25000,5339000
DH2021006897,KH00003,SP013,1,990000,0,99000,30000,1119000
DH2021001249,KH00015,SP020,2,1190000,0,214000,22000,2378000
DH2021002847,KH00069,SP018,3,390000,0,105000,40000,1198000
DH2021005624,KH00001,SP001,1,4590000,0,459000,35000,5084000
DH2021006571,KH00468,SP006,2,7990000,0,1358000,18000,14959000
DH2021009350,KH00007,SP005,1,4990000,0,424000,28000,4694000
DH2021002778,KH00010,SP025,4,4290000,0,1716000,22000,18898000
DH2021000315,KH02049,SP013,2,990000,0,198000,25000,2203000
DH2021002251,KH00018,SP015,1,7990000,0,799000,30000,8819000
DH2021004028,KH00001,SP011,5,3990000,0,1935000,45000,21332000
DH2021006636,KH00050,SP024,5,5490000,0,2553000,22000,28103000
DH2021002266,KH00001,SP013,1,990000,0,96000,18000,1074000
DH2021003265,KH00141,SP013,1,990000,0,99000,35000,1124000
DH2021004837,KH00001,SP013,8,990000,0,713000,25000,7866000
DH2021006074,KH00002,SP006,3,7990000,0,2397000,22000,26389000
DH2021002352,KH00001,SP022,1,190000,0,15000,28000,195000
DH2021002576,KH00047,SP023,2,5990000,0,1162000,30000,12813000
DH2021002875,KH00141,SP022,1,190000,0,19000,40000,249000
DH2021003349,KH00001,SP004,1,16990000,0,1359000,30000,14981000
DH2021005701,KH01153,SP008,3,13990000,0,3903000,25000,42960000
DH2021006550,KH00079,SP024,2,5490000,0,878000,35000,9697000
DH2021007473,KH00040,SP025,1,4290000,0,386000,18000,4265000
DH2021008994,KH00007,SP010,6,12990000,0,6625000,18000,72892000
DH2021009159,KH00020,SP011,2,3990000,0,774000,22000,8537000
DH2021000485,KH00008,SP004,2,16990000,0,3398000,30000,37408000
DH2021003322,KH00200,SP011,1,3990000,0,399000,40000,4429000
DH2021003854,KH00017,SP013,1,990000,0,92000,30000,1043000
DH2021004109,KH00075,SP023,1,5990000,0,539000,22000,5952000
DH2021004958,KH00059,SP021,5,350000,0,170000,25000,1893000
DH2021008767,KH00008,SP011,1,3990000,0,399000,45000,4434000
DH2021009494,KH00010,SP007,1,23990000,0,2111000,45000,23267000
DH2021000275,KH00016,SP001,1,4590000,0,459000,35000,5084000
DH2021000360,KH00001,SP007,1,23990000,0,1919000,28000,21139000
DH2021001017,KH00006,SP003,1,19990000,0,1939000,28000,21357000
DH2021006406,KH00008,SP012,4,1590000,0,509000,45000,5642000
DH2021007430,KH00002,SP018,2,390000,0,78000,35000,893000
DH2021008046,KH01246,SP023,2,5990000,0,1198000,25000,13203000
DH2021002841,KH00004,SP022,2,190000,0,32000,40000,395000
DH2021006940,KH00058,SP023,10,5990000,0,5391000,35000,59336000
DH2021008505,KH00144,SP012,1,1590000,0,159000,25000,1774000
DH2021003454,KH00004,SP020,1,1190000,0,101000,22000,1135000
DH2021007325,KH00001,SP006,3,7990000,0,2397000,25000,26392000
DH2021008473,KH00004,SP004,2,16990000,0,2718000,45000,29947000
DH2021000378,KH00001,SP002,3,18990000,0,5526000,18000,60805000
DH2021003939,KH00007,SP002,1,18990000,0,1899000,28000,20917000
DH2021006650,KH00001,SP021,1,350000,0,30000,18000,346000
DH2021007923,KH00022,SP015,1,7990000,0,639000,40000,7071000
DH2021008118,KH00013,SP002,1,18990000,0,1842000,25000,20287000
DH2021000454,KH00011,SP021,3,350000,0,94000,45000,1084000
DH2021002232,KH00017,SP007,3,23990000,0,6981000,22000,76814000
DH2021001328,KH00003,SP012,2,1590000,0,302000,25000,3348000
DH2021002308,KH01576,SP021,6,350000,0,178000,45000,2008000
DH2021006989,KH01470,SP010,2,12990000,0,2338000,35000,25755000
DH2021007617,KH00010,SP026,3,990000,0,297000,22000,3289000
DH2021001837,KH00002,SP010,1,12990000,0,1299000,28000,14317000
DH2021002784,KH00001,SP006,3,7990000,0,2109000,25000,23228000
DH2021003870,KH00001,SP014,1,1190000,0,119000,40000,1349000
DH2021004820,KH00001,SP016,8,11990000,0,7674000,22000,84432000
DH2021004833,KH00004,SP019,2,690000,0,117000,22000,1312000
DH2021005108,KH00001,SP008,2,13990000,0,2798000,40000,30818000
DH2021005798,KH00002,SP026,3,990000,0,297000,22000,3289000
DH2021000014,KH00002,SP023,1,5990000,0,569000,35000,6294000
DH2021005759,KH00004,SP023,1,5990000,0,539000,18000,5948000
DH2021008102,KH00003,SP016,1,11990000,0,959000,35000,10586000
DH2021009035,KH00001,SP005,4,4990000,0,1756000,30000,19351000
DH2021002450,KH00007,SP013,3,990000,0,297000,40000,3307000
DH2021003155,KH00002,SP001,4,4590000,0,1469000,28000,16185000
DH2021003345,KH00006,SP026,1,990000,0,99000,18000,1107000
DH2021004899,KH00010,SP007,1,23990000,0,2327000,45000,25642000
DH2021006230,KH00229,SP021,2,350000,0,70000,30000,800000
DH2021008070,KH00060,SP001,2,4590000,0,918000,28000,10126000
DH2021001246,KH00050,SP003,2,19990000,0,3998000,28000,44006000
DH2021004083,KH00001,SP017,1,3290000,0,263000,25000,2920000
DH2021006703,KH00082,SP008,3,13990000,0,3903000,22000,42957000
DH2021006808,KH01694,SP006,1,7990000,0,719000,28000,7938000
DH2021007736,KH00001,SP022,1,190000,0,15000,40000,207000
DH2021007805,KH00126,SP004,1,16990000,0,1648000,40000,18168000
DH2021003813,KH00022,SP014,1,1190000,0,119000,45000,1354000
DH2021006168,KH00001,SP018,1,390000,0,35000,35000,421000
DH2021007998,KH00554,SP009,2,15990000,0,2558000,25000,28167000
DH2021008765,KH02013,SP006,1,7990000,0,679000,25000,7496000
DH2021003417,KH00666,SP001,2,4590000,0,808000,22000,8908000
DH2021006281,KH00007,SP024,1,5490000,0,439000,35000,4866000
DH2021004504,KH00003,SP014,1,1190000,0,105000,40000,1192000
DH2021004531,KH00007,SP020,4,1190000,0,381000,18000,4207000
DH2021006128,KH00001,SP016,4,11990000,0,4796000,18000,52774000
DH2021009192,KH00005,SP004,2,16990000,0,3398000,25000,37403000
DH2021006596,KH00460,SP015,2,7990000,0,1406000,28000,15496000
DH2021008308,KH00002,SP024,2,5490000,0,1098000,40000,12118000
DH2021001435,KH00003,SP023,1,5990000,0,599000,30000,6619000
DH2021005891,KH00003,SP007,3,23990000,0,5758000,40000,63374000
DH2021006605,KH00002,SP012,1,1590000,0,159000,45000,1794000
DH2021008510,KH00005,SP014,3,1190000,0,286000,28000,3170000
DH2021008788,KH00588,SP024,2,5490000,0,1098000,45000,12123000
DH2021001792,KH00001,SP009,2,15990000,0,3198000,22000,35200000
DH2021002596,KH00598,SP003,4,19990000,0,7756000,25000,85342000
DH2021006964,KH00001,SP017,2,3290000,0,579000,30000,6399000
DH2021007116,KH00001,SP022,1,190000,0,17000,45000,233000
DH2021007280,KH00005,SP010,1,12990000,0,1234000,45000,13619000
DH2021004082,KH00003,SP006,5,7990000,0,3995000,22000,43967000
DH2021004642,KH00422,SP006,1,7990000,0,799000,25000,8814000
DH2021008076,KH00011,SP018,3,390000,0,105000,35000,1193000
DH2021000559,KH00001,SP010,2,12990000,0,2468000,25000,27174000
DH2021004673,KH00003,SP025,1,4290000,0,365000,45000,4056000
DH2021005211,KH00001,SP022,2,190000,0,33000,30000,397000
DH2021007246,KH00011,SP023,1,5990000,0,599000,30000,6619000
DH2021009158,KH00068,SP017,4,3290000,0,1316000,45000,14521000
DH2021000738,KH00001,SP014,1,1190000,0,119000,25000,1334000
DH2021001918,KH00001,SP006,1,7990000,0,743000,25000,8199000
DH2021008705,KH00173,SP018,4,390000,0,145000,40000,1636000
DH2021008746,KH00413,SP014,2,1190000,0,226000,18000,2505000
DH2021008799,KH00004,SP003,1,19990000,0,1999000,35000,22024000
DH2021009777,KH00116,SP011,2,3990000,0,718000,18000,7918000
DH2021001213,KH00022,SP024,3,5490000,0,1647000,45000,18162000
DH2021003219,KH00041,SP020,2,1190000,0,238000,22000,2640000
DH2021004745,KH00029,SP003,2,19990000,0,3998000,40000,44018000
DH2021008501,KH00017,SP026,1,990000,0,99000,25000,1114000
DH2021008974,KH00025,SP025,1,4290000,0,365000,40000,4051000
DH2021006544,KH00008,SP025,2,4290000,0,815000,28000,8994000
DH2021006992,KH00243,SP013,2,990000,0,198000,18000,2196000
DH2021007073,KH00011,SP005,1,4990000,0,424000,18000,4684000
DH2021007725,KH00001,SP025,2,4290000,0,858000,45000,9483000
DH2021009199,KH00001,SP010,1,12990000,0,1104000,18000,12164000
DH2021002791,KH02593,SP020,1,1190000,0,119000,18000,1327000
DH2021002796,KH00043,SP017,3,3290000,0,869000,30000,9585000
DH2021004495,KH00105,SP022,1,190000,0,18000,40000,242000
DH2021005466,KH00034,SP020,1,1190000,0,105000,28000,1180000
DH2021005826,KH00007,SP011,1,3990000,0,371000,22000,4104000
DH2021006258,KH02552,SP019,8,690000,0,552000,45000,6117000
DH2021007060,KH00001,SP018,1,390000,0,33000,22000,387000
DH2021005621,KH00004,SP010,2,12990000,0,2078000,30000,22892000
DH2021005907,KH00002,SP022,4,190000,0,76000,22000,858000
DH2021003291,KH00110,SP014,1,1190000,0,95000,22000,1069000
DH2021006131,KH00009,SP014,1,1190000,0,119000,28000,1337000
DH2021002815,KH00002,SP005,2,4990000,0,798000,18000,8800000
DH2021008251,KH00277,SP012,2,1590000,0,318000,18000,3516000
DH2021008513,KH00678,SP020,5,1190000,0,506000,30000,5594000
DH2021004884,KH00001,SP020,1,1190000,0,101000,28000,1141000
DH2021007516,KH00006,SP023,1,5990000,0,539000,45000,5975000
DH2021004270,KH00944,SP018,2,390000,0,78000,22000,880000
DH2021005385,KH00077,SP015,1,7990000,0,639000,28000,7059000
DH2021002588,KH00003,SP023,1,5990000,0,557000,35000,6163000
DH2021004588,KH01124,SP023,1,5990000,0,557000,30000,6158000
DH2021006450,KH00004,SP016,2,11990000,0,2398000,40000,26418000
DH2021006627,KH00012,SP022,3,190000,0,51000,30000,594000
DH2021007894,KH00056,SP019,1,690000,0,69000,40000,799000
DH2021001334,KH00017,SP021,1,350000,0,32000,25000,382000
DH2021002551,KH00168,SP018,2,390000,0,78000,18000,876000
DH2021003111,KH00011,SP026,5,990000,0,480000,25000,5307000
DH2021003190,KH00764,SP003,3,19990000,0,5697000,25000,62694000
DH2021000985,KH00237,SP019,4,690000,0,221000,28000,2457000
DH2021006973,KH00001,SP023,1,5990000,0,557000,22000,6150000
DH2021001407,KH00001,SP015,4,7990000,0,2812000,25000,30962000
DH2021002205,KH00019,SP010,2,12990000,0,2598000,18000,28596000
DH2021007277,KH00153,SP012,6,1590000,0,763000,18000,8413000
DH2021008849,KH00003,SP012,1,1590000,0,159000,28000,1777000
DH2021002954,KH01142,SP024,3,5490000,0,1647000,28000,18145000
DH2021005994,KH00015,SP002,1,18990000,0,1899000,22000,20911000
DH2021006418,KH00007,SP014,3,1190000,0,357000,45000,3972000
DH2021007135,KH01198,SP021,5,350000,0,175000,40000,1965000
DH2021007940,KH00001,SP010,2,12990000,0,2598000,30000,28608000
DH2021009060,KH00003,SP019,6,690000,0,414000,22000,4576000
DH2021000508,KH00001,SP004,2,16990000,0,3058000,30000,33670000
DH2021000858,KH00005,SP016,1,11990000,0,1019000,35000,11246000
DH2021005548,KH00003,SP007,2,23990000,0,4798000,25000,52803000
DH2021006467,KH00003,SP014,1,1190000,0,105000,28000,1180000
DH2021002377,KH00099,SP021,1,350000,0,35000,45000,430000
DH2021007170,KH00004,SP002,3,18990000,0,5697000,28000,62695000
DH2021008618,KH00023,SP013,2,990000,0,174000,28000,1944000
DH2021009722,KH00025,SP014,2,1190000,0,238000,28000,2646000
DH2021002559,KH00003,SP020,1,1190000,0,101000,40000,1153000
DH2021008074,KH00001,SP013,1,990000,0,87000,28000,986000
DH2021001252,KH00010,SP017,1,3290000,0,263000,40000,2935000
DH2021004838,KH00035,SP016,1,11990000,0,1115000,35000,12301000
DH2021007636,KH00002,SP020,3,1190000,0,346000,22000,3831000
DH2021009427,KH00003,SP017,2,3290000,0,625000,25000,6901000
DH2021009571,KH00019,SP017,1,3290000,0,329000,18000,3637000
DH2021001443,KH02361,SP022,1,190000,0,19000,18000,227000
DH2021004238,KH00002,SP023,1,5990000,0,599000,22000,6611000
DH2021004855,KH00003,SP020,3,1190000,0,332000,25000,3677000
DH2021006302,KH00005,SP001,2,4590000,0,780000,30000,8613000
DH2021008031,KH00011,SP021,1,350000,0,34000,25000,399000
DH2021004417,KH01969,SP014,1,1190000,0,101000,22000,1135000
DH2021007028,KH00418,SP017,2,3290000,0,658000,45000,7283000
DH2021007454,KH00001,SP007,2,23990000,0,4318000,40000,47540000
DH2021000925,KH00001,SP017,2,3290000,0,658000,45000,7283000
DH2021003645,KH00001,SP015,1,7990000,0,775000,22000,8547000
DH2021004231,KH00001,SP014,2,1190000,0,221000,18000,2452000
DH2021006036,KH00417,SP025,1,4290000,0,429000,40000,4759000
DH2021009336,KH00002,SP015,1,7990000,0,679000,25000,7496000
DH2021000097,KH00003,SP023,1,5990000,0,599000,18000,6607000
DH2021002854,KH00040,SP022,1,190000,0,19000,22000,231000
DH2021002161,KH00006,SP015,1,7990000,0,743000,18000,8192000
DH2021003004,KH00029,SP017,1,3290000,0,306000,25000,3391000
DH2021005124,KH00390,SP024,1,5490000,0,549000,35000,6074000
DH2021001260,KH00014,SP008,3,13990000,0,4071000,45000,44827000
DH2021009132,KH00001,SP012,8,1590000,0,1234000,30000,13602000
DH2021000149,KH00007,SP024,6,5490000,0,2965000,28000,32639000
DH2021005847,KH00003,SP018,3,390000,0,117000,18000,1305000
DH2021006314,KH00010,SP019,3,690000,0,207000,25000,2302000
DH2021002013,KH00011,SP018,2,390000,0,78000,40000,898000
DH2021007265,KH00003,SP023,1,5990000,0,527000,45000,5843000
DH2021002351,KH00001,SP007,1,23990000,0,2327000,22000,25619000
DH2021000105,KH00102,SP014,1,1190000,0,119000,22000,1331000
DH2021000745,KH00025,SP006,2,7990000,0,1598000,35000,17613000
DH2021001990,KH00006,SP023,1,5990000,0,557000,40000,6168000
DH2021002483,KH00339,SP006,2,7990000,0,1550000,40000,17091000
DH2021002937,KH00001,SP026,3,990000,0,261000,40000,2915000
DH2021003798,KH00006,SP021,1,350000,0,33000,22000,387000
DH2021004326,KH00005,SP023,1,5990000,0,527000,28000,5826000
DH2021004537,KH00001,SP021,1,350000,0,35000,22000,407000
DH2021007196,KH00019,SP014,10,1190000,0,1012000,30000,11157000
DH2021001215,KH00001,SP012,2,1590000,0,296000,45000,3298000
DH2021008527,KH00001,SP010,2,12990000,0,2468000,18000,27167000
DH2021001133,KH00076,SP003,2,19990000,0,3998000,25000,44003000
DH2021002683,KH00049,SP003,2,19990000,0,3998000,35000,44013000
DH2021003511,KH00001,SP015,2,7990000,0,1406000,28000,15496000
DH2021004491,KH00002,SP025,6,4290000,0,2188000,18000,24085000
DH2021004746,KH00007,SP006,2,7990000,0,1406000,28000,15496000
DH2021004910,KH00008,SP001,1,4590000,0,436000,40000,4836000
DH2021005035,KH00048,SP018,1,390000,0,33000,25000,390000
DH2021005637,KH00009,SP012,4,1590000,0,604000,40000,6686000
DH2021006461,KH00001,SP006,2,7990000,0,1438000,45000,15865000
DH2021008209,KH00005,SP013,1,990000,0,99000,22000,1111000
DH2021000740,KH00015,SP015,2,7990000,0,1550000,40000,17091000
DH2021001066,KH00003,SP026,3,990000,0,267000,30000,2970000
DH2021003318,KH00012,SP012,2,1590000,0,254000,40000,2838000
DH2021004769,KH00014,SP007,4,23990000,0,8636000,35000,95035000
DH2021005775,KH00017,SP002,6,18990000,0,10824000,25000,119092000
DH2021000753,KH00001,SP009,3,15990000,0,4557000,22000,50151000
DH2021001509,KH00052,SP011,1,3990000,0,399000,28000,4417000
DH2021002201,KH00003,SP017,1,3290000,0,280000,25000,3101000
DH2021002971,KH00070,SP012,2,1590000,0,318000,18000,3516000
DH2021003113,KH01005,SP026,1,990000,0,89000,35000,1015000
DH2021005530,KH00038,SP024,3,5490000,0,1482000,22000,16327000
DH2021008617,KH00312,SP026,2,990000,0,198000,28000,2206000
DH2021009090,KH00001,SP024,3,5490000,0,1647000,22000,18139000
DH2021009501,KH00001,SP015,1,7990000,0,743000,25000,8199000
DH2021000989,KH00002,SP012,1,1590000,0,127000,28000,1427000
DH2021001022,KH00001,SP015,1,7990000,0,799000,35000,8824000
DH2021001424,KH00005,SP015,2,7990000,0,1278000,40000,14102000
DH2021001677,KH00124,SP023,1,5990000,0,581000,28000,6419000
DH2021003202,KH00016,SP010,3,12990000,0,3312000,35000,36471000
DH2021006590,KH00001,SP005,4,4990000,0,1996000,45000,22001000
DH2021006804,KH00010,SP022,1,190000,0,17000,22000,206000
DH2021000487,KH00005,SP022,1,190000,0,16000,45000,223000
DH2021002955,KH00045,SP007,1,23990000,0,2399000,28000,26417000
DH2021004242,KH00081,SP019,4,690000,0,276000,45000,3081000
DH2021004291,KH00005,SP020,8,1190000,0,838000,18000,9234000
DH2021004420,KH00002,SP025,1,4290000,0,399000,28000,4417000
DH2021000405,KH00018,SP014,1,1190000,0,107000,40000,1218000
DH2021003975,KH00001,SP016,3,11990000,0,2878000,25000,31679000
DH2021004945,KH00010,SP006,2,7990000,0,1598000,40000,17618000
DH2021005625,KH00030,SP022,4,190000,0,74000,28000,839000
DH2021005896,KH00001,SP004,3,16990000,0,4740000,30000,52172000
DH2021004690,KH00021,SP012,2,1590000,0,296000,30000,3283000
DH2021005769,KH00001,SP015,2,7990000,0,1598000,25000,17603000
DH2021002304,KH00009,SP011,1,3990000,0,399000,30000,4419000
DH2021002885,KH00008,SP021,1,350000,0,31000,40000,379000
DH2021003946,KH00023,SP018,1,390000,0,36000,22000,421000
DH2021004560,KH00076,SP009,2,15990000,0,2974000,30000,32745000
DH2021005909,KH00012,SP024,1,5490000,0,467000,28000,5161000
DH2021000344,KH00049,SP008,1,13990000,0,1357000,28000,14955000
DH2021001492,KH00085,SP002,4,18990000,0,7064000,45000,77752000
DH2021001749,KH00001,SP008,5,13990000,0,6995000,35000,76980000
DH2021004133,KH00005,SP023,1,5990000,0,527000,28000,5826000
DH2021005967,KH00003,SP007,6,23990000,0,14394000,30000,158364000
DH2021008318,KH00019,SP017,2,3290000,0,559000,40000,6192000
DH2021000766,KH00001,SP017,2,3290000,0,526000,18000,5808000
DH2021002942,KH00001,SP014,1,1190000,0,107000,30000,1208000
DH2021005185,KH00001,SP023,1,5990000,0,599000,28000,6617000
DH2021005627,KH00001,SP002,2,18990000,0,3418000,35000,37635000
DH2021009356,KH02598,SP023,1,5990000,0,509000,30000,5631000
DH2021000829,KH00049,SP022,1,190000,0,18000,22000,224000
DH2021001885,KH00001,SP008,1,13990000,0,1399000,22000,15411000
DH2021004778,KH00001,SP026,5,990000,0,495000,28000,5473000
DH2021004959,KH00002,SP025,2,4290000,0,815000,35000,9001000
DH2021007412,KH00001,SP019,1,690000,0,55000,25000,632000
DH2021007729,KH00052,SP010,2,12990000,0,2338000,18000,25738000
DH2021000108,KH00002,SP025,2,4290000,0,858000,30000,9468000
DH2021001953,KH00586,SP018,1,390000,0,34000,28000,405000
DH2021003770,KH00022,SP007,1,23990000,0,2279000,45000,25114000
DH2021005435,KH01153,SP015,2,7990000,0,1598000,25000,17603000
DH2021005540,KH00010,SP018,1,390000,0,31000,40000,383000
DH2021008215,KH00394,SP020,5,1190000,0,506000,18000,5582000
DH2021009444,KH00001,SP023,4,5990000,0,2228000,18000,24529000
DH2021000198,KH00009,SP025,1,4290000,0,416000,28000,4605000
DH2021001403,KH00169,SP009,3,15990000,0,4077000,40000,44891000
DH2021003033,KH01090,SP014,2,1190000,0,214000,30000,2386000
DH2021003686,KH00002,SP011,1,3990000,0,387000,28000,4285000
DH2021004799,KH00395,SP003,1,19990000,0,1999000,40000,22029000
DH2021004983,KH00018,SP009,1,15990000,0,1599000,18000,17607000
DH2021005206,KH00077,SP017,5,3290000,0,1448000,40000,15964000
DH2021005441,KH00001,SP019,2,690000,0,138000,35000,1553000
DH2021005876,KH00195,SP025,1,4290000,0,408000,30000,4514000
DH2021006346,KH00001,SP004,2,16990000,0,3398000,30000,37408000
DH2021008084,KH00040,SP018,4,390000,0,151000,45000,1709000
DH2021008151,KH00051,SP010,2,12990000,0,2598000,18000,28596000
DH2021002250,KH00005,SP004,3,16990000,0,5097000,22000,56089000
DH2021003054,KH00001,SP014,3,1190000,0,332000,28000,3680000
DH2021003338,KH00007,SP007,5,23990000,0,9596000,45000,105601000
DH2021004404,KH00003,SP009,5,15990000,0,7995000,28000,87973000
DH2021005044,KH00004,SP025,3,4290000,0,1223000,25000,13474000
DH2021007980,KH00023,SP014,4,1190000,0,381000,25000,4214000
DH2021000422,KH00118,SP019,2,690000,0,110000,35000,1249000
DH2021001904,KH00002,SP026,1,990000,0,96000,18000,1074000
DH2021006416,KH00001,SP019,1,690000,0,67000,35000,771000
DH2021009848,KH00001,SP010,1,12990000,0,1143000,18000,12592000
DH2021008086,KH00031,SP008,2,13990000,0,2462000,18000,27102000
DH2021009445,KH01990,SP001,1,4590000,0,459000,30000,5079000
DH2021000296,KH00032,SP019,1,690000,0,64000,28000,734000
DH2021002303,KH00002,SP012,1,1590000,0,154000,22000,1718000
DH2021003814,KH00042,SP006,1,7990000,0,639000,22000,7053000
DH2021008250,KH00002,SP022,1,190000,0,19000,40000,249000
DH2021008576,KH00104,SP005,1,4990000,0,399000,22000,4413000
DH2021009058,KH00187,SP011,2,3990000,0,638000,40000,7062000
DH2021003949,KH00022,SP014,1,1190000,0,95000,22000,1069000
DH2021004251,KH00002,SP021,1,350000,0,32000,45000,402000
DH2021006001,KH00001,SP004,2,16990000,0,2990000,45000,32937000
DH2021004072,KH00005,SP001,3,4590000,0,1212000,25000,13355000
DH2021004479,KH00039,SP017,1,3290000,0,329000,45000,3664000
DH2021008761,KH00002,SP010,1,12990000,0,1299000,28000,14317000
DH2021001991,KH00001,SP023,1,5990000,0,599000,30000,6619000
DH2021002817,KH00008,SP012,2,1590000,0,270000,30000,3003000
DH2021003258,KH00001,SP025,4,4290000,0,1630000,40000,17972000
DH2021005558,KH00392,SP002,1,18990000,0,1899000,28000,20917000
DH2021005728,KH00001,SP009,1,15990000,0,1599000,25000,17614000
DH2021005875,KH00001,SP017,1,3290000,0,319000,45000,3555000
DH2021006354,KH00016,SP007,1,23990000,0,2279000,45000,25114000
DH2021007242,KH00046,SP014,1,1190000,0,105000,30000,1182000
DH2021008999,KH00001,SP001,1,4590000,0,367000,18000,4057000
DH2021002350,KH00001,SP026,2,990000,0,188000,40000,2109000
DH2021003031,KH00001,SP007,1,23990000,0,2399000,18000,26407000
DH2021008571,KH00003,SP011,1,3990000,0,399000,22000,4411000
DH2021008682,KH00014,SP024,1,5490000,0,439000,40000,4871000
DH2021009041,KH00001,SP009,8,15990000,0,12792000,40000,140752000
DH2021000809,KH00012,SP025,3,4290000,0,1287000,40000,14197000
DH2021001020,KH01216,SP026,5,990000,0,421000,28000,4657000
DH2021003979,KH00129,SP011,1,3990000,0,387000,28000,4285000
DH2021002907,KH00001,SP012,2,1590000,0,270000,22000,2995000
DH2021005412,KH00001,SP006,2,7990000,0,1358000,35000,14976000
DH2021009217,KH00004,SP012,3,1590000,0,429000,30000,4752000
DH2021000107,KH00016,SP013,1,990000,0,84000,40000,966000
DH2021000452,KH00015,SP005,3,4990000,0,1452000,40000,16013000
DH2021000888,KH00007,SP012,1,1590000,0,159000,22000,1771000
DH2021003699,KH00028,SP022,2,190000,0,38000,35000,453000
DH2021002722,KH00005,SP018,4,390000,0,137000,18000,1528000
DH2021003424,KH00108,SP002,2,18990000,0,3608000,30000,39719000
DH2021004174,KH00001,SP024,4,5490000,0,2196000,28000,24184000
DH2021004195,KH00001,SP021,3,350000,0,94000,25000,1064000
DH2021004240,KH00006,SP004,1,16990000,0,1444000,30000,15916000
DH2021005903,KH00005,SP025,3,4290000,0,1287000,30000,14187000
DH2021007769,KH00001,SP017,2,3290000,0,658000,25000,7263000
DH2021008022,KH00003,SP010,2,12990000,0,2078000,30000,22892000
DH2021000812,KH00002,SP006,3,7990000,0,2229000,28000,24549000
DH2021003900,KH00006,SP015,2,7990000,0,1598000,30000,17608000
DH2021004929,KH00012,SP012,1,1590000,0,159000,45000,1794000
DH2021006672,KH00002,SP015,4,7990000,0,3100000,18000,34119000
DH2021009236,KH00001,SP022,3,190000,0,50000,22000,574000
DH2021000859,KH00003,SP008,3,13990000,0,3567000,28000,39269000
DH2021002934,KH00001,SP017,1,3290000,0,296000,40000,3297000
DH2021003800,KH00013,SP013,1,990000,0,92000,18000,1031000
DH2021008270,KH00014,SP003,1,19990000,0,1859000,35000,20485000
DH2021004621,KH00007,SP008,3,13990000,0,4197000,25000,46192000
DH2021006490,KH00006,SP003,1,19990000,0,1999000,22000,22011000
DH2021006937,KH00001,SP026,2,990000,0,174000,22000,1938000
DH2021008062,KH00022,SP001,4,4590000,0,1781000,40000,19630000
DH2021008313,KH00001,SP022,1,190000,0,15000,45000,212000
DH2021001474,KH00002,SP005,2,4990000,0,948000,40000,10469000
DH2021001829,KH00018,SP016,4,11990000,0,4220000,25000,46450000
DH2021005345,KH00014,SP006,10,7990000,0,7990000,35000,87925000
DH2021008717,KH00020,SP001,3,4590000,0,1377000,40000,15187000
DH2021001037,KH00001,SP018,1,390000,0,39000,25000,454000
DH2021001570,KH00001,SP016,1,11990000,0,1115000,40000,12306000
DH2021002461,KH00005,SP002,2,18990000,0,3684000,28000,40553000
DH2021008550,KH00039,SP006,3,7990000,0,2397000,30000,26397000
DH2021000730,KH00319,SP018,1,390000,0,34000,40000,417000
DH2021007775,KH00001,SP014,2,1190000,0,221000,30000,2464000
DH2021008225,KH00004,SP013,2,990000,0,168000,18000,1869000
DH2021001755,KH00036,SP018,1,390000,0,31000,28000,371000
DH2021005153,KH00052,SP008,4,13990000,0,5428000,28000,59737000
DH2021009684,KH00849,SP001,1,4590000,0,436000,35000,4831000
DH2021001026,KH00045,SP016,1,11990000,0,1115000,25000,12291000
DH2021001272,KH00180,SP010,2,12990000,0,2338000,30000,25750000
DH2021001745,KH00001,SP001,2,4590000,0,918000,30000,10128000
DH2021001793,KH00319,SP006,1,7990000,0,799000,45000,8834000
DH2021002938,KH00013,SP022,1,190000,0,17000,35000,223000
DH2021004645,KH00221,SP023,2,5990000,0,1162000,30000,12813000
DH2021003186,KH00001,SP023,1,5990000,0,599000,40000,6629000
DH2021009277,KH00019,SP003,1,19990000,0,1759000,25000,19375000
DH2021000529,KH01653,SP011,1,3990000,0,351000,45000,3907000
DH2021002218,KH00009,SP022,2,190000,0,35000,40000,428000
DH2021002426,KH00006,SP023,2,5990000,0,1114000,25000,12280000
DH2021005036,KH00135,SP004,3,16990000,0,4332000,25000,47681000
DH2021006648,KH00010,SP026,2,990000,0,198000,22000,2200000
DH2021007945,KH00638,SP004,4,16990000,0,6796000,18000,74774000
DH2021000350,KH00001,SP006,3,7990000,0,2397000,25000,26392000
DH2021005000,KH00002,SP019,3,690000,0,182000,18000,2022000
DH2021007158,KH00002,SP024,3,5490000,0,1482000,25000,16330000
DH2021008802,KH00007,SP017,8,3290000,0,2316000,45000,25523000
DH2021001309,KH00002,SP007,5,23990000,0,9596000,28000,105584000
DH2021004519,KH00009,SP014,1,1190000,0,119000,28000,1337000
DH2021008253,KH00004,SP026,1,990000,0,99000,22000,1111000
DH2021008356,KH01104,SP002,1,18990000,0,1899000,18000,20907000
DH2021000409,KH00028,SP016,1,11990000,0,959000,28000,10579000
DH2021001083,KH01747,SP023,1,5990000,0,527000,40000,5838000
DH2021002191,KH00001,SP019,1,690000,0,55000,18000,625000
DH2021004738,KH00002,SP017,8,3290000,0,2632000,30000,28982000
DH2021005886,KH00504,SP026,1,990000,0,79000,25000,896000
DH2021007578,KH00011,SP002,1,18990000,0,1842000,22000,20284000
DH2021008143,KH00090,SP024,1,5490000,0,511000,22000,5639000
DH2021008426,KH00001,SP011,5,3990000,0,1596000,22000,17578000
DH2021009634,KH00003,SP006,4,7990000,0,2972000,25000,32720000
DH2021001861,KH00019,SP021,5,350000,0,140000,30000,1570000
DH2021002521,KH00001,SP006,1,7990000,0,719000,30000,7940000
DH2021009506,KH00001,SP025,2,4290000,0,772000,28000,8522000
DH2021002453,KH00043,SP023,1,5990000,0,479000,30000,5301000
DH2021007626,KH00001,SP003,1,19990000,0,1999000,30000,22019000
DH2021008561,KH00018,SP016,1,11990000,0,1079000,22000,11892000
DH2021001552,KH00112,SP018,2,390000,0,66000,25000,754000
DH2021001820,KH00131,SP014,2,1190000,0,190000,30000,2124000
DH2021002705,KH00004,SP002,4,18990000,0,7064000,18000,77725000
DH2021008147,KH00001,SP010,1,12990000,0,1299000,28000,14317000
DH2021009665,KH00123,SP011,3,3990000,0,1113000,18000,12263000
DH2021000287,KH00001,SP003,1,19990000,0,1999000,30000,22019000
DH2021000321,KH00038,SP012,1,1590000,0,154000,25000,1721000
DH2021001951,KH00014,SP024,1,5490000,0,439000,30000,4861000
DH2021006492,KH00003,SP019,2,690000,0,110000,45000,1259000
DH2021006495,KH00038,SP002,1,18990000,0,1804000,28000,19872000
DH2021005038,KH00070,SP007,1,23990000,0,2111000,22000,23244000
DH2021006793,KH00002,SP015,1,7990000,0,799000,18000,8807000
DH2021008641,KH00001,SP018,3,390000,0,117000,45000,1332000
DH2021004797,KH00119,SP005,2,4990000,0,898000,22000,9902000
DH2021005604,KH00750,SP018,5,390000,0,189000,18000,2099000
DH2021005023,KH00001,SP016,1,11990000,0,1163000,22000,12815000
DH2021008726,KH00040,SP015,2,7990000,0,1358000,40000,14981000
DH2021008774,KH01723,SP007,5,23990000,0,11155000,40000,122749000
DH2021009519,KH00002,SP009,3,15990000,0,4653000,45000,51229000
DH2021005315,KH00001,SP012,4,1590000,0,636000,25000,7021000
DH2021005437,KH00006,SP002,1,18990000,0,1899000,30000,20919000
DH2021005494,KH00003,SP012,1,1590000,0,151000,22000,1683000
DH2021005570,KH00253,SP017,2,3290000,0,579000,28000,6397000
DH2021006120,KH00048,SP001,1,4590000,0,459000,28000,5077000
DH2021007045,KH00002,SP009,1,15990000,0,1599000,22000,17611000
DH2021003104,KH00001,SP017,2,3290000,0,526000,30000,5820000
DH2021004981,KH00305,SP017,3,3290000,0,918000,45000,10142000
DH2021005110,KH00001,SP005,1,4990000,0,474000,18000,5232000
DH2021006960,KH00001,SP005,1,4990000,0,439000,40000,4870000
DH2021007318,KH00213,SP001,3,4590000,0,1102000,22000,12140000
DH2021002130,KH00001,SP011,3,3990000,0,1197000,45000,13212000
DH2021000881,KH00012,SP010,2,12990000,0,2598000,35000,28613000
DH2021004800,KH00097,SP018,6,390000,0,234000,35000,2609000
DH2021007399,KH00003,SP009,1,15990000,0,1407000,40000,15518000
DH2021008190,KH00001,SP004,1,16990000,0,1495000,25000,16471000
DH2021001623,KH00001,SP013,4,990000,0,376000,28000,4166000
DH2021002002,KH00001,SP026,5,990000,0,421000,30000,4659000
DH2021002977,KH00039,SP009,1,15990000,0,1599000,40000,17629000
DH2021009527,KH00008,SP018,1,390000,0,36000,18000,417000
DH2021009744,KH00006,SP005,2,4990000,0,998000,40000,11018000
DH2021001222,KH00825,SP025,1,4290000,0,429000,28000,4747000
DH2021001646,KH00007,SP015,1,7990000,0,799000,22000,8811000
DH2021009774,KH00431,SP013,5,990000,0,495000,30000,5475000
DH2021003624,KH00436,SP024,1,5490000,0,532000,28000,5885000
DH2021003983,KH00197,SP021,2,350000,0,56000,28000,644000
DH2021004698,KH00001,SP008,1,13990000,0,1329000,35000,14654000
DH2021005565,KH00257,SP022,2,190000,0,32000,25000,380000
DH2021005885,KH00005,SP021,5,350000,0,158000,25000,1758000
DH2021006104,KH00098,SP013,2,990000,0,174000,18000,1934000
DH2021009318,KH00005,SP014,4,1190000,0,443000,25000,4895000
DH2021009829,KH00013,SP026,1,990000,0,99000,18000,1107000
DH2021000390,KH00003,SP006,1,7990000,0,799000,35000,8824000
DH2021000749,KH00105,SP013,2,990000,0,192000,28000,2141000
DH2021004933,KH00038,SP013,8,990000,0,634000,28000,6998000
DH2021000518,KH00001,SP004,1,16990000,0,1699000,35000,18724000
DH2021001331,KH00012,SP019,3,690000,0,166000,45000,1867000
DH2021004358,KH00038,SP012,1,1590000,0,159000,40000,1789000
DH2021006190,KH00360,SP006,3,7990000,0,2397000,30000,26397000
DH2021006287,KH00009,SP019,1,690000,0,69000,22000,781000
DH2021006892,KH00262,SP010,5,12990000,0,5521000,30000,60759000
DH2021009727,KH00013,SP006,1,7990000,0,719000,40000,7950000
DH2021008090,KH00009,SP002,3,18990000,0,5526000,28000,60815000
DH2021003412,KH00006,SP018,2,390000,0,70000,45000,817000
DH2021003786,KH00004,SP022,1,190000,0,17000,25000,209000
DH2021006876,KH00337,SP019,2,690000,0,128000,40000,1451000
DH2021009955,KH01960,SP003,2,19990000,0,3998000,18000,43996000
DH2021000369,KH00001,SP005,3,4990000,0,1452000,35000,16008000
DH2021000878,KH00002,SP020,1,1190000,0,119000,18000,1327000
DH2021002530,KH00012,SP013,1,990000,0,99000,45000,1134000
DH2021004103,KH00002,SP018,1,390000,0,39000,30000,459000
DH2021004591,KH00022,SP019,1,690000,0,69000,25000,784000
DH2021006357,KH00001,SP016,1,11990000,0,1199000,25000,13214000
DH2021007608,KH00094,SP007,5,23990000,0,11635000,25000,128012000
DH2021007984,KH00011,SP026,1,990000,0,89000,25000,1005000
DH2021000352,KH00065,SP019,2,690000,0,128000,22000,1433000
DH2021001746,KH00127,SP014,2,1190000,0,231000,28000,2568000
DH2021003289,KH00049,SP023,2,5990000,0,1198000,35000,13213000
DH2021003839,KH00020,SP005,1,4990000,0,499000,40000,5529000
DH2021004077,KH00030,SP021,1,350000,0,33000,25000,390000
DH2021005402,KH00015,SP023,2,5990000,0,1162000,35000,12818000
DH2021006599,KH00250,SP021,1,350000,0,35000,18000,403000
DH2021006874,KH00006,SP009,1,15990000,0,1279000,25000,14096000
DH2021009990,KH00004,SP001,4,4590000,0,1744000,30000,19216000
DH2021000062,KH00098,SP014,2,1190000,0,190000,40000,2134000
DH2021000374,KH00004,SP009,1,15990000,0,1551000,25000,17086000
DH2021002456,KH00003,SP007,1,23990000,0,2039000,18000,22449000
DH2021006831,KH00008,SP005,1,4990000,0,464000,28000,5133000
DH2021007097,KH00001,SP016,1,11990000,0,1139000,40000,12569000
DH2021009569,KH00010,SP008,5,13990000,0,6645000,30000,73127000
DH2021001243,KH00002,SP008,1,13990000,0,1119000,18000,12329000
DH2021001454,KH00001,SP022,1,190000,0,18000,30000,228000
DH2021002863,KH00001,SP005,1,4990000,0,499000,28000,5517000
DH2021004493,KH00002,SP011,1,3990000,0,371000,40000,4122000
DH2021004969,KH00008,SP023,8,5990000,0,4217000,35000,46422000
DH2021005673,KH00019,SP002,2,18990000,0,3038000,45000,33467000
DH2021007053,KH01499,SP004,2,16990000,0,3398000,28000,37406000
DH2021009380,KH00005,SP022,1,190000,0,19000,22000,231000
DH2021000199,KH00001,SP024,2,5490000,0,1065000,28000,11744000
DH2021000734,KH00012,SP004,3,16990000,0,4078000,18000,44872000
DH2021001158,KH00003,SP005,1,4990000,0,439000,22000,4852000
DH2021002614,KH00264,SP019,1,690000,0,69000,28000,787000
DH2021004336,KH00001,SP024,1,5490000,0,549000,22000,6061000
DH2021005274,KH00088,SP003,1,19990000,0,1759000,28000,19378000
DH2021006581,KH00004,SP022,1,190000,0,18000,35000,233000
DH2021008804,KH00001,SP024,1,5490000,0,511000,18000,5635000
DH2021001668,KH00001,SP023,5,5990000,0,2995000,18000,32963000
DH2021002061,KH00010,SP008,4,13990000,0,5036000,45000,55445000
DH2021006073,KH00017,SP011,1,3990000,0,399000,40000,4429000
DH2021006551,KH00016,SP014,6,1190000,0,714000,18000,7872000
DH2021008648,KH00042,SP013,2,990000,0,168000,35000,1886000
DH2021000538,KH00008,SP014,1,1190000,0,101000,35000,1148000
DH2021001046,KH00023,SP025,1,4290000,0,386000,30000,4277000
DH2021002507,KH00003,SP001,1,4590000,0,413000,25000,4569000
DH2021003499,KH00016,SP006,1,7990000,0,639000,28000,7059000
DH2021008440,KH00001,SP024,3,5490000,0,1532000,22000,16871000
DH2021001219,KH00002,SP021,3,350000,0,89000,45000,1026000
DH2021001442,KH00551,SP004,4,16990000,0,5437000,30000,59835000
DH2021001872,KH00037,SP014,4,1190000,0,452000,45000,5019000
DH2021002206,KH00160,SP002,8,18990000,0,12913000,30000,142075000
DH2021006737,KH00001,SP019,2,690000,0,134000,25000,1498000
DH2021008447,KH00059,SP006,5,7990000,0,3875000,45000,42672000
DH2021005420,KH00002,SP012,2,1590000,0,302000,30000,3353000
DH2021006722,KH00001,SP001,1,4590000,0,367000,45000,4084000
DH2021007322,KH00111,SP014,8,1190000,0,952000,40000,10512000
DH2021008620,KH00003,SP007,5,23990000,0,10196000,22000,112176000
DH2021004204,KH00009,SP022,2,190000,0,34000,35000,411000
DH2021004824,KH00016,SP017,3,3290000,0,869000,22000,9577000
DH2021008611,KH00216,SP014,1,1190000,0,115000,28000,1297000
DH2021008658,KH00006,SP025,1,4290000,0,386000,18000,4265000
DH2021009437,KH00001,SP012,8,1590000,0,1018000,25000,11219000
DH2021006938,KH00161,SP010,2,12990000,0,2520000,28000,27749000
DH2021000619,KH00010,SP012,3,1590000,0,382000,22000,4220000
DH2021000751,KH00005,SP006,1,7990000,0,799000,35000,8824000
DH2021001783,KH00001,SP022,2,190000,0,34000,25000,401000
DH2021003542,KH00001,SP022,1,190000,0,17000,28000,216000
DH2021005117,KH00001,SP021,4,350000,0,140000,28000,1568000
DH2021005376,KH00012,SP002,2,18990000,0,3038000,18000,33440000
DH2021006803,KH00002,SP023,2,5990000,0,1018000,40000,11241000
DH2021002133,KH00011,SP009,2,15990000,0,3198000,22000,35200000
DH2021002770,KH00020,SP010,1,12990000,0,1208000,22000,13311000
DH2021004068,KH00015,SP015,1,7990000,0,759000,22000,8371000
DH2021007560,KH00014,SP023,8,5990000,0,4552000,45000,50121000
DH2021007829,KH00005,SP013,3,990000,0,288000,25000,3194000
DH2021009258,KH00040,SP012,1,1590000,0,135000,40000,1527000
DH2021001060,KH00008,SP014,8,1190000,0,857000,25000,9450000
DH2021001109,KH00047,SP017,4,3290000,0,1053000,40000,11621000
DH2021001981,KH00001,SP019,2,690000,0,138000,45000,1563000
DH2021003090,KH00002,SP007,2,23990000,0,4798000,30000,52808000
DH2021008678,KH00213,SP024,1,5490000,0,494000,30000,5465000
DH2021003009,KH00018,SP019,1,690000,0,69000,22000,781000
DH2021006253,KH00517,SP023,1,5990000,0,599000,28000,6617000
DH2021007596,KH02123,SP002,2,18990000,0,3798000,30000,41808000
DH2021000391,KH00008,SP023,1,5990000,0,557000,40000,6168000
DH2021001937,KH00001,SP015,1,7990000,0,743000,18000,8192000
DH2021004445,KH00012,SP016,1,11990000,0,1055000,18000,11624000
DH2021005370,KH00002,SP021,2,350000,0,63000,25000,718000
DH2021007847,KH01654,SP008,1,13990000,0,1399000,45000,15434000
DH2021008713,KH00245,SP003,4,19990000,0,7436000,18000,81817000
DH2021008741,KH00001,SP025,6,4290000,0,2317000,35000,25518000
DH2021000627,KH00001,SP011,1,3990000,0,399000,40000,4429000
DH2021004993,KH00001,SP001,3,4590000,0,1212000,35000,13365000
DH2021006713,KH00007,SP010,1,12990000,0,1208000,28000,13317000
DH2021008749,KH02051,SP014,1,1190000,0,95000,18000,1065000
DH2021002537,KH00024,SP014,1,1190000,0,107000,22000,1200000
DH2021004458,KH00004,SP017,1,3290000,0,329000,25000,3644000
DH2021005010,KH00010,SP002,1,18990000,0,1614000,18000,17774000
DH2021000472,KH00006,SP015,1,7990000,0,759000,18000,8367000
DH2021002737,KH00019,SP014,5,1190000,0,577000,25000,6374000
DH2021009269,KH00005,SP008,5,13990000,0,6296000,28000,69279000
DH2021000484,KH00002,SP010,4,12990000,0,4676000,22000,51462000
DH2021001430,KH00001,SP013,2,990000,0,168000,28000,1879000
DH2021003810,KH00087,SP019,1,690000,0,62000,18000,701000
DH2021005432,KH00002,SP001,5,4590000,0,1836000,25000,20221000
DH2021007780,KH00118,SP009,1,15990000,0,1407000,25000,15503000
DH2021008532,KH00001,SP013,1,990000,0,87000,35000,993000
DH2021009666,KH00140,SP002,2,18990000,0,3608000,30000,39719000
DH2021003278,KH00386,SP011,2,3990000,0,798000,45000,8823000
DH2021003728,KH00004,SP020,3,1190000,0,339000,18000,3749000
DH2021004278,KH00040,SP008,2,13990000,0,2462000,30000,27114000
DH2021002109,KH00003,SP005,5,4990000,0,2495000,35000,27480000
DH2021003378,KH00016,SP008,2,13990000,0,2378000,22000,26183000
DH2021003794,KH00040,SP015,3,7990000,0,2397000,35000,26402000
DH2021006826,KH01076,SP018,1,390000,0,39000,25000,454000
DH2021006877,KH00001,SP006,3,7990000,0,2325000,40000,25616000
DH2021007743,KH00008,SP017,2,3290000,0,559000,18000,6170000
DH2021001494,KH00005,SP026,2,990000,0,192000,45000,2158000
DH2021002638,KH00001,SP007,2,23990000,0,4318000,30000,47530000
DH2021003332,KH00001,SP021,1,350000,0,35000,35000,420000
DH2021006147,KH00001,SP014,1,1190000,0,119000,30000,1339000
DH2021008649,KH00003,SP020,8,1190000,0,904000,25000,9973000
DH2021003080,KH00301,SP010,3,12990000,0,3897000,40000,42907000
DH2021004244,KH00421,SP015,8,7990000,0,6392000,40000,70352000
DH2021000426,KH00002,SP016,4,11990000,0,4316000,30000,47510000
DH2021001784,KH00005,SP019,3,690000,0,207000,28000,2305000
DH2021005921,KH00073,SP025,1,4290000,0,386000,25000,4272000
DH2021006224,KH00015,SP014,1,1190000,0,119000,40000,1349000
DH2021006625,KH00182,SP017,1,3290000,0,329000,18000,3637000
DH2021006637,KH00103,SP005,3,4990000,0,1422000,40000,15684000
DH2021007620,KH00001,SP007,1,23990000,0,1919000,28000,21139000
DH2021009496,KH00001,SP001,2,4590000,0,918000,35000,10133000
DH2021000015,KH00005,SP016,2,11990000,0,2158000,35000,23775000
DH2021000769,KH00043,SP016,1,11990000,0,1079000,40000,11910000
DH2021002457,KH00002,SP020,8,1190000,0,809000,30000,8931000
DH2021008474,KH00106,SP013,1,990000,0,84000,25000,951000
DH2021002952,KH00033,SP004,2,16990000,0,2990000,30000,32922000
DH2021004864,KH00012,SP006,1,7990000,0,703000,18000,7752000
DH2021006327,KH00004,SP009,3,15990000,0,4461000,45000,49118000
DH2021006569,KH00002,SP010,1,12990000,0,1299000,45000,14334000
DH2021004772,KH00003,SP013,6,990000,0,523000,35000,5785000
DH2021005216,KH00010,SP008,1,13990000,0,1119000,40000,12351000
DH2021007712,KH00003,SP012,1,1590000,0,135000,25000,1512000
DH2021008185,KH00028,SP011,8,3990000,0,3192000,18000,35130000
DH2021001648,KH00001,SP014,1,1190000,0,113000,18000,1261000
DH2021002621,KH00001,SP017,1,3290000,0,280000,28000,3104000
DH2021004530,KH00006,SP016,1,11990000,0,1199000,45000,13234000
DH2021005106,KH00003,SP013,1,990000,0,99000,18000,1107000
DH2021006004,KH00013,SP009,1,15990000,0,1407000,25000,15503000
DH2021006983,KH00218,SP011,1,3990000,0,399000,35000,4424000
DH2021009142,KH00002,SP018,1,390000,0,39000,45000,474000
DH2021009468,KH00100,SP007,2,23990000,0,4462000,22000,49105000
DH2021000990,KH00010,SP002,1,18990000,0,1899000,22000,20911000
DH2021001050,KH00083,SP013,2,990000,0,198000,30000,2208000
DH2021007276,KH00329,SP016,1,11990000,0,1199000,30000,13219000
DH2021007679,KH00142,SP003,1,19990000,0,1939000,22000,21351000
DH2021001225,KH00006,SP017,8,3290000,0,2316000,22000,25500000
DH2021002017,KH00022,SP010,5,12990000,0,6170000,18000,67890000
DH2021002137,KH00005,SP016,2,11990000,0,2398000,28000,26406000
DH2021003876,KH00007,SP005,5,4990000,0,2370000,30000,26102000
DH2021004908,KH00153,SP014,4,1190000,0,419000,28000,4636000
DH2021005225,KH00006,SP023,1,5990000,0,479000,22000,5293000
DH2021006460,KH00048,SP022,8,190000,0,152000,40000,1712000
DH2021008471,KH00002,SP013,2,990000,0,158000,18000,1760000
DH2021008959,KH00014,SP008,2,13990000,0,2602000,18000,28641000
DH2021000704,KH00007,SP008,1,13990000,0,1329000,35000,14654000
DH2021003001,KH00007,SP002,2,18990000,0,3684000,45000,40570000
DH2021004951,KH00020,SP025,8,4290000,0,3260000,18000,35882000
DH2021005092,KH00003,SP005,1,4990000,0,474000,18000,5232000
DH2021005452,KH00037,SP022,1,190000,0,19000,30000,239000
DH2021005663,KH00001,SP005,1,4990000,0,484000,28000,5352000
DH2021007237,KH00001,SP011,2,3990000,0,638000,18000,7040000
DH2021009637,KH00007,SP017,1,3290000,0,319000,35000,3545000
DH2021000431,KH00027,SP001,2,4590000,0,808000,28000,8914000
DH2021003532,KH00001,SP014,8,1190000,0,762000,18000,8396000
DH2021008289,KH00059,SP024,1,5490000,0,511000,30000,5647000
DH2021002966,KH00001,SP021,1,350000,0,32000,35000,392000
DH2021003943,KH00002,SP013,1,990000,0,89000,40000,1020000
DH2021005959,KH00284,SP010,1,12990000,0,1299000,28000,14317000
DH2021008100,KH00740,SP018,2,390000,0,76000,18000,851000
DH2021008919,KH00005,SP025,4,4290000,0,1459000,18000,16063000
DH2021001609,KH00067,SP008,1,13990000,0,1399000,28000,15417000
DH2021002233,KH00002,SP016,1,11990000,0,959000,28000,10579000
DH2021002347,KH00009,SP022,2,190000,0,32000,28000,383000
DH2021002843,KH01522,SP008,8,13990000,0,10856000,18000,119436000
DH2021002913,KH00011,SP016,1,11990000,0,1199000,28000,13217000
DH2021003791,KH00003,SP006,8,7990000,0,6392000,18000,70330000
DH2021004882,KH00001,SP004,10,16990000,0,15801000,25000,173833000
DH2021005985,KH00007,SP001,1,4590000,0,390000,28000,4320000
DH2021000933,KH00004,SP025,1,4290000,0,378000,22000,4175000
DH2021005012,KH00222,SP010,2,12990000,0,2598000,22000,28600000
DH2021006368,KH00001,SP018,1,390000,0,31000,30000,373000
DH2021009128,KH00002,SP001,1,4590000,0,459000,25000,5074000
DH2021000890,KH00001,SP015,1,7990000,0,719000,30000,7940000
DH2021001268,KH00001,SP006,4,7990000,0,2812000,22000,30959000
DH2021003537,KH01047,SP013,2,990000,0,198000,40000,2218000
DH2021002846,KH00001,SP010,6,12990000,0,7560000,22000,83184000
DH2021006053,KH00054,SP024,3,5490000,0,1482000,18000,16323000
DH2021006330,KH00001,SP013,2,990000,0,168000,40000,1891000
DH2021007572,KH02197,SP009,2,15990000,0,3198000,30000,35208000
DH2021008644,KH00580,SP025,2,4290000,0,858000,25000,9463000
DH2021009737,KH00006,SP009,1,15990000,0,1551000,28000,17089000
DH2021004160,KH00009,SP023,2,5990000,0,1198000,40000,13218000
DH2021008651,KH00001,SP017,1,3290000,0,290000,35000,3220000
DH2021008987,KH00006,SP021,4,350000,0,140000,22000,1562000
DH2021003319,KH00011,SP007,8,23990000,0,16889000,18000,185797000
DH2021000166,KH00014,SP009,4,15990000,0,5437000,28000,59831000
DH2021003429,KH00116,SP009,1,15990000,0,1551000,25000,17086000
DH2021005369,KH00012,SP013,3,990000,0,276000,18000,3056000
DH2021006570,KH00015,SP010,1,12990000,0,1299000,25000,14314000
DH2021009078,KH00003,SP012,4,1590000,0,636000,22000,7018000
DH2021009374,KH00007,SP025,4,4290000,0,1544000,18000,17006000
DH2021009538,KH00005,SP025,4,4290000,0,1459000,40000,16085000
DH2021009835,KH00001,SP014,4,1190000,0,428000,22000,4734000
DH2021003321,KH00017,SP016,1,11990000,0,1019000,30000,11241000
DH2021004398,KH00112,SP021,4,350000,0,130000,35000,1467000
DH2021004871,KH00006,SP013,8,990000,0,713000,28000,7869000
DH2021005546,KH00291,SP001,1,4590000,0,367000,40000,4079000
DH2021005659,KH01004,SP009,1,15990000,0,1519000,25000,16734000
DH2021000497,KH00002,SP001,2,4590000,0,872000,45000,9638000
DH2021001798,KH00026,SP021,8,350000,0,238000,40000,2658000
DH2021005508,KH00002,SP026,2,990000,0,184000,22000,2047000
DH2021005559,KH00002,SP004,1,16990000,0,1699000,28000,18717000
DH2021003447,KH00046,SP013,3,990000,0,297000,25000,3292000
DH2021004553,KH00001,SP016,1,11990000,0,1019000,18000,11229000
DH2021006437,KH00067,SP015,1,7990000,0,759000,28000,8377000
DH2021002459,KH00166,SP001,6,4590000,0,2424000,25000,26684000
DH2021003792,KH00115,SP026,1,990000,0,92000,45000,1058000
DH2021004777,KH00004,SP011,1,3990000,0,379000,40000,4209000
DH2021006226,KH00056,SP001,1,4590000,0,367000,35000,4074000
DH2021007205,KH01381,SP013,1,990000,0,92000,35000,1048000
DH2021007892,KH00005,SP011,3,3990000,0,1017000,25000,11216000
DH2021009986,KH01906,SP019,1,690000,0,67000,28000,764000
DH2021002806,KH00005,SP001,1,4590000,0,436000,28000,4824000
DH2021003149,KH00003,SP012,1,1590000,0,127000,30000,1429000
DH2021003571,KH00017,SP022,4,190000,0,76000,28000,864000
DH2021006116,KH00001,SP007,6,23990000,0,12955000,25000,142526000
DH2021007368,KH00001,SP024,8,5490000,0,4392000,35000,48347000
DH2021008362,KH00058,SP003,4,19990000,0,7596000,25000,83583000
DH2021000233,KH00001,SP007,5,23990000,0,11155000,35000,122744000
DH2021000420,KH00024,SP010,1,12990000,0,1143000,18000,12592000
DH2021000810,KH00001,SP019,1,690000,0,59000,45000,690000
DH2021001123,KH00001,SP007,2,23990000,0,4222000,30000,46474000
DH2021002320,KH00003,SP012,2,1590000,0,308000,22000,3415000
DH2021004554,KH00622,SP025,1,4290000,0,399000,35000,4424000
DH2021007750,KH00038,SP003,4,19990000,0,7596000,45000,83603000
DH2021000109,KH00805,SP018,1,390000,0,34000,25000,402000
DH2021006761,KH00001,SP018,1,390000,0,34000,25000,402000
DH2021009659,KH00086,SP018,1,390000,0,39000,18000,447000
DH2021002584,KH00004,SP005,2,4990000,0,798000,30000,8812000
DH2021003600,KH00003,SP025,1,4290000,0,386000,28000,4275000
DH2021005377,KH00008,SP010,3,12990000,0,3312000,45000,36481000
DH2021005927,KH00001,SP004,1,16990000,0,1359000,22000,14973000
DH2021006832,KH00002,SP001,2,4590000,0,734000,25000,8103000
DH2021000337,KH00005,SP021,1,350000,0,28000,30000,338000
DH2021000645,KH00007,SP015,1,7990000,0,639000,28000,7059000
DH2021000907,KH00002,SP007,1,23990000,0,2231000,25000,24567000
DH2021001732,KH00004,SP025,2,4290000,0,815000,35000,9001000
DH2021000041,KH00001,SP005,1,4990000,0,499000,25000,5514000
DH2021002671,KH00539,SP012,2,1590000,0,254000,40000,2838000
DH2021002980,KH00001,SP015,1,7990000,0,639000,30000,7061000
DH2021007953,KH00001,SP009,2,15990000,0,3198000,30000,35208000
DH2021009330,KH00467,SP001,1,4590000,0,404000,40000,4483000
DH2021009971,KH00030,SP006,1,7990000,0,799000,40000,8829000
DH2021001961,KH00001,SP007,4,23990000,0,9308000,45000,102434000
DH2021002451,KH00002,SP013,1,990000,0,84000,18000,944000
DH2021003416,KH00001,SP026,2,990000,0,192000,22000,2135000
DH2021003610,KH00008,SP011,2,3990000,0,798000,35000,8813000
DH2021005491,KH00001,SP007,5,23990000,0,9596000,22000,105578000
DH2021006721,KH00010,SP017,1,3290000,0,290000,40000,3225000
DH2021007798,KH01014,SP021,4,350000,0,126000,35000,1421000
DH2021009303,KH00074,SP019,3,690000,0,197000,40000,2203000
DH2021009891,KH00001,SP011,6,3990000,0,2394000,18000,26352000
DH2021000980,KH00004,SP015,2,7990000,0,1438000,18000,15838000
DH2021005848,KH00043,SP003,1,19990000,0,1699000,30000,18721000
DH2021007238,KH00008,SP023,2,5990000,0,1114000,25000,12280000
DH2021001153,KH00052,SP003,1,19990000,0,1799000,18000,19808000
DH2021003205,KH02406,SP012,6,1590000,0,840000,22000,9257000
DH2021007114,KH00003,SP014,2,1190000,0,214000,40000,2396000
DH2021008136,KH00002,SP025,1,4290000,0,408000,18000,4502000
DH2021002120,KH00001,SP024,2,5490000,0,1098000,18000,12096000
DH2021005542,KH00005,SP007,4,23990000,0,8444000,30000,92919000
DH2021006411,KH00004,SP026,1,990000,0,99000,40000,1129000
DH2021006491,KH01830,SP013,1,990000,0,89000,22000,1002000
DH2021002536,KH00006,SP004,3,16990000,0,5097000,28000,56095000
DH2021002892,KH00004,SP012,1,1590000,0,140000,35000,1574000
DH2021003554,KH01428,SP026,6,990000,0,552000,28000,6104000
DH2021007568,KH00003,SP024,1,5490000,0,549000,30000,6069000
DH2021009045,KH00001,SP014,3,1190000,0,357000,28000,3955000
DH2021009888,KH00001,SP023,1,5990000,0,599000,25000,6614000
DH2021009945,KH01677,SP001,1,4590000,0,427000,28000,4724000
DH2021004210,KH00160,SP017,2,3290000,0,559000,22000,6174000
DH2021005069,KH00001,SP018,4,390000,0,156000,40000,1756000
DH2021009369,KH00001,SP003,1,19990000,0,1999000,18000,22007000
DH2021001714,KH00004,SP005,2,4990000,0,948000,45000,10474000
DH2021002019,KH01288,SP026,1,990000,0,89000,28000,1008000
DH2021003507,KH00056,SP006,5,7990000,0,3516000,28000,38700000
DH2021004646,KH00502,SP012,2,1590000,0,318000,25000,3523000
DH2021005001,KH02365,SP019,6,690000,0,393000,25000,4351000
DH2021006093,KH00078,SP015,2,7990000,0,1278000,25000,14087000
DH2021000113,KH00090,SP013,1,990000,0,99000,40000,1129000
DH2021001346,KH00089,SP012,1,1590000,0,127000,28000,1427000
DH2021003784,KH00022,SP002,1,18990000,0,1766000,40000,19467000
DH2021003988,KH00023,SP020,8,1190000,0,952000,18000,10490000
DH2021004260,KH00003,SP016,1,11990000,0,1199000,35000,13224000
DH2021008600,KH00003,SP004,2,16990000,0,2718000,28000,29930000
DH2021001011,KH00004,SP011,1,3990000,0,387000,45000,4302000
DH2021002090,KH00001,SP005,1,4990000,0,464000,28000,5133000
DH2021003438,KH00002,SP016,3,11990000,0,3417000,30000,37619000
DH2021005173,KH00192,SP002,3,18990000,0,4558000,30000,50164000
DH2021007171,KH00151,SP016,1,11990000,0,1199000,28000,13217000
DH2021007469,KH00021,SP022,2,190000,0,32000,22000,377000
DH2021007974,KH00015,SP015,1,7990000,0,759000,25000,8374000
DH2021008302,KH00002,SP008,1,13990000,0,1231000,45000,13587000
DH2021005171,KH00094,SP012,3,1590000,0,477000,35000,5282000
DH2021003662,KH00006,SP013,1,990000,0,96000,40000,1096000
DH2021004079,KH00006,SP004,1,16990000,0,1648000,45000,18173000
DH2021004890,KH00001,SP004,3,16990000,0,4944000,25000,54410000
DH2021007811,KH00003,SP019,1,690000,0,59000,30000,675000
DH2021009676,KH01049,SP009,2,15990000,0,3102000,35000,34158000
DH2021002468,KH00004,SP019,1,690000,0,55000,18000,625000
DH2021003559,KH00969,SP019,3,690000,0,192000,28000,2145000
DH2021004612,KH00005,SP006,8,7990000,0,5753000,40000,63321000
DH2021005486,KH00005,SP016,1,11990000,0,959000,28000,10579000
DH2021006830,KH00001,SP009,1,15990000,0,1487000,18000,16376000
DH2021000042,KH00003,SP012,3,1590000,0,477000,30000,5277000
DH2021000654,KH00062,SP016,2,11990000,0,2230000,18000,24549000
DH2021004356,KH00001,SP009,1,15990000,0,1519000,35000,16744000
DH2021008023,KH00001,SP018,1,390000,0,39000,22000,451000
DH2021002992,KH00006,SP024,1,5490000,0,532000,28000,5885000
DH2021005189,KH00001,SP018,4,390000,0,156000,45000,1761000
DH2021009933,KH00036,SP024,6,5490000,0,2635000,25000,29012000
DH2022000248,KH00088,SP015,2,7990000,0,1550000,30000,17081000
DH2022000334,KH00001,SP001,1,4590000,0,445000,28000,4925000
DH2022000835,KH00002,SP018,3,390000,0,117000,18000,1305000
DH2022000956,KH01343,SP003,2,19990000,0,3198000,28000,35210000
DH2022002793,KH00001,SP003,5,19990000,0,9495000,18000,104465000
DH2022003984,KH00001,SP012,4,1590000,0,604000,45000,6691000
DH2022004239,KH00001,SP024,1,5490000,0,549000,35000,6074000
DH2022004982,KH00021,SP024,1,5490000,0,522000,45000,5783000
DH2022005034,KH00001,SP012,4,1590000,0,636000,30000,7026000
DH2022005951,KH00005,SP016,1,11990000,0,1199000,30000,13219000
DH2022006747,KH00054,SP004,3,16990000,0,4078000,22000,44876000
DH2022007509,KH00001,SP011,1,3990000,0,387000,18000,4275000
DH2022009074,KH00001,SP013,1,990000,0,87000,22000,980000
DH2022009431,KH00001,SP007,3,23990000,0,7197000,28000,79195000
DH2022000029,KH00008,SP012,8,1590000,0,1183000,30000,13043000
DH2022004957,KH00159,SP011,1,3990000,0,371000,22000,4104000
DH2022005030,KH00004,SP006,2,7990000,0,1598000,22000,17600000
DH2022005797,KH00001,SP015,1,7990000,0,703000,18000,7752000
DH2022009405,KH00011,SP014,2,1190000,0,221000,25000,2459000
DH2022000965,KH00003,SP024,1,5490000,0,511000,18000,5635000
DH2022001688,KH00002,SP015,1,7990000,0,799000,35000,8824000
DH2022003062,KH00006,SP024,1,5490000,0,467000,28000,5161000
DH2022005291,KH00003,SP004,1,16990000,0,1648000,35000,18163000
DH2022005931,KH00030,SP005,1,4990000,0,484000,28000,5352000
DH2022006585,KH00013,SP024,1,5490000,0,549000,40000,6079000
DH2022009922,KH00002,SP019,1,690000,0,66000,35000,757000
DH2022000012,KH00196,SP005,1,4990000,0,499000,28000,5517000
DH2022001425,KH00004,SP015,2,7990000,0,1438000,40000,15860000
DH2022001704,KH00110,SP024,1,5490000,0,532000,28000,5885000
DH2022002225,KH00001,SP017,2,3290000,0,526000,40000,5830000
DH2022002987,KH00004,SP001,2,4590000,0,780000,25000,8608000
DH2022008370,KH00002,SP018,1,390000,0,38000,45000,461000
DH2022000064,KH00001,SP025,3,4290000,0,1094000,18000,12052000
DH2022000201,KH00001,SP020,1,1190000,0,119000,22000,1331000
DH2022002656,KH00001,SP001,4,4590000,0,1836000,18000,20214000
DH2022003687,KH00018,SP011,1,3990000,0,399000,18000,4407000
DH2022003942,KH00312,SP014,1,1190000,0,105000,18000,1170000
DH2022006817,KH00939,SP005,2,4990000,0,848000,45000,9376000
DH2022001224,KH00003,SP002,2,18990000,0,3228000,25000,35536000
DH2022001431,KH00021,SP014,2,1190000,0,202000,40000,2265000
DH2022004768,KH00054,SP005,5,4990000,0,2495000,28000,27473000
DH2022005263,KH00003,SP003,2,19990000,0,3998000,22000,44000000
DH2022007586,KH00001,SP003,1,19990000,0,1939000,22000,21351000
DH2022003701,KH00021,SP006,3,7990000,0,2229000,35000,24556000
DH2022004914,KH00001,SP013,8,990000,0,792000,30000,8742000
DH2022008382,KH00001,SP025,2,4290000,0,686000,25000,7575000
DH2022009400,KH01417,SP019,6,690000,0,385000,22000,4257000
DH2022000532,KH01164,SP001,1,4590000,0,404000,28000,4471000
DH2022000901,KH00002,SP011,2,3990000,0,678000,45000,7506000
DH2022002321,KH00001,SP013,5,990000,0,460000,30000,5093000
DH2022005592,KH00001,SP020,3,1190000,0,357000,28000,3955000
DH2022007675,KH00004,SP012,1,1590000,0,135000,22000,1509000
DH2022009832,KH00246,SP022,1,190000,0,18000,18000,216000
DH2022000902,KH00006,SP005,1,4990000,0,464000,25000,5130000
DH2022007336,KH00096,SP025,1,4290000,0,416000,22000,4599000
DH2022007530,KH00003,SP005,1,4990000,0,464000,25000,5130000
DH2022009463,KH00003,SP014,4,1190000,0,476000,40000,5276000
DH2022009622,KH00004,SP001,1,4590000,0,390000,40000,4332000
DH2022009822,KH00004,SP024,1,5490000,0,549000,28000,6067000
DH2022009913,KH00003,SP008,2,13990000,0,2658000,18000,29257000
DH2022000146,KH00001,SP016,1,11990000,0,1019000,35000,11246000
DH2022001845,KH00028,SP020,3,1190000,0,321000,22000,3556000
DH2022004758,KH00001,SP020,1,1190000,0,105000,45000,1197000
DH2022005807,KH00001,SP009,3,15990000,0,4797000,30000,52797000
DH2022006827,KH00013,SP018,6,390000,0,234000,35000,2609000
DH2022006999,KH00001,SP020,3,1190000,0,357000,30000,3957000
DH2022007587,KH00003,SP023,5,5990000,0,2396000,18000,26374000
DH2022008300,KH00014,SP014,2,1190000,0,214000,30000,2386000
DH2022002195,KH00011,SP008,2,13990000,0,2238000,30000,24652000
DH2022002517,KH00215,SP008,1,13990000,0,1329000,25000,14644000
DH2022005716,KH00013,SP017,1,3290000,0,290000,28000,3213000
DH2022008811,KH00001,SP025,3,4290000,0,1287000,25000,14182000
DH2022004424,KH00001,SP011,1,3990000,0,399000,35000,4424000
DH2022006751,KH00323,SP009,1,15990000,0,1599000,28000,17617000
DH2022007335,KH00001,SP024,6,5490000,0,3129000,40000,34462000
DH2022008110,KH00014,SP006,2,7990000,0,1438000,45000,15865000
DH2022000900,KH00151,SP026,3,990000,0,261000,45000,2920000
DH2022001987,KH00001,SP022,1,190000,0,19000,35000,244000
DH2022002725,KH02513,SP017,1,3290000,0,296000,30000,3287000
DH2022006649,KH00008,SP005,1,4990000,0,484000,45000,5369000
DH2022008926,KH00390,SP011,2,3990000,0,798000,45000,8823000
DH2022000647,KH00001,SP026,2,990000,0,184000,40000,2065000
DH2022002214,KH00001,SP002,1,18990000,0,1842000,18000,20280000
DH2022004545,KH00007,SP019,10,690000,0,669000,35000,7397000
DH2022009433,KH00001,SP016,6,11990000,0,6115000,40000,67304000
DH2022009870,KH00341,SP019,1,690000,0,67000,25000,761000
DH2022003239,KH00004,SP025,3,4290000,0,1223000,35000,13484000
DH2022003581,KH00001,SP025,8,4290000,0,3329000,30000,36649000
DH2022004024,KH00017,SP009,3,15990000,0,4461000,30000,49103000
DH2022004235,KH00323,SP002,1,18990000,0,1766000,22000,19449000
DH2022008534,KH00002,SP022,2,190000,0,38000,25000,443000
DH2022008665,KH00011,SP025,1,4290000,0,386000,30000,4277000
DH2022007846,KH00014,SP006,1,7990000,0,719000,28000,7938000
DH2022008646,KH00005,SP012,3,1590000,0,444000,18000,4898000
DH2022002448,KH00457,SP022,2,190000,0,38000,45000,463000
DH2022004295,KH00044,SP006,4,7990000,0,3036000,22000,33420000
DH2022004602,KH00790,SP002,2,18990000,0,3798000,45000,41823000
DH2022000045,KH00003,SP025,1,4290000,0,429000,45000,4764000
DH2022002085,KH00001,SP016,3,11990000,0,3057000,25000,33656000
DH2022003727,KH02387,SP020,3,1190000,0,321000,45000,3579000
DH2022004276,KH00001,SP002,3,18990000,0,4558000,25000,50159000
DH2022004650,KH00129,SP013,6,990000,0,523000,45000,5795000
DH2022000356,KH00002,SP009,1,15990000,0,1359000,28000,14979000
DH2022000380,KH00001,SP019,2,690000,0,131000,45000,1487000
DH2022000914,KH00603,SP005,3,4990000,0,1198000,28000,13202000
DH2022001008,KH00002,SP002,3,18990000,0,4842000,35000,53301000
DH2022004142,KH00354,SP017,2,3290000,0,658000,18000,7256000
DH2022007550,KH00001,SP018,4,390000,0,140000,35000,1579000
DH2022008176,KH00003,SP018,2,390000,0,62000,18000,704000
DH2022000929,KH00003,SP019,1,690000,0,69000,35000,794000
DH2022001019,KH00001,SP026,2,990000,0,184000,25000,2050000
DH2022009036,KH00001,SP007,2,23990000,0,4222000,25000,46469000
DH2022009629,KH00015,SP010,1,12990000,0,1169000,30000,12890000
DH2022001082,KH00028,SP024,1,5490000,0,467000,45000,5178000
DH2022001814,KH00006,SP004,1,16990000,0,1529000,18000,16838000
DH2022006239,KH00005,SP006,2,7990000,0,1598000,25000,17603000
DH2022003181,KH00002,SP012,1,1590000,0,159000,30000,1779000
DH2022003675,KH00004,SP024,2,5490000,0,1098000,35000,12113000
DH2022006425,KH00056,SP012,1,1590000,0,135000,22000,1509000
DH2022008131,KH00003,SP024,1,5490000,0,549000,28000,6067000
DH2022009329,KH00001,SP006,3,7990000,0,2397000,35000,26402000
DH2022000004,KH00002,SP012,2,1590000,0,296000,30000,3283000
DH2022003020,KH00004,SP021,1,350000,0,35000,28000,413000
DH2022006977,KH00013,SP009,6,15990000,0,9594000,25000,105559000
DH2022000083,KH00186,SP011,2,3990000,0,798000,25000,8803000
DH2022000151,KH00005,SP012,5,1590000,0,700000,40000,7736000
DH2022000353,KH00011,SP016,1,11990000,0,959000,40000,10591000
DH2022002799,KH00099,SP008,8,13990000,0,9513000,18000,104663000
DH2022007377,KH00006,SP023,3,5990000,0,1797000,22000,19789000
DH2022009447,KH00019,SP005,1,4990000,0,424000,40000,4706000
DH2022007078,KH00002,SP019,1,690000,0,61000,18000,686000
DH2022007199,KH00006,SP018,6,390000,0,227000,28000,2525000
DH2022000119,KH00002,SP020,3,1190000,0,346000,35000,3844000
DH2022004710,KH00001,SP013,2,990000,0,178000,18000,1978000
DH2022004737,KH00122,SP003,1,19990000,0,1999000,22000,22011000
DH2022001823,KH00164,SP015,4,7990000,0,2876000,25000,31665000
DH2022006054,KH00011,SP010,2,12990000,0,2078000,28000,22890000
DH2022008000,KH00001,SP001,1,4590000,0,445000,18000,4915000
DH2022000992,KH00018,SP003,1,19990000,0,1939000,35000,21364000
DH2022001396,KH00449,SP008,1,13990000,0,1357000,35000,14962000
DH2022004648,KH00009,SP002,3,18990000,0,4842000,22000,53288000
DH2022006304,KH00002,SP010,2,12990000,0,2078000,30000,22892000
DH2022000951,KH00001,SP008,2,13990000,0,2602000,28000,28651000
DH2022001121,KH00014,SP006,2,7990000,0,1598000,45000,17623000
DH2022002861,KH00083,SP001,3,4590000,0,1377000,45000,15192000
DH2022004521,KH00383,SP003,2,19990000,0,3998000,22000,44000000
DH2022006860,KH00010,SP022,3,190000,0,48000,35000,567000
DH2022004350,KH00001,SP008,2,13990000,0,2602000,22000,28645000
DH2022005685,KH00051,SP023,2,5990000,0,1198000,18000,13196000
DH2022008575,KH00011,SP008,2,13990000,0,2602000,30000,28653000
DH2022008796,KH00003,SP003,4,19990000,0,7596000,28000,83586000
DH2022000979,KH00229,SP017,4,3290000,0,1119000,45000,12350000
DH2022007834,KH00137,SP009,2,15990000,0,2814000,28000,30984000
DH2022003887,KH00022,SP021,8,350000,0,252000,35000,2807000
DH2022004703,KH00008,SP026,1,990000,0,92000,30000,1043000
DH2022001102,KH00002,SP008,3,13990000,0,3777000,40000,41590000
DH2022003148,KH01274,SP019,3,690000,0,176000,45000,1981000
DH2022008277,KH00005,SP003,8,19990000,0,14073000,28000,154831000
DH2022004272,KH00001,SP010,3,12990000,0,3624000,22000,39888000
DH2022004894,KH00003,SP006,1,7990000,0,743000,40000,8214000
DH2022009046,KH00004,SP014,4,1190000,0,381000,35000,4224000
DH2022003248,KH00155,SP018,3,390000,0,117000,45000,1332000
DH2022002469,KH00080,SP024,1,5490000,0,549000,35000,6074000
DH2022004618,KH00869,SP022,3,190000,0,48000,22000,554000
DH2022007781,KH00012,SP022,1,190000,0,19000,40000,249000
DH2022000573,KH00001,SP012,1,1590000,0,159000,40000,1789000
DH2022001101,KH00001,SP023,2,5990000,0,1078000,30000,11890000
DH2022007723,KH00005,SP010,1,12990000,0,1104000,25000,12171000
DH2022009299,KH00001,SP008,1,13990000,0,1301000,18000,14330000
DH2022000239,KH00032,SP019,1,690000,0,66000,45000,767000
DH2022005354,KH00001,SP026,2,990000,0,174000,35000,1951000
DH2022005786,KH00001,SP011,8,3990000,0,3192000,25000,35137000
DH2022009661,KH01844,SP016,2,11990000,0,2158000,35000,23775000
DH2022000394,KH00003,SP017,1,3290000,0,313000,18000,3457000
DH2022004484,KH00002,SP005,6,4990000,0,2695000,30000,29671000
DH2022005756,KH00002,SP005,2,4990000,0,878000,30000,9690000
DH2022005804,KH00062,SP026,5,990000,0,421000,40000,4669000
DH2022005842,KH00007,SP018,2,390000,0,66000,22000,751000
DH2022001360,KH00008,SP007,2,23990000,0,3838000,28000,42250000
DH2022002887,KH00162,SP023,1,5990000,0,581000,40000,6431000
DH2022004329,KH00001,SP009,1,15990000,0,1599000,45000,17634000
DH2022004550,KH02228,SP002,2,18990000,0,3684000,30000,40555000
DH2022004659,KH00014,SP019,1,690000,0,69000,18000,777000
DH2022005514,KH02534,SP011,1,3990000,0,379000,40000,4209000
DH2022008783,KH00001,SP007,10,23990000,0,23270000,25000,255998000
DH2022009004,KH00001,SP018,1,390000,0,35000,28000,414000
DH2022009559,KH00001,SP018,2,390000,0,70000,40000,812000
DH2022004862,KH01854,SP009,3,15990000,0,3838000,18000,42232000
DH2022005834,KH00003,SP015,10,7990000,0,6392000,22000,70334000
DH2022006056,KH00001,SP010,5,12990000,0,6300000,45000,69347000
DH2022008150,KH00954,SP013,1,990000,0,79000,40000,911000
DH2022008841,KH00222,SP018,10,390000,0,390000,30000,4320000
DH2022009179,KH00020,SP004,1,16990000,0,1359000,18000,14969000
DH2022000896,KH00005,SP008,1,13990000,0,1259000,22000,13872000
DH2022002715,KH00003,SP002,2,18990000,0,3684000,45000,40570000
DH2022004036,KH00003,SP012,1,1590000,0,140000,30000,1569000
DH2022004331,KH00004,SP010,1,12990000,0,1234000,28000,13602000
DH2022005666,KH00002,SP019,1,690000,0,69000,18000,777000
DH2022009211,KH00001,SP018,2,390000,0,78000,28000,886000
DH2022001978,KH00193,SP010,8,12990000,0,8314000,30000,91480000
DH2022004273,KH00001,SP017,2,3290000,0,526000,40000,5830000
DH2022004624,KH00003,SP019,2,690000,0,134000,22000,1495000
DH2022005359,KH00532,SP013,1,990000,0,84000,45000,971000
DH2022007433,KH00018,SP021,3,350000,0,92000,35000,1051000
DH2022008775,KH00039,SP017,5,3290000,0,1645000,18000,18113000
DH2022009766,KH00005,SP018,4,390000,0,156000,30000,1746000
DH2022002486,KH00005,SP025,1,4290000,0,378000,40000,4193000
DH2022003036,KH00073,SP001,3,4590000,0,1377000,45000,15192000
DH2022006847,KH00001,SP025,1,4290000,0,365000,28000,4039000
DH2022007905,KH00002,SP015,1,7990000,0,743000,35000,8209000
DH2022009534,KH00002,SP007,2,23990000,0,4078000,28000,44889000
DH2022000997,KH00244,SP011,1,3990000,0,399000,35000,4424000
DH2022001279,KH00018,SP003,8,19990000,0,15992000,25000,175937000
DH2022003589,KH00005,SP008,1,13990000,0,1119000,22000,12333000
DH2022005688,KH00005,SP007,2,23990000,0,4078000,45000,44906000
DH2022005925,KH00077,SP011,1,3990000,0,399000,25000,4414000
DH2022006206,KH00002,SP022,1,190000,0,18000,28000,230000
DH2022007909,KH00640,SP007,8,23990000,0,17273000,28000,190029000
DH2022000005,KH00015,SP023,8,5990000,0,4073000,40000,44845000
DH2022000743,KH00001,SP013,6,990000,0,535000,25000,5906000
DH2022001725,KH00006,SP003,3,19990000,0,5997000,35000,66002000
DH2022002649,KH00006,SP019,1,690000,0,62000,25000,708000
DH2022005814,KH00002,SP023,2,5990000,0,1198000,28000,13206000
DH2022009270,KH00001,SP018,1,390000,0,39000,45000,474000
DH2022001388,KH00001,SP022,3,190000,0,54000,45000,641000
DH2022003431,KH00018,SP007,1,23990000,0,2039000,45000,22476000
DH2022007903,KH00034,SP001,1,4590000,0,390000,28000,4320000
DH2022004438,KH00022,SP003,1,19990000,0,1599000,40000,17631000
DH2022007972,KH00001,SP014,4,1190000,0,452000,25000,4999000
DH2022008981,KH00009,SP012,1,1590000,0,135000,25000,1512000
DH2022009934,KH00001,SP001,4,4590000,0,1744000,45000,19231000
DH2022000808,KH00034,SP007,2,23990000,0,3838000,18000,42240000
DH2022007396,KH00001,SP025,1,4290000,0,378000,35000,4188000
DH2022000957,KH00123,SP001,1,4590000,0,459000,18000,5067000
DH2022005415,KH00007,SP025,1,4290000,0,378000,35000,4188000
DH2022005781,KH00098,SP001,5,4590000,0,2295000,45000,25290000
DH2022006741,KH00010,SP024,1,5490000,0,467000,25000,5158000
DH2022006944,KH00034,SP014,2,1190000,0,214000,30000,2386000
DH2022007024,KH00010,SP018,3,390000,0,117000,28000,1315000
DH2022008442,KH00006,SP003,1,19990000,0,1999000,30000,22019000
DH2022002383,KH00003,SP006,2,7990000,0,1518000,28000,16727000
DH2022002424,KH00001,SP025,2,4290000,0,858000,45000,9483000
DH2022004437,KH00002,SP009,10,15990000,0,13592000,30000,149537000
DH2022007716,KH00002,SP020,2,1190000,0,221000,25000,2459000
DH2022007742,KH00010,SP003,2,19990000,0,3718000,40000,40939000
DH2022009796,KH00021,SP016,1,11990000,0,1163000,28000,12821000
DH2022002642,KH00001,SP011,1,3990000,0,339000,45000,3776000
DH2022003443,KH00059,SP010,2,12990000,0,2416000,28000,26605000
DH2022006415,KH00002,SP007,1,23990000,0,2399000,30000,26419000
DH2022006685,KH00001,SP015,1,7990000,0,799000,45000,8834000
DH2022006906,KH00002,SP018,2,390000,0,78000,40000,898000
DH2022008631,KH00548,SP005,2,4990000,0,998000,25000,11003000
DH2022008871,KH00004,SP018,1,390000,0,35000,40000,426000
DH2022009143,KH00001,SP020,2,1190000,0,238000,30000,2648000
DH2022006566,KH00001,SP016,1,11990000,0,1079000,35000,11905000
DH2022008044,KH00441,SP016,1,11990000,0,1163000,40000,12833000
DH2022008584,KH00086,SP012,1,1590000,0,159000,40000,1789000
DH2022005751,KH00024,SP007,3,23990000,0,6693000,45000,73670000
DH2022002848,KH00004,SP005,2,4990000,0,898000,45000,9925000
DH2022003635,KH00004,SP003,1,19990000,0,1759000,18000,19368000
DH2022005394,KH00216,SP024,1,5490000,0,532000,30000,5887000
DH2022005911,KH00136,SP017,3,3290000,0,987000,30000,10887000
DH2022007782,KH00008,SP007,3,23990000,0,5758000,18000,63352000
DH2022008092,KH00340,SP022,3,190000,0,53000,30000,613000
DH2022000794,KH00002,SP020,1,1190000,0,119000,25000,1334000
DH2022006531,KH00002,SP016,2,11990000,0,2158000,18000,23758000
DH2022008299,KH00005,SP011,2,3990000,0,678000,35000,7496000
DH2022000129,KH00393,SP005,3,4990000,0,1317000,45000,14536000
DH2022002152,KH00391,SP024,5,5490000,0,2663000,40000,29329000
DH2022002223,KH00572,SP023,3,5990000,0,1527000,40000,16841000
DH2022004700,KH00001,SP002,1,18990000,0,1519000,45000,16756000
DH2022009059,KH00001,SP005,1,4990000,0,424000,25000,4691000
DH2022009936,KH00029,SP015,2,7990000,0,1598000,45000,17623000
DH2022003214,KH00019,SP015,2,7990000,0,1598000,35000,17613000
DH2022009321,KH00002,SP009,2,15990000,0,3102000,40000,34163000
DH2022001186,KH00142,SP017,2,3290000,0,526000,40000,5830000
DH2022004976,KH00092,SP009,2,15990000,0,3198000,35000,35213000
DH2022005134,KH00003,SP026,1,990000,0,96000,18000,1074000
DH2022006326,KH00012,SP010,1,12990000,0,1208000,28000,13317000
DH2022007269,KH00005,SP019,1,690000,0,67000,22000,758000
DH2022003408,KH00003,SP005,5,4990000,0,2246000,22000,24723000
DH2022005971,KH00001,SP025,2,4290000,0,729000,30000,8052000
DH2022007418,KH00001,SP009,1,15990000,0,1487000,28000,16386000
DH2022007452,KH00018,SP018,4,390000,0,125000,45000,1418000
DH2022009779,KH01042,SP007,8,23990000,0,17849000,30000,196365000
DH2022003437,KH00299,SP019,3,690000,0,207000,18000,2295000
DH2022004828,KH00002,SP026,3,990000,0,297000,25000,3292000
DH2022005405,KH00001,SP001,5,4590000,0,2295000,18000,25263000
DH2022006414,KH00029,SP014,1,1190000,0,119000,22000,1331000
DH2022007080,KH00001,SP022,1,190000,0,19000,22000,231000
DH2022001428,KH00002,SP005,1,4990000,0,464000,30000,5135000
DH2022002138,KH00010,SP021,4,350000,0,119000,28000,1337000
DH2022002958,KH00001,SP005,1,4990000,0,499000,25000,5514000
DH2022005005,KH00001,SP001,1,4590000,0,427000,22000,4718000
DH2022007761,KH00002,SP006,1,7990000,0,799000,25000,8814000
DH2022001416,KH00060,SP008,1,13990000,0,1399000,22000,15411000
DH2022001513,KH01235,SP010,3,12990000,0,3897000,30000,42897000
DH2022007873,KH00001,SP007,1,23990000,0,2111000,30000,23252000
DH2022003232,KH00038,SP024,1,5490000,0,549000,22000,6061000
DH2022003837,KH00058,SP003,3,19990000,0,5997000,22000,65989000
DH2022005331,KH00002,SP002,2,18990000,0,3798000,28000,41806000
DH2022005658,KH00001,SP007,2,23990000,0,4798000,35000,52813000
DH2022009379,KH00006,SP005,4,4990000,0,1796000,45000,19805000
DH2022002746,KH00001,SP010,3,12990000,0,3702000,28000,40752000
DH2022006711,KH00001,SP007,2,23990000,0,4798000,28000,52806000
DH2022009521,KH00001,SP010,1,12990000,0,1299000,18000,14307000
DH2022009658,KH00001,SP023,4,5990000,0,1917000,18000,21103000
DH2022002679,KH00013,SP009,2,15990000,0,3102000,18000,34141000
DH2022003555,KH00001,SP025,2,4290000,0,815000,22000,8988000
DH2022006870,KH00004,SP015,1,7990000,0,719000,22000,7932000
DH2022002164,KH00176,SP004,1,16990000,0,1614000,18000,17772000
DH2022002497,KH00005,SP008,1,13990000,0,1329000,45000,14664000
DH2022006240,KH00001,SP016,1,11990000,0,1055000,40000,11646000
DH2022007348,KH00003,SP004,1,16990000,0,1580000,45000,17426000
DH2022001896,KH00078,SP020,2,1190000,0,214000,28000,2384000
DH2022002389,KH00001,SP021,1,350000,0,34000,45000,419000
DH2022003006,KH00004,SP025,6,4290000,0,2265000,30000,24946000
DH2022005851,KH00144,SP011,2,3990000,0,718000,25000,7925000
DH2022001708,KH00009,SP020,3,1190000,0,346000,40000,3849000
DH2022001938,KH00002,SP010,4,12990000,0,5040000,22000,55463000
DH2022006299,KH00001,SP008,1,13990000,0,1301000,30000,14342000
DH2022001642,KH00031,SP019,1,690000,0,67000,28000,764000
DH2022005939,KH00001,SP016,1,11990000,0,1019000,22000,11233000
DH2022008687,KH00036,SP005,1,4990000,0,464000,30000,5135000
DH2022000142,KH00001,SP016,3,11990000,0,3489000,40000,38420000
DH2022001701,KH01693,SP022,2,190000,0,36000,22000,419000
DH2022003130,KH01271,SP024,1,5490000,0,511000,28000,5645000
DH2022004243,KH00013,SP012,3,1590000,0,477000,30000,5277000
DH2022005072,KH00002,SP006,4,7990000,0,3196000,22000,35178000
DH2022006344,KH00003,SP009,3,15990000,0,4557000,35000,50164000
DH2022007106,KH00003,SP019,3,690000,0,207000,45000,2322000
DH2022007442,KH00001,SP025,3,4290000,0,1287000,40000,14197000
DH2022001203,KH00008,SP001,1,4590000,0,436000,18000,4814000
DH2022005696,KH00001,SP015,3,7990000,0,2037000,30000,22441000
DH2022006759,KH00014,SP013,3,990000,0,297000,45000,3312000
DH2022006910,KH00001,SP010,1,12990000,0,1234000,45000,13619000
DH2022008419,KH00001,SP001,3,4590000,0,1336000,35000,14728000
DH2022004253,KH00001,SP020,1,1190000,0,95000,18000,1065000
DH2022006179,KH00022,SP002,5,18990000,0,9495000,35000,104480000
DH2022006987,KH00116,SP003,2,19990000,0,3718000,28000,40927000
DH2022009401,KH00005,SP016,1,11990000,0,1199000,40000,13229000
DH2022003005,KH00001,SP016,3,11990000,0,3489000,30000,38410000
DH2022006026,KH00691,SP004,1,16990000,0,1529000,25000,16845000
DH2022006659,KH00015,SP021,2,350000,0,70000,35000,805000
DH2022007210,KH00008,SP023,1,5990000,0,599000,25000,6614000
DH2022007514,KH00858,SP014,1,1190000,0,115000,28000,1297000
DH2022007752,KH00001,SP020,2,1190000,0,209000,25000,2328000
DH2022002281,KH00004,SP013,1,990000,0,94000,35000,1069000
DH2022004297,KH00030,SP005,3,4990000,0,1272000,35000,14031000
DH2022005521,KH00003,SP023,1,5990000,0,479000,22000,5293000
DH2022009378,KH00003,SP015,1,7990000,0,679000,18000,7489000
DH2022000744,KH00005,SP005,1,4990000,0,484000,18000,5342000
DH2022001466,KH00012,SP011,1,3990000,0,387000,45000,4302000
DH2022001691,KH00024,SP024,4,5490000,0,2196000,22000,24178000
DH2022007489,KH00008,SP016,1,11990000,0,959000,45000,10596000
DH2022003114,KH00004,SP012,4,1590000,0,636000,30000,7026000
DH2022004779,KH00034,SP016,3,11990000,0,2878000,18000,31672000
DH2022005839,KH00001,SP016,2,11990000,0,2158000,22000,23762000
DH2022007719,KH00597,SP014,1,1190000,0,119000,25000,1334000
DH2022007864,KH00008,SP014,6,1190000,0,714000,35000,7889000
DH2022008326,KH00001,SP022,2,190000,0,36000,25000,422000
DH2022008655,KH00018,SP023,8,5990000,0,4792000,45000,52757000
DH2022002151,KH00001,SP008,2,13990000,0,2462000,25000,27109000
DH2022003956,KH00004,SP008,1,13990000,0,1399000,35000,15424000
DH2022006852,KH00007,SP005,6,4990000,0,2844000,45000,31332000
DH2022007690,KH00833,SP002,8,18990000,0,15192000,35000,167147000
DH2022008378,KH00007,SP004,1,16990000,0,1699000,25000,18714000
DH2022008779,KH00012,SP024,5,5490000,0,2745000,45000,30240000
DH2022008728,KH00009,SP007,2,23990000,0,4558000,30000,50169000
DH2022008809,KH00085,SP008,1,13990000,0,1329000,22000,14641000
DH2022001942,KH00024,SP012,2,1590000,0,302000,40000,3363000
DH2022005095,KH00002,SP003,2,19990000,0,3598000,18000,39598000
DH2022005150,KH00001,SP011,1,3990000,0,319000,22000,3533000
DH2022009638,KH00001,SP014,6,1190000,0,643000,35000,7104000
DH2022006563,KH00003,SP014,1,1190000,0,107000,30000,1208000
DH2022008303,KH00144,SP009,2,15990000,0,2814000,28000,30984000
DH2022007081,KH00001,SP014,1,1190000,0,113000,28000,1271000
DH2022009239,KH00041,SP013,1,990000,0,84000,25000,951000
DH2022000068,KH00001,SP012,2,1590000,0,296000,30000,3283000
DH2022004069,KH00001,SP013,1,990000,0,79000,35000,906000
DH2022005953,KH00001,SP025,1,4290000,0,386000,45000,4292000
DH2022007786,KH00004,SP025,1,4290000,0,408000,25000,4509000
DH2022002466,KH00003,SP013,2,990000,0,184000,25000,2050000
DH2022004196,KH00004,SP018,1,390000,0,35000,28000,414000
DH2022008545,KH00004,SP020,1,1190000,0,105000,28000,1180000
DH2022003748,KH00011,SP001,3,4590000,0,1377000,40000,15187000
DH2022007994,KH00010,SP007,1,23990000,0,2279000,18000,25087000
DH2022004729,KH00003,SP018,2,390000,0,62000,35000,721000
DH2022000379,KH00223,SP026,3,990000,0,267000,30000,2970000
DH2022002113,KH00025,SP020,3,1190000,0,357000,28000,3955000
DH2022007425,KH00001,SP007,1,23990000,0,2231000,18000,24560000
DH2022008053,KH00001,SP006,1,7990000,0,719000,30000,7940000
DH2022009748,KH00024,SP005,1,4990000,0,499000,28000,5517000
DH2022009376,KH00341,SP006,1,7990000,0,799000,22000,8811000
DH2022002837,KH00003,SP026,2,990000,0,168000,30000,1881000
DH2022005270,KH00001,SP012,1,1590000,0,140000,28000,1567000
DH2022005483,KH00001,SP008,1,13990000,0,1259000,18000,13868000
DH2022009392,KH00004,SP011,1,3990000,0,379000,30000,4199000
DH2022001289,KH01314,SP019,4,690000,0,243000,35000,2707000
DH2022002761,KH00780,SP004,2,16990000,0,3228000,18000,35527000
DH2022005113,KH00001,SP007,2,23990000,0,4798000,25000,52803000
DH2022005774,KH00015,SP007,2,23990000,0,4222000,25000,46469000
DH2022000459,KH00002,SP019,1,690000,0,69000,35000,794000
DH2022000806,KH00001,SP007,1,23990000,0,2111000,22000,23244000
DH2022001563,KH00003,SP004,1,16990000,0,1699000,28000,18717000
DH2022005033,KH00001,SP005,1,4990000,0,484000,35000,5359000
DH2022005308,KH00003,SP001,3,4590000,0,1377000,40000,15187000
DH2022006911,KH00918,SP018,1,390000,0,39000,22000,451000
DH2022007884,KH00465,SP023,1,5990000,0,599000,35000,6624000
DH2022008361,KH00002,SP026,2,990000,0,168000,18000,1869000
DH2022008407,KH00001,SP006,3,7990000,0,2229000,18000,24539000
DH2022008932,KH00001,SP011,1,3990000,0,399000,22000,4411000
DH2022009943,KH00694,SP001,3,4590000,0,1239000,35000,13667000
DH2022001384,KH00002,SP003,3,19990000,0,5817000,35000,64023000
DH2022001535,KH00003,SP003,2,19990000,0,3998000,40000,44018000
DH2022006813,KH00169,SP024,3,5490000,0,1318000,45000,14539000
DH2022009746,KH00006,SP009,1,15990000,0,1439000,30000,15860000
DH2022002598,KH00001,SP014,5,1190000,0,524000,30000,5790000
DH2022007982,KH00009,SP014,2,1190000,0,231000,28000,2568000
DH2022000857,KH00051,SP010,1,12990000,0,1234000,28000,13602000
DH2022001865,KH00022,SP010,1,12990000,0,1299000,30000,14319000
DH2022007273,KH00091,SP015,3,7990000,0,2277000,30000,25079000
DH2022000168,KH00001,SP001,5,4590000,0,2066000,25000,22746000
DH2022007821,KH00001,SP008,1,13990000,0,1301000,35000,14347000
DH2022001632,KH00022,SP023,3,5990000,0,1743000,25000,19199000
DH2022002628,KH01105,SP019,2,690000,0,131000,35000,1477000
DH2022004971,KH00871,SP005,3,4990000,0,1497000,25000,16492000
DH2022008547,KH00644,SP008,2,13990000,0,2462000,28000,27112000
DH2022009918,KH00002,SP009,6,15990000,0,8155000,30000,89734000
DH2022002953,KH00003,SP020,3,1190000,0,286000,40000,3182000
DH2022005645,KH00001,SP024,2,5490000,0,1098000,45000,12123000
DH2022009499,KH00033,SP002,1,18990000,0,1804000,45000,19889000
DH2022001801,KH00729,SP017,1,3290000,0,306000,45000,3411000
DH2022003639,KH00117,SP014,4,1190000,0,381000,40000,4229000
DH2022004947,KH00005,SP009,5,15990000,0,7995000,28000,87973000
DH2022006516,KH00535,SP001,4,4590000,0,1652000,45000,18221000
DH2022008622,KH00049,SP002,3,18990000,0,5526000,35000,60822000
DH2022009012,KH00218,SP009,2,15990000,0,2814000,35000,30991000
DH2022009140,KH00043,SP002,2,18990000,0,3798000,35000,41813000
DH2022002869,KH00018,SP008,1,13990000,0,1301000,25000,14337000
DH2022003121,KH00306,SP003,3,19990000,0,5997000,30000,65997000
DH2022005244,KH00013,SP013,1,990000,0,99000,18000,1107000
DH2022006985,KH00015,SP021,2,350000,0,70000,45000,815000
DH2022008288,KH00016,SP023,4,5990000,0,2396000,18000,26374000
DH2022008853,KH00002,SP002,2,18990000,0,3798000,25000,41803000
DH2022009438,KH00003,SP018,1,390000,0,38000,25000,441000
DH2022001135,KH00001,SP001,10,4590000,0,4269000,40000,46996000
DH2022005575,KH00069,SP026,2,990000,0,188000,25000,2094000
DH2022006786,KH00001,SP008,2,13990000,0,2518000,35000,27735000
DH2022009653,KH00152,SP002,1,18990000,0,1899000,25000,20914000
DH2022001506,KH00039,SP021,5,350000,0,175000,45000,1970000
DH2022002410,KH00091,SP006,1,7990000,0,799000,22000,8811000
DH2022004457,KH00797,SP004,1,16990000,0,1699000,35000,18724000
DH2022008412,KH00227,SP014,1,1190000,0,113000,25000,1268000
DH2022008604,KH00024,SP013,1,990000,0,94000,45000,1079000
DH2022009680,KH00001,SP009,1,15990000,0,1407000,28000,15506000
DH2022000849,KH00322,SP026,1,990000,0,87000,30000,988000
DH2022001237,KH00001,SP019,2,690000,0,128000,30000,1441000
DH2022002877,KH00827,SP024,2,5490000,0,1043000,40000,11514000
DH2022004461,KH00329,SP010,2,12990000,0,2286000,18000,25166000
DH2022002732,KH00019,SP004,1,16990000,0,1648000,22000,18150000
DH2022003649,KH00002,SP008,3,13990000,0,3358000,35000,36969000
DH2022005922,KH00011,SP015,1,7990000,0,703000,25000,7759000
DH2022006150,KH00001,SP023,3,5990000,0,1797000,25000,19792000
DH2022006602,KH00014,SP024,1,5490000,0,483000,35000,5349000
DH2022003433,KH02136,SP016,2,11990000,0,2398000,35000,26413000
DH2022003513,KH00012,SP001,2,4590000,0,826000,40000,9128000
DH2022006397,KH00006,SP009,2,15990000,0,3198000,18000,35196000
DH2022009166,KH00001,SP024,1,5490000,0,511000,45000,5662000
DH2022000044,KH00416,SP026,4,990000,0,376000,28000,4166000
DH2022000295,KH00050,SP022,2,190000,0,37000,45000,451000
DH2022002255,KH00001,SP002,1,18990000,0,1899000,40000,20929000
DH2022002727,KH00046,SP002,1,18990000,0,1709000,40000,18840000
DH2022007075,KH00006,SP008,3,13990000,0,4197000,35000,46202000
DH2022008124,KH00002,SP001,4,4590000,0,1781000,35000,19625000
DH2022008751,KH00033,SP019,4,690000,0,243000,40000,2712000
DH2022000558,KH00019,SP025,1,4290000,0,399000,45000,4434000
DH2022008184,KH00010,SP015,3,7990000,0,2229000,18000,24539000
DH2022003496,KH01927,SP013,2,990000,0,192000,28000,2141000
DH2022006196,KH00007,SP010,2,12990000,0,2286000,22000,25170000
DH2022007954,KH00005,SP010,3,12990000,0,3507000,28000,38608000
DH2022008486,KH00003,SP004,1,16990000,0,1580000,35000,17416000
DH2022005187,KH02330,SP024,1,5490000,0,549000,45000,6084000
DH2022005816,KH00001,SP010,1,12990000,0,1208000,22000,13311000
DH2022007644,KH00027,SP019,1,690000,0,69000,30000,789000
DH2022009228,KH00009,SP015,1,7990000,0,743000,30000,8204000
DH2022005277,KH00001,SP017,2,3290000,0,579000,25000,6394000
DH2022007467,KH00013,SP004,1,16990000,0,1444000,30000,15916000
DH2022008509,KH00061,SP002,4,18990000,0,6836000,22000,75222000
DH2022009460,KH00033,SP022,1,190000,0,17000,22000,206000
DH2022009654,KH00074,SP023,2,5990000,0,1198000,40000,13218000
DH2022001054,KH00355,SP016,3,11990000,0,3165000,45000,34864000
DH2022001233,KH00166,SP016,1,11990000,0,1055000,35000,11641000
DH2022002500,KH00006,SP004,1,16990000,0,1580000,40000,17421000
DH2022003999,KH00010,SP018,10,390000,0,378000,22000,4183000
DH2022004785,KH00017,SP014,5,1190000,0,595000,28000,6573000
DH2022009423,KH01093,SP008,3,13990000,0,3567000,35000,39276000
DH2022000765,KH00005,SP002,6,18990000,0,9685000,30000,106564000
DH2022003517,KH00001,SP019,1,690000,0,69000,35000,794000
DH2022008696,KH00570,SP005,5,4990000,0,2495000,22000,27467000
DH2022000940,KH00001,SP009,3,15990000,0,4317000,25000,47515000
DH2022001097,KH00004,SP019,1,690000,0,67000,22000,758000
DH2022002100,KH00011,SP002,6,18990000,0,11394000,22000,125356000
DH2022006842,KH00032,SP018,2,390000,0,62000,22000,708000
DH2022009402,KH00036,SP025,2,4290000,0,858000,25000,9463000
DH2022002186,KH00001,SP017,3,3290000,0,987000,18000,10875000
DH2022003435,KH00862,SP007,2,23990000,0,4318000,40000,47540000
DH2022006507,KH00002,SP003,1,19990000,0,1939000,25000,21354000
DH2022008292,KH00003,SP009,1,15990000,0,1599000,28000,17617000
DH2022009034,KH00005,SP001,4,4590000,0,1836000,22000,20218000
DH2022004094,KH00003,SP011,2,3990000,0,758000,18000,8357000
DH2022004433,KH00002,SP008,1,13990000,0,1399000,45000,15434000
DH2022006917,KH00002,SP013,1,990000,0,94000,30000,1064000
DH2022008158,KH00007,SP004,4,16990000,0,6796000,45000,74801000
DH2022008400,KH00178,SP023,1,5990000,0,599000,30000,6619000
DH2022000370,KH00001,SP021,1,350000,0,31000,30000,369000
DH2022002224,KH00006,SP014,10,1190000,0,1047000,28000,11547000
DH2022002635,KH00005,SP014,1,1190000,0,111000,40000,1258000
DH2022004203,KH00004,SP013,1,990000,0,79000,25000,896000
DH2022004956,KH00008,SP008,3,13990000,0,3777000,22000,41572000
DH2022005070,KH01973,SP007,2,23990000,0,4222000,30000,46474000
DH2022008298,KH00061,SP009,6,15990000,0,8922000,25000,98171000
DH2022001092,KH00019,SP017,2,3290000,0,559000,18000,6170000
DH2022007235,KH00007,SP016,1,11990000,0,1139000,18000,12547000
DH2022009649,KH00001,SP018,6,390000,0,234000,22000,2596000
DH2022009784,KH00001,SP016,3,11990000,0,3489000,18000,38398000
DH2022001176,KH00016,SP007,3,23990000,0,6117000,18000,67309000
DH2022001323,KH00004,SP020,2,1190000,0,231000,30000,2570000
DH2022002418,KH00707,SP015,5,7990000,0,3516000,22000,38694000
DH2022004093,KH00015,SP011,8,3990000,0,2713000,30000,29875000
DH2022004922,KH00008,SP013,4,990000,0,396000,22000,4378000
DH2022005283,KH00003,SP016,1,11990000,0,1055000,30000,11636000
DH2022005712,KH00093,SP008,1,13990000,0,1301000,45000,14357000
DH2022006105,KH00004,SP016,1,11990000,0,1163000,30000,12823000
DH2022008393,KH00101,SP022,1,190000,0,19000,22000,231000
DH2022002065,KH00003,SP009,1,15990000,0,1279000,18000,14089000
DH2022006845,KH00001,SP001,1,4590000,0,436000,25000,4821000
DH2022003809,KH00298,SP003,1,19990000,0,1799000,45000,19835000
DH2022005188,KH00001,SP002,1,18990000,0,1899000,35000,20924000
DH2022006446,KH00057,SP010,2,12990000,0,2416000,22000,26599000
DH2022000500,KH00002,SP019,1,690000,0,69000,25000,784000
DH2022002285,KH00001,SP006,4,7990000,0,3196000,30000,35186000
DH2022003859,KH00079,SP017,4,3290000,0,1053000,22000,11603000
DH2022004878,KH00001,SP009,1,15990000,0,1599000,25000,17614000
DH2022007890,KH00006,SP017,3,3290000,0,839000,35000,9264000
DH2022004199,KH00001,SP017,1,3290000,0,263000,18000,2913000
DH2022008214,KH00003,SP017,1,3290000,0,280000,22000,3098000
DH2022008275,KH00001,SP004,6,16990000,0,9480000,22000,104306000
DH2022005372,KH00003,SP014,1,1190000,0,115000,25000,1294000
DH2022001577,KH00384,SP006,1,7990000,0,799000,30000,8819000
DH2022007350,KH00698,SP025,1,4290000,0,429000,40000,4759000
DH2022008282,KH00002,SP025,2,4290000,0,755000,28000,8333000
DH2022008454,KH00032,SP015,1,7990000,0,799000,25000,8814000
DH2022007820,KH00061,SP009,3,15990000,0,4557000,25000,50154000
DH2022009938,KH00089,SP003,1,19990000,0,1999000,28000,22017000
DH2022000971,KH00051,SP004,1,16990000,0,1699000,25000,18714000
DH2022001370,KH00017,SP024,1,5490000,0,532000,28000,5885000
DH2022006286,KH00051,SP008,1,13990000,0,1399000,28000,15417000
DH2022006371,KH00001,SP012,1,1590000,0,135000,18000,1505000
DH2022007839,KH00051,SP021,6,350000,0,210000,18000,2328000
DH2022009339,KH00001,SP004,2,16990000,0,2888000,25000,31796000
DH2022009900,KH00001,SP018,2,390000,0,78000,22000,880000
DH2022002134,KH00001,SP009,1,15990000,0,1439000,22000,15852000
DH2022000214,KH00020,SP016,1,11990000,0,1199000,22000,13211000
DH2022000975,KH00117,SP020,3,1190000,0,346000,18000,3827000
DH2022003467,KH00001,SP016,2,11990000,0,2278000,28000,25087000
DH2022006257,KH00006,SP009,3,15990000,0,4221000,18000,46453000
DH2022008235,KH00040,SP017,2,3290000,0,579000,28000,6397000
DH2022008800,KH00001,SP026,1,990000,0,89000,45000,1025000
DH2022009548,KH00673,SP016,1,11990000,0,1199000,22000,13211000
DH2022000020,KH00010,SP015,4,7990000,0,2972000,40000,32735000
DH2022002307,KH00010,SP010,4,12990000,0,4417000,25000,48608000
DH2022002420,KH00002,SP012,3,1590000,0,405000,22000,4481000
DH2022002822,KH00001,SP007,2,23990000,0,4318000,35000,47535000
DH2022004095,KH00011,SP025,1,4290000,0,378000,18000,4171000
DH2022004505,KH00005,SP019,3,690000,0,207000,35000,2312000
DH2022005003,KH00003,SP017,1,3290000,0,280000,30000,3106000
DH2022007917,KH00002,SP023,1,5990000,0,527000,40000,5838000
DH2022008259,KH00007,SP021,3,350000,0,84000,35000,959000
DH2022000817,KH01873,SP023,1,5990000,0,581000,30000,6421000
DH2022003990,KH00164,SP021,3,350000,0,105000,18000,1173000
DH2022004825,KH00015,SP003,1,19990000,0,1759000,22000,19372000
DH2022007003,KH00013,SP010,2,12990000,0,2468000,30000,27179000
DH2022002139,KH00035,SP021,2,350000,0,68000,45000,792000
DH2022003238,KH00001,SP011,1,3990000,0,371000,45000,4127000
DH2022004886,KH01633,SP015,2,7990000,0,1518000,25000,16724000
DH2022005708,KH00002,SP024,1,5490000,0,494000,22000,5457000
DH2022000028,KH00001,SP020,3,1190000,0,321000,18000,3552000
DH2022000721,KH00892,SP019,2,690000,0,138000,35000,1553000
DH2022000764,KH00001,SP018,1,390000,0,39000,18000,447000
DH2022004879,KH00127,SP005,1,4990000,0,474000,28000,5242000
DH2022005498,KH00002,SP004,2,16990000,0,3398000,35000,37413000
DH2022008771,KH00002,SP013,2,990000,0,178000,30000,1990000
DH2022003497,KH00001,SP018,1,390000,0,35000,35000,421000
DH2022003526,KH00281,SP007,5,23990000,0,11155000,25000,122734000
DH2022005866,KH00001,SP013,1,990000,0,94000,45000,1079000
DH2022006265,KH00001,SP019,3,690000,0,197000,28000,2191000
DH2022008845,KH00001,SP002,4,18990000,0,7596000,35000,83591000
DH2022009984,KH00004,SP001,1,4590000,0,445000,22000,4919000
DH2022003696,KH00013,SP018,1,390000,0,36000,45000,444000
DH2022005303,KH00860,SP015,1,7990000,0,639000,35000,7066000
DH2022000268,KH00004,SP019,1,690000,0,67000,40000,776000
DH2022003212,KH00003,SP024,1,5490000,0,494000,35000,5470000
DH2022005924,KH00002,SP021,1,350000,0,32000,25000,372000
DH2022000375,KH00001,SP018,2,390000,0,78000,28000,886000
DH2022001573,KH00018,SP013,3,990000,0,267000,22000,2962000
DH2022001638,KH00174,SP024,3,5490000,0,1647000,40000,18157000
DH2022004234,KH00012,SP017,2,3290000,0,625000,22000,6898000
DH2022007178,KH00012,SP006,3,7990000,0,2277000,22000,25071000
DH2022005141,KH00002,SP021,1,350000,0,35000,28000,413000
DH2022008685,KH00072,SP003,2,19990000,0,3798000,18000,41797000
DH2022001485,KH00068,SP016,1,11990000,0,1115000,35000,12301000
DH2022003455,KH00001,SP005,1,4990000,0,399000,30000,4421000
DH2022003528,KH00083,SP003,1,19990000,0,1999000,45000,22034000
DH2022008128,KH00001,SP024,2,5490000,0,933000,18000,10284000
DH2022008768,KH00135,SP015,1,7990000,0,775000,28000,8553000
DH2022000263,KH00003,SP009,1,15990000,0,1359000,25000,14976000
DH2022002087,KH00002,SP018,1,390000,0,39000,35000,464000
DH2022002518,KH00351,SP002,3,18990000,0,5127000,40000,56440000
DH2022003818,KH00004,SP011,1,3990000,0,319000,35000,3546000
DH2022005714,KH00028,SP010,3,12990000,0,3507000,30000,38610000
DH2022005761,KH00031,SP019,1,690000,0,67000,40000,776000
DH2022007485,KH00003,SP001,1,4590000,0,390000,25000,4317000
DH2022008208,KH00001,SP013,2,990000,0,158000,22000,1764000
DH2022008581,KH00011,SP001,1,4590000,0,459000,25000,5074000
DH2022002473,KH00006,SP007,2,23990000,0,4558000,45000,50184000
DH2022009818,KH00001,SP015,1,7990000,0,775000,25000,8550000
DH2022001874,KH00001,SP002,4,18990000,0,6836000,18000,75218000
DH2022000571,KH00078,SP025,1,4290000,0,429000,35000,4754000
DH2022004200,KH00858,SP020,1,1190000,0,95000,35000,1082000
DH2022004355,KH00002,SP009,2,15990000,0,3198000,18000,35196000
DH2022009389,KH00003,SP019,1,690000,0,62000,30000,713000
DH2022000192,KH00777,SP022,3,190000,0,46000,18000,520000
DH2022004822,KH00018,SP014,1,1190000,0,107000,22000,1200000
DH2022000483,KH00093,SP008,1,13990000,0,1399000,28000,15417000
DH2022006536,KH00022,SP026,2,990000,0,198000,45000,2223000
DH2022008623,KH00001,SP016,5,11990000,0,5575000,30000,61359000
DH2022008350,KH00226,SP010,1,12990000,0,1299000,18000,14307000
DH2022002465,KH00008,SP007,3,23990000,0,6117000,18000,67309000
DH2022005338,KH00165,SP016,1,11990000,0,1019000,40000,11251000
DH2022006700,KH00217,SP009,3,15990000,0,4317000,45000,47535000
DH2022006709,KH00123,SP019,4,690000,0,243000,28000,2700000
DH2022008862,KH00001,SP025,3,4290000,0,1287000,40000,14197000
DH2022002419,KH00011,SP023,2,5990000,0,1114000,28000,12283000
DH2022003459,KH00011,SP024,1,5490000,0,494000,30000,5465000
DH2022005151,KH00550,SP012,2,1590000,0,318000,45000,3543000
DH2022005992,KH00001,SP014,1,1190000,0,95000,18000,1065000
DH2022009017,KH00045,SP006,1,7990000,0,799000,30000,8819000
DH2022002899,KH00106,SP025,3,4290000,0,1158000,28000,12769000
DH2022003263,KH00007,SP011,2,3990000,0,798000,45000,8823000
DH2022007032,KH00014,SP022,2,190000,0,35000,18000,406000
DH2022007667,KH00001,SP014,1,1190000,0,105000,30000,1182000
DH2022008675,KH00001,SP023,1,5990000,0,581000,30000,6421000
DH2022008913,KH00177,SP020,2,1190000,0,226000,28000,2515000
DH2022006859,KH00008,SP014,1,1190000,0,111000,40000,1258000
DH2022007505,KH00012,SP012,1,1590000,0,135000,28000,1515000
DH2022007986,KH00007,SP017,8,3290000,0,2316000,25000,25503000
DH2022008462,KH00004,SP003,4,19990000,0,7996000,18000,87974000
DH2022000503,KH00043,SP014,1,1190000,0,113000,28000,1271000
DH2022005246,KH00003,SP023,2,5990000,0,1198000,22000,13200000
DH2022006400,KH00001,SP001,5,4590000,0,2295000,45000,25290000
DH2022009084,KH00039,SP005,1,4990000,0,499000,18000,5507000
DH2022003333,KH00025,SP020,2,1190000,0,231000,30000,2570000
DH2022004062,KH00001,SP005,6,4990000,0,2635000,30000,29012000
DH2022004440,KH00307,SP011,3,3990000,0,1197000,35000,13202000
DH2022004903,KH00006,SP002,3,18990000,0,5526000,22000,60809000
DH2022005347,KH01596,SP023,1,5990000,0,599000,35000,6624000
DH2022007522,KH00040,SP001,1,4590000,0,413000,45000,4589000
DH2022008005,KH00003,SP009,2,15990000,0,3198000,30000,35208000
DH2022002751,KH00003,SP020,3,1190000,0,286000,28000,3170000
DH2022004815,KH00001,SP021,2,350000,0,56000,45000,661000
DH2022005348,KH00060,SP022,2,190000,0,38000,45000,463000
DH2022005410,KH00004,SP009,1,15990000,0,1439000,28000,15858000
DH2022006916,KH00006,SP003,1,19990000,0,1759000,18000,19368000
DH2022008819,KH00010,SP005,5,4990000,0,1996000,22000,21978000
DH2022009436,KH00001,SP022,1,190000,0,18000,18000,216000
DH2022000137,KH00026,SP008,5,13990000,0,6505000,28000,71586000
DH2022000793,KH00001,SP001,1,4590000,0,459000,30000,5079000
DH2022003126,KH00001,SP018,1,390000,0,33000,18000,383000
DH2022002430,KH00013,SP014,1,1190000,0,111000,25000,1243000
DH2022009301,KH00001,SP025,1,4290000,0,399000,18000,4407000
DH2022002828,KH00001,SP004,1,16990000,0,1699000,45000,18734000
DH2022003059,KH00001,SP008,1,13990000,0,1119000,25000,12336000
DH2022003101,KH00003,SP011,1,3990000,0,399000,25000,4414000
DH2022006982,KH00006,SP011,2,3990000,0,718000,18000,7918000
DH2022007619,KH00001,SP019,5,690000,0,321000,18000,3547000
DH2022002850,KH00001,SP004,1,16990000,0,1444000,18000,15904000
DH2022006475,KH00003,SP010,2,12990000,0,2598000,35000,28613000
DH2022002042,KH00001,SP004,2,16990000,0,2718000,40000,29942000
DH2022002695,KH00007,SP022,1,190000,0,16000,28000,206000
DH2022006951,KH00141,SP022,1,190000,0,17000,35000,219000
DH2022008328,KH00001,SP013,1,990000,0,92000,40000,1053000
DH2022008787,KH00002,SP007,1,23990000,0,2399000,40000,26429000
DH2022009218,KH00246,SP015,2,7990000,0,1438000,28000,15848000
DH2022003178,KH00001,SP019,4,690000,0,248000,25000,2757000
DH2022004770,KH01620,SP011,1,3990000,0,339000,45000,3776000
DH2022005399,KH00120,SP006,1,7990000,0,759000,40000,8389000
DH2022000636,KH00014,SP006,1,7990000,0,759000,35000,8384000
DH2022001449,KH00002,SP026,1,990000,0,79000,28000,899000
DH2022003828,KH00059,SP002,2,18990000,0,3038000,22000,33444000
DH2022004522,KH00003,SP004,3,16990000,0,4332000,18000,47674000
DH2022005123,KH00111,SP016,2,11990000,0,2398000,40000,26418000
DH2022005680,KH00998,SP010,1,12990000,0,1169000,30000,12890000
DH2022001064,KH00014,SP001,1,4590000,0,459000,28000,5077000
DH2022002038,KH00013,SP002,2,18990000,0,3228000,22000,35533000
DH2022003654,KH00002,SP006,1,7990000,0,679000,30000,7501000
DH2022004182,KH00004,SP022,5,190000,0,86000,45000,986000
DH2022000475,KH00002,SP013,2,990000,0,158000,45000,1787000
DH2022001873,KH00002,SP013,1,990000,0,79000,30000,901000
DH2022007812,KH00002,SP024,1,5490000,0,532000,28000,5885000
DH2022000652,KH00011,SP020,2,1190000,0,214000,35000,2391000
DH2022003755,KH01215,SP003,4,19990000,0,7996000,35000,87991000
DH2022003840,KH00001,SP023,1,5990000,0,557000,25000,6153000
DH2022007791,KH00001,SP011,1,3990000,0,371000,45000,4127000
DH2022000033,KH00013,SP016,2,11990000,0,2038000,25000,22446000
DH2022000284,KH00474,SP007,2,23990000,0,4798000,40000,52818000
DH2022001296,KH00001,SP015,2,7990000,0,1438000,18000,15838000
DH2022003257,KH00001,SP001,1,4590000,0,427000,45000,4741000
DH2022006879,KH00001,SP010,1,12990000,0,1299000,40000,14329000
DH2022000388,KH00225,SP011,1,3990000,0,351000,40000,3902000
DH2022004031,KH00004,SP007,1,23990000,0,2399000,45000,26434000
DH2022004928,KH00038,SP004,1,16990000,0,1699000,18000,18707000
DH2022006549,KH00001,SP005,10,4990000,0,4242000,35000,46692000
DH2022007779,KH00001,SP020,2,1190000,0,214000,40000,2396000
DH2022007788,KH00678,SP003,3,19990000,0,5997000,22000,65989000
DH2022009533,KH00011,SP021,4,350000,0,136000,25000,1519000
DH2022009942,KH00002,SP017,2,3290000,0,579000,28000,6397000
DH2022004583,KH00085,SP021,4,350000,0,140000,22000,1562000
DH2022000918,KH00002,SP015,2,7990000,0,1598000,35000,17613000
DH2022002515,KH00002,SP019,2,690000,0,117000,25000,1315000
DH2022003641,KH00435,SP002,3,18990000,0,5412000,28000,59562000
DH2022004284,KH00016,SP021,1,350000,0,35000,30000,415000
DH2022005480,KH00020,SP009,1,15990000,0,1487000,35000,16393000
DH2022007730,KH00069,SP009,3,15990000,0,4221000,35000,46470000
DH2022008097,KH00019,SP013,2,990000,0,198000,28000,2206000
DH2022009959,KH00914,SP009,3,15990000,0,4317000,45000,47535000
DH2022005268,KH01440,SP020,1,1190000,0,119000,35000,1344000
DH2022005957,KH00001,SP023,1,5990000,0,479000,22000,5293000
DH2022009098,KH00021,SP003,1,19990000,0,1939000,25000,21354000
DH2022000938,KH00002,SP023,1,5990000,0,509000,40000,5641000
DH2022004178,KH01503,SP019,1,690000,0,55000,25000,632000
DH2022005205,KH00001,SP018,2,390000,0,69000,40000,795000
DH2022006109,KH00004,SP012,1,1590000,0,140000,18000,1557000
DH2022006603,KH00001,SP018,3,390000,0,99000,28000,1121000
DH2022001789,KH00004,SP001,1,4590000,0,459000,40000,5089000
DH2022004963,KH00001,SP023,2,5990000,0,1018000,22000,11223000
DH2022005617,KH00017,SP019,2,690000,0,138000,28000,1546000
DH2022009163,KH00001,SP009,1,15990000,0,1279000,18000,14089000
DH2022004164,KH00010,SP006,1,7990000,0,799000,40000,8829000
DH2022005178,KH00160,SP025,2,4290000,0,772000,18000,8512000
DH2022006768,KH00027,SP025,1,4290000,0,378000,30000,4183000
DH2022007077,KH00022,SP011,1,3990000,0,351000,30000,3892000
DH2022007214,KH00002,SP006,3,7990000,0,2397000,45000,26412000
DH2022008456,KH00001,SP013,1,990000,0,99000,30000,1119000
DH2022000583,KH00021,SP025,1,4290000,0,429000,45000,4764000
DH2022002830,KH01546,SP026,2,990000,0,198000,40000,2218000
DH2022009186,KH00001,SP013,1,990000,0,94000,45000,1079000
DH2022000668,KH00102,SP006,2,7990000,0,1598000,40000,17618000
DH2022002235,KH00001,SP007,3,23990000,0,6981000,45000,76837000
DH2022009782,KH00063,SP007,1,23990000,0,2279000,40000,25109000
DH2022001206,KH00053,SP001,2,4590000,0,918000,22000,10120000
DH2022006753,KH00112,SP016,2,11990000,0,2398000,22000,26400000
DH2022007810,KH00005,SP022,1,190000,0,15000,25000,192000
DH2022009797,KH00002,SP015,2,7990000,0,1598000,25000,17603000
DH2022001197,KH00108,SP013,1,990000,0,89000,28000,1008000
DH2022002265,KH00001,SP013,4,990000,0,396000,18000,4374000
DH2022005155,KH01214,SP001,1,4590000,0,390000,45000,4337000
DH2022006339,KH00002,SP010,1,12990000,0,1143000,30000,12604000
DH2022008115,KH00001,SP009,4,15990000,0,6396000,22000,70378000
DH2022009720,KH00006,SP024,1,5490000,0,494000,18000,5453000
DH2022009754,KH00001,SP010,4,12990000,0,5196000,18000,57174000
DH2022000326,KH00002,SP013,2,990000,0,198000,35000,2213000
DH2022001512,KH00039,SP021,1,350000,0,35000,35000,420000
DH2022004430,KH00008,SP011,2,3990000,0,774000,25000,8540000
DH2022007151,KH00027,SP019,3,690000,0,207000,30000,2307000
DH2022007432,KH00017,SP018,2,390000,0,62000,22000,708000
DH2022004651,KH00166,SP001,2,4590000,0,780000,22000,8605000
DH2022007853,KH00001,SP026,4,990000,0,396000,25000,4381000
DH2022008007,KH00011,SP003,2,19990000,0,3398000,30000,37411000
DH2022005103,KH00118,SP001,1,4590000,0,459000,40000,5089000
DH2022006052,KH00191,SP014,3,1190000,0,332000,18000,3670000
DH2022003604,KH00001,SP023,1,5990000,0,557000,30000,6158000
DH2022005272,KH00001,SP003,2,19990000,0,3598000,18000,39598000
DH2022002766,KH00268,SP021,6,350000,0,185000,25000,2058000
DH2022005739,KH00004,SP009,1,15990000,0,1551000,30000,17091000
DH2022006127,KH00166,SP019,3,690000,0,207000,22000,2299000
DH2022002079,KH00001,SP025,1,4290000,0,429000,45000,4764000
DH2022003482,KH00001,SP004,1,16990000,0,1699000,45000,18734000
DH2022004447,KH00008,SP018,4,390000,0,125000,35000,1408000
DH2022006285,KH00002,SP003,1,19990000,0,1999000,28000,22017000
DH2022008874,KH00001,SP005,8,4990000,0,3872000,22000,42616000
DH2022001689,KH00008,SP014,1,1190000,0,111000,18000,1236000
DH2022005639,KH00016,SP002,4,18990000,0,6684000,40000,73569000
DH2022001163,KH00017,SP005,1,4990000,0,499000,45000,5534000
DH2022007601,KH00255,SP008,4,13990000,0,4477000,28000,49273000
DH2022002895,KH00003,SP021,1,350000,0,32000,22000,369000
DH2022002982,KH00172,SP006,1,7990000,0,759000,25000,8374000
DH2022006153,KH00002,SP022,3,190000,0,53000,45000,628000
DH2022006778,KH00002,SP008,1,13990000,0,1231000,18000,13560000
DH2022007026,KH00011,SP005,6,4990000,0,2844000,28000,31315000
DH2022009409,KH00012,SP008,4,13990000,0,5596000,40000,61596000
DH2022001670,KH00009,SP007,6,23990000,0,12667000,40000,139374000
DH2022002540,KH00001,SP023,1,5990000,0,599000,30000,6619000
DH2022002795,KH00001,SP023,1,5990000,0,581000,22000,6413000
DH2022004091,KH00001,SP014,1,1190000,0,105000,45000,1197000
DH2022001700,KH00001,SP014,1,1190000,0,115000,22000,1291000
DH2022001934,KH00137,SP019,4,690000,0,268000,25000,2970000
DH2022002749,KH00001,SP001,2,4590000,0,734000,45000,8123000
DH2022006958,KH00044,SP005,1,4990000,0,499000,25000,5514000
DH2022007727,KH00016,SP014,1,1190000,0,107000,40000,1218000
DH2022007491,KH00031,SP026,4,990000,0,396000,22000,4378000
DH2022008754,KH00039,SP007,2,23990000,0,4462000,18000,49101000
DH2022000164,KH00178,SP014,4,1190000,0,452000,45000,5019000
DH2022001556,KH00002,SP023,1,5990000,0,539000,28000,5958000
DH2022001564,KH00010,SP020,1,1190000,0,119000,28000,1337000
DH2022006099,KH00006,SP015,1,7990000,0,719000,40000,7950000
DH2022006697,KH00001,SP006,1,7990000,0,679000,28000,7499000
DH2022000099,KH00007,SP006,6,7990000,0,3835000,35000,42222000
DH2022001010,KH00304,SP020,1,1190000,0,105000,30000,1182000
DH2022001155,KH00163,SP006,1,7990000,0,799000,22000,8811000
DH2022001400,KH00020,SP008,2,13990000,0,2714000,40000,29895000
DH2022006384,KH00150,SP005,2,4990000,0,878000,40000,9700000
DH2022008766,KH00058,SP017,1,3290000,0,329000,28000,3647000
DH2022009489,KH00002,SP024,1,5490000,0,439000,35000,4866000
DH2022002432,KH00504,SP004,1,16990000,0,1648000,22000,18150000
DH2022008160,KH00002,SP020,1,1190000,0,119000,28000,1337000
DH2022009005,KH00015,SP025,2,4290000,0,755000,35000,8340000
DH2022003103,KH00002,SP016,1,11990000,0,1199000,22000,13211000
DH2022006342,KH00001,SP006,1,7990000,0,799000,25000,8814000
DH2022008958,KH00001,SP014,3,1190000,0,357000,25000,3952000
DH2022000923,KH00009,SP016,1,11990000,0,1163000,28000,12821000
DH2022003773,KH00010,SP020,1,1190000,0,95000,25000,1072000
DH2022005740,KH00005,SP009,1,15990000,0,1551000,35000,17096000
DH2022006657,KH00185,SP010,1,12990000,0,1169000,25000,12885000
DH2022000013,KH00001,SP006,2,7990000,0,1598000,25000,17603000
DH2022001850,KH00284,SP005,1,4990000,0,499000,28000,5517000
DH2022006197,KH00202,SP004,2,16990000,0,3296000,22000,36279000
DH2022009916,KH00516,SP014,1,1190000,0,107000,40000,1218000
DH2022000209,KH00163,SP001,1,4590000,0,436000,18000,4814000
DH2022006200,KH00011,SP018,2,390000,0,76000,35000,868000
DH2022008386,KH00001,SP021,3,350000,0,98000,45000,1119000
DH2022002752,KH00001,SP020,2,1190000,0,238000,22000,2640000
DH2022003913,KH00020,SP004,2,16990000,0,2718000,30000,29932000
DH2022006315,KH00002,SP003,6,19990000,0,9595000,25000,105572000
DH2022007875,KH00001,SP014,4,1190000,0,476000,30000,5266000
DH2022008773,KH00070,SP004,1,16990000,0,1359000,18000,14969000
DH2022004293,KH00249,SP012,6,1590000,0,859000,18000,9463000
DH2022004611,KH00009,SP019,3,690000,0,197000,30000,2193000
DH2022006846,KH00637,SP002,2,18990000,0,3532000,30000,38883000
DH2022007254,KH00128,SP013,1,990000,0,84000,40000,966000
DH2022000195,KH00014,SP023,3,5990000,0,1438000,45000,15859000
DH2022001956,KH00019,SP017,1,3290000,0,313000,25000,3464000
DH2022004304,KH00001,SP007,4,23990000,0,9596000,18000,105574000
DH2022004390,KH00031,SP016,1,11990000,0,1199000,40000,13229000
DH2022004714,KH02332,SP003,2,19990000,0,3198000,22000,35204000
DH2022005512,KH00001,SP002,1,18990000,0,1804000,40000,19884000
DH2022007378,KH00003,SP005,2,4990000,0,948000,25000,10454000
DH2022009733,KH02265,SP008,4,13990000,0,4924000,30000,54199000
DH2022002524,KH00375,SP006,4,7990000,0,2972000,30000,32725000
DH2022002672,KH00001,SP024,2,5490000,0,1043000,30000,11504000
DH2022002689,KH00008,SP006,8,7990000,0,5114000,22000,56272000
DH2022009747,KH00139,SP016,4,11990000,0,4316000,45000,47525000
DH2022005812,KH00004,SP009,2,15990000,0,2878000,45000,31705000
DH2022007334,KH00002,SP002,1,18990000,0,1899000,30000,20919000
DH2022007347,KH00243,SP010,5,12990000,0,5196000,18000,57174000
DH2022009950,KH00082,SP021,3,350000,0,98000,45000,1119000
DH2022000607,KH00017,SP009,1,15990000,0,1487000,30000,16388000
DH2022001034,KH00003,SP014,1,1190000,0,119000,30000,1339000
DH2022002709,KH00001,SP016,3,11990000,0,2878000,25000,31679000
DH2022005509,KH00001,SP008,1,13990000,0,1399000,40000,15429000
DH2022001040,KH00029,SP025,2,4290000,0,755000,40000,8345000
DH2022002112,KH00204,SP005,2,4990000,0,798000,25000,8807000
DH2022002622,KH00009,SP003,2,19990000,0,3198000,28000,35210000
DH2022008480,KH00019,SP008,6,13990000,0,7135000,22000,78506000
DH2022001633,KH00019,SP010,3,12990000,0,3702000,40000,40764000
DH2022002855,KH00001,SP005,2,4990000,0,898000,40000,9920000
DH2022001458,KH00002,SP007,2,23990000,0,4558000,22000,50161000
DH2022003375,KH00003,SP002,2,18990000,0,3798000,28000,41806000
DH2022003863,KH00045,SP021,3,350000,0,105000,22000,1177000
DH2022004467,KH00187,SP013,1,990000,0,99000,45000,1134000
DH2022006391,KH00225,SP002,2,18990000,0,3342000,25000,36789000
DH2022000206,KH00002,SP020,1,1190000,0,119000,40000,1349000
DH2022002361,KH00133,SP001,2,4590000,0,808000,18000,8904000
DH2022004131,KH00002,SP006,2,7990000,0,1358000,28000,14969000
DH2022005496,KH00002,SP011,2,3990000,0,678000,45000,7506000
DH2022000434,KH00003,SP014,1,1190000,0,119000,25000,1334000
DH2022000719,KH00002,SP022,2,190000,0,33000,18000,385000
DH2022003533,KH00002,SP017,1,3290000,0,263000,30000,2925000
DH2022003960,KH02194,SP025,3,4290000,0,1133000,30000,12489000
DH2022004990,KH00005,SP001,5,4590000,0,2295000,22000,25267000
DH2022007599,KH00002,SP016,2,11990000,0,2398000,35000,26413000
DH2022008890,KH00001,SP019,1,690000,0,67000,45000,781000
DH2022009504,KH00022,SP016,2,11990000,0,2398000,25000,26403000
DH2022001831,KH00002,SP001,1,4590000,0,367000,35000,4074000
DH2022004715,KH00035,SP012,1,1590000,0,140000,30000,1569000
DH2022006395,KH00003,SP009,1,15990000,0,1439000,22000,15852000
DH2022008441,KH00010,SP007,3,23990000,0,7197000,18000,79185000
DH2022003251,KH00001,SP026,2,990000,0,184000,35000,2060000
DH2022003698,KH00001,SP020,1,1190000,0,119000,40000,1349000
DH2022005284,KH00004,SP011,1,3990000,0,351000,30000,3892000
DH2022000685,KH00012,SP014,3,1190000,0,303000,28000,3365000
DH2022004680,KH00114,SP010,2,12990000,0,2286000,18000,25166000
DH2022005533,KH00007,SP001,1,4590000,0,445000,30000,4927000
DH2022006256,KH00001,SP016,3,11990000,0,3597000,28000,39595000
DH2022007109,KH00005,SP008,1,13990000,0,1399000,25000,15414000
DH2022008012,KH00001,SP017,2,3290000,0,658000,40000,7278000
DH2022009883,KH00008,SP005,3,4990000,0,1452000,28000,16001000
DH2022009975,KH00001,SP017,2,3290000,0,658000,45000,7283000
DH2022001910,KH00961,SP003,6,19990000,0,11994000,22000,131956000
DH2022003815,KH01509,SP004,2,16990000,0,3398000,25000,37403000
DH2022003911,KH00001,SP018,2,390000,0,62000,35000,721000
DH2022006444,KH00014,SP022,2,190000,0,34000,30000,406000
DH2022000277,KH02246,SP016,1,11990000,0,1139000,40000,12569000
DH2022001016,KH00001,SP007,2,23990000,0,3838000,40000,42262000
DH2022007623,KH00092,SP019,1,690000,0,67000,45000,781000
DH2022000635,KH00001,SP003,1,19990000,0,1799000,45000,19835000
DH2022005640,KH00004,SP002,1,18990000,0,1899000,28000,20917000
DH2022006390,KH00012,SP015,2,7990000,0,1598000,22000,17600000
DH2022008672,KH00006,SP009,1,15990000,0,1279000,30000,14101000
DH2022000969,KH00833,SP018,1,390000,0,39000,45000,474000
DH2022001528,KH00001,SP018,4,390000,0,156000,35000,1751000
DH2022002917,KH00013,SP023,2,5990000,0,1138000,40000,12559000
DH2022007948,KH00650,SP001,1,4590000,0,445000,30000,4927000
DH2022008524,KH00044,SP004,2,16990000,0,3398000,25000,37403000
DH2022002305,KH00001,SP019,2,690000,0,121000,40000,1375000
DH2022006063,KH00021,SP025,3,4290000,0,1133000,28000,12487000
DH2022007793,KH00004,SP015,3,7990000,0,2157000,30000,23760000
DH2022009271,KH00031,SP010,1,12990000,0,1104000,18000,12164000
DH2022009567,KH00325,SP020,2,1190000,0,202000,45000,2270000
DH2022000159,KH00011,SP008,3,13990000,0,4197000,35000,46202000
DH2022000800,KH00001,SP002,2,18990000,0,3798000,25000,41803000
DH2022000947,KH00001,SP013,2,990000,0,198000,25000,2203000
DH2022003967,KH00004,SP007,3,23990000,0,6477000,28000,71278000
DH2022006259,KH00005,SP024,3,5490000,0,1449000,45000,15988000
DH2022000729,KH00025,SP018,1,390000,0,39000,18000,447000
DH2022000922,KH00001,SP021,1,350000,0,31000,22000,361000
DH2022002092,KH00006,SP020,1,1190000,0,95000,35000,1082000
DH2022002903,KH00457,SP005,1,4990000,0,449000,18000,4958000
DH2022002956,KH00333,SP018,4,390000,0,145000,40000,1636000
DH2022003663,KH00003,SP005,1,4990000,0,499000,18000,5507000
DH2022003914,KH00002,SP024,3,5490000,0,1647000,30000,18147000
DH2022006841,KH00058,SP019,5,690000,0,345000,18000,3813000
DH2022001302,KH00031,SP008,6,13990000,0,7555000,35000,83136000
DH2022004197,KH00123,SP023,2,5990000,0,1054000,22000,11618000
DH2022006018,KH00196,SP003,1,19990000,0,1999000,18000,22007000
DH2022006310,KH00022,SP015,1,7990000,0,799000,28000,8817000
DH2022007039,KH00002,SP025,1,4290000,0,378000,30000,4183000
DH2022001337,KH00026,SP006,1,7990000,0,775000,28000,8553000
DH2022005172,KH00001,SP004,2,16990000,0,3228000,18000,35527000
DH2022007592,KH00006,SP014,2,1190000,0,202000,45000,2270000
DH2022008058,KH00013,SP019,3,690000,0,186000,22000,2071000
DH2022009564,KH00001,SP012,3,1590000,0,463000,45000,5135000
DH2022000819,KH00003,SP005,2,4990000,0,998000,22000,11000000
DH2022001824,KH00566,SP003,2,19990000,0,3998000,35000,44013000
DH2022004282,KH00037,SP014,2,1190000,0,238000,30000,2648000
DH2022005425,KH00007,SP021,2,350000,0,70000,22000,792000
DH2022007434,KH00007,SP021,4,350000,0,119000,40000,1349000
DH2022007689,KH00422,SP007,3,23990000,0,7197000,25000,79192000
DH2022007698,KH00001,SP001,2,4590000,0,826000,45000,9133000
DH2022000603,KH00050,SP025,2,4290000,0,798000,40000,8817000
DH2022007715,KH00009,SP020,1,1190000,0,101000,30000,1143000
DH2022002357,KH00902,SP013,2,990000,0,198000,40000,2218000
DH2022005307,KH00023,SP014,8,1190000,0,923000,25000,10182000
DH2022005581,KH00017,SP009,1,15990000,0,1519000,18000,16727000
DH2022006152,KH00004,SP016,3,11990000,0,3237000,45000,35655000
DH2022006647,KH01780,SP013,2,990000,0,192000,28000,2141000
DH2022007588,KH00472,SP015,2,7990000,0,1598000,22000,17600000
DH2022008367,KH00021,SP007,2,23990000,0,4558000,25000,50164000
DH2022001099,KH00001,SP008,3,13990000,0,4197000,28000,46195000
DH2022003991,KH00002,SP004,1,16990000,0,1495000,30000,16476000
DH2022006517,KH00001,SP012,2,1590000,0,280000,35000,3113000
DH2022003846,KH00003,SP023,1,5990000,0,599000,28000,6617000
DH2022005343,KH00005,SP003,3,19990000,0,5277000,30000,58081000
DH2022006524,KH00708,SP001,4,4590000,0,1744000,35000,19221000
DH2022008803,KH00728,SP010,3,12990000,0,3624000,18000,39884000
DH2022009275,KH00047,SP026,8,990000,0,752000,18000,8294000
DH2022008443,KH00002,SP022,2,190000,0,38000,35000,453000
DH2022009669,KH00003,SP025,1,4290000,0,386000,18000,4265000
DH2022001310,KH00440,SP015,3,7990000,0,2325000,25000,25601000
DH2022002985,KH00001,SP022,1,190000,0,18000,30000,232000
DH2022003254,KH00020,SP013,1,990000,0,87000,28000,986000
DH2022006251,KH01814,SP004,1,16990000,0,1648000,35000,18163000
DH2022007038,KH00026,SP021,2,350000,0,70000,28000,798000
DH2022000826,KH00002,SP024,1,5490000,0,483000,18000,5332000
DH2022009452,KH00025,SP006,1,7990000,0,799000,45000,8834000
DH2022005747,KH00001,SP016,2,11990000,0,2278000,28000,25087000
DH2022007942,KH00015,SP012,1,1590000,0,135000,45000,1532000
DH2022009135,KH00013,SP025,2,4290000,0,772000,45000,8539000
DH2022001774,KH00001,SP015,1,7990000,0,719000,35000,7945000
DH2022002027,KH00002,SP023,2,5990000,0,1162000,18000,12801000
DH2022003024,KH00001,SP004,2,16990000,0,2888000,35000,31806000
DH2022000416,KH00114,SP014,3,1190000,0,321000,25000,3559000
DH2022001771,KH00003,SP023,1,5990000,0,569000,30000,6289000
DH2022003196,KH00755,SP018,1,390000,0,39000,30000,459000
DH2022003907,KH00230,SP022,1,190000,0,18000,25000,227000
DH2022004407,KH00006,SP025,3,4290000,0,1197000,30000,13196000
DH2022008780,KH00015,SP023,1,5990000,0,581000,30000,6421000
DH2022009856,KH00001,SP015,3,7990000,0,2397000,28000,26395000
DH2022002041,KH00017,SP002,3,18990000,0,5697000,35000,62702000
DH2022004153,KH00237,SP019,2,690000,0,117000,25000,1315000
DH2022008482,KH00143,SP016,8,11990000,0,9112000,40000,100276000
DH2022002800,KH00419,SP006,1,7990000,0,799000,45000,8834000
DH2022003060,KH02395,SP009,1,15990000,0,1599000,28000,17617000
DH2022007808,KH00014,SP024,1,5490000,0,439000,22000,4853000
DH2022002463,KH02184,SP008,1,13990000,0,1301000,18000,14330000
DH2022006440,KH00162,SP026,2,990000,0,184000,35000,2060000
DH2022000870,KH00002,SP025,2,4290000,0,858000,28000,9466000
DH2022000953,KH00001,SP024,1,5490000,0,483000,40000,5354000
DH2022004193,KH00001,SP020,1,1190000,0,111000,40000,1258000
DH2022004557,KH00002,SP011,1,3990000,0,371000,30000,4112000
DH2022004601,KH00225,SP026,6,990000,0,576000,22000,6360000
DH2022005813,KH00726,SP015,1,7990000,0,799000,45000,8834000
DH2022007344,KH00006,SP021,1,350000,0,32000,45000,392000
DH2022007428,KH00117,SP026,1,990000,0,96000,45000,1101000
DH2022009126,KH00001,SP014,1,1190000,0,119000,40000,1349000
DH2022002636,KH00012,SP013,2,990000,0,198000,35000,2213000
DH2022002723,KH00076,SP026,5,990000,0,495000,18000,5463000
DH2022003652,KH00005,SP014,1,1190000,0,101000,25000,1138000
DH2022004001,KH00004,SP009,6,15990000,0,8443000,25000,92895000
DH2022006269,KH00001,SP009,1,15990000,0,1487000,40000,16398000
DH2022000684,KH00001,SP018,4,390000,0,156000,18000,1734000
DH2022005269,KH00005,SP021,2,350000,0,65000,28000,744000
DH2022000494,KH01510,SP018,4,390000,0,156000,28000,1744000
DH2022002287,KH00113,SP014,3,1190000,0,357000,30000,3957000
DH2022001333,KH00001,SP001,3,4590000,0,1377000,30000,15177000
DH2022001920,KH00024,SP012,5,1590000,0,795000,22000,8767000
DH2022001933,KH00002,SP021,8,350000,0,266000,35000,2961000
DH2022003016,KH00001,SP023,1,5990000,0,539000,45000,5975000
DH2022003177,KH00006,SP009,2,15990000,0,2558000,28000,28170000
DH2022004865,KH00085,SP019,1,690000,0,67000,22000,758000
DH2022009425,KH00051,SP024,1,5490000,0,549000,22000,6061000
DH2022001551,KH00011,SP007,2,23990000,0,4798000,45000,52823000
DH2022004342,KH00006,SP010,2,12990000,0,2416000,40000,26617000
DH2022005974,KH00004,SP012,3,1590000,0,453000,45000,5030000
DH2022006387,KH00001,SP017,1,3290000,0,329000,25000,3644000
DH2022006442,KH00125,SP018,1,390000,0,33000,22000,387000
DH2022008472,KH00001,SP009,4,15990000,0,5437000,40000,59843000
DH2022001860,KH00009,SP018,4,390000,0,148000,30000,1660000
DH2022003741,KH00006,SP024,3,5490000,0,1532000,45000,16894000
DH2022005367,KH00002,SP011,3,3990000,0,1113000,25000,12270000
DH2022007071,KH00004,SP007,2,23990000,0,4222000,45000,46489000
DH2022008464,KH00003,SP016,8,11990000,0,8633000,18000,94979000
DH2022009728,KH01437,SP015,2,7990000,0,1438000,40000,15860000
DH2022002412,KH00515,SP007,1,23990000,0,2399000,22000,26411000
DH2022004849,KH00001,SP022,1,190000,0,17000,18000,206000
DH2022000279,KH00930,SP004,1,16990000,0,1580000,40000,17421000
DH2022004526,KH00386,SP008,1,13990000,0,1231000,28000,13570000
DH2022006101,KH00026,SP004,2,16990000,0,3398000,25000,37403000
DH2022008373,KH00081,SP009,6,15990000,0,8922000,45000,98191000
DH2022009749,KH00001,SP012,1,1590000,0,151000,28000,1689000
DH2022009764,KH00003,SP013,2,990000,0,198000,22000,2200000
DH2022003708,KH00001,SP014,2,1190000,0,231000,25000,2565000
DH2022004619,KH00282,SP026,1,990000,0,99000,30000,1119000
DH2022004792,KH00005,SP009,1,15990000,0,1599000,30000,17619000
DH2022005378,KH00057,SP022,1,190000,0,17000,30000,214000
DH2022007110,KH00006,SP013,1,990000,0,84000,35000,961000
DH2022001314,KH00151,SP001,2,4590000,0,826000,45000,9133000
DH2022002058,KH00001,SP010,1,12990000,0,1299000,18000,14307000
DH2022007882,KH00001,SP019,1,690000,0,66000,35000,757000
DH2022008452,KH00001,SP005,1,4990000,0,464000,35000,5140000
DH2022009698,KH00262,SP004,2,16990000,0,3296000,45000,36302000
DH2022000663,KH00001,SP018,6,390000,0,234000,22000,2596000
DH2022000784,KH00001,SP026,2,990000,0,198000,40000,2218000
DH2022005256,KH01336,SP001,1,4590000,0,367000,22000,4061000
DH2022007803,KH00001,SP013,1,990000,0,96000,28000,1084000
DH2022008722,KH00002,SP012,4,1590000,0,572000,28000,6324000
DH2022005156,KH00026,SP023,3,5990000,0,1527000,22000,16823000
DH2022008157,KH00003,SP001,1,4590000,0,413000,18000,4562000
DH2022000612,KH00063,SP022,2,190000,0,33000,40000,407000
DH2022002735,KH00005,SP005,2,4990000,0,998000,35000,11013000
DH2022005868,KH00051,SP017,1,3290000,0,329000,25000,3644000
DH2022006519,KH00003,SP012,8,1590000,0,1208000,35000,13327000
DH2022009763,KH00032,SP004,3,16990000,0,4944000,18000,54403000
DH2022000228,KH00001,SP025,1,4290000,0,365000,22000,4033000
DH2022000991,KH00001,SP016,1,11990000,0,1139000,40000,12569000
DH2022002097,KH00001,SP008,4,13990000,0,5596000,18000,61574000
DH2022008241,KH01810,SP020,1,1190000,0,95000,22000,1069000
DH2022008615,KH00735,SP009,5,15990000,0,7755000,45000,85352000
DH2022008831,KH00004,SP022,1,190000,0,15000,28000,195000
DH2022009596,KH00004,SP005,1,4990000,0,399000,18000,4409000
DH2022001597,KH00001,SP006,1,7990000,0,639000,30000,7061000
DH2022002765,KH00280,SP024,2,5490000,0,1043000,28000,11502000
DH2022001253,KH00027,SP008,1,13990000,0,1259000,18000,13868000
DH2022002102,KH00006,SP015,1,7990000,0,703000,22000,7756000
DH2022002505,KH00001,SP021,5,350000,0,170000,35000,1903000
DH2022000067,KH00012,SP020,1,1190000,0,95000,25000,1072000
DH2022001780,KH00002,SP006,2,7990000,0,1486000,25000,16372000
DH2022005517,KH00003,SP009,10,15990000,0,15510000,25000,170638000
DH2022009178,KH00004,SP014,4,1190000,0,476000,30000,5266000
DH2022001925,KH00042,SP007,3,23990000,0,6477000,45000,71295000
DH2022004353,KH01326,SP013,1,990000,0,96000,25000,1081000
DH2022004061,KH00009,SP013,1,990000,0,84000,22000,948000
DH2022004327,KH00207,SP020,2,1190000,0,202000,35000,2260000
DH2022007800,KH01000,SP001,6,4590000,0,2341000,18000,25768000
DH2022008198,KH00001,SP019,1,690000,0,62000,18000,701000
DH2022008423,KH00001,SP005,1,4990000,0,499000,30000,5519000
DH2022009614,KH00002,SP019,2,690000,0,138000,30000,1548000
DH2022001964,KH00001,SP024,5,5490000,0,2745000,35000,30230000
DH2022003364,KH00001,SP013,1,990000,0,79000,22000,893000
DH2022003464,KH00001,SP016,1,11990000,0,1019000,28000,11239000
DH2022005525,KH00021,SP006,4,7990000,0,3196000,30000,35186000
DH2022008027,KH00250,SP009,1,15990000,0,1279000,25000,14096000
DH2022009071,KH00005,SP010,8,12990000,0,9665000,40000,106351000
DH2022009285,KH00002,SP004,1,16990000,0,1699000,35000,18724000
DH2022000786,KH00025,SP012,1,1590000,0,127000,22000,1421000
DH2022003468,KH00109,SP016,1,11990000,0,1163000,30000,12823000
DH2022007639,KH00001,SP023,1,5990000,0,557000,35000,6163000
DH2022008970,KH00024,SP018,1,390000,0,36000,40000,439000
DH2022000474,KH00001,SP001,1,4590000,0,413000,25000,4569000
DH2022003152,KH00007,SP025,1,4290000,0,399000,25000,4414000
DH2022003825,KH00021,SP009,2,15990000,0,2718000,28000,29929000
DH2022005519,KH00005,SP008,1,13990000,0,1301000,28000,14340000
DH2022008693,KH00001,SP016,6,11990000,0,6834000,30000,75207000
DH2022001128,KH00001,SP019,5,690000,0,335000,28000,3709000
DH2022001493,KH00025,SP006,1,7990000,0,799000,40000,8829000
DH2022003621,KH00346,SP015,1,7990000,0,679000,28000,7499000
DH2022004574,KH00019,SP007,2,23990000,0,3838000,30000,42252000
DH2022005368,KH00020,SP005,1,4990000,0,499000,45000,5534000
DH2022000520,KH00001,SP006,3,7990000,0,1918000,45000,21139000
DH2022002951,KH00001,SP018,2,390000,0,78000,45000,903000
DH2022003314,KH00006,SP010,1,12990000,0,1299000,40000,14329000
DH2022004020,KH00500,SP025,3,4290000,0,1287000,40000,14197000
DH2022004344,KH00001,SP004,3,16990000,0,4332000,22000,47678000
DH2022007132,KH01289,SP008,1,13990000,0,1231000,35000,13577000
DH2022007988,KH00020,SP024,1,5490000,0,494000,35000,5470000
DH2022001637,KH00001,SP014,3,1190000,0,314000,18000,3474000
DH2022001724,KH00003,SP004,4,16990000,0,6796000,45000,74801000
DH2022001796,KH00051,SP015,2,7990000,0,1406000,30000,15498000
DH2022002386,KH00107,SP010,2,12990000,0,2598000,25000,28603000
DH2022004086,KH00002,SP020,10,1190000,0,1190000,25000,13115000
DH2022004548,KH00055,SP006,1,7990000,0,639000,18000,7049000
DH2022008427,KH00052,SP019,3,690000,0,207000,30000,2307000
DH2022001320,KH00003,SP021,3,350000,0,84000,30000,954000
DH2022002713,KH00145,SP004,6,16990000,0,9480000,35000,104319000
DH2022007921,KH00001,SP010,3,12990000,0,3429000,18000,37741000
DH2022001067,KH00001,SP018,8,390000,0,303000,28000,3357000
DH2022001311,KH00004,SP019,1,690000,0,69000,22000,781000
DH2022001345,KH00774,SP023,2,5990000,0,1054000,28000,11624000
DH2022004568,KH00025,SP018,1,390000,0,39000,22000,451000
DH2022005810,KH00002,SP007,1,23990000,0,2039000,30000,22461000
DH2022008866,KH00001,SP011,1,3990000,0,399000,45000,4434000
DH2022003634,KH00004,SP001,1,4590000,0,436000,35000,4831000
DH2022004596,KH00001,SP017,1,3290000,0,329000,40000,3659000
DH2022005177,KH00028,SP017,8,3290000,0,2553000,30000,28113000
DH2022007702,KH00004,SP009,1,15990000,0,1551000,28000,17089000
DH2022000413,KH00002,SP024,3,5490000,0,1565000,18000,17229000
DH2022000780,KH00211,SP021,10,350000,0,340000,40000,3775000
DH2022001043,KH00001,SP020,3,1190000,0,346000,28000,3837000
DH2022006292,KH00006,SP021,5,350000,0,158000,25000,1758000
DH2022003929,KH00001,SP011,1,3990000,0,339000,18000,3749000
DH2022008643,KH00002,SP016,1,11990000,0,1019000,35000,11246000
DH2022001239,KH00001,SP026,1,990000,0,96000,28000,1084000
DH2022005497,KH00010,SP014,3,1190000,0,346000,40000,3849000
DH2022006024,KH01293,SP013,3,990000,0,267000,45000,2985000
DH2022006880,KH00028,SP013,1,990000,0,84000,40000,966000
DH2022009731,KH00116,SP003,1,19990000,0,1859000,22000,20472000
DH2022002573,KH00001,SP024,1,5490000,0,483000,40000,5354000
DH2022005107,KH00057,SP002,1,18990000,0,1519000,30000,16741000
DH2022005288,KH00001,SP018,2,390000,0,72000,30000,827000
DH2022001775,KH00004,SP023,2,5990000,0,1198000,30000,13208000
DH2022004312,KH00001,SP007,1,23990000,0,2399000,22000,26411000
DH2022005897,KH00001,SP021,1,350000,0,35000,28000,413000
DH2022006988,KH00990,SP019,4,690000,0,243000,18000,2690000
DH2022008957,KH00015,SP010,1,12990000,0,1208000,28000,13317000
DH2022008972,KH00202,SP003,2,19990000,0,3398000,25000,37406000
DH2022009432,KH00009,SP012,2,1590000,0,318000,45000,3543000
DH2022001882,KH00004,SP022,3,190000,0,46000,30000,532000
DH2022002247,KH00001,SP012,4,1590000,0,592000,35000,6542000
DH2022004697,KH00015,SP019,1,690000,0,64000,35000,741000
DH2022004931,KH00001,SP015,2,7990000,0,1598000,28000,17606000
DH2022006457,KH00001,SP024,2,5490000,0,933000,35000,10301000
DH2022000889,KH00001,SP004,2,16990000,0,3058000,18000,33658000
DH2022004220,KH01260,SP007,1,23990000,0,2279000,25000,25094000
DH2022004666,KH00005,SP013,1,990000,0,99000,18000,1107000
DH2022009580,KH00090,SP013,2,990000,0,198000,35000,2213000
DH2022001994,KH01260,SP011,3,3990000,0,1161000,35000,12807000
DH2022002378,KH00001,SP025,3,4290000,0,1133000,40000,12499000
DH2022002580,KH00001,SP020,4,1190000,0,419000,28000,4636000
DH2022006773,KH00002,SP010,6,12990000,0,7404000,28000,81475000
DH2022007298,KH00002,SP019,3,690000,0,176000,28000,1964000
DH2022000666,KH00786,SP019,3,690000,0,207000,30000,2307000
DH2022002444,KH00004,SP024,1,5490000,0,549000,22000,6061000
DH2022007036,KH00003,SP003,2,19990000,0,3718000,40000,40939000
DH2022008247,KH00002,SP009,1,15990000,0,1599000,40000,17629000
DH2022000154,KH00003,SP020,2,1190000,0,238000,18000,2636000
DH2022003208,KH00001,SP015,1,7990000,0,775000,40000,8565000
DH2022004610,KH00001,SP012,3,1590000,0,477000,25000,5272000
DH2022005011,KH00010,SP012,3,1590000,0,405000,25000,4484000
DH2022005054,KH00004,SP014,1,1190000,0,95000,28000,1075000
DH2022006136,KH00010,SP025,1,4290000,0,399000,28000,4417000
DH2022006249,KH00054,SP003,2,19990000,0,3998000,22000,44000000
DH2022008742,KH00005,SP018,1,390000,0,36000,28000,427000
DH2022009332,KH00001,SP008,1,13990000,0,1231000,40000,13582000
DH2022001606,KH00006,SP015,2,7990000,0,1550000,25000,17076000
DH2022002600,KH01838,SP010,1,12990000,0,1104000,35000,12181000
DH2022006055,KH00145,SP001,3,4590000,0,1170000,28000,12902000
DH2022007180,KH00003,SP001,8,4590000,0,3121000,35000,34368000
DH2022000249,KH00001,SP020,1,1190000,0,115000,35000,1304000
DH2022001350,KH00001,SP013,2,990000,0,158000,25000,1767000
DH2022004900,KH00046,SP007,4,23990000,0,8157000,45000,89768000
DH2022008256,KH00099,SP020,2,1190000,0,238000,18000,2636000
DH2022008909,KH00003,SP006,2,7990000,0,1438000,35000,15855000
DH2022000954,KH00001,SP020,1,1190000,0,111000,28000,1246000
DH2022006298,KH01376,SP017,1,3290000,0,263000,25000,2920000
DH2022009830,KH00014,SP007,2,23990000,0,3838000,40000,42262000
DH2022000101,KH00002,SP010,2,12990000,0,2208000,40000,24331000
DH2022005779,KH00044,SP004,3,16990000,0,4944000,22000,54407000
DH2022007282,KH00001,SP015,1,7990000,0,679000,35000,7506000
DH2022009860,KH00045,SP012,1,1590000,0,159000,28000,1777000
DH2022004925,KH00010,SP020,1,1190000,0,119000,45000,1354000
DH2022008639,KH00002,SP019,1,690000,0,62000,40000,723000
DH2022003303,KH00001,SP013,3,990000,0,297000,28000,3295000
DH2022003759,KH00001,SP022,1,190000,0,18000,35000,237000
DH2022007208,KH00017,SP019,1,690000,0,66000,30000,752000
DH2022007816,KH00004,SP004,2,16990000,0,3160000,25000,34786000
DH2022008944,KH00036,SP008,1,13990000,0,1329000,22000,14641000
DH2022000908,KH00001,SP010,2,12990000,0,2416000,22000,26599000
DH2022002406,KH00006,SP007,1,23990000,0,2231000,40000,24582000
DH2022004615,KH00029,SP019,2,690000,0,121000,45000,1380000
DH2022005962,KH00005,SP003,1,19990000,0,1999000,35000,22024000
DH2022009644,KH00005,SP011,6,3990000,0,1915000,25000,21092000
DH2022002821,KH00020,SP015,4,7990000,0,2876000,35000,31675000
DH2022003158,KH00014,SP004,1,16990000,0,1648000,30000,18158000
DH2022004863,KH00013,SP020,1,1190000,0,115000,28000,1297000
DH2022000244,KH00001,SP003,2,19990000,0,3198000,25000,35207000
DH2022000417,KH00014,SP019,2,690000,0,128000,35000,1446000
DH2022001103,KH00004,SP005,2,4990000,0,898000,45000,9925000
DH2022003445,KH00714,SP010,8,12990000,0,10392000,45000,114357000
DH2022005130,KH00001,SP005,1,4990000,0,439000,22000,4852000
DH2022006797,KH00009,SP023,2,5990000,0,1114000,18000,12273000
DH2022007731,KH00001,SP021,5,350000,0,175000,18000,1943000
DH2022008342,KH00001,SP014,3,1190000,0,303000,28000,3365000
DH2022002561,KH00001,SP018,1,390000,0,39000,45000,474000
DH2022004118,KH00834,SP023,2,5990000,0,1078000,45000,11905000
DH2022005707,KH00005,SP004,1,16990000,0,1648000,25000,18153000
DH2022007091,KH00108,SP021,4,350000,0,140000,35000,1575000
DH2022007565,KH00003,SP001,3,4590000,0,1170000,35000,12909000
DH2022009195,KH00001,SP026,2,990000,0,178000,18000,1978000
DH2022001061,KH00007,SP024,3,5490000,0,1647000,35000,18152000
DH2022001758,KH00007,SP025,1,4290000,0,343000,35000,3810000
DH2022007900,KH00006,SP016,1,11990000,0,1199000,35000,13224000
DH2022009694,KH00001,SP026,3,990000,0,276000,28000,3066000
DH2022009908,KH01143,SP003,2,19990000,0,3998000,18000,43996000
DH2022004187,KH00001,SP018,1,390000,0,33000,25000,390000
DH2022004708,KH00001,SP021,4,350000,0,112000,45000,1277000
DH2022003544,KH00175,SP010,1,12990000,0,1104000,40000,12186000
DH2022004891,KH01863,SP018,2,390000,0,76000,40000,873000
DH2022005426,KH00002,SP019,1,690000,0,55000,25000,632000
DH2022006955,KH00001,SP001,1,4590000,0,436000,45000,4841000
DH2022001883,KH00069,SP006,1,7990000,0,639000,35000,7066000
DH2022003044,KH00001,SP011,2,3990000,0,798000,30000,8808000
DH2022003920,KH00009,SP018,3,390000,0,117000,45000,1332000
DH2022006728,KH00001,SP021,6,350000,0,210000,30000,2340000
DH2022009326,KH00002,SP026,10,990000,0,960000,45000,10608000
DH2022009576,KH01098,SP021,3,350000,0,102000,22000,1142000
DH2022001303,KH00001,SP022,1,190000,0,18000,35000,230000
DH2022002029,KH01629,SP020,2,1190000,0,202000,40000,2265000
DH2022006764,KH00015,SP001,5,4590000,0,2295000,22000,25267000
DH2022006853,KH00001,SP012,4,1590000,0,560000,25000,6182000
DH2022007678,KH00038,SP008,2,13990000,0,2798000,28000,30806000
DH2022009238,KH00001,SP004,2,16990000,0,2888000,25000,31796000
DH2022009662,KH00113,SP017,1,3290000,0,280000,40000,3116000
DH2022001262,KH00046,SP004,3,16990000,0,4842000,18000,53282000
DH2022003451,KH00003,SP026,2,990000,0,178000,40000,2000000
DH2022008698,KH00468,SP017,1,3290000,0,296000,22000,3279000
DH2022000102,KH00001,SP017,2,3290000,0,625000,28000,6904000
DH2022000963,KH00006,SP019,4,690000,0,276000,22000,3058000
DH2022001118,KH00004,SP022,2,190000,0,37000,30000,436000
DH2022002572,KH00010,SP005,5,4990000,0,2420000,30000,26652000
DH2022003000,KH00041,SP019,2,690000,0,138000,25000,1543000
DH2022004374,KH00162,SP025,1,4290000,0,429000,35000,4754000
DH2022004172,KH00002,SP016,1,11990000,0,1199000,45000,13234000
DH2022005154,KH00004,SP021,5,350000,0,140000,18000,1558000
DH2022005384,KH00021,SP010,4,12990000,0,4417000,28000,48611000
DH2022008391,KH00001,SP006,2,7990000,0,1598000,40000,17618000
DH2022000899,KH00096,SP016,6,11990000,0,7194000,22000,79156000
DH2022002698,KH00011,SP022,2,190000,0,32000,25000,380000
DH2022005966,KH00004,SP005,1,4990000,0,439000,35000,4865000
DH2022008043,KH00152,SP019,1,690000,0,64000,28000,734000
DH2022009970,KH00197,SP015,3,7990000,0,1918000,22000,21116000
DH2022001090,KH00001,SP021,3,350000,0,105000,30000,1185000
DH2022001351,KH00018,SP012,1,1590000,0,159000,25000,1774000
DH2022004889,KH00025,SP003,3,19990000,0,5697000,40000,62709000
DH2022003915,KH00003,SP006,6,7990000,0,4794000,45000,52779000
DH2022006998,KH00001,SP007,2,23990000,0,3838000,30000,42252000
DH2022000274,KH00003,SP011,1,3990000,0,351000,18000,3880000
DH2022000460,KH00001,SP011,2,3990000,0,638000,18000,7040000
DH2022001769,KH00002,SP024,2,5490000,0,878000,25000,9687000
DH2022002391,KH00004,SP011,2,3990000,0,742000,45000,8208000
DH2022006633,KH00002,SP011,1,3990000,0,387000,35000,4292000
DH2022001285,KH00002,SP026,1,990000,0,87000,28000,986000
DH2022002227,KH00087,SP016,1,11990000,0,1199000,25000,13214000
DH2022004412,KH00001,SP018,8,390000,0,281000,22000,3111000
DH2022001450,KH00326,SP014,1,1190000,0,113000,25000,1268000
DH2022001944,KH00001,SP017,4,3290000,0,1184000,22000,13050000
DH2022007066,KH00002,SP004,2,16990000,0,3398000,25000,37403000
DH2022003976,KH00001,SP015,2,7990000,0,1598000,35000,17613000
DH2022006336,KH00064,SP015,4,7990000,0,3196000,30000,35186000
DH2022007455,KH00013,SP010,2,12990000,0,2598000,35000,28613000
DH2022009331,KH00006,SP019,1,690000,0,59000,22000,667000
DH2022009899,KH00298,SP005,1,4990000,0,399000,25000,4416000
DH2022002931,KH00002,SP013,1,990000,0,99000,30000,1119000
DH2022008228,KH00002,SP015,1,7990000,0,799000,18000,8807000
DH2022008537,KH00001,SP022,3,190000,0,46000,22000,524000
DH2022009726,KH00001,SP023,1,5990000,0,539000,45000,5975000
DH2022003018,KH00001,SP005,1,4990000,0,424000,35000,4701000
DH2022003317,KH00010,SP023,2,5990000,0,1078000,22000,11882000
DH2022003385,KH00002,SP007,2,23990000,0,4798000,18000,52796000
DH2022005741,KH00004,SP005,2,4990000,0,928000,25000,10234000
DH2022006481,KH00026,SP019,3,690000,0,192000,35000,2152000
DH2022008521,KH00644,SP013,3,990000,0,252000,45000,2821000
DH2022008580,KH00004,SP004,1,16990000,0,1648000,40000,18168000
DH2022002792,KH00001,SP001,2,4590000,0,808000,40000,8926000
DH2022005414,KH00003,SP016,1,11990000,0,1199000,22000,13211000
DH2022008782,KH00433,SP015,3,7990000,0,2397000,25000,26392000
DH2022001808,KH00348,SP016,1,11990000,0,1115000,25000,12291000
DH2022002279,KH00002,SP019,1,690000,0,69000,35000,794000
DH2022004866,KH00040,SP007,2,23990000,0,4318000,28000,47528000
DH2022005591,KH00073,SP014,1,1190000,0,119000,28000,1337000
DH2022007223,KH00837,SP022,4,190000,0,71000,28000,806000
DH2022002601,KH00003,SP016,10,11990000,0,11390000,22000,125317000
DH2022003803,KH00006,SP007,1,23990000,0,2399000,22000,26411000
DH2022004475,KH00002,SP016,3,11990000,0,3345000,45000,36842000
DH2022007293,KH00855,SP003,1,19990000,0,1999000,25000,22014000
DH2022003577,KH00001,SP016,2,11990000,0,2398000,30000,26408000
DH2022000173,KH00037,SP018,1,390000,0,33000,40000,405000
DH2022005395,KH00003,SP010,4,12990000,0,4676000,45000,51485000
DH2022007329,KH00014,SP008,1,13990000,0,1119000,35000,12346000
DH2022009311,KH00160,SP014,2,1190000,0,209000,45000,2348000
DH2022009412,KH00041,SP012,3,1590000,0,453000,45000,5030000
DH2022007260,KH00006,SP017,1,3290000,0,290000,18000,3203000
DH2022008004,KH00053,SP025,1,4290000,0,365000,40000,4051000
DH2022008020,KH00009,SP022,1,190000,0,17000,30000,218000
DH2022004623,KH00014,SP018,1,390000,0,39000,25000,454000
DH2022006119,KH00001,SP026,1,990000,0,79000,45000,916000
DH2022007947,KH00022,SP026,2,990000,0,168000,25000,1876000
DH2022008438,KH00008,SP010,1,12990000,0,1299000,18000,14307000
DH2022009281,KH00009,SP018,5,390000,0,181000,40000,2035000
DH2022009343,KH02221,SP021,2,350000,0,70000,25000,795000
DH2022002973,KH00002,SP017,1,3290000,0,329000,30000,3649000
DH2022003216,KH00320,SP001,3,4590000,0,1170000,35000,12909000
DH2022004346,KH00108,SP024,1,5490000,0,511000,22000,5639000
DH2022006430,KH00010,SP011,1,3990000,0,359000,35000,3985000
DH2022007935,KH00006,SP001,1,4590000,0,459000,40000,5089000
DH2022008071,KH00041,SP010,2,12990000,0,2598000,25000,28603000
DH2022000822,KH00015,SP011,1,3990000,0,359000,45000,3995000
DH2022002585,KH00042,SP003,3,19990000,0,5997000,22000,65989000
DH2022002814,KH00003,SP024,2,5490000,0,1098000,28000,12106000
DH2022003811,KH00048,SP011,2,3990000,0,798000,30000,8808000
DH2022005805,KH00001,SP009,3,15990000,0,4221000,45000,46480000
DH2022006231,KH00003,SP024,5,5490000,0,2745000,18000,30213000
DH2022007981,KH00131,SP012,1,1590000,0,127000,35000,1434000
DH2022009491,KH00001,SP026,1,990000,0,99000,25000,1114000
DH2022000776,KH00054,SP014,3,1190000,0,321000,45000,3579000
DH2022004691,KH00690,SP008,1,13990000,0,1357000,22000,14949000
DH2022004992,KH00001,SP015,2,7990000,0,1486000,28000,16375000
DH2022006674,KH00019,SP016,2,11990000,0,2158000,45000,23785000
DH2022007130,KH00001,SP007,4,23990000,0,7677000,35000,84480000
DH2022003670,KH00001,SP024,2,5490000,0,1098000,45000,12123000
DH2022003912,KH00008,SP016,2,11990000,0,1918000,25000,21127000
DH2022006049,KH00011,SP017,3,3290000,0,839000,28000,9257000
DH2022007123,KH00118,SP004,3,16990000,0,4587000,35000,50495000
DH2022007512,KH00503,SP006,1,7990000,0,799000,18000,8807000
DH2022008612,KH00001,SP016,1,11990000,0,1079000,40000,11910000
DH2022000944,KH00001,SP015,2,7990000,0,1598000,35000,17613000
DH2022003305,KH00004,SP026,1,990000,0,99000,25000,1114000
DH2022004026,KH00009,SP026,3,990000,0,267000,28000,2968000
DH2022006154,KH00118,SP026,1,990000,0,84000,30000,956000
DH2022008230,KH00001,SP024,1,5490000,0,532000,30000,5887000
DH2022009954,KH00071,SP019,3,690000,0,182000,40000,2044000
DH2022000578,KH00047,SP018,2,390000,0,78000,35000,893000
DH2022003917,KH00001,SP010,6,12990000,0,6859000,25000,75471000
DH2022004501,KH00018,SP022,3,190000,0,46000,45000,547000
DH2022005574,KH00003,SP025,1,4290000,0,416000,45000,4622000
DH2022006780,KH00001,SP001,1,4590000,0,413000,28000,4572000
DH2022006782,KH00266,SP023,2,5990000,0,1198000,35000,13213000
DH2022008002,KH00003,SP001,3,4590000,0,1239000,18000,13650000
DH2022009741,KH00001,SP023,1,5990000,0,599000,30000,6619000
DH2022000869,KH00002,SP005,1,4990000,0,499000,45000,5534000
DH2022002520,KH00019,SP006,2,7990000,0,1358000,22000,14963000
DH2022006189,KH00156,SP012,3,1590000,0,444000,18000,4898000
DH2022000076,KH00021,SP001,5,4590000,0,2226000,22000,24510000
DH2022001095,KH00001,SP026,2,990000,0,184000,28000,2053000
DH2022002480,KH00007,SP018,2,390000,0,76000,22000,855000
DH2022006057,KH01972,SP003,1,19990000,0,1899000,25000,20914000
DH2022007866,KH00002,SP004,2,16990000,0,2990000,40000,32932000
DH2022000306,KH00001,SP019,3,690000,0,197000,25000,2188000
DH2022002485,KH01671,SP007,1,23990000,0,2399000,35000,26424000
DH2022004194,KH00002,SP015,4,7990000,0,2972000,40000,32735000
DH2022004683,KH00003,SP020,5,1190000,0,476000,30000,5266000
DH2022007876,KH00004,SP005,1,4990000,0,484000,40000,5364000
DH2022009262,KH00194,SP001,2,4590000,0,872000,30000,9623000
DH2022009946,KH00014,SP019,4,690000,0,262000,45000,2929000
DH2022000368,KH00124,SP001,1,4590000,0,436000,30000,4826000
DH2022000714,KH00399,SP006,8,7990000,0,6392000,22000,70334000
DH2022005763,KH00012,SP002,2,18990000,0,3684000,35000,40560000
DH2022009905,KH00023,SP025,2,4290000,0,798000,28000,8805000
DH2022005978,KH00009,SP005,4,4990000,0,1756000,18000,19339000
DH2022007126,KH01308,SP013,3,990000,0,252000,35000,2811000
DH2022000343,KH00156,SP023,4,5990000,0,1917000,25000,21110000
DH2022001148,KH00001,SP008,1,13990000,0,1301000,18000,14330000
DH2022004259,KH00001,SP001,1,4590000,0,427000,40000,4736000
DH2022005071,KH00057,SP008,1,13990000,0,1119000,25000,12336000
DH2022005261,KH00002,SP007,8,23990000,0,19192000,35000,211147000
DH2022005912,KH00002,SP014,1,1190000,0,105000,22000,1174000
DH2022003116,KH00001,SP003,2,19990000,0,3598000,28000,39608000
DH2022006868,KH00554,SP013,1,990000,0,99000,22000,1111000
DH2022000718,KH01962,SP021,5,350000,0,166000,25000,1853000
DH2022001327,KH00010,SP026,2,990000,0,178000,25000,1985000
DH2022002375,KH00614,SP004,1,16990000,0,1699000,45000,18734000
DH2022002825,KH00017,SP010,3,12990000,0,3624000,28000,39894000
DH2022006482,KH00063,SP012,1,1590000,0,159000,22000,1771000
DH2022006766,KH00001,SP007,1,23990000,0,2231000,18000,24560000
DH2022006787,KH00093,SP011,1,3990000,0,359000,35000,3985000
DH2022007253,KH00001,SP024,3,5490000,0,1482000,40000,16345000
DH2022007883,KH00924,SP025,1,4290000,0,408000,22000,4506000
DH2022008134,KH01911,SP010,2,12990000,0,2286000,45000,25193000
DH2022008312,KH00001,SP015,2,7990000,0,1598000,40000,17618000
DH2022008341,KH00016,SP015,1,7990000,0,799000,30000,8819000
DH2022003546,KH00001,SP006,1,7990000,0,799000,25000,8814000
DH2022005693,KH00202,SP015,4,7990000,0,2717000,25000,29908000
DH2022007776,KH00803,SP019,3,690000,0,192000,35000,2152000
DH2022001735,KH00006,SP021,1,350000,0,32000,25000,372000
DH2022002245,KH00001,SP020,4,1190000,0,476000,18000,5254000
DH2022005561,KH00001,SP025,4,4290000,0,1716000,40000,18916000
DH2022000047,KH00051,SP015,2,7990000,0,1598000,18000,17596000
DH2022000825,KH00001,SP006,4,7990000,0,2557000,35000,28160000
DH2022001605,KH00001,SP004,6,16990000,0,9480000,18000,104302000
DH2022002859,KH00089,SP023,3,5990000,0,1438000,18000,15832000
DH2022004013,KH00036,SP021,1,350000,0,35000,40000,425000
DH2022007641,KH01622,SP018,1,390000,0,39000,45000,474000
DH2022008829,KH00001,SP014,1,1190000,0,101000,18000,1131000
DH2022001972,KH00001,SP018,1,390000,0,39000,25000,454000
DH2022002599,KH00005,SP022,1,190000,0,18000,30000,228000
DH2022006514,KH00002,SP012,6,1590000,0,887000,40000,9799000
DH2022007186,KH00091,SP021,1,350000,0,32000,35000,392000
DH2022007649,KH00001,SP015,1,7990000,0,799000,18000,8807000
DH2022001810,KH00018,SP020,1,1190000,0,101000,18000,1131000
DH2022006758,KH00023,SP008,2,13990000,0,2518000,30000,27730000
DH2022008708,KH00065,SP016,1,11990000,0,1163000,25000,12818000
DH2022001058,KH00001,SP021,4,350000,0,123000,45000,1400000
DH2022004247,KH00007,SP012,2,1590000,0,318000,25000,3523000
DH2022004684,KH00486,SP008,1,13990000,0,1231000,30000,13572000
DH2022006203,KH00006,SP012,1,1590000,0,143000,28000,1602000
DH2022006485,KH00001,SP013,1,990000,0,89000,18000,998000
DH2022000136,KH00102,SP002,1,18990000,0,1671000,18000,18400000
DH2022000470,KH00452,SP007,1,23990000,0,1919000,35000,21146000
DH2022004788,KH00002,SP017,1,3290000,0,290000,45000,3230000
DH2022006322,KH00001,SP024,1,5490000,0,511000,25000,5642000
DH2022008940,KH00001,SP020,1,1190000,0,101000,22000,1135000
DH2022009833,KH00003,SP020,4,1190000,0,476000,22000,5258000
DH2022000657,KH00018,SP009,1,15990000,0,1551000,35000,17096000
DH2022009621,KH00049,SP016,3,11990000,0,3489000,28000,38408000
DH2022002021,KH00051,SP018,2,390000,0,74000,25000,840000
DH2022002726,KH00003,SP014,6,1190000,0,664000,28000,7332000
DH2022003085,KH00010,SP025,1,4290000,0,429000,18000,4737000
DH2022004532,KH00007,SP007,2,23990000,0,4558000,28000,50167000
DH2022006825,KH00052,SP022,1,190000,0,18000,25000,223000
DH2022007162,KH00744,SP018,3,390000,0,117000,30000,1317000
DH2022007449,KH00001,SP013,2,990000,0,174000,18000,1934000
DH2022006839,KH00116,SP003,4,19990000,0,7996000,45000,88001000
DH2022001907,KH00005,SP002,1,18990000,0,1766000,30000,19457000
DH2022005809,KH00004,SP020,1,1190000,0,107000,35000,1213000
DH2022006613,KH00011,SP008,1,13990000,0,1189000,30000,13111000
DH2022007497,KH00003,SP012,2,1590000,0,254000,40000,2838000
DH2022000803,KH00021,SP010,5,12990000,0,5521000,22000,60751000
DH2022004826,KH00014,SP017,2,3290000,0,658000,35000,7273000
DH2022006355,KH00003,SP013,1,990000,0,89000,45000,1025000
DH2022006365,KH00012,SP002,4,18990000,0,7064000,25000,77732000
DH2022009174,KH00011,SP001,2,4590000,0,890000,18000,9813000
DH2022000167,KH00012,SP003,1,19990000,0,1999000,22000,22011000
DH2022002759,KH00003,SP024,4,5490000,0,2042000,25000,22490000
DH2022003286,KH00001,SP015,1,7990000,0,703000,30000,7764000
DH2022006814,KH00004,SP020,1,1190000,0,113000,18000,1261000
DH2022007523,KH00003,SP001,1,4590000,0,367000,40000,4079000
DH2022007854,KH00003,SP013,2,990000,0,158000,45000,1787000
DH2022008936,KH00024,SP006,5,7990000,0,3795000,35000,41782000
DH2022009756,KH00426,SP013,1,990000,0,84000,45000,971000
DH2022002015,KH00012,SP023,1,5990000,0,581000,22000,6413000
DH2022003182,KH00002,SP004,1,16990000,0,1614000,35000,17789000
DH2022005382,KH00001,SP008,5,13990000,0,5946000,35000,65439000
DH2022005724,KH00002,SP019,1,690000,0,55000,45000,652000
DH2022006560,KH00283,SP020,1,1190000,0,119000,30000,1339000
DH2022007137,KH00028,SP016,4,11990000,0,4316000,28000,47508000
DH2022007321,KH00003,SP012,2,1590000,0,270000,28000,3001000
DH2022001220,KH00046,SP013,4,990000,0,384000,30000,4255000
DH2022003970,KH00011,SP020,2,1190000,0,226000,30000,2517000
DH2022006772,KH00024,SP004,2,16990000,0,3398000,30000,37408000
DH2022006843,KH00001,SP010,1,12990000,0,1260000,45000,13905000
DH2022007328,KH00013,SP004,1,16990000,0,1648000,45000,18173000
DH2022007693,KH00001,SP022,1,190000,0,16000,28000,206000
DH2022009072,KH00001,SP010,3,12990000,0,3312000,40000,36476000
DH2022001716,KH00001,SP017,1,3290000,0,306000,30000,3396000
DH2022001921,KH00420,SP026,1,990000,0,99000,25000,1114000
DH2022003875,KH00092,SP003,2,19990000,0,3518000,25000,38725000
DH2022003880,KH00010,SP003,2,19990000,0,3998000,28000,44006000
DH2022005006,KH00668,SP024,1,5490000,0,439000,30000,4861000
DH2022000802,KH00075,SP012,8,1590000,0,1119000,35000,12348000
DH2022004999,KH00001,SP016,2,11990000,0,1918000,30000,21132000
DH2022007266,KH00001,SP025,4,4290000,0,1716000,28000,18904000
DH2022007289,KH00365,SP015,1,7990000,0,703000,28000,7762000
DH2022001870,KH00269,SP001,1,4590000,0,459000,45000,5094000
DH2022002173,KH00147,SP017,3,3290000,0,987000,18000,10875000
DH2022004802,KH00024,SP021,1,350000,0,30000,40000,368000
DH2022005837,KH00280,SP001,3,4590000,0,1308000,18000,14408000
DH2022006360,KH01008,SP025,1,4290000,0,429000,40000,4759000
DH2022000194,KH00163,SP016,1,11990000,0,1199000,35000,13224000
DH2022007928,KH00001,SP019,5,690000,0,293000,35000,3260000
DH2022009252,KH00001,SP008,2,13990000,0,2602000,25000,28648000
DH2022002516,KH00003,SP023,1,5990000,0,581000,40000,6431000
DH2022004165,KH00001,SP016,1,11990000,0,1199000,22000,13211000
DH2022008343,KH00002,SP007,1,23990000,0,2327000,30000,25627000
DH2022009073,KH00016,SP002,3,18990000,0,5127000,30000,56430000
DH2022009587,KH00002,SP022,2,190000,0,38000,45000,463000
DH2022006708,KH00001,SP001,1,4590000,0,413000,40000,4584000
DH2022009989,KH00001,SP008,3,13990000,0,3903000,25000,42960000
DH2022000880,KH00002,SP011,3,3990000,0,1161000,35000,12807000
DH2022002587,KH00002,SP012,1,1590000,0,143000,40000,1614000
DH2022006500,KH00001,SP023,5,5990000,0,2995000,25000,32970000
DH2022006802,KH00427,SP012,2,1590000,0,296000,25000,3278000
DH2022009771,KH00003,SP002,1,18990000,0,1766000,28000,19455000
DH2022007233,KH00005,SP015,5,7990000,0,3715000,22000,40890000
DH2022001104,KH00003,SP011,1,3990000,0,399000,28000,4417000
DH2022003506,KH00001,SP023,2,5990000,0,958000,28000,10570000
DH2022006111,KH00001,SP006,4,7990000,0,3196000,18000,35174000
DH2023001134,KH00001,SP010,4,12990000,0,4572000,22000,50319000
DH2023001348,KH00004,SP026,1,990000,0,94000,45000,1079000
DH2023001380,KH00001,SP025,1,4290000,0,429000,18000,4737000
DH2023002101,KH00048,SP016,1,11990000,0,1115000,30000,12296000
DH2023003192,KH00002,SP017,1,3290000,0,306000,35000,3401000
DH2023007971,KH00145,SP012,1,1590000,0,135000,35000,1522000
DH2023009131,KH00435,SP006,3,7990000,0,2037000,18000,22429000
DH2023000966,KH00001,SP020,1,1190000,0,111000,28000,1246000
DH2023003118,KH00001,SP020,1,1190000,0,105000,22000,1174000
DH2023004323,KH00006,SP009,1,15990000,0,1519000,35000,16744000
DH2023004754,KH00005,SP005,2,4990000,0,928000,35000,10244000
DH2023007908,KH00036,SP007,1,23990000,0,2327000,22000,25619000
DH2023008601,KH00003,SP015,2,7990000,0,1598000,45000,17623000
DH2023000871,KH00316,SP025,1,4290000,0,386000,25000,4272000
DH2023004923,KH00001,SP010,2,12990000,0,2520000,25000,27746000
DH2023006498,KH00001,SP016,3,11990000,0,2878000,28000,31682000
DH2023007381,KH00001,SP012,1,1590000,0,143000,28000,1602000
DH2023001377,KH01927,SP013,1,990000,0,87000,18000,976000
DH2023001935,KH00027,SP009,1,15990000,0,1487000,40000,16398000
DH2023003259,KH00002,SP021,1,350000,0,35000,18000,403000
DH2023003422,KH00002,SP016,2,11990000,0,2158000,30000,23770000
DH2023005584,KH00003,SP023,1,5990000,0,599000,18000,6607000
DH2023007342,KH00004,SP002,6,18990000,0,11394000,40000,125374000
DH2023007457,KH00010,SP015,1,7990000,0,759000,28000,8377000
DH2023007862,KH00012,SP003,3,19990000,0,4798000,40000,52814000
DH2023000813,KH00201,SP011,1,3990000,0,339000,25000,3756000
DH2023001635,KH00163,SP026,1,990000,0,99000,30000,1119000
DH2023002215,KH00001,SP014,2,1190000,0,221000,30000,2464000
DH2023003852,KH00018,SP025,1,4290000,0,386000,18000,4265000
DH2023004044,KH00002,SP019,2,690000,0,121000,28000,1363000
DH2023004311,KH00001,SP007,2,23990000,0,4318000,22000,47522000
DH2023009718,KH00036,SP025,1,4290000,0,429000,30000,4749000
DH2023001578,KH00001,SP008,2,13990000,0,2714000,35000,29890000
DH2023002662,KH00030,SP002,1,18990000,0,1614000,22000,17778000
DH2023005091,KH00007,SP002,6,18990000,0,10027000,40000,110334000
DH2023006788,KH00029,SP004,10,16990000,0,15291000,35000,168236000
DH2023000457,KH00001,SP026,1,990000,0,92000,25000,1038000
DH2023000622,KH00022,SP020,4,1190000,0,476000,18000,5254000
DH2023006979,KH00001,SP014,3,1190000,0,321000,25000,3559000
DH2023007612,KH00002,SP003,2,19990000,0,3878000,22000,42681000
DH2023008564,KH00006,SP024,2,5490000,0,1098000,18000,12096000
DH2023000328,KH00002,SP023,1,5990000,0,479000,40000,5311000
DH2023000611,KH01070,SP004,1,16990000,0,1614000,25000,17779000
DH2023004632,KH00132,SP013,1,990000,0,84000,30000,956000
DH2023005790,KH00032,SP019,1,690000,0,69000,30000,789000
DH2023006785,KH00001,SP025,1,4290000,0,429000,22000,4741000
DH2023007410,KH00001,SP011,1,3990000,0,371000,22000,4104000
DH2023009701,KH00002,SP006,1,7990000,0,775000,28000,8553000
DH2023000313,KH00002,SP007,3,23990000,0,7197000,40000,79207000
DH2023003105,KH00008,SP017,2,3290000,0,638000,30000,7051000
DH2023007000,KH00269,SP017,2,3290000,0,579000,45000,6414000
DH2023007014,KH01564,SP025,1,4290000,0,416000,40000,4617000
DH2023008570,KH00010,SP017,8,3290000,0,2106000,40000,23202000
DH2023000916,KH00961,SP019,2,690000,0,128000,22000,1433000
DH2023004371,KH00001,SP025,2,4290000,0,772000,22000,8516000
DH2023004658,KH00022,SP018,2,390000,0,72000,45000,842000
DH2023007275,KH00012,SP021,1,350000,0,28000,40000,348000
DH2023007571,KH00001,SP008,1,13990000,0,1329000,35000,14654000
DH2023009478,KH00005,SP013,1,990000,0,99000,45000,1134000
DH2023001498,KH00001,SP021,1,350000,0,35000,40000,425000
DH2023002421,KH00007,SP020,4,1190000,0,428000,25000,4737000
DH2023002829,KH00647,SP013,1,990000,0,89000,22000,1002000
DH2023006539,KH00170,SP013,1,990000,0,99000,45000,1134000
DH2023000581,KH00003,SP009,1,15990000,0,1599000,40000,17629000
DH2023002454,KH00133,SP014,2,1190000,0,238000,30000,2648000
DH2023002852,KH00011,SP011,5,3990000,0,1756000,18000,19330000
DH2023003406,KH00907,SP016,3,11990000,0,3345000,30000,36827000
DH2023000541,KH00001,SP002,1,18990000,0,1614000,45000,17801000
DH2023006020,KH01638,SP022,6,190000,0,97000,18000,1084000
DH2023000517,KH00019,SP017,4,3290000,0,1053000,22000,11603000
DH2023004004,KH00072,SP019,1,690000,0,67000,18000,754000
DH2023005795,KH00006,SP017,1,3290000,0,319000,30000,3540000
DH2023008476,KH00004,SP024,1,5490000,0,522000,35000,5773000
DH2023008735,KH00004,SP025,3,4290000,0,1094000,28000,12062000
DH2023001989,KH00001,SP005,1,4990000,0,484000,28000,5352000
DH2023004789,KH00078,SP013,2,990000,0,178000,30000,1990000
DH2023001230,KH00015,SP021,6,350000,0,204000,22000,2263000
DH2023002673,KH00273,SP010,5,12990000,0,5846000,18000,64319000
DH2023003269,KH00018,SP024,5,5490000,0,2333000,40000,25705000
DH2023004868,KH01314,SP020,2,1190000,0,238000,35000,2653000
DH2023008262,KH00002,SP007,2,23990000,0,4222000,25000,46469000
DH2023008599,KH00003,SP014,4,1190000,0,381000,30000,4219000
DH2023003203,KH00001,SP004,1,16990000,0,1699000,22000,18711000
DH2023003892,KH00003,SP015,2,7990000,0,1550000,45000,17096000
DH2023004626,KH00272,SP007,6,23990000,0,13674000,28000,150445000
DH2023000053,KH00001,SP008,2,13990000,0,2658000,22000,29261000
DH2023000620,KH00001,SP015,1,7990000,0,799000,28000,8817000
DH2023000777,KH00068,SP002,6,18990000,0,11394000,35000,125369000
DH2023002707,KH00001,SP018,3,390000,0,99000,18000,1111000
DH2023004392,KH00049,SP003,1,19990000,0,1999000,35000,22024000
DH2023004489,KH00001,SP004,5,16990000,0,7476000,18000,82250000
DH2023006957,KH00099,SP024,4,5490000,0,2130000,22000,23453000
DH2023007390,KH00077,SP010,1,12990000,0,1299000,28000,14317000
DH2023007682,KH00031,SP021,1,350000,0,30000,28000,356000
DH2023008033,KH00012,SP010,1,12990000,0,1104000,30000,12176000
DH2023008498,KH00006,SP007,1,23990000,0,2399000,45000,26434000
DH2023008587,KH00004,SP021,2,350000,0,63000,28000,721000
DH2023000359,KH00009,SP010,2,12990000,0,2286000,35000,25183000
DH2023004938,KH00048,SP023,5,5990000,0,2785000,35000,30673000
DH2023005290,KH00040,SP024,1,5490000,0,439000,28000,4859000
DH2023006577,KH00031,SP023,10,5990000,0,4792000,22000,52734000
DH2023006715,KH00010,SP005,1,4990000,0,499000,45000,5534000
DH2023006756,KH00005,SP012,2,1590000,0,302000,35000,3358000
DH2023008340,KH00001,SP005,1,4990000,0,499000,25000,5514000
DH2023009497,KH00004,SP023,3,5990000,0,1438000,22000,15836000
DH2023000331,KH00001,SP016,3,11990000,0,3237000,40000,35650000
DH2023005166,KH00008,SP019,2,690000,0,138000,35000,1553000
DH2023005324,KH00002,SP024,1,5490000,0,532000,40000,5897000
DH2023007286,KH00007,SP015,5,7990000,0,3516000,18000,38690000
DH2023009482,KH00006,SP021,6,350000,0,200000,25000,2220000
DH2023000017,KH00052,SP017,5,3290000,0,1448000,45000,15969000
DH2023004909,KH00002,SP023,1,5990000,0,539000,28000,5958000
DH2023006343,KH00037,SP019,3,690000,0,201000,30000,2239000
DH2023009810,KH00003,SP005,1,4990000,0,499000,30000,5519000
DH2023000162,KH00001,SP003,1,19990000,0,1599000,30000,17621000
DH2023001629,KH00026,SP013,2,990000,0,178000,25000,1985000
DH2023005573,KH00019,SP002,2,18990000,0,3684000,45000,40570000
DH2023005726,KH00001,SP019,2,690000,0,138000,45000,1563000
DH2023006378,KH00009,SP007,1,23990000,0,2327000,45000,25642000
DH2023007926,KH00005,SP008,2,13990000,0,2798000,45000,30823000
DH2023008172,KH00403,SP023,8,5990000,0,4313000,25000,47466000
DH2023009296,KH00002,SP019,2,690000,0,138000,35000,1553000
DH2023000514,KH00053,SP025,2,4290000,0,832000,25000,9180000
DH2023002114,KH00025,SP025,2,4290000,0,832000,45000,9200000
DH2023003271,KH00010,SP001,2,4590000,0,918000,30000,10128000
DH2023004816,KH00058,SP016,2,11990000,0,2278000,22000,25081000
DH2023005323,KH00002,SP008,3,13990000,0,3358000,28000,36962000
DH2023006066,KH00875,SP007,1,23990000,0,2399000,25000,26414000
DH2023008067,KH00107,SP024,3,5490000,0,1565000,18000,17229000
DH2023008542,KH00002,SP026,1,990000,0,89000,28000,1008000
DH2023003923,KH00004,SP005,1,4990000,0,464000,25000,5130000
DH2023006810,KH00006,SP025,1,4290000,0,378000,45000,4198000
DH2023007737,KH00010,SP019,2,690000,0,110000,45000,1259000
DH2023001469,KH00013,SP021,2,350000,0,70000,40000,810000
DH2023002416,KH00042,SP016,1,11990000,0,1115000,18000,12284000
DH2023002924,KH00031,SP022,1,190000,0,18000,30000,225000
DH2023003680,KH00001,SP004,1,16990000,0,1699000,28000,18717000
DH2023005328,KH00001,SP003,1,19990000,0,1799000,30000,19820000
DH2023000200,KH00002,SP003,3,19990000,0,5817000,28000,64016000
DH2023000771,KH00007,SP011,2,3990000,0,798000,25000,8803000
DH2023002068,KH00774,SP013,1,990000,0,84000,30000,956000
DH2023003512,KH00010,SP002,2,18990000,0,3228000,22000,35533000
DH2023004744,KH00011,SP004,2,16990000,0,3398000,25000,37403000
DH2023005079,KH00760,SP023,1,5990000,0,599000,25000,6614000
DH2023005515,KH00023,SP011,4,3990000,0,1484000,30000,16357000
DH2023005835,KH00108,SP018,5,390000,0,185000,28000,2065000
DH2023008785,KH00071,SP014,1,1190000,0,101000,35000,1148000
DH2023009450,KH00003,SP001,5,4590000,0,2295000,40000,25285000
DH2023000820,KH00003,SP007,1,23990000,0,2399000,45000,26434000
DH2023001722,KH00001,SP012,2,1590000,0,318000,22000,3520000
DH2023002330,KH00047,SP007,2,23990000,0,4222000,40000,46484000
DH2023003089,KH00002,SP010,3,12990000,0,3429000,45000,37768000
DH2023004608,KH00001,SP006,1,7990000,0,679000,45000,7516000
DH2023009446,KH00001,SP013,2,990000,0,178000,18000,1978000
DH2023009815,KH00013,SP026,1,990000,0,79000,25000,896000
DH2023000920,KH00001,SP008,1,13990000,0,1231000,25000,13567000
DH2023004543,KH00001,SP007,1,23990000,0,1919000,40000,21151000
DH2023006352,KH00005,SP012,2,1590000,0,318000,45000,3543000
DH2023007063,KH00001,SP005,1,4990000,0,499000,35000,5524000
DH2023001074,KH00001,SP005,2,4990000,0,998000,40000,11018000
DH2023003389,KH00003,SP023,4,5990000,0,2156000,30000,23750000
DH2023004685,KH00014,SP024,2,5490000,0,1043000,35000,11509000
DH2023009814,KH00001,SP009,2,15990000,0,2718000,45000,29946000
DH2023000070,KH00003,SP003,3,19990000,0,5997000,45000,66012000
DH2023000554,KH00017,SP024,2,5490000,0,1098000,25000,12103000
DH2023001644,KH00004,SP013,2,990000,0,198000,28000,2206000
DH2023005371,KH00060,SP015,3,7990000,0,2397000,45000,26412000
DH2023007515,KH01970,SP004,2,16990000,0,3228000,30000,35539000
DH2023007832,KH00002,SP015,3,7990000,0,2325000,22000,25598000
DH2023008424,KH00001,SP010,4,12990000,0,5040000,25000,55466000
DH2023000486,KH00001,SP018,1,390000,0,33000,40000,405000
DH2023004827,KH00001,SP011,3,3990000,0,1113000,28000,12273000
DH2023005295,KH00004,SP022,1,190000,0,16000,28000,206000
DH2023007397,KH01535,SP004,6,16990000,0,8155000,25000,89732000
DH2023008123,KH00106,SP008,2,13990000,0,2798000,35000,30813000
DH2023008396,KH00003,SP021,1,350000,0,33000,22000,387000
DH2023009434,KH00005,SP025,3,4290000,0,1197000,40000,13206000
DH2023006211,KH01055,SP008,1,13990000,0,1399000,25000,15414000
DH2023006774,KH00016,SP001,3,4590000,0,1377000,45000,15192000
DH2023007259,KH00007,SP005,1,4990000,0,399000,30000,4421000
DH2023001419,KH00003,SP016,1,11990000,0,959000,45000,10596000
DH2023002127,KH00002,SP016,3,11990000,0,3057000,45000,33676000
DH2023002160,KH00001,SP007,4,23990000,0,9596000,35000,105591000
DH2023005631,KH00002,SP010,1,12990000,0,1169000,35000,12895000
DH2023005899,KH00010,SP023,1,5990000,0,599000,22000,6611000
DH2023008546,KH00196,SP010,5,12990000,0,6495000,35000,71480000
DH2023000023,KH00007,SP011,8,3990000,0,2554000,18000,28108000
DH2023000593,KH00063,SP005,5,4990000,0,2246000,28000,24729000
DH2023000707,KH00001,SP004,4,16990000,0,6796000,45000,74801000
DH2023004674,KH00731,SP004,1,16990000,0,1529000,45000,16865000
DH2023007871,KH00521,SP012,2,1590000,0,286000,40000,3188000
DH2023009711,KH00011,SP004,2,16990000,0,3398000,30000,37408000
DH2023003325,KH00504,SP007,2,23990000,0,4318000,18000,47518000
DH2023004279,KH00047,SP005,5,4990000,0,2320000,25000,25548000
DH2023005195,KH00081,SP017,2,3290000,0,638000,35000,7056000
DH2023000687,KH00001,SP002,1,18990000,0,1519000,40000,16751000
DH2023001594,KH00002,SP014,3,1190000,0,357000,35000,3962000
DH2023001962,KH00001,SP004,3,16990000,0,4842000,28000,53292000
DH2023002373,KH00004,SP006,1,7990000,0,799000,45000,8834000
DH2023005757,KH00365,SP026,2,990000,0,174000,45000,1961000
DH2023006170,KH00028,SP008,2,13990000,0,2462000,25000,27109000
DH2023007472,KH01875,SP017,1,3290000,0,263000,40000,2935000
DH2023007015,KH01685,SP003,1,19990000,0,1899000,30000,20919000
DH2023008133,KH00004,SP012,4,1590000,0,541000,35000,5982000
DH2023008798,KH00019,SP023,3,5990000,0,1743000,35000,19209000
DH2023000066,KH00025,SP005,5,4990000,0,2196000,25000,24177000
DH2023001362,KH00078,SP006,4,7990000,0,2876000,25000,31665000
DH2023005879,KH00002,SP014,1,1190000,0,115000,45000,1314000
DH2023009066,KH00001,SP023,1,5990000,0,539000,18000,5948000
DH2023009903,KH00077,SP011,1,3990000,0,339000,35000,3766000
DH2023004719,KH00005,SP004,2,16990000,0,3398000,35000,37413000
DH2023005043,KH00007,SP018,5,390000,0,166000,18000,1842000
DH2023005690,KH00036,SP012,2,1590000,0,280000,25000,3103000
DH2023006434,KH00086,SP024,5,5490000,0,2333000,28000,25693000
DH2023004047,KH00001,SP015,1,7990000,0,639000,45000,7076000
DH2023007706,KH01414,SP019,2,690000,0,128000,25000,1436000
DH2023009912,KH00001,SP003,3,19990000,0,5997000,30000,65997000
DH2023001038,KH00031,SP002,2,18990000,0,3798000,22000,41800000
DH2023002747,KH00082,SP016,1,11990000,0,959000,30000,10581000
DH2023006242,KH00017,SP021,3,350000,0,105000,28000,1183000
DH2023008847,KH00420,SP018,2,390000,0,76000,40000,873000
DH2023001590,KH00084,SP006,3,7990000,0,1918000,25000,21119000
DH2023004154,KH00002,SP001,1,4590000,0,413000,40000,4584000
DH2023008555,KH00001,SP005,1,4990000,0,424000,18000,4684000
DH2023003163,KH00340,SP015,1,7990000,0,775000,45000,8570000
DH2023006213,KH00025,SP018,3,390000,0,117000,30000,1317000
DH2023009704,KH00001,SP011,1,3990000,0,399000,35000,4424000
DH2023000325,KH00002,SP012,4,1590000,0,541000,25000,5972000
DH2023003561,KH00051,SP017,1,3290000,0,290000,35000,3220000
DH2023004480,KH00003,SP004,2,16990000,0,2718000,28000,29930000
DH2023004688,KH00001,SP018,1,390000,0,33000,45000,410000
DH2023005014,KH00006,SP026,4,990000,0,337000,28000,3731000
DH2023001363,KH00004,SP024,1,5490000,0,522000,22000,5760000
DH2023002289,KH00001,SP011,10,3990000,0,3591000,30000,39531000
DH2023002947,KH00067,SP025,2,4290000,0,832000,30000,9185000
DH2023000323,KH01578,SP012,1,1590000,0,159000,40000,1789000
DH2023000981,KH00011,SP004,2,16990000,0,3228000,22000,35531000
DH2023003812,KH00054,SP007,5,23990000,0,10796000,30000,118781000
DH2023008154,KH00006,SP009,1,15990000,0,1519000,28000,16737000
DH2023008496,KH01830,SP012,2,1590000,0,318000,30000,3528000
DH2023000365,KH00279,SP022,3,190000,0,57000,35000,662000
DH2023000465,KH00001,SP012,1,1590000,0,159000,35000,1784000
DH2023003133,KH00257,SP022,1,190000,0,18000,40000,235000
DH2023004286,KH00015,SP010,2,12990000,0,2416000,28000,26605000
DH2023004829,KH00002,SP002,1,18990000,0,1899000,25000,20914000
DH2023001292,KH00091,SP001,1,4590000,0,436000,35000,4831000
DH2023001659,KH00703,SP024,5,5490000,0,2663000,18000,29307000
DH2023002059,KH02487,SP022,1,190000,0,19000,22000,231000
DH2023003930,KH00003,SP004,1,16990000,0,1699000,18000,18707000
DH2023006124,KH00001,SP004,1,16990000,0,1580000,45000,17426000
DH2023006223,KH00015,SP020,4,1190000,0,443000,35000,4905000
DH2023008435,KH00001,SP019,4,690000,0,235000,18000,2599000
DH2023008640,KH00048,SP012,2,1590000,0,318000,28000,3526000
DH2023009320,KH00002,SP006,6,7990000,0,4219000,18000,46424000
DH2023003098,KH00083,SP009,2,15990000,0,3038000,30000,33449000
DH2023003957,KH00001,SP003,4,19990000,0,7036000,18000,77419000
DH2023006861,KH00017,SP019,1,690000,0,69000,22000,781000
DH2023008439,KH00113,SP013,2,990000,0,198000,25000,2203000
DH2023000294,KH00001,SP018,1,390000,0,33000,30000,395000
DH2023001075,KH00001,SP015,5,7990000,0,3995000,40000,43985000
DH2023001241,KH01630,SP002,1,18990000,0,1671000,30000,18412000
DH2023002047,KH00016,SP012,2,1590000,0,280000,45000,3123000
DH2023003820,KH00023,SP023,1,5990000,0,479000,22000,5293000
DH2023004913,KH00003,SP008,8,13990000,0,8954000,35000,98525000
DH2023005289,KH00002,SP005,1,4990000,0,464000,22000,5127000
DH2023005396,KH00378,SP016,8,11990000,0,9112000,45000,100281000
DH2023002125,KH00003,SP001,3,4590000,0,1377000,40000,15187000
DH2023002742,KH00004,SP002,1,18990000,0,1804000,22000,19866000
DH2023003709,KH00004,SP019,5,690000,0,345000,25000,3820000
DH2023004191,KH00015,SP002,1,18990000,0,1842000,45000,20307000
DH2023007567,KH00001,SP015,10,7990000,0,6392000,25000,70337000
DH2023008988,KH00198,SP016,2,11990000,0,2326000,18000,25605000
DH2023000065,KH00001,SP026,1,990000,0,92000,30000,1043000
DH2023004724,KH00002,SP017,3,3290000,0,938000,45000,10359000
DH2023006664,KH00011,SP015,2,7990000,0,1278000,28000,14090000
DH2023007327,KH00254,SP007,5,23990000,0,11995000,30000,131975000
DH2023000974,KH00114,SP017,2,3290000,0,658000,28000,7266000
DH2023007902,KH00006,SP007,1,23990000,0,2111000,35000,23257000
DH2023009205,KH00034,SP019,2,690000,0,110000,18000,1232000
DH2023000502,KH00001,SP006,2,7990000,0,1598000,22000,17600000
DH2023001427,KH00001,SP012,2,1590000,0,286000,30000,3178000
DH2023001781,KH00002,SP009,3,15990000,0,4797000,30000,52797000
DH2023001923,KH00001,SP015,4,7990000,0,2812000,35000,30972000
DH2023002748,KH00002,SP023,1,5990000,0,569000,30000,6289000
DH2023003570,KH00001,SP004,2,16990000,0,3058000,30000,33670000
DH2023005022,KH00004,SP015,2,7990000,0,1406000,18000,15486000
DH2023005576,KH00061,SP011,4,3990000,0,1548000,25000,17054000
DH2023007153,KH01248,SP009,1,15990000,0,1551000,28000,17089000
DH2023007431,KH00002,SP007,2,23990000,0,4222000,30000,46474000
DH2023007128,KH00071,SP022,2,190000,0,32000,35000,390000
DH2023009608,KH00011,SP001,8,4590000,0,2938000,28000,32342000
DH2023001727,KH00001,SP014,3,1190000,0,357000,22000,3949000
DH2023005186,KH00001,SP006,2,7990000,0,1358000,45000,14986000
DH2023006706,KH01185,SP003,2,19990000,0,3518000,45000,38745000
DH2023009057,KH00001,SP022,4,190000,0,67000,45000,781000
DH2023002119,KH00007,SP026,1,990000,0,87000,40000,998000
DH2023003593,KH00036,SP015,3,7990000,0,2277000,22000,25071000
DH2023003753,KH00028,SP017,1,3290000,0,306000,35000,3401000
DH2023004230,KH00004,SP005,4,4990000,0,1996000,35000,21991000
DH2023006643,KH00005,SP018,1,390000,0,37000,25000,432000
DH2023006844,KH00170,SP021,1,350000,0,32000,28000,385000
DH2023006995,KH00001,SP004,2,16990000,0,2990000,22000,32914000
DH2023008626,KH00018,SP005,1,4990000,0,424000,45000,4711000
DH2023000797,KH00008,SP011,2,3990000,0,742000,30000,8193000
DH2023006807,KH00037,SP012,2,1590000,0,270000,35000,3008000
DH2023007320,KH00001,SP018,2,390000,0,72000,40000,837000
DH2023002637,KH00005,SP003,2,19990000,0,3718000,28000,40927000
DH2023008331,KH00003,SP020,1,1190000,0,105000,35000,1187000
DH2023008886,KH00027,SP008,10,13990000,0,11892000,45000,130852000
DH2023001621,KH00001,SP005,2,4990000,0,878000,30000,9690000
DH2023005340,KH00036,SP002,5,18990000,0,9495000,18000,104463000
DH2023006447,KH00033,SP002,2,18990000,0,3798000,22000,41800000
DH2023008223,KH00001,SP018,2,390000,0,70000,22000,794000
DH2023000831,KH00187,SP008,4,13990000,0,5596000,28000,61584000
DH2023001192,KH00001,SP016,1,11990000,0,1115000,18000,12284000
DH2023003242,KH00004,SP007,3,23990000,0,6477000,22000,71272000
DH2023004955,KH00015,SP017,1,3290000,0,290000,35000,3220000
DH2023005936,KH00017,SP012,1,1590000,0,148000,22000,1649000
DH2023002613,KH00007,SP004,1,16990000,0,1495000,45000,16491000
DH2023004183,KH00006,SP017,2,3290000,0,658000,28000,7266000
DH2023007479,KH00004,SP012,1,1590000,0,159000,22000,1771000
DH2023000862,KH00404,SP024,2,5490000,0,1098000,25000,12103000
DH2023000930,KH00063,SP024,1,5490000,0,483000,45000,5359000
DH2023008195,KH01310,SP005,2,4990000,0,998000,45000,11023000
DH2023001601,KH00004,SP004,1,16990000,0,1699000,22000,18711000
DH2023001738,KH00002,SP009,6,15990000,0,7675000,25000,84452000
DH2023002063,KH00001,SP014,6,1190000,0,628000,35000,6946000
DH2023004016,KH00435,SP006,1,7990000,0,759000,35000,8384000
DH2023006090,KH00603,SP006,2,7990000,0,1278000,28000,14090000
DH2023009044,KH00001,SP018,1,390000,0,38000,30000,446000
DH2023009858,KH00662,SP022,1,190000,0,18000,30000,228000
DH2023005534,KH00004,SP025,8,4290000,0,3432000,35000,37787000
DH2023007439,KH00296,SP004,2,16990000,0,3058000,25000,33665000
DH2023008024,KH00474,SP006,2,7990000,0,1598000,18000,17596000
DH2023000821,KH00001,SP005,2,4990000,0,898000,22000,9902000
DH2023004125,KH00023,SP010,2,12990000,0,2598000,18000,28596000
DH2023006227,KH00001,SP004,1,16990000,0,1444000,25000,15911000
DH2023006228,KH00780,SP024,2,5490000,0,933000,45000,10311000
DH2023001395,KH00090,SP008,4,13990000,0,5596000,30000,61586000
DH2023003893,KH00001,SP019,1,690000,0,61000,18000,686000
DH2023004198,KH00001,SP021,10,350000,0,332000,22000,3679000
DH2023004695,KH00004,SP025,3,4290000,0,1287000,25000,14182000
DH2023006171,KH00002,SP003,2,19990000,0,3998000,45000,44023000
DH2023008632,KH00176,SP012,3,1590000,0,405000,28000,4487000
DH2023002565,KH00056,SP011,1,3990000,0,379000,22000,4191000
DH2023005557,KH00053,SP023,2,5990000,0,1054000,45000,11641000
DH2023006110,KH00004,SP025,2,4290000,0,815000,18000,8984000
DH2023006288,KH01979,SP019,3,690000,0,182000,30000,2034000
DH2023006682,KH01460,SP018,2,390000,0,74000,30000,845000
DH2023009488,KH00013,SP001,2,4590000,0,780000,40000,8623000
DH2023009706,KH00002,SP025,5,4290000,0,2038000,18000,22434000
DH2023007394,KH00494,SP011,2,3990000,0,798000,18000,8796000
DH2023008924,KH00004,SP006,1,7990000,0,639000,45000,7076000
DH2023001204,KH00010,SP016,3,11990000,0,3345000,40000,36837000
DH2023008928,KH00005,SP013,3,990000,0,288000,25000,3194000
DH2023009207,KH00370,SP010,1,12990000,0,1208000,22000,13311000
DH2023009859,KH00036,SP019,1,690000,0,62000,22000,705000
DH2023003903,KH00001,SP010,1,12990000,0,1169000,28000,12888000
DH2023003981,KH00087,SP022,1,190000,0,15000,25000,192000
DH2023004216,KH00001,SP002,6,18990000,0,10027000,22000,110316000
DH2023006081,KH00220,SP006,2,7990000,0,1598000,30000,17608000
DH2023001567,KH00001,SP013,1,990000,0,96000,30000,1086000
DH2023002439,KH00677,SP006,2,7990000,0,1598000,18000,17596000
DH2023003162,KH00012,SP020,1,1190000,0,107000,30000,1208000
DH2023004937,KH00057,SP020,2,1190000,0,238000,28000,2646000
DH2023005675,KH00014,SP019,1,690000,0,69000,18000,777000
DH2023007734,KH00033,SP013,1,990000,0,99000,22000,1111000
DH2023001988,KH00180,SP026,1,990000,0,96000,30000,1086000
DH2023005145,KH00959,SP002,1,18990000,0,1804000,22000,19866000
DH2023005300,KH00001,SP004,2,16990000,0,2888000,30000,31801000
DH2023008645,KH00034,SP003,1,19990000,0,1799000,35000,19825000
DH2023000950,KH00001,SP015,1,7990000,0,679000,45000,7516000
DH2023004466,KH00002,SP018,1,390000,0,31000,28000,371000
DH2023004671,KH00029,SP018,1,390000,0,36000,28000,427000
DH2023005147,KH00082,SP019,2,690000,0,131000,22000,1464000
DH2023006520,KH01639,SP018,4,390000,0,145000,35000,1631000
DH2023009643,KH00175,SP001,3,4590000,0,1377000,22000,15169000
DH2023000106,KH00015,SP003,2,19990000,0,3718000,22000,40921000
DH2023001308,KH00001,SP026,1,990000,0,99000,35000,1124000
DH2023003780,KH00001,SP004,1,16990000,0,1444000,22000,15908000
DH2023006059,KH00001,SP002,3,18990000,0,4558000,25000,50159000
DH2023006121,KH00002,SP003,2,19990000,0,3798000,22000,41801000
DH2023008709,KH00002,SP025,3,4290000,0,1287000,28000,14185000
DH2023001524,KH00003,SP005,2,4990000,0,798000,28000,8810000
DH2023003255,KH00004,SP001,2,4590000,0,890000,35000,9830000
DH2023004184,KH00002,SP021,1,350000,0,33000,22000,387000
DH2023006261,KH00074,SP010,1,12990000,0,1143000,28000,12602000
DH2023008280,KH00003,SP005,1,4990000,0,439000,28000,4858000
DH2023001071,KH00003,SP014,3,1190000,0,346000,18000,3827000
DH2023002397,KH00001,SP016,1,11990000,0,1055000,25000,11631000
DH2023004219,KH00001,SP013,2,990000,0,198000,18000,2196000
DH2023005053,KH00931,SP010,6,12990000,0,7248000,40000,79772000
DH2023009650,KH00188,SP015,1,7990000,0,799000,40000,8829000
DH2023002681,KH02254,SP018,1,390000,0,39000,40000,469000
DH2023003557,KH00113,SP022,5,190000,0,88000,18000,990000
DH2023000757,KH00525,SP003,2,19990000,0,3998000,18000,43996000
DH2023001127,KH00001,SP004,1,16990000,0,1699000,40000,18729000
DH2023002640,KH00004,SP004,1,16990000,0,1529000,22000,16842000
DH2023004385,KH00001,SP008,1,13990000,0,1259000,28000,13878000
DH2023007057,KH00013,SP012,1,1590000,0,151000,18000,1679000
DH2023007756,KH00002,SP006,2,7990000,0,1598000,22000,17600000
DH2023003405,KH00008,SP016,2,11990000,0,2158000,28000,23768000
DH2023005482,KH00013,SP004,1,16990000,0,1529000,40000,16860000
DH2023005821,KH00007,SP014,1,1190000,0,119000,25000,1334000
DH2023006201,KH00001,SP017,1,3290000,0,280000,40000,3116000
DH2023009304,KH00174,SP026,2,990000,0,184000,45000,2070000
DH2023000678,KH00005,SP021,1,350000,0,31000,18000,357000
DH2023000927,KH01738,SP018,1,390000,0,39000,18000,447000
DH2023001683,KH00002,SP007,3,23990000,0,7197000,22000,79189000
DH2023001985,KH00002,SP018,1,390000,0,36000,28000,427000
DH2023008848,KH00049,SP020,2,1190000,0,202000,18000,2243000
DH2023003584,KH00028,SP002,1,18990000,0,1709000,22000,18822000
DH2023004046,KH00001,SP005,2,4990000,0,998000,28000,11006000
DH2023000302,KH00199,SP014,4,1190000,0,428000,25000,4737000
DH2023000473,KH00045,SP014,4,1190000,0,443000,45000,4915000
DH2023001015,KH00029,SP022,1,190000,0,19000,28000,237000
DH2023003221,KH00049,SP022,3,190000,0,50000,35000,587000
DH2023004190,KH00001,SP009,4,15990000,0,6396000,40000,70396000
DH2023000022,KH00002,SP016,2,11990000,0,2158000,30000,23770000
DH2023008489,KH00020,SP019,2,690000,0,138000,18000,1536000
DH2023000312,KH00002,SP006,1,7990000,0,679000,35000,7506000
DH2023000443,KH00045,SP023,2,5990000,0,1198000,35000,13213000
DH2023001455,KH00014,SP001,1,4590000,0,436000,18000,4814000
DH2023001525,KH00016,SP004,1,16990000,0,1529000,35000,16855000
DH2023001669,KH00001,SP014,2,1190000,0,226000,28000,2515000
DH2023004049,KH00420,SP023,3,5990000,0,1797000,28000,19795000
DH2023006796,KH00002,SP003,1,19990000,0,1999000,30000,22019000
DH2023008824,KH00004,SP019,4,690000,0,262000,22000,2906000
DH2023008893,KH00357,SP025,1,4290000,0,408000,40000,4524000
DH2023001866,KH00012,SP001,2,4590000,0,918000,30000,10128000
DH2023003102,KH00001,SP018,2,390000,0,76000,22000,855000
DH2023005460,KH00050,SP013,1,990000,0,84000,40000,966000
DH2023003481,KH00060,SP026,4,990000,0,356000,22000,3942000
DH2023003553,KH00576,SP009,3,15990000,0,3838000,25000,42239000
DH2023003767,KH00002,SP005,2,4990000,0,798000,25000,8807000
DH2023005734,KH00024,SP006,2,7990000,0,1278000,35000,14097000
DH2023007668,KH00024,SP005,1,4990000,0,499000,40000,5529000
DH2023008227,KH00011,SP024,3,5490000,0,1565000,40000,17251000
DH2023000156,KH00001,SP014,2,1190000,0,221000,22000,2456000
DH2023000735,KH00004,SP025,1,4290000,0,378000,35000,4188000
DH2023003961,KH00001,SP020,1,1190000,0,105000,22000,1174000
DH2023005529,KH00001,SP023,1,5990000,0,557000,35000,6163000
DH2023006933,KH00003,SP005,5,4990000,0,2370000,18000,26090000
DH2023008951,KH00001,SP025,5,4290000,0,1888000,40000,20804000
DH2023009457,KH00007,SP005,2,4990000,0,798000,35000,8817000
DH2023009537,KH00019,SP005,1,4990000,0,464000,35000,5140000
DH2023009792,KH00007,SP006,2,7990000,0,1598000,45000,17623000
DH2023000544,KH00001,SP021,2,350000,0,66000,40000,771000
DH2023004285,KH00001,SP010,3,12990000,0,3312000,28000,36464000
DH2023006749,KH00030,SP009,1,15990000,0,1599000,28000,17617000
DH2023003475,KH00002,SP007,1,23990000,0,2399000,18000,26407000
DH2023009628,KH00001,SP025,1,4290000,0,408000,45000,4529000
DH2023002105,KH00081,SP019,1,690000,0,62000,30000,713000
DH2023003139,KH00009,SP008,1,13990000,0,1357000,28000,14955000
DH2023003954,KH00017,SP015,2,7990000,0,1438000,28000,15848000
DH2023005076,KH00121,SP003,1,19990000,0,1939000,45000,21374000
DH2023009591,KH00002,SP016,4,11990000,0,3837000,28000,42233000
DH2023000516,KH00073,SP023,2,5990000,0,1018000,45000,11246000
DH2023000799,KH00038,SP002,6,18990000,0,10596000,30000,116590000
DH2023004315,KH00150,SP004,2,16990000,0,3398000,28000,37406000
DH2023001000,KH00004,SP013,3,990000,0,282000,40000,3144000
DH2023001007,KH00011,SP008,1,13990000,0,1399000,35000,15424000
DH2023001566,KH00001,SP020,1,1190000,0,119000,25000,1334000
DH2023002699,KH00003,SP011,10,3990000,0,3870000,40000,42613000
DH2023008794,KH00001,SP018,1,390000,0,39000,40000,469000
DH2023007499,KH00001,SP022,1,190000,0,19000,18000,227000
DH2023000260,KH00279,SP004,1,16990000,0,1699000,28000,18717000
DH2023001209,KH00001,SP021,2,350000,0,60000,22000,677000
DH2023001658,KH00004,SP003,1,19990000,0,1699000,18000,18709000
DH2023002381,KH00001,SP009,3,15990000,0,4653000,28000,51212000
DH2023003591,KH00001,SP016,4,11990000,0,4077000,45000,44888000
DH2023005215,KH00003,SP002,1,18990000,0,1614000,30000,17786000
DH2023005484,KH00450,SP022,3,190000,0,57000,35000,662000
DH2023005852,KH00394,SP024,4,5490000,0,2042000,30000,22495000
DH2023006191,KH00016,SP015,2,7990000,0,1358000,35000,14976000
DH2023006537,KH00001,SP010,3,12990000,0,3624000,28000,39894000
DH2023008153,KH00098,SP007,1,23990000,0,2327000,28000,25625000
DH2023000814,KH00003,SP004,1,16990000,0,1699000,45000,18734000
DH2023002172,KH00025,SP005,6,4990000,0,2695000,18000,29659000
DH2023009019,KH00103,SP020,1,1190000,0,111000,30000,1248000
DH2023000245,KH00001,SP019,2,690000,0,131000,35000,1477000
DH2023003106,KH00003,SP003,2,19990000,0,3878000,45000,42704000
DH2023003684,KH00002,SP016,1,11990000,0,1163000,25000,12818000
DH2023005489,KH00002,SP014,3,1190000,0,339000,18000,3749000
DH2023007121,KH00004,SP022,4,190000,0,74000,35000,846000
DH2023002706,KH00219,SP002,10,18990000,0,18990000,45000,208935000
DH2023003772,KH00004,SP010,2,12990000,0,2598000,35000,28613000
DH2023005088,KH00012,SP013,1,990000,0,96000,35000,1091000
DH2023005383,KH00364,SP002,1,18990000,0,1899000,22000,20911000
DH2023009836,KH00006,SP015,4,7990000,0,2717000,22000,29905000
DH2023000936,KH00001,SP021,2,350000,0,65000,28000,744000
DH2023001662,KH00258,SP009,1,15990000,0,1519000,40000,16749000
DH2023004426,KH00001,SP008,6,13990000,0,8142000,18000,89582000
DH2023006878,KH00023,SP018,2,390000,0,62000,28000,714000
DH2023009808,KH00034,SP021,1,350000,0,32000,25000,382000
DH2023009831,KH00004,SP012,10,1590000,0,1479000,22000,16288000
DH2023001114,KH00060,SP023,5,5990000,0,2995000,18000,32963000
DH2023003787,KH00002,SP020,1,1190000,0,111000,45000,1263000
DH2023003978,KH00002,SP025,1,4290000,0,429000,28000,4747000
DH2023008960,KH00038,SP023,1,5990000,0,599000,45000,6634000
DH2023009885,KH00001,SP010,1,12990000,0,1039000,25000,11456000
DH2023003685,KH00617,SP023,1,5990000,0,527000,45000,5843000
DH2023004614,KH00054,SP026,3,990000,0,288000,40000,3209000
DH2023005780,KH00001,SP007,5,23990000,0,11155000,28000,122737000
DH2023009141,KH00027,SP011,6,3990000,0,2322000,18000,25562000
DH2023000322,KH00002,SP018,4,390000,0,156000,35000,1751000
DH2023000836,KH00001,SP007,1,23990000,0,2399000,22000,26411000
DH2023001263,KH00044,SP001,2,4590000,0,780000,25000,8608000
DH2023003284,KH00015,SP004,1,16990000,0,1648000,30000,18158000
DH2023001211,KH00001,SP026,4,990000,0,376000,40000,4178000
DH2023003608,KH00003,SP018,2,390000,0,72000,25000,822000
DH2023004998,KH00001,SP023,1,5990000,0,479000,45000,5316000
DH2023005008,KH00003,SP026,10,990000,0,990000,30000,10920000
DH2023005614,KH00250,SP025,1,4290000,0,365000,18000,4029000
DH2023009295,KH00020,SP018,2,390000,0,66000,30000,759000
DH2023001266,KH00015,SP017,1,3290000,0,280000,45000,3121000
DH2023003833,KH00025,SP004,1,16990000,0,1614000,22000,17776000
DH2023005182,KH00004,SP003,6,19990000,0,11394000,18000,125355000
DH2023005846,KH00260,SP002,1,18990000,0,1614000,45000,17801000
DH2023007648,KH00002,SP019,3,690000,0,192000,28000,2145000
DH2023001098,KH00084,SP023,3,5990000,0,1797000,35000,19802000
DH2023001667,KH00050,SP004,1,16990000,0,1529000,28000,16848000
DH2023003466,KH00004,SP006,4,7990000,0,3036000,25000,33423000
DH2023004997,KH00001,SP018,1,390000,0,39000,30000,459000
DH2023000945,KH00245,SP012,2,1590000,0,302000,25000,3348000
DH2023002700,KH00149,SP021,1,350000,0,31000,40000,379000
DH2023003002,KH00004,SP006,1,7990000,0,679000,45000,7516000
DH2023003609,KH00006,SP014,1,1190000,0,119000,28000,1337000
DH2023006089,KH00565,SP002,2,18990000,0,3798000,40000,41818000
DH2023007511,KH00010,SP014,2,1190000,0,202000,40000,2265000
DH2023007562,KH00052,SP008,3,13990000,0,3777000,40000,41590000
DH2023009469,KH02124,SP024,3,5490000,0,1565000,28000,17239000
DH2023003448,KH00005,SP011,1,3990000,0,351000,35000,3897000
DH2023005169,KH00001,SP008,1,13990000,0,1399000,22000,15411000
DH2023005770,KH00006,SP026,1,990000,0,84000,22000,948000
DH2023007658,KH00001,SP017,2,3290000,0,559000,28000,6180000
DH2023000625,KH00002,SP019,1,690000,0,59000,30000,675000
DH2023000747,KH00047,SP006,3,7990000,0,2397000,25000,26392000
DH2023001939,KH00002,SP024,1,5490000,0,494000,30000,5465000
DH2023002435,KH00216,SP024,1,5490000,0,549000,30000,6069000
DH2023003489,KH00003,SP003,2,19990000,0,3798000,28000,41807000
DH2023001047,KH00032,SP004,1,16990000,0,1648000,25000,18153000
DH2023002789,KH00003,SP006,3,7990000,0,2157000,28000,23758000
DH2023003765,KH00037,SP025,2,4290000,0,858000,30000,9468000
DH2023005777,KH00004,SP002,2,18990000,0,3798000,28000,41806000
DH2023006008,KH00002,SP002,2,18990000,0,3532000,25000,38878000
DH2023008900,KH00001,SP003,1,19990000,0,1799000,40000,19830000
DH2023001226,KH00083,SP011,3,3990000,0,1017000,28000,11219000
DH2023007638,KH00003,SP010,1,12990000,0,1260000,28000,13888000
DH2023007777,KH00003,SP013,4,990000,0,376000,35000,4173000
DH2023009862,KH00002,SP025,1,4290000,0,429000,30000,4749000
DH2023000186,KH00001,SP006,6,7990000,0,4219000,35000,46441000
DH2023001723,KH00002,SP010,1,12990000,0,1299000,45000,14334000
DH2023003982,KH00001,SP024,8,5490000,0,4392000,30000,48342000
DH2023006309,KH00001,SP025,4,4290000,0,1716000,35000,18911000
DH2023009577,KH00003,SP026,6,990000,0,505000,30000,5584000
DH2023005275,KH00001,SP001,1,4590000,0,427000,28000,4724000
DH2023006037,KH00001,SP022,4,190000,0,71000,18000,796000
DH2023008304,KH00008,SP015,1,7990000,0,799000,18000,8807000
DH2023001833,KH00003,SP001,4,4590000,0,1708000,35000,18818000
DH2023003989,KH00001,SP012,3,1590000,0,429000,45000,4767000
DH2023005698,KH00004,SP013,1,990000,0,99000,45000,1134000
DH2023008182,KH00017,SP022,1,190000,0,19000,30000,239000
DH2023009631,KH00005,SP006,2,7990000,0,1550000,45000,17096000
DH2023006769,KH00012,SP021,1,350000,0,35000,30000,415000
DH2023007996,KH00007,SP021,3,350000,0,105000,30000,1185000
DH2023008740,KH00008,SP017,2,3290000,0,559000,45000,6197000
DH2023001342,KH00020,SP003,1,19990000,0,1799000,35000,19825000
DH2023002067,KH00120,SP020,1,1190000,0,119000,22000,1331000
DH2023003327,KH00001,SP007,1,23990000,0,2399000,35000,26424000
DH2023003430,KH00004,SP024,1,5490000,0,467000,25000,5158000
DH2023004711,KH02167,SP002,3,18990000,0,5013000,40000,55187000
DH2023007828,KH00006,SP019,1,690000,0,69000,40000,799000
DH2023008181,KH00002,SP024,1,5490000,0,549000,45000,6084000
DH2023003028,KH00270,SP022,3,190000,0,50000,40000,592000
DH2023005695,KH00001,SP023,3,5990000,0,1671000,40000,18423000
DH2023009717,KH00220,SP025,1,4290000,0,429000,25000,4744000
DH2023000009,KH00542,SP026,2,990000,0,198000,25000,2203000
DH2023002591,KH00003,SP017,2,3290000,0,625000,18000,6894000
DH2023004634,KH00003,SP011,1,3990000,0,359000,40000,3990000
DH2023007893,KH00001,SP004,1,16990000,0,1495000,25000,16471000
DH2023008268,KH00023,SP020,1,1190000,0,111000,30000,1248000
DH2023009120,KH00001,SP004,1,16990000,0,1699000,18000,18707000
DH2023009840,KH00002,SP001,8,4590000,0,3488000,35000,38407000
DH2023003891,KH00183,SP023,1,5990000,0,509000,28000,5629000
DH2023003925,KH00200,SP024,1,5490000,0,549000,18000,6057000
DH2023003996,KH00001,SP025,3,4290000,0,1094000,30000,12064000
DH2023007363,KH00057,SP005,8,4990000,0,3713000,40000,40879000
DH2023008839,KH00034,SP002,1,18990000,0,1709000,28000,18828000
DH2023009906,KH01496,SP026,3,990000,0,267000,45000,2985000
DH2023000219,KH00006,SP002,1,18990000,0,1614000,22000,17778000
DH2023004105,KH00191,SP022,4,190000,0,61000,30000,699000
DH2023005872,KH00004,SP025,1,4290000,0,429000,40000,4759000
DH2023007645,KH00017,SP015,1,7990000,0,799000,18000,8807000
DH2023009089,KH00120,SP008,3,13990000,0,4197000,40000,46207000
DH2023003055,KH01458,SP014,4,1190000,0,462000,35000,5114000
DH2023005112,KH00003,SP018,3,390000,0,99000,40000,1133000
DH2023005282,KH00074,SP008,2,13990000,0,2602000,35000,28658000
DH2023006718,KH00001,SP016,1,11990000,0,1079000,25000,11895000
DH2023008107,KH00001,SP011,2,3990000,0,638000,18000,7040000
DH2023000550,KH00016,SP011,2,3990000,0,774000,22000,8537000
DH2023001002,KH00002,SP005,1,4990000,0,439000,22000,4852000
DH2023004481,KH00001,SP004,1,16990000,0,1495000,45000,16491000
DH2023006095,KH00004,SP001,3,4590000,0,1170000,18000,12892000
DH2023007389,KH00001,SP024,6,5490000,0,2965000,28000,32639000
DH2023009171,KH00088,SP005,1,4990000,0,439000,30000,4860000
DH2023009843,KH00006,SP004,2,16990000,0,3160000,25000,34786000
DH2023000451,KH00003,SP015,1,7990000,0,743000,18000,8192000
DH2023002492,KH00001,SP024,2,5490000,0,966000,35000,10663000
DH2023006820,KH00001,SP025,1,4290000,0,378000,35000,4188000
DH2023007448,KH00002,SP018,1,390000,0,39000,40000,469000
DH2023007907,KH00003,SP002,1,18990000,0,1671000,18000,18400000
DH2023009518,KH00002,SP002,4,18990000,0,6457000,22000,71045000
DH2023004305,KH00003,SP009,1,15990000,0,1439000,30000,15860000
DH2023006824,KH00003,SP023,8,5990000,0,3834000,30000,42200000
DH2023008535,KH00001,SP011,2,3990000,0,774000,28000,8543000
DH2023009492,KH00006,SP016,1,11990000,0,1199000,22000,13211000
DH2023004019,KH01506,SP004,3,16990000,0,4587000,22000,50482000
DH2023004926,KH00007,SP023,2,5990000,0,1018000,25000,11226000
DH2023000445,KH00018,SP013,2,990000,0,188000,45000,2114000
DH2023001271,KH00002,SP022,4,190000,0,61000,30000,699000
DH2023001761,KH00018,SP007,1,23990000,0,2399000,35000,26424000
DH2023002993,KH00034,SP001,2,4590000,0,918000,18000,10116000
DH2023004014,KH00003,SP022,1,190000,0,18000,18000,220000
DH2023005583,KH00002,SP020,1,1190000,0,105000,18000,1170000
DH2023005838,KH00001,SP009,2,15990000,0,3038000,45000,33464000
DH2023006134,KH00088,SP017,1,3290000,0,296000,18000,3275000
DH2023001445,KH00002,SP012,1,1590000,0,148000,30000,1657000
DH2023001495,KH00010,SP001,6,4590000,0,2561000,18000,28191000
DH2023001847,KH00010,SP012,5,1590000,0,795000,40000,8785000
DH2023008694,KH00001,SP016,1,11990000,0,959000,40000,10591000
DH2023008942,KH00009,SP017,1,3290000,0,329000,30000,3649000
DH2023009357,KH00001,SP019,1,690000,0,55000,40000,647000
DH2023008246,KH00019,SP021,1,350000,0,31000,40000,379000
DH2023008507,KH01326,SP001,1,4590000,0,404000,18000,4461000
DH2023001654,KH00003,SP004,1,16990000,0,1359000,40000,14991000
DH2023000595,KH00076,SP022,2,190000,0,36000,30000,427000
DH2023002425,KH00086,SP001,6,4590000,0,2424000,45000,26704000
DH2023007542,KH00016,SP025,2,4290000,0,858000,30000,9468000
DH2023001110,KH00088,SP017,1,3290000,0,263000,18000,2913000
DH2023002007,KH00008,SP024,1,5490000,0,439000,22000,4853000
DH2023002106,KH00042,SP014,2,1190000,0,231000,25000,2565000
DH2023003667,KH00017,SP004,1,16990000,0,1648000,40000,18168000
DH2023000428,KH00001,SP024,1,5490000,0,439000,45000,4876000
DH2023002941,KH00002,SP003,1,19990000,0,1939000,22000,21351000
DH2023009877,KH00007,SP025,8,4290000,0,3432000,22000,37774000
DH2023009929,KH00004,SP012,8,1590000,0,1272000,18000,14010000
DH2023006869,KH00001,SP008,2,13990000,0,2798000,28000,30806000
DH2023007105,KH00012,SP013,4,990000,0,348000,22000,3855000
DH2023007901,KH00002,SP011,1,3990000,0,399000,35000,4424000
DH2023009418,KH00003,SP014,6,1190000,0,714000,22000,7876000
DH2023000672,KH00001,SP011,3,3990000,0,1197000,18000,13185000
DH2023005717,KH00025,SP011,8,3990000,0,2713000,40000,29885000
DH2023003100,KH00019,SP012,1,1590000,0,151000,35000,1696000
DH2023003941,KH00003,SP017,1,3290000,0,313000,22000,3461000
DH2023005049,KH00001,SP020,2,1190000,0,226000,28000,2515000
DH2023005984,KH00516,SP024,3,5490000,0,1318000,18000,14512000
DH2023006619,KH00001,SP008,1,13990000,0,1231000,45000,13587000
DH2023008704,KH00002,SP017,1,3290000,0,329000,25000,3644000
DH2023008948,KH00002,SP001,5,4590000,0,2020000,45000,22261000
DH2023001694,KH00001,SP011,2,3990000,0,774000,18000,8533000
DH2023003294,KH00004,SP019,4,690000,0,248000,25000,2757000
DH2023004314,KH00008,SP020,5,1190000,0,476000,45000,5281000
DH2023005917,KH00071,SP010,6,12990000,0,6235000,22000,68609000
DH2023006199,KH00004,SP018,2,390000,0,70000,35000,807000
DH2023006462,KH00003,SP026,4,990000,0,376000,40000,4178000
DH2023007534,KH00402,SP008,5,13990000,0,6645000,45000,73142000
DH2023009104,KH00001,SP019,1,690000,0,64000,25000,731000
DH2023000567,KH00008,SP013,1,990000,0,79000,40000,911000
DH2023002117,KH00076,SP013,1,990000,0,92000,35000,1048000
DH2023002329,KH00007,SP011,1,3990000,0,399000,30000,4419000
DH2023003073,KH00008,SP024,1,5490000,0,467000,40000,5173000
DH2023004512,KH00073,SP013,1,990000,0,84000,35000,961000
DH2023007217,KH00002,SP021,5,350000,0,158000,28000,1761000
DH2023009068,KH00015,SP019,1,690000,0,59000,30000,675000
DH2023000251,KH00088,SP005,2,4990000,0,798000,22000,8804000
DH2023003363,KH00002,SP014,2,1190000,0,221000,22000,2456000
DH2023004887,KH00003,SP006,1,7990000,0,639000,25000,7056000
DH2023005021,KH00842,SP008,1,13990000,0,1399000,25000,15414000
DH2023006155,KH00021,SP025,1,4290000,0,429000,28000,4747000
DH2023006833,KH00013,SP025,2,4290000,0,755000,30000,8335000
DH2023001267,KH00007,SP018,1,390000,0,36000,40000,439000
DH2023002724,KH00002,SP017,2,3290000,0,638000,35000,7056000
DH2023004414,KH00005,SP015,1,7990000,0,719000,30000,7940000
DH2023004429,KH00191,SP010,3,12990000,0,3897000,40000,42907000
DH2023006891,KH00007,SP006,1,7990000,0,775000,40000,8565000
DH2023007375,KH00024,SP001,3,4590000,0,1377000,45000,15192000
DH2023008077,KH00005,SP024,3,5490000,0,1647000,18000,18135000
DH2023001665,KH00004,SP002,8,18990000,0,12154000,22000,133712000
DH2023001966,KH00013,SP018,1,390000,0,39000,45000,474000
DH2023002284,KH00047,SP003,2,19990000,0,3998000,22000,44000000
DH2023005960,KH00028,SP013,2,990000,0,178000,40000,2000000
DH2023006513,KH00001,SP021,1,350000,0,32000,28000,375000
DH2023008239,KH00013,SP024,2,5490000,0,1098000,25000,12103000
DH2023009688,KH00004,SP005,6,4990000,0,2784000,45000,30673000
DH2023001242,KH00018,SP007,1,23990000,0,2399000,35000,26424000
DH2023004217,KH00006,SP021,3,350000,0,100000,18000,1116000
DH2023004539,KH00002,SP017,3,3290000,0,957000,30000,10561000
DH2023006028,KH00001,SP020,3,1190000,0,314000,45000,3501000
DH2023006156,KH00001,SP008,2,13990000,0,2518000,40000,27740000
DH2023008422,KH00002,SP013,4,990000,0,317000,45000,3530000
DH2023001457,KH00223,SP019,5,690000,0,345000,22000,3817000
DH2023002889,KH00004,SP021,1,350000,0,35000,30000,415000
DH2023008503,KH00001,SP018,1,390000,0,35000,35000,421000
DH2023009765,KH00025,SP007,2,23990000,0,4558000,22000,50161000
DH2023004087,KH00107,SP014,3,1190000,0,346000,30000,3839000
DH2023006321,KH00013,SP007,1,23990000,0,1919000,30000,21141000
DH2023009300,KH00024,SP019,2,690000,0,138000,25000,1543000
DH2023002511,KH01297,SP004,4,16990000,0,5980000,30000,65815000
DH2023003558,KH00002,SP008,2,13990000,0,2658000,45000,29284000
DH2023004524,KH00002,SP021,2,350000,0,56000,40000,656000
DH2023006233,KH00002,SP023,6,5990000,0,3235000,35000,35616000
DH2023006380,KH00002,SP010,1,12990000,0,1260000,22000,13882000
DH2023000127,KH00004,SP008,1,13990000,0,1259000,28000,13878000
DH2023001231,KH00001,SP014,3,1190000,0,303000,25000,3362000
DH2023003901,KH00310,SP020,3,1190000,0,346000,30000,3839000
DH2023006698,KH00001,SP006,2,7990000,0,1598000,30000,17608000
DH2023008301,KH00435,SP017,4,3290000,0,1316000,18000,14494000
DH2023008861,KH00010,SP011,1,3990000,0,371000,30000,4112000
DH2023000002,KH00005,SP009,1,15990000,0,1599000,28000,17617000
DH2023000867,KH00309,SP008,1,13990000,0,1357000,25000,14952000
DH2023007707,KH00063,SP017,1,3290000,0,329000,25000,3644000
DH2023008266,KH00505,SP004,1,16990000,0,1699000,22000,18711000
DH2023000781,KH00003,SP004,2,16990000,0,3160000,30000,34791000
DH2023005080,KH00037,SP016,1,11990000,0,959000,45000,10596000
DH2023005152,KH00021,SP016,1,11990000,0,1055000,35000,11641000
DH2023006172,KH00222,SP022,1,190000,0,16000,18000,196000
DH2023006271,KH00001,SP008,6,13990000,0,8394000,25000,92359000
DH2023003404,KH00006,SP007,1,23990000,0,2231000,28000,24570000
DH2023003890,KH00001,SP011,1,3990000,0,379000,28000,4197000
DH2023006151,KH00014,SP013,4,990000,0,396000,30000,4386000
DH2023004859,KH00372,SP016,1,11990000,0,1199000,45000,13234000
DH2023005119,KH00007,SP024,1,5490000,0,549000,25000,6064000
DH2023005470,KH00002,SP007,1,23990000,0,2231000,28000,24570000
DH2023006918,KH00001,SP016,3,11990000,0,3057000,45000,33676000
DH2023007850,KH00018,SP011,2,3990000,0,742000,22000,8185000
DH2023009493,KH00002,SP016,1,11990000,0,1163000,35000,12828000
DH2023000655,KH00005,SP003,1,19990000,0,1759000,25000,19375000
DH2023000579,KH00008,SP016,2,11990000,0,2278000,35000,25094000
DH2023004351,KH00393,SP017,2,3290000,0,638000,35000,7056000
DH2023005292,KH00017,SP018,2,390000,0,74000,28000,843000
DH2023008568,KH00002,SP021,1,350000,0,31000,30000,369000
DH2023001844,KH00042,SP010,2,12990000,0,2598000,35000,28613000
DH2023002818,KH00018,SP016,2,11990000,0,2278000,30000,25089000
DH2023004368,KH00083,SP023,2,5990000,0,1198000,18000,13196000
DH2023008323,KH00023,SP001,4,4590000,0,1836000,25000,20221000
DH2023008808,KH00001,SP011,1,3990000,0,371000,25000,4107000
DH2023000705,KH00072,SP023,1,5990000,0,599000,40000,6629000
DH2023005784,KH00002,SP018,1,390000,0,39000,22000,451000
DH2023008432,KH00001,SP024,1,5490000,0,549000,22000,6061000
DH2023004214,KH00072,SP025,1,4290000,0,429000,40000,4759000
DH2023004984,KH00892,SP001,2,4590000,0,918000,25000,10123000
DH2023008497,KH00027,SP007,1,23990000,0,2327000,28000,25625000
DH2023001842,KH00001,SP024,1,5490000,0,522000,18000,5756000
DH2023004974,KH01078,SP004,2,16990000,0,3296000,35000,36292000
DH2023005881,KH00086,SP018,2,390000,0,78000,28000,886000
DH2023007146,KH00337,SP011,1,3990000,0,387000,22000,4279000
DH2023003419,KH00014,SP015,1,7990000,0,639000,30000,7061000
DH2023003683,KH00315,SP023,3,5990000,0,1797000,45000,19812000
DH2023003756,KH00001,SP012,1,1590000,0,143000,35000,1609000
DH2023004469,KH00069,SP024,2,5490000,0,988000,28000,10898000
DH2023004660,KH00002,SP006,1,7990000,0,799000,28000,8817000
DH2023009396,KH00001,SP005,1,4990000,0,499000,35000,5524000
DH2023003373,KH00352,SP017,2,3290000,0,658000,45000,7283000
DH2023006595,KH01650,SP021,1,350000,0,32000,25000,382000
DH2023002204,KH00029,SP024,1,5490000,0,522000,25000,5763000
DH2023003629,KH00009,SP018,2,390000,0,66000,40000,769000
DH2023005294,KH00001,SP012,1,1590000,0,151000,45000,1706000
DH2023008311,KH00003,SP002,1,18990000,0,1519000,30000,16741000
DH2023008996,KH00082,SP004,1,16990000,0,1648000,28000,18156000
DH2023002259,KH00001,SP003,1,19990000,0,1999000,40000,22029000
DH2023002562,KH00002,SP003,8,19990000,0,15992000,22000,175934000
DH2023005882,KH00001,SP011,2,3990000,0,702000,22000,7746000
DH2023007757,KH00007,SP024,1,5490000,0,549000,30000,6069000
DH2023008116,KH00011,SP013,1,990000,0,99000,25000,1114000
DH2023001041,KH00001,SP003,2,19990000,0,3398000,45000,37426000
DH2023006182,KH00018,SP012,2,1590000,0,270000,45000,3018000
DH2023007236,KH00128,SP023,2,5990000,0,1198000,30000,13208000
DH2023009309,KH00001,SP005,6,4990000,0,2994000,22000,32956000
DH2023002014,KH00001,SP015,1,7990000,0,799000,28000,8817000
DH2023004528,KH00460,SP005,4,4990000,0,1756000,45000,19366000
DH2023005823,KH00001,SP014,4,1190000,0,462000,45000,5124000
DH2023009115,KH00008,SP026,3,990000,0,288000,28000,3197000
DH2023001826,KH00001,SP025,4,4290000,0,1459000,28000,16073000
DH2023002183,KH00078,SP020,1,1190000,0,115000,40000,1309000
DH2023002702,KH00005,SP025,1,4290000,0,416000,28000,4605000
DH2023004146,KH00006,SP015,1,7990000,0,759000,22000,8371000
DH2023001422,KH00001,SP023,3,5990000,0,1797000,40000,19807000
DH2023001584,KH00015,SP016,1,11990000,0,1115000,35000,12301000
DH2023004657,KH00002,SP020,2,1190000,0,221000,22000,2456000
DH2023004689,KH00157,SP015,1,7990000,0,639000,40000,7071000
DH2023000241,KH00133,SP015,4,7990000,0,2557000,25000,28150000
DH2023001948,KH00017,SP020,1,1190000,0,119000,28000,1337000
DH2023004101,KH00007,SP014,3,1190000,0,321000,35000,3569000
DH2023009002,KH00001,SP011,2,3990000,0,798000,18000,8796000
DH2023000238,KH00008,SP005,2,4990000,0,948000,28000,10457000
DH2023000290,KH00003,SP017,3,3290000,0,790000,40000,8726000
DH2023002670,KH00019,SP011,1,3990000,0,319000,40000,3551000
DH2023003729,KH00005,SP022,2,190000,0,34000,25000,401000
DH2023004589,KH00001,SP011,1,3990000,0,387000,28000,4285000
DH2023005626,KH00045,SP009,1,15990000,0,1599000,35000,17624000
DH2023007429,KH00115,SP013,2,990000,0,184000,35000,2060000
DH2023008950,KH00001,SP010,1,12990000,0,1234000,28000,13602000
DH2023000088,KH02352,SP009,1,15990000,0,1519000,28000,16737000
DH2023004229,KH00004,SP017,3,3290000,0,839000,40000,9269000
DH2023005105,KH00008,SP002,3,18990000,0,5697000,25000,62692000
DH2023008692,KH00002,SP010,2,12990000,0,2078000,25000,22887000
DH2023009272,KH02403,SP012,2,1590000,0,318000,22000,3520000
DH2023009490,KH00002,SP013,1,990000,0,79000,28000,899000
DH2023009556,KH00001,SP010,1,12990000,0,1299000,45000,14334000
DH2023000694,KH00017,SP018,3,390000,0,103000,45000,1178000
DH2023001618,KH00004,SP004,2,16990000,0,3398000,30000,37408000
DH2023002594,KH00008,SP006,1,7990000,0,703000,25000,7759000
DH2023004011,KH00001,SP003,3,19990000,0,5397000,40000,59410000
DH2023005431,KH00001,SP018,3,390000,0,117000,28000,1315000
DH2023007169,KH00027,SP012,1,1590000,0,140000,35000,1574000
DH2023007504,KH00002,SP002,1,18990000,0,1709000,40000,18840000
DH2023009189,KH00001,SP022,3,190000,0,50000,35000,587000
DH2023002970,KH00001,SP022,2,190000,0,38000,28000,446000
DH2023003153,KH00003,SP013,4,990000,0,376000,18000,4156000
DH2023004372,KH00009,SP019,1,690000,0,64000,25000,731000
DH2023008248,KH00058,SP006,1,7990000,0,759000,30000,8379000
DH2023003860,KH00188,SP016,1,11990000,0,1139000,18000,12547000
DH2023004002,KH00071,SP022,1,190000,0,19000,30000,239000
DH2023006666,KH00001,SP026,1,990000,0,89000,25000,1005000
DH2023007102,KH00001,SP010,2,12990000,0,2286000,45000,25193000
DH2023009200,KH00012,SP009,1,15990000,0,1551000,25000,17086000
DH2023000179,KH00138,SP006,1,7990000,0,799000,28000,8817000
DH2023002074,KH00001,SP002,1,18990000,0,1804000,35000,19879000
DH2023003012,KH00121,SP020,2,1190000,0,238000,40000,2658000
DH2023004389,KH00012,SP011,5,3990000,0,1596000,22000,17578000
DH2023004605,KH00001,SP002,2,18990000,0,3798000,35000,41813000
DH2023002395,KH00002,SP025,1,4290000,0,399000,30000,4419000
DH2023002928,KH00001,SP023,6,5990000,0,3414000,45000,37602000
DH2023000032,KH00117,SP022,3,190000,0,54000,30000,626000
DH2023000397,KH00013,SP001,2,4590000,0,918000,28000,10126000
DH2023004740,KH00004,SP020,4,1190000,0,428000,30000,4742000
DH2023006934,KH00009,SP008,3,13990000,0,4197000,45000,46212000
DH2023006991,KH00884,SP017,3,3290000,0,987000,18000,10875000
DH2023007558,KH00002,SP025,5,4290000,0,2145000,22000,23617000
DH2023008784,KH00062,SP010,2,12990000,0,2416000,18000,26595000
DH2023009099,KH00001,SP004,1,16990000,0,1580000,18000,17399000
DH2023002155,KH00003,SP006,1,7990000,0,639000,40000,7071000
DH2023008217,KH00002,SP022,2,190000,0,33000,35000,402000
DH2023009834,KH02506,SP004,1,16990000,0,1580000,25000,17406000
DH2023002270,KH00006,SP021,1,350000,0,35000,40000,425000
DH2023002276,KH00174,SP014,1,1190000,0,101000,40000,1153000
DH2023003290,KH00007,SP019,1,690000,0,61000,22000,690000
DH2023003538,KH00002,SP018,1,390000,0,33000,35000,400000
DH2023005007,KH00007,SP016,1,11990000,0,959000,40000,10591000
DH2023005204,KH00001,SP020,2,1190000,0,226000,18000,2505000
DH2023005665,KH01108,SP003,1,19990000,0,1999000,45000,22034000
DH2023007157,KH00001,SP012,3,1590000,0,420000,30000,4648000
DH2023000069,KH00002,SP005,1,4990000,0,439000,30000,4860000
DH2023000207,KH00008,SP009,1,15990000,0,1407000,22000,15500000
DH2023002728,KH00007,SP018,5,390000,0,195000,18000,2163000
DH2023003260,KH00002,SP007,3,23990000,0,6477000,22000,71272000
DH2023004375,KH00021,SP017,2,3290000,0,658000,35000,7273000
DH2023004584,KH00005,SP022,1,190000,0,18000,18000,220000
DH2023006002,KH00002,SP008,2,13990000,0,2518000,40000,27740000
DH2023006012,KH00020,SP008,1,13990000,0,1329000,40000,14659000
DH2023006317,KH00001,SP022,2,190000,0,33000,45000,412000
DH2023007255,KH00003,SP008,1,13990000,0,1189000,35000,13116000
DH2023001760,KH00004,SP015,3,7990000,0,2397000,18000,26385000
DH2023003484,KH00007,SP014,1,1190000,0,101000,35000,1148000
DH2023004525,KH00193,SP020,2,1190000,0,226000,35000,2522000
DH2023007466,KH00004,SP003,1,19990000,0,1599000,45000,17636000
DH2023009151,KH00378,SP020,1,1190000,0,119000,45000,1354000
DH2023000262,KH00001,SP003,2,19990000,0,3998000,18000,43996000
DH2023002388,KH00182,SP010,2,12990000,0,2078000,28000,22890000
DH2023006714,KH00015,SP026,3,990000,0,282000,18000,3122000
DH2023008690,KH00056,SP025,1,4290000,0,429000,30000,4749000
DH2023008731,KH00001,SP025,1,4290000,0,386000,30000,4277000
DH2023008745,KH00001,SP010,1,12990000,0,1299000,22000,14311000
DH2023008753,KH02447,SP010,4,12990000,0,4936000,45000,54343000
DH2023001640,KH00002,SP022,1,190000,0,16000,22000,200000
DH2023002006,KH00002,SP001,2,4590000,0,918000,18000,10116000
DH2023006681,KH00003,SP026,8,990000,0,792000,22000,8734000
DH2023007213,KH00003,SP008,1,13990000,0,1231000,25000,13567000
DH2023008414,KH01296,SP020,2,1190000,0,214000,45000,2401000
DH2023008834,KH00002,SP015,2,7990000,0,1358000,25000,14966000
DH2023002779,KH00026,SP004,1,16990000,0,1699000,30000,18719000
DH2023002905,KH00076,SP006,2,7990000,0,1278000,45000,14107000
DH2023008553,KH00022,SP012,1,1590000,0,154000,22000,1718000
DH2023009648,KH00002,SP021,1,350000,0,34000,22000,396000
DH2023004280,KH00031,SP010,1,12990000,0,1039000,22000,11453000
DH2023008399,KH00003,SP010,2,12990000,0,2338000,18000,25738000
DH2023003492,KH01414,SP015,1,7990000,0,703000,22000,7756000
DH2023006930,KH01282,SP004,1,16990000,0,1614000,28000,17782000
DH2023008732,KH00003,SP005,6,4990000,0,2844000,45000,31332000
DH2023009130,KH00087,SP006,8,7990000,0,5433000,28000,59793000
DH2023001154,KH00006,SP004,1,16990000,0,1529000,35000,16855000
DH2023001191,KH00008,SP024,2,5490000,0,1098000,40000,12118000
DH2023001200,KH00060,SP023,1,5990000,0,509000,28000,5629000
DH2023000051,KH00001,SP003,4,19990000,0,7596000,25000,83583000
DH2023000138,KH00046,SP010,2,12990000,0,2520000,28000,27749000
DH2023001828,KH00008,SP025,2,4290000,0,686000,28000,7578000
DH2023003710,KH00001,SP012,3,1590000,0,477000,28000,5275000
DH2023006003,KH00198,SP017,3,3290000,0,869000,45000,9600000
DH2023008495,KH00058,SP001,1,4590000,0,459000,18000,5067000
DH2023001622,KH00102,SP017,1,3290000,0,329000,40000,3659000
DH2023002441,KH00001,SP017,2,3290000,0,658000,35000,7273000
DH2023004774,KH00041,SP016,1,11990000,0,1199000,28000,13217000
DH2023001471,KH00001,SP017,1,3290000,0,329000,30000,3649000
DH2023004233,KH00245,SP017,1,3290000,0,306000,18000,3384000
DH2023007471,KH00007,SP014,3,1190000,0,346000,18000,3827000
DH2023007964,KH00011,SP015,1,7990000,0,775000,25000,8550000
DH2023003125,KH00258,SP007,1,23990000,0,2039000,40000,22471000
DH2023003722,KH00013,SP018,1,390000,0,38000,45000,461000
DH2023003872,KH00049,SP023,4,5990000,0,1917000,40000,21125000
DH2023001117,KH00063,SP023,1,5990000,0,509000,18000,5619000
DH2023003936,KH00029,SP010,2,12990000,0,2078000,30000,22892000
DH2023005634,KH00001,SP021,1,350000,0,30000,25000,353000
DH2023005127,KH00020,SP023,3,5990000,0,1527000,30000,16831000
DH2023005337,KH00002,SP017,2,3290000,0,612000,18000,6749000
DH2023005490,KH00001,SP023,1,5990000,0,599000,30000,6619000
DH2023006777,KH00001,SP013,2,990000,0,184000,40000,2065000
DH2023008744,KH00003,SP008,4,13990000,0,5204000,35000,57282000
DH2023009866,KH00132,SP021,4,350000,0,123000,18000,1373000
DH2023005085,KH00024,SP017,1,3290000,0,296000,25000,3282000
DH2023005214,KH00001,SP022,1,190000,0,19000,18000,227000
DH2023005278,KH00103,SP010,1,12990000,0,1299000,18000,14307000
DH2023007288,KH00936,SP013,4,990000,0,396000,18000,4374000
DH2023002051,KH00001,SP003,1,19990000,0,1859000,30000,20480000
DH2023002927,KH00001,SP002,1,18990000,0,1842000,22000,20284000
DH2023005400,KH00043,SP010,1,12990000,0,1260000,35000,13895000
DH2023005461,KH00015,SP011,1,3990000,0,379000,35000,4204000
DH2023005865,KH00005,SP023,2,5990000,0,1018000,35000,11236000
DH2023006445,KH00003,SP002,1,18990000,0,1671000,25000,18407000
DH2023007519,KH00677,SP022,1,190000,0,17000,45000,229000
DH2023000160,KH00569,SP004,1,16990000,0,1359000,40000,14991000
DH2023001805,KH00035,SP001,2,4590000,0,918000,22000,10120000
DH2023002790,KH00199,SP004,3,16990000,0,4944000,18000,54403000
DH2023003462,KH00021,SP005,3,4990000,0,1422000,40000,15684000
DH2023005705,KH00001,SP004,2,16990000,0,2990000,30000,32922000
DH2023006691,KH00004,SP001,1,4590000,0,459000,25000,5074000
DH2023008502,KH00082,SP005,2,4990000,0,998000,40000,11018000
DH2023000381,KH00002,SP018,3,390000,0,109000,25000,1222000
DH2023007758,KH00001,SP020,1,1190000,0,111000,18000,1236000
DH2023001856,KH00001,SP024,2,5490000,0,1098000,22000,12100000
DH2023005475,KH00002,SP007,2,23990000,0,4462000,28000,49111000
DH2023009894,KH00015,SP018,1,390000,0,35000,45000,431000
DH2023000035,KH00011,SP002,1,18990000,0,1804000,25000,19869000
DH2023001386,KH00001,SP013,4,990000,0,396000,45000,4401000
DH2023002077,KH01376,SP020,1,1190000,0,115000,22000,1291000
DH2023002219,KH00001,SP005,1,4990000,0,449000,35000,4975000
DH2023008917,KH01082,SP019,3,690000,0,197000,40000,2203000
DH2023000688,KH00019,SP012,1,1590000,0,135000,30000,1517000
DH2023003522,KH00230,SP003,1,19990000,0,1859000,28000,20478000
DH2023002054,KH00003,SP025,3,4290000,0,1030000,45000,11371000
DH2023003266,KH00001,SP010,1,12990000,0,1260000,45000,13905000
DH2023007487,KH00001,SP007,2,23990000,0,4078000,18000,44879000
DH2023008875,KH00213,SP005,1,4990000,0,484000,40000,5364000
DH2023005197,KH00005,SP021,2,350000,0,62000,45000,723000
DH2023006652,KH00785,SP025,2,4290000,0,832000,30000,9185000
DH2023006683,KH00010,SP025,1,4290000,0,365000,30000,4041000
DH2023008868,KH00001,SP002,2,18990000,0,3684000,30000,40555000
DH2023000521,KH00060,SP004,3,16990000,0,4842000,22000,53286000
DH2023006816,KH00001,SP004,2,16990000,0,3058000,30000,33670000
DH2023007518,KH00012,SP021,1,350000,0,31000,25000,364000
DH2023000633,KH00642,SP024,5,5490000,0,2663000,35000,29324000
DH2023003144,KH00526,SP021,1,350000,0,31000,25000,364000
DH2023003962,KH00007,SP002,1,18990000,0,1766000,25000,19452000
DH2023005427,KH00017,SP016,2,11990000,0,2398000,45000,26423000
DH2023009298,KH00001,SP001,3,4590000,0,1212000,35000,13365000
DH2023009998,KH00003,SP018,1,390000,0,31000,22000,365000
DH2023001486,KH00002,SP019,1,690000,0,69000,25000,784000
DH2023003072,KH00017,SP005,2,4990000,0,998000,30000,11008000
DH2023000236,KH00791,SP018,1,390000,0,36000,30000,429000
DH2023000471,KH00005,SP017,2,3290000,0,559000,18000,6170000
DH2023001721,KH00002,SP018,1,390000,0,33000,18000,383000
DH2023002871,KH00086,SP014,2,1190000,0,214000,35000,2391000
DH2023004201,KH00001,SP026,2,990000,0,168000,18000,1869000
DH2023004303,KH00003,SP016,1,11990000,0,1115000,40000,12306000
DH2023009240,KH00056,SP009,2,15990000,0,2814000,25000,30981000
DH2023009645,KH00005,SP019,2,690000,0,138000,45000,1563000
DH2023001383,KH00016,SP007,8,23990000,0,19192000,30000,211142000
DH2023003779,KH00001,SP006,1,7990000,0,775000,35000,8560000
DH2023004289,KH00005,SP011,2,3990000,0,678000,25000,7486000
DH2023005299,KH00003,SP009,3,15990000,0,4221000,35000,46470000
DH2023000329,KH00232,SP018,2,390000,0,70000,40000,812000
DH2023000671,KH00018,SP017,1,3290000,0,263000,25000,2920000
DH2023002371,KH00037,SP002,1,18990000,0,1766000,30000,19457000
DH2023009920,KH00854,SP009,1,15990000,0,1279000,28000,14099000
DH2023000189,KH00511,SP002,2,18990000,0,3532000,28000,38881000
DH2023002078,KH00001,SP022,1,190000,0,19000,40000,249000
DH2023005254,KH00001,SP025,3,4290000,0,1197000,35000,13201000
DH2023007310,KH00076,SP022,3,190000,0,51000,22000,586000
DH2023004988,KH00001,SP007,1,23990000,0,2399000,25000,26414000
DH2023005473,KH01035,SP006,5,7990000,0,3875000,25000,42652000
DH2023005725,KH00001,SP018,2,390000,0,78000,18000,876000
DH2023007241,KH00001,SP026,5,990000,0,480000,25000,5307000
DH2023001975,KH01993,SP022,1,190000,0,19000,30000,239000
DH2023002243,KH00019,SP015,2,7990000,0,1438000,18000,15838000
DH2023003536,KH00079,SP011,1,3990000,0,379000,28000,4197000
DH2023004478,KH00002,SP024,4,5490000,0,2086000,28000,22976000
DH2023004564,KH00001,SP019,1,690000,0,66000,18000,740000
DH2023004806,KH00034,SP004,1,16990000,0,1648000,40000,18168000
DH2023006733,KH00001,SP018,2,390000,0,74000,40000,855000
DH2023007290,KH00014,SP005,2,4990000,0,848000,22000,9353000
DH2023008267,KH00002,SP020,2,1190000,0,214000,40000,2396000
DH2023001795,KH00079,SP024,1,5490000,0,532000,35000,5892000
DH2023002004,KH00005,SP026,1,990000,0,96000,18000,1074000
DH2023003712,KH00001,SP014,2,1190000,0,226000,45000,2532000
DH2023004672,KH00173,SP025,1,4290000,0,408000,45000,4529000
DH2023008964,KH01686,SP024,1,5490000,0,467000,30000,5163000
DH2023003694,KH00527,SP003,1,19990000,0,1999000,40000,22029000
DH2023003736,KH00092,SP025,6,4290000,0,2265000,30000,24946000
DH2023006645,KH00001,SP001,1,4590000,0,427000,45000,4741000
DH2023007939,KH00082,SP017,1,3290000,0,306000,25000,3391000
DH2023009255,KH00003,SP002,6,18990000,0,11394000,18000,125352000
DH2023009365,KH02366,SP005,2,4990000,0,798000,40000,8822000
DH2023005056,KH00001,SP019,6,690000,0,373000,18000,4117000
DH2023008517,KH00006,SP017,5,3290000,0,1448000,28000,15952000
DH2023008986,KH00022,SP018,1,390000,0,39000,18000,447000
DH2023000552,KH00002,SP014,1,1190000,0,113000,30000,1273000
DH2023000599,KH00001,SP014,1,1190000,0,95000,22000,1069000
DH2023002318,KH00001,SP010,6,12990000,0,6235000,30000,68617000
DH2023005864,KH00005,SP007,1,23990000,0,2159000,22000,23772000
DH2023008232,KH00001,SP025,4,4290000,0,1510000,18000,16629000
DH2023009442,KH01561,SP008,3,13990000,0,3567000,40000,39281000
DH2023000115,KH00332,SP025,2,4290000,0,832000,18000,9173000
DH2023008168,KH00002,SP015,2,7990000,0,1598000,30000,17608000
DH2023008669,KH00001,SP013,1,990000,0,99000,40000,1129000
DH2023009373,KH00004,SP009,1,15990000,0,1439000,22000,15852000
DH2023000001,KH00262,SP005,3,4990000,0,1272000,40000,14036000
DH2023007855,KH00005,SP022,2,190000,0,36000,45000,442000
DH2023000363,KH00001,SP019,1,690000,0,66000,22000,744000
DH2023008397,KH00007,SP007,3,23990000,0,6693000,22000,73647000
DH2023009758,KH00991,SP010,3,12990000,0,3507000,25000,38605000
DH2023001463,KH00001,SP023,1,5990000,0,527000,28000,5826000
DH2023001532,KH00002,SP018,3,390000,0,109000,30000,1227000
DH2023003660,KH00004,SP015,1,7990000,0,639000,25000,7056000
DH2023004396,KH00025,SP014,2,1190000,0,231000,18000,2558000
DH2023006413,KH00034,SP002,1,18990000,0,1671000,35000,18417000
DH2023008992,KH00149,SP001,2,4590000,0,780000,40000,8623000
DH2023002731,KH00005,SP015,5,7990000,0,3396000,45000,37399000
DH2023002844,KH00004,SP017,1,3290000,0,290000,18000,3203000
DH2023007701,KH00148,SP022,1,190000,0,19000,18000,227000
DH2023008384,KH00023,SP023,2,5990000,0,1054000,22000,11618000
DH2023001269,KH00006,SP017,1,3290000,0,329000,40000,3659000
DH2023005391,KH00011,SP013,5,990000,0,446000,22000,4923000
DH2023000212,KH00001,SP014,1,1190000,0,101000,30000,1143000
DH2023004122,KH00026,SP004,1,16990000,0,1699000,18000,18707000
DH2023006423,KH01832,SP024,1,5490000,0,467000,45000,5178000
DH2023007173,KH00008,SP004,1,16990000,0,1699000,35000,18724000
DH2023000007,KH00008,SP016,1,11990000,0,1199000,22000,13211000
DH2023003306,KH00033,SP012,1,1590000,0,140000,25000,1564000
DH2023003334,KH00086,SP007,2,23990000,0,4078000,28000,44889000
DH2023005669,KH00024,SP025,1,4290000,0,386000,28000,4275000
DH2023009261,KH00033,SP013,1,990000,0,89000,40000,1020000
DH2023002158,KH00001,SP023,2,5990000,0,1198000,45000,13223000
DH2023002874,KH00082,SP025,1,4290000,0,429000,35000,4754000
DH2023000525,KH00001,SP021,1,350000,0,32000,25000,372000
DH2023002694,KH01052,SP011,1,3990000,0,399000,45000,4434000
DH2023001967,KH00001,SP016,1,11990000,0,959000,30000,10581000
DH2023002935,KH00001,SP001,1,4590000,0,445000,28000,4925000
DH2023007663,KH00006,SP018,2,390000,0,78000,18000,876000
DH2023002003,KH00237,SP019,6,690000,0,414000,18000,4572000
DH2023003021,KH00001,SP021,5,350000,0,163000,35000,1825000
DH2023004317,KH00059,SP017,1,3290000,0,280000,45000,3121000
DH2023008408,KH00016,SP021,1,350000,0,34000,25000,399000
DH2023009956,KH00018,SP022,1,190000,0,18000,28000,223000
DH2023000246,KH00001,SP011,2,3990000,0,798000,30000,8808000
DH2023000396,KH00001,SP019,1,690000,0,66000,40000,762000
DH2023000450,KH00001,SP018,1,390000,0,39000,22000,451000
DH2023004299,KH00018,SP023,1,5990000,0,479000,35000,5306000
DH2023008616,KH00001,SP016,1,11990000,0,1163000,18000,12811000
DH2023008697,KH00001,SP025,1,4290000,0,386000,25000,4272000
DH2023009000,KH00003,SP008,1,13990000,0,1259000,28000,13878000
DH2023009660,KH00012,SP005,2,4990000,0,998000,22000,11000000
DH2023009675,KH00005,SP022,1,190000,0,19000,45000,254000
DH2023003502,KH00007,SP012,3,1590000,0,453000,40000,5025000
DH2023003195,KH00001,SP024,3,5490000,0,1400000,22000,15422000
DH2023007150,KH00121,SP003,2,19990000,0,3798000,25000,41804000
DH2023008431,KH00047,SP015,4,7990000,0,2972000,30000,32725000
DH2023009173,KH00009,SP005,1,4990000,0,399000,30000,4421000
DH2023001901,KH00079,SP012,3,1590000,0,382000,35000,4233000
DH2023007598,KH00004,SP004,5,16990000,0,8495000,22000,93467000
DH2023008125,KH00009,SP026,1,990000,0,92000,30000,1043000
DH2023008593,KH00477,SP009,1,15990000,0,1359000,28000,14979000
DH2023008887,KH00335,SP012,2,1590000,0,296000,35000,3288000
DH2023003068,KH00051,SP019,1,690000,0,69000,22000,781000
DH2023003229,KH00007,SP012,1,1590000,0,159000,45000,1794000
DH2023003858,KH00040,SP010,1,12990000,0,1169000,45000,12905000
DH2023004544,KH00001,SP005,2,4990000,0,998000,18000,10996000
DH2023005895,KH00003,SP010,3,12990000,0,3118000,35000,34329000
DH2023008014,KH00126,SP020,1,1190000,0,101000,30000,1143000
DH2023008375,KH00002,SP004,8,16990000,0,11553000,22000,127107000
DH2023003010,KH00086,SP014,1,1190000,0,119000,18000,1327000
DH2023005947,KH00018,SP002,3,18990000,0,5697000,25000,62692000
DH2023006532,KH00007,SP026,2,990000,0,158000,35000,1777000
DH2023007315,KH00002,SP017,1,3290000,0,263000,28000,2923000
DH2023003247,KH00001,SP006,3,7990000,0,2277000,40000,25089000
DH2023005301,KH00001,SP024,1,5490000,0,522000,18000,5756000
DH2023009340,KH00002,SP005,5,4990000,0,2320000,30000,25553000
DH2023002688,KH01481,SP003,1,19990000,0,1799000,45000,19835000
DH2023009119,KH00001,SP018,1,390000,0,31000,40000,383000
DH2023009439,KH00003,SP006,8,7990000,0,5625000,25000,61900000
DH2023007182,KH00057,SP019,3,690000,0,186000,22000,2071000
DH2023009415,KH00001,SP010,2,12990000,0,2468000,25000,27174000
DH2023009539,KH00027,SP005,1,4990000,0,464000,45000,5150000
DH2023009595,KH00002,SP010,1,12990000,0,1234000,18000,13592000
DH2023000733,KH00005,SP001,1,4590000,0,390000,28000,4320000
DH2023000928,KH00057,SP026,2,990000,0,158000,25000,1767000
DH2023002499,KH00341,SP017,6,3290000,0,1974000,28000,21742000
DH2023003924,KH00014,SP004,1,16990000,0,1529000,45000,16865000
DH2023005312,KH00169,SP011,1,3990000,0,399000,25000,4414000
DH2023001130,KH00029,SP022,3,190000,0,57000,45000,672000
DH2023006821,KH00119,SP022,6,190000,0,108000,25000,1216000
DH2023000624,KH01166,SP013,4,990000,0,356000,30000,3950000
DH2023005207,KH00002,SP009,1,15990000,0,1599000,40000,17629000
DH2023007475,KH00001,SP008,1,13990000,0,1231000,45000,13587000
DH2023000653,KH00008,SP014,2,1190000,0,221000,30000,2464000
DH2023001205,KH00182,SP008,4,13990000,0,5596000,30000,61586000
DH2023003947,KH00046,SP018,1,390000,0,31000,28000,371000
DH2023006623,KH00001,SP001,1,4590000,0,404000,40000,4483000
DH2023007203,KH00979,SP003,1,19990000,0,1999000,18000,22007000
DH2023002763,KH00001,SP012,1,1590000,0,159000,28000,1777000
DH2023006241,KH00057,SP019,1,690000,0,69000,30000,789000
DH2023006864,KH01852,SP001,2,4590000,0,918000,28000,10126000
DH2023008881,KH00001,SP025,1,4290000,0,416000,28000,4605000
DH2023009018,KH00002,SP011,3,3990000,0,1197000,30000,13197000
DH2023000188,KH00001,SP008,2,13990000,0,2378000,40000,26201000
DH2023008260,KH00001,SP022,6,190000,0,111000,18000,1235000
DH2023009362,KH00001,SP009,2,15990000,0,3198000,45000,35223000
DH2023003888,KH00014,SP010,1,12990000,0,1039000,25000,11456000
DH2023005131,KH00042,SP018,1,390000,0,39000,30000,459000
DH2023007062,KH00047,SP009,2,15990000,0,2878000,35000,31695000
DH2023001140,KH00002,SP015,2,7990000,0,1406000,25000,15493000
DH2023003108,KH00135,SP025,1,4290000,0,429000,28000,4747000
DH2023003678,KH00439,SP002,1,18990000,0,1671000,40000,18422000
DH2023006379,KH00007,SP022,6,190000,0,108000,40000,1231000
DH2023006535,KH00002,SP002,5,18990000,0,8356000,35000,91947000
DH2023005987,KH01134,SP019,2,690000,0,110000,22000,1236000
DH2023009184,KH00002,SP003,2,19990000,0,3998000,40000,44018000
DH2023005132,KH00055,SP012,1,1590000,0,154000,45000,1741000
DH2023003457,KH00006,SP009,2,15990000,0,3102000,28000,34151000
DH2023003535,KH00046,SP006,2,7990000,0,1406000,35000,15503000
DH2023008401,KH00013,SP010,6,12990000,0,6235000,28000,68615000
DH2023008461,KH00005,SP022,1,190000,0,16000,30000,208000
DH2023003782,KH00564,SP020,1,1190000,0,105000,45000,1197000
DH2023004041,KH00003,SP011,2,3990000,0,678000,22000,7483000
DH2023006077,KH00093,SP015,4,7990000,0,3036000,22000,33420000
DH2023000804,KH00002,SP011,2,3990000,0,678000,45000,7506000
DH2023001315,KH00829,SP008,1,13990000,0,1189000,45000,13126000
DH2023003328,KH01061,SP018,1,390000,0,36000,25000,424000
DH2023003921,KH00002,SP017,1,3290000,0,313000,40000,3479000
DH2023004490,KH00001,SP013,4,990000,0,337000,28000,3731000
DH2023001777,KH00041,SP026,1,990000,0,96000,28000,1084000
DH2023004832,KH00018,SP023,5,5990000,0,2696000,18000,29669000
DH2023004854,KH00016,SP013,4,990000,0,368000,40000,4091000
DH2023007343,KH00008,SP014,5,1190000,0,595000,18000,6563000
DH2023008379,KH00039,SP005,1,4990000,0,474000,18000,5232000
DH2023009225,KH00001,SP019,1,690000,0,67000,40000,776000
DH2023000367,KH00002,SP003,8,19990000,0,13593000,18000,149543000
DH2023000942,KH00053,SP010,8,12990000,0,10392000,35000,114347000
DH2023001545,KH00001,SP018,2,390000,0,74000,45000,860000
DH2023002615,KH00063,SP001,3,4590000,0,1281000,45000,14132000
DH2023002853,KH00015,SP013,2,990000,0,198000,40000,2218000
DH2023005676,KH00002,SP026,2,990000,0,174000,18000,1934000
DH2023005735,KH00054,SP024,3,5490000,0,1532000,35000,16884000
DH2023008877,KH00001,SP026,3,990000,0,282000,25000,3129000
DH2023009982,KH00002,SP005,3,4990000,0,1198000,30000,13204000
DH2023002282,KH00006,SP021,1,350000,0,34000,30000,404000
DH2023008889,KH00016,SP004,1,16990000,0,1359000,30000,14981000
DH2023008903,KH00002,SP009,4,15990000,0,5117000,25000,56310000
DH2023002292,KH00001,SP002,10,18990000,0,15192000,28000,167140000
DH2023003135,KH00207,SP016,1,11990000,0,1199000,25000,13214000
DH2023004078,KH00007,SP007,2,23990000,0,4318000,28000,47528000
DH2023005764,KH00017,SP026,1,990000,0,99000,22000,1111000
DH2023007159,KH00052,SP020,6,1190000,0,628000,40000,6951000
DH2023000240,KH00001,SP002,8,18990000,0,14432000,45000,158801000
DH2023000759,KH01740,SP010,1,12990000,0,1260000,22000,13882000
DH2023001692,KH00001,SP002,1,18990000,0,1899000,22000,20911000
DH2023002018,KH00002,SP020,1,1190000,0,105000,45000,1197000
DH2023003025,KH00003,SP016,1,11990000,0,1199000,18000,13207000
DH2023002872,KH00003,SP006,8,7990000,0,5114000,25000,56275000
DH2023003614,KH00002,SP002,10,18990000,0,18990000,40000,208930000
DH2023007373,KH00091,SP006,3,7990000,0,2229000,35000,24556000
DH2023001183,KH00042,SP016,1,11990000,0,1163000,22000,12815000
DH2023001544,KH00034,SP012,6,1590000,0,954000,45000,10539000
DH2023001859,KH00028,SP023,5,5990000,0,2995000,22000,32967000
DH2023002372,KH00172,SP025,4,4290000,0,1716000,28000,18904000
DH2023003110,KH00014,SP014,3,1190000,0,357000,40000,3967000
DH2023003398,KH00002,SP007,1,23990000,0,2399000,25000,26414000
DH2023004944,KH00002,SP025,1,4290000,0,378000,30000,4183000
DH2023005326,KH00002,SP005,4,4990000,0,1796000,45000,19805000
DH2023005697,KH00020,SP020,2,1190000,0,238000,18000,2636000
DH2023007224,KH00010,SP009,3,15990000,0,4557000,40000,50169000
DH2023007281,KH00002,SP001,1,4590000,0,404000,35000,4478000
DH2023007943,KH01271,SP007,4,23990000,0,9596000,30000,105586000
DH2023008171,KH00031,SP023,1,5990000,0,599000,30000,6619000
DH2023000191,KH00004,SP011,2,3990000,0,774000,45000,8560000
DH2023001750,KH00002,SP020,1,1190000,0,119000,45000,1354000
DH2023004063,KH00007,SP011,3,3990000,0,1077000,40000,11890000
DH2023007380,KH00019,SP004,1,16990000,0,1699000,28000,18717000
DH2023001199,KH00003,SP023,2,5990000,0,1198000,28000,13206000
DH2023002056,KH00005,SP005,4,4990000,0,1996000,45000,22001000
DH2023006496,KH00012,SP011,1,3990000,0,387000,45000,4302000
DH2023002467,KH00002,SP003,1,19990000,0,1899000,25000,20914000
DH2023003804,KH00058,SP026,2,990000,0,198000,18000,2196000
DH2023003986,KH00087,SP020,5,1190000,0,476000,40000,5276000
DH2023002020,KH01620,SP012,3,1590000,0,463000,28000,5118000
DH2023004343,KH00001,SP021,4,350000,0,130000,35000,1467000
DH2023004918,KH00066,SP001,1,4590000,0,390000,45000,4337000
DH2023001541,KH00046,SP001,1,4590000,0,459000,28000,5077000
DH2023004460,KH01935,SP007,2,23990000,0,4558000,25000,50164000
DH2023009112,KH00001,SP006,3,7990000,0,2397000,45000,26412000
DH2023009172,KH01442,SP021,2,350000,0,70000,25000,795000
DH2023001254,KH00004,SP022,8,190000,0,122000,18000,1356000
DH2023002322,KH00002,SP020,8,1190000,0,809000,45000,8946000
DH2023003625,KH00001,SP014,3,1190000,0,357000,22000,3949000
DH2023005479,KH00006,SP005,1,4990000,0,484000,30000,5354000
DH2023008470,KH00003,SP009,5,15990000,0,7995000,18000,87963000
DH2023001294,KH00002,SP011,4,3990000,0,1548000,45000,17074000
DH2023004517,KH00001,SP011,5,3990000,0,1756000,30000,19342000
DH2023007165,KH00006,SP026,2,990000,0,184000,30000,2055000
DH2023009027,KH00832,SP004,5,16990000,0,8495000,45000,93490000
DH2023001173,KH00010,SP020,1,1190000,0,119000,22000,1331000
DH2023001947,KH00004,SP006,1,7990000,0,703000,25000,7759000
DH2023003831,KH00008,SP011,6,3990000,0,2394000,18000,26352000
DH2023004533,KH00001,SP011,1,3990000,0,387000,40000,4297000
DH2023006244,KH00001,SP024,1,5490000,0,439000,18000,4849000
DH2023003249,KH00090,SP004,1,16990000,0,1495000,25000,16471000
DH2023004723,KH00006,SP004,1,16990000,0,1580000,35000,17416000
DH2023006376,KH00001,SP008,1,13990000,0,1259000,25000,13875000
DH2023007271,KH00005,SP022,3,190000,0,57000,45000,672000
DH2023008377,KH00011,SP022,1,190000,0,16000,18000,196000
DH2023002171,KH00006,SP006,1,7990000,0,799000,28000,8817000
DH2023002393,KH00027,SP019,10,690000,0,690000,40000,7630000
DH2023003381,KH00001,SP013,1,990000,0,96000,18000,1074000
DH2023003630,KH00006,SP013,2,990000,0,168000,18000,1869000
DH2023007531,KH00001,SP002,1,18990000,0,1899000,40000,20929000
DH2023008193,KH00001,SP007,1,23990000,0,1919000,28000,21139000
DH2023000476,KH00074,SP021,1,350000,0,34000,40000,414000
DH2023007225,KH00001,SP004,1,16990000,0,1359000,25000,14976000
DH2023007613,KH00025,SP003,2,19990000,0,3518000,25000,38725000
DH2023007991,KH00004,SP024,4,5490000,0,1757000,35000,19360000
DH2023008695,KH00885,SP013,6,990000,0,594000,18000,6552000
DH2023000165,KH00366,SP002,8,18990000,0,15192000,28000,167140000
DH2023002948,KH00002,SP025,4,4290000,0,1716000,35000,18911000
DH2023003465,KH00001,SP025,1,4290000,0,429000,45000,4764000
DH2023008428,KH00001,SP025,2,4290000,0,815000,28000,8994000
DH2023008821,KH00002,SP002,2,18990000,0,3228000,18000,35529000
DH2023000403,KH00013,SP024,1,5490000,0,483000,45000,5359000
DH2023001586,KH00003,SP016,3,11990000,0,2878000,30000,31684000
DH2023002464,KH00036,SP012,1,1590000,0,151000,28000,1689000
DH2023003388,KH00016,SP025,1,4290000,0,408000,18000,4502000
DH2023004012,KH01661,SP008,1,13990000,0,1231000,45000,13587000
DH2023006046,KH00002,SP024,2,5490000,0,1065000,22000,11738000
DH2023006403,KH00001,SP020,5,1190000,0,595000,35000,6580000
DH2023008165,KH00002,SP024,5,5490000,0,2553000,28000,28109000
DH2023001574,KH00014,SP006,1,7990000,0,743000,28000,8202000
DH2023003179,KH00008,SP003,3,19990000,0,4798000,18000,52792000
DH2023004713,KH00005,SP023,2,5990000,0,1054000,22000,11618000
DH2023006162,KH00005,SP008,1,13990000,0,1357000,45000,14972000
DH2023009458,KH00755,SP019,1,690000,0,69000,25000,784000
DH2023009999,KH00402,SP006,1,7990000,0,679000,40000,7511000
DH2023000215,KH00018,SP023,1,5990000,0,569000,22000,6281000
DH2023003764,KH00007,SP003,5,19990000,0,9295000,45000,102293000
DH2023009570,KH02141,SP006,3,7990000,0,2109000,35000,23238000
DH2023009736,KH00373,SP003,1,19990000,0,1939000,22000,21351000
DH2023000085,KH00002,SP004,4,16990000,0,6320000,22000,69545000
DH2023004409,KH00001,SP015,1,7990000,0,759000,35000,8384000
DH2023005248,KH00028,SP007,2,23990000,0,3838000,45000,42267000
DH2023006588,KH00001,SP003,8,19990000,0,15512000,18000,170652000
DH2023006675,KH00199,SP012,1,1590000,0,135000,40000,1527000
DH2023000126,KH00343,SP020,2,1190000,0,238000,45000,2663000
DH2023005097,KH01590,SP005,1,4990000,0,449000,28000,4968000
DH2023008346,KH00003,SP012,2,1590000,0,270000,30000,3003000
DH2023008923,KH00103,SP004,1,16990000,0,1359000,18000,14969000
DH2023000537,KH00001,SP021,1,350000,0,35000,28000,413000
DH2023002666,KH00001,SP011,2,3990000,0,702000,45000,7769000
DH2023005142,KH00004,SP013,1,990000,0,96000,45000,1101000
DH2023006100,KH00001,SP004,1,16990000,0,1529000,22000,16842000
DH2023007784,KH00454,SP004,1,16990000,0,1580000,18000,17399000
DH2023003194,KH00001,SP026,1,990000,0,84000,35000,961000
DH2023004603,KH00001,SP002,3,18990000,0,5697000,22000,62689000
DH2023008109,KH00002,SP002,1,18990000,0,1519000,30000,16741000
DH2023003540,KH00004,SP022,1,190000,0,19000,25000,234000
DH2023000762,KH00008,SP016,2,11990000,0,2398000,28000,26406000
DH2023005418,KH00113,SP010,1,12990000,0,1169000,25000,12885000
DH2023005586,KH00011,SP016,1,11990000,0,1019000,22000,11233000
DH2023006529,KH00005,SP019,2,690000,0,138000,22000,1540000
DH2023006952,KH00002,SP016,3,11990000,0,3165000,45000,34864000
DH2023008487,KH00025,SP017,1,3290000,0,313000,25000,3464000
DH2023009319,KH00002,SP017,3,3290000,0,957000,30000,10561000
DH2023001447,KH00087,SP013,3,990000,0,238000,30000,2644000
DH2023002197,KH00003,SP004,1,16990000,0,1614000,25000,17779000
DH2023004644,KH00097,SP017,2,3290000,0,559000,35000,6187000
DH2023004656,KH00030,SP026,1,990000,0,94000,30000,1064000
DH2023005109,KH00290,SP001,1,4590000,0,445000,22000,4919000
DH2023006762,KH00153,SP019,2,690000,0,138000,35000,1553000
DH2023007877,KH00001,SP008,2,13990000,0,2798000,30000,30808000
DH2023008348,KH00008,SP015,1,7990000,0,775000,45000,8570000
DH2023000153,KH00079,SP005,1,4990000,0,449000,18000,4958000
DH2023001340,KH01226,SP023,2,5990000,0,1078000,35000,11895000
DH2023007087,KH00020,SP021,1,350000,0,32000,45000,402000
DH2023007985,KH00008,SP002,3,18990000,0,5697000,28000,62695000
DH2023009799,KH00029,SP026,1,990000,0,94000,40000,1074000
DH2023002582,KH01838,SP006,1,7990000,0,799000,30000,8819000
DH2023003390,KH00003,SP012,1,1590000,0,159000,30000,1779000
DH2023003672,KH00053,SP014,1,1190000,0,101000,18000,1131000
DH2023006642,KH00001,SP001,3,4590000,0,1212000,18000,13348000
DH2023004561,KH00013,SP023,1,5990000,0,599000,25000,6614000
DH2023006305,KH00044,SP012,1,1590000,0,159000,30000,1779000
DH2023007383,KH00002,SP001,1,4590000,0,445000,25000,4922000
DH2023000276,KH00004,SP026,1,990000,0,99000,28000,1117000
DH2023002782,KH00002,SP001,2,4590000,0,808000,25000,8911000
DH2023004960,KH00017,SP005,1,4990000,0,474000,40000,5254000
DH2023006962,KH00005,SP010,4,12990000,0,4157000,30000,45755000
DH2023007361,KH00005,SP012,2,1590000,0,318000,30000,3528000
DH2023007642,KH02431,SP001,1,4590000,0,459000,18000,5067000
DH2023002824,KH00001,SP013,1,990000,0,92000,30000,1043000
DH2023003250,KH00001,SP011,1,3990000,0,387000,22000,4279000
DH2023006401,KH00006,SP025,1,4290000,0,378000,45000,4198000
DH2023009125,KH00002,SP001,4,4590000,0,1781000,35000,19625000
DH2023002010,KH00001,SP026,3,990000,0,261000,35000,2910000
DH2023002714,KH00001,SP009,3,15990000,0,4077000,28000,44879000
DH2023003394,KH00004,SP012,6,1590000,0,763000,28000,8423000
DH2023004950,KH00002,SP003,2,19990000,0,3198000,22000,35204000
DH2023006320,KH00001,SP005,1,4990000,0,464000,30000,5135000
DH2023009753,KH00001,SP019,4,690000,0,276000,35000,3071000
DH2023002786,KH00001,SP008,3,13990000,0,3567000,40000,39281000
DH2023004246,KH00001,SP017,1,3290000,0,313000,30000,3469000
DH2023006763,KH00002,SP019,2,690000,0,138000,45000,1563000
DH2023008018,KH00020,SP009,2,15990000,0,2718000,40000,29941000
DH2023008758,KH01047,SP019,1,690000,0,69000,18000,777000
DH2023009811,KH00011,SP003,5,19990000,0,9495000,30000,104477000
DH2023001703,KH00012,SP001,8,4590000,0,3672000,28000,40420000
DH2023001912,KH00002,SP019,1,690000,0,59000,18000,663000
DH2023002334,KH00088,SP019,1,690000,0,66000,35000,757000
DH2023002369,KH00196,SP022,2,190000,0,38000,25000,443000
DH2023002370,KH00116,SP012,1,1590000,0,159000,18000,1767000
DH2023006385,KH00002,SP024,1,5490000,0,511000,30000,5647000
DH2023009249,KH00008,SP015,1,7990000,0,799000,35000,8824000
DH2023004817,KH00001,SP009,3,15990000,0,4797000,28000,52795000
DH2023007451,KH00005,SP022,1,190000,0,16000,22000,200000
DH2023008891,KH00102,SP005,4,4990000,0,1996000,28000,21984000
DH2023009268,KH00016,SP014,1,1190000,0,119000,22000,1331000
DH2023003224,KH00001,SP020,1,1190000,0,119000,18000,1327000
DH2023006573,KH00692,SP004,2,16990000,0,3058000,40000,33680000
DH2023000269,KH00763,SP005,1,4990000,0,424000,40000,4706000
DH2023001558,KH00001,SP001,2,4590000,0,808000,40000,8926000
DH2023001968,KH01553,SP007,2,23990000,0,4318000,22000,47522000
DH2023001341,KH00005,SP022,1,190000,0,18000,18000,216000
DH2023004606,KH00079,SP013,1,990000,0,96000,40000,1096000
DH2023006006,KH00001,SP026,2,990000,0,174000,40000,1956000
DH2023000148,KH00041,SP005,5,4990000,0,2370000,40000,26112000
DH2023003498,KH00001,SP012,4,1590000,0,560000,35000,6192000
DH2023005404,KH00001,SP025,3,4290000,0,1197000,30000,13196000
DH2023008757,KH00003,SP026,1,990000,0,84000,22000,948000
DH2023000174,KH00006,SP014,10,1190000,0,1047000,40000,11559000
DH2023000838,KH00014,SP026,3,990000,0,282000,40000,3144000
DH2023003568,KH00057,SP007,1,23990000,0,2231000,35000,24577000
DH2023001980,KH00002,SP024,1,5490000,0,494000,30000,5465000
DH2023006484,KH00001,SP009,1,15990000,0,1439000,45000,15875000
DH2023000658,KH00004,SP008,8,13990000,0,8954000,25000,98515000
DH2023008321,KH00002,SP021,1,350000,0,35000,35000,420000
DH2023009575,KH00110,SP026,1,990000,0,96000,25000,1081000
DH2023001439,KH00047,SP003,1,19990000,0,1599000,25000,17616000
DH2023001647,KH00002,SP022,4,190000,0,72000,45000,839000
DH2023003161,KH00001,SP007,1,23990000,0,2159000,22000,23772000
DH2023005143,KH00010,SP008,1,13990000,0,1301000,45000,14357000
DH2023005554,KH00591,SP002,1,18990000,0,1899000,18000,20907000
DH2023007006,KH00016,SP003,1,19990000,0,1999000,18000,22007000
DH2023007581,KH00451,SP019,1,690000,0,69000,45000,804000
DH2023009411,KH00001,SP003,1,19990000,0,1699000,35000,18726000
DH2023004309,KH00009,SP024,5,5490000,0,2663000,22000,29311000
DH2023009944,KH00001,SP023,2,5990000,0,1114000,45000,12300000
DH2023004961,KH00004,SP006,3,7990000,0,2157000,28000,23758000
DH2023006273,KH00015,SP018,10,390000,0,370000,40000,4115000
DH2023002095,KH00009,SP006,5,7990000,0,3596000,45000,39596000
DH2023004221,KH00088,SP015,2,7990000,0,1518000,35000,16734000
DH2023005464,KH00195,SP013,1,990000,0,96000,22000,1078000
DH2023007502,KH00001,SP016,3,11990000,0,3345000,25000,36822000
DH2023008263,KH00540,SP008,1,13990000,0,1399000,30000,15419000
DH2023001770,KH00001,SP012,3,1590000,0,444000,22000,4902000
DH2023002460,KH00006,SP002,1,18990000,0,1766000,28000,19455000
DH2023003802,KH00028,SP002,1,18990000,0,1519000,40000,16751000
DH2023004053,KH00002,SP014,1,1190000,0,115000,45000,1314000
DH2023007533,KH00032,SP019,6,690000,0,352000,45000,3916000
DH2023008962,KH00044,SP017,5,3290000,0,1398000,30000,15410000
DH2023008998,KH00052,SP025,2,4290000,0,858000,22000,9460000
DH2023000289,KH00011,SP021,1,350000,0,32000,22000,379000
DH2023002667,KH00008,SP021,1,350000,0,35000,45000,430000
DH2023003027,KH00005,SP008,3,13990000,0,3903000,28000,42963000
DH2023005858,KH00177,SP003,1,19990000,0,1939000,22000,21351000
DH2023000205,KH00001,SP002,2,18990000,0,3038000,25000,33447000
DH2023001461,KH00041,SP025,1,4290000,0,429000,45000,4764000
DH2023002685,KH00001,SP012,1,1590000,0,143000,25000,1599000
DH2023004030,KH00004,SP004,2,16990000,0,3160000,25000,34786000
DH2023005082,KH00467,SP012,2,1590000,0,318000,22000,3520000
DH2023000748,KH00003,SP009,6,15990000,0,9594000,25000,105559000
DH2023006815,KH00009,SP001,2,4590000,0,918000,40000,10138000
DH2023000103,KH01117,SP013,1,990000,0,96000,28000,1084000
DH2023002043,KH00001,SP019,1,690000,0,64000,45000,751000
DH2023003353,KH00010,SP021,1,350000,0,28000,45000,353000
DH2023004640,KH00058,SP016,8,11990000,0,8441000,25000,92876000
DH2023006620,KH00057,SP025,3,4290000,0,1223000,25000,13474000
DH2023006881,KH00007,SP006,1,7990000,0,759000,45000,8394000
DH2023007447,KH00149,SP024,3,5490000,0,1647000,28000,18145000
DH2023007500,KH00001,SP024,2,5490000,0,1098000,25000,12103000
DH2023000278,KH00001,SP024,4,5490000,0,2130000,28000,23459000
DH2023002268,KH00001,SP005,2,4990000,0,928000,28000,10237000
DH2023002648,KH00006,SP016,1,11990000,0,1019000,28000,11239000
DH2023005052,KH00019,SP015,3,7990000,0,1918000,45000,21139000
DH2023007684,KH00027,SP025,1,4290000,0,429000,18000,4737000
DH2023008657,KH00003,SP014,3,1190000,0,339000,35000,3766000
DH2023008724,KH00009,SP011,1,3990000,0,319000,25000,3536000
DH2023009957,KH00005,SP016,1,11990000,0,1019000,40000,11251000
DH2023000995,KH00024,SP007,4,23990000,0,8924000,18000,98185000
DH2023001089,KH00867,SP010,2,12990000,0,2468000,30000,27179000
DH2023005543,KH00010,SP021,1,350000,0,28000,28000,336000
DH2023006086,KH00002,SP021,5,350000,0,149000,30000,1667000
DH2023008333,KH00033,SP022,2,190000,0,38000,35000,453000
DH2023001432,KH00002,SP017,8,3290000,0,2369000,30000,26087000
DH2023007175,KH00038,SP003,2,19990000,0,3798000,22000,41801000
DH2023003052,KH00002,SP013,1,990000,0,99000,35000,1124000
DH2023003606,KH00001,SP022,1,190000,0,17000,40000,228000
DH2023007661,KH00010,SP004,1,16990000,0,1359000,25000,14976000
DH2023001484,KH00054,SP005,1,4990000,0,464000,35000,5140000
DH2023003843,KH00001,SP012,1,1590000,0,159000,30000,1779000
DH2023004155,KH00002,SP016,4,11990000,0,4796000,45000,52801000
DH2023004281,KH00001,SP018,3,390000,0,114000,35000,1284000
DH2023004655,KH00163,SP002,1,18990000,0,1899000,30000,20919000
DH2023008434,KH00001,SP002,1,18990000,0,1842000,22000,20284000
DH2023002312,KH00019,SP018,2,390000,0,69000,40000,795000
DH2023008008,KH00004,SP016,2,11990000,0,1918000,28000,21130000
DH2023006031,KH00003,SP011,1,3990000,0,339000,28000,3759000
DH2023006662,KH00008,SP019,2,690000,0,138000,30000,1548000
DH2023000742,KH00122,SP017,2,3290000,0,592000,25000,6539000
DH2023004349,KH00001,SP015,1,7990000,0,743000,45000,8219000
DH2023005963,KH00010,SP026,8,990000,0,697000,45000,7712000
DH2023007371,KH00040,SP023,2,5990000,0,1054000,30000,11626000
DH2023001462,KH00022,SP017,3,3290000,0,869000,35000,9590000
DH2023002296,KH00002,SP018,2,390000,0,72000,40000,837000
DH2023003646,KH00006,SP012,1,1590000,0,151000,35000,1696000
DH2023004202,KH00002,SP006,3,7990000,0,2397000,30000,26397000
DH2023007493,KH00004,SP012,8,1590000,0,1272000,25000,14017000
DH2023007539,KH00001,SP013,8,990000,0,768000,25000,8475000
DH2023007809,KH00004,SP002,1,18990000,0,1899000,25000,20914000
DH2023000592,KH00008,SP014,5,1190000,0,476000,30000,5266000
DH2023000873,KH00023,SP012,2,1590000,0,318000,22000,3520000
DH2023002632,KH00001,SP021,3,350000,0,105000,45000,1200000
DH2023005973,KH00001,SP009,1,15990000,0,1487000,25000,16383000
DH2023006296,KH00034,SP026,1,990000,0,89000,40000,1020000
DH2023001032,KH00002,SP012,1,1590000,0,159000,40000,1789000
DH2023002739,KH00030,SP006,5,7990000,0,3516000,25000,38697000
DH2023002939,KH00001,SP025,1,4290000,0,429000,18000,4737000
DH2023006687,KH00001,SP019,2,690000,0,117000,40000,1330000
DH2023009671,KH00021,SP005,1,4990000,0,439000,25000,4855000
DH2023002413,KH00003,SP023,3,5990000,0,1438000,28000,15842000
DH2023003456,KH00052,SP015,1,7990000,0,703000,35000,7769000
DH2023005750,KH00043,SP002,2,18990000,0,3228000,22000,35533000
DH2023000562,KH00001,SP024,1,5490000,0,549000,45000,6084000
DH2023001973,KH00012,SP014,2,1190000,0,231000,40000,2580000
DH2023001379,KH00001,SP022,6,190000,0,114000,22000,1276000
DH2023001673,KH00013,SP026,3,990000,0,297000,28000,3295000
DH2023002785,KH00010,SP017,1,3290000,0,313000,18000,3457000
DH2023005454,KH00001,SP026,3,990000,0,238000,25000,2639000
DH2023007659,KH00828,SP001,1,4590000,0,404000,35000,4478000
DH2023009516,KH00001,SP014,2,1190000,0,202000,30000,2255000
DH2023000182,KH00013,SP013,1,990000,0,84000,22000,948000
DH2023002189,KH00007,SP010,1,12990000,0,1169000,28000,12888000
DH2023003869,KH00227,SP016,2,11990000,0,2326000,28000,25615000
DH2023008390,KH00001,SP017,3,3290000,0,938000,40000,10354000
DH2023009008,KH00009,SP001,1,4590000,0,459000,18000,5067000
DH2023009278,KH00378,SP009,1,15990000,0,1487000,28000,16386000
DH2023009710,KH00001,SP019,1,690000,0,69000,40000,799000
DH2023002914,KH00002,SP024,6,5490000,0,2800000,35000,30834000
DH2023005133,KH00013,SP008,2,13990000,0,2518000,28000,27728000
DH2023006234,KH02244,SP013,3,990000,0,297000,22000,3289000
DH2023008073,KH00011,SP019,4,690000,0,262000,45000,2929000
DH2023002083,KH00029,SP011,4,3990000,0,1484000,30000,16357000
DH2023004555,KH00050,SP016,2,11990000,0,2158000,18000,23758000
DH2023007104,KH00001,SP020,2,1190000,0,238000,22000,2640000
DH2023007543,KH00046,SP015,1,7990000,0,679000,40000,7511000
DH2023008872,KH00007,SP014,3,1190000,0,357000,28000,3955000
DH2023005121,KH00001,SP018,4,390000,0,145000,40000,1636000
DH2023005752,KH00004,SP011,1,3990000,0,387000,30000,4287000
DH2023005906,KH00001,SP010,5,12990000,0,5846000,30000,64331000
DH2023006730,KH00014,SP017,1,3290000,0,313000,45000,3484000
DH2023008347,KH00008,SP007,3,23990000,0,6333000,22000,69689000
DH2023009273,KH00004,SP023,1,5990000,0,539000,45000,5975000
DH2023003598,KH00219,SP010,3,12990000,0,3897000,30000,42897000
DH2023009762,KH00667,SP005,2,4990000,0,928000,45000,10254000
DH2023001903,KH00003,SP025,1,4290000,0,386000,18000,4265000
DH2023002048,KH00001,SP005,2,4990000,0,968000,18000,10667000
DH2023002336,KH00052,SP022,2,190000,0,34000,22000,398000
DH2023004734,KH00053,SP003,1,19990000,0,1999000,35000,22024000
DH2023005597,KH00017,SP013,1,990000,0,92000,22000,1035000
DH2023007229,KH01916,SP004,1,16990000,0,1529000,30000,16850000
DH2023004573,KH00001,SP006,1,7990000,0,799000,35000,8824000
DH2023005161,KH00017,SP018,1,390000,0,31000,45000,388000
DH2023005904,KH00031,SP017,1,3290000,0,280000,30000,3106000
DH2023001685,KH00001,SP008,2,13990000,0,2602000,35000,28658000
DH2023005900,KH00004,SP001,2,4590000,0,780000,45000,8628000
DH2023008467,KH00003,SP001,3,4590000,0,1308000,40000,14430000
DH2023000026,KH00001,SP018,1,390000,0,38000,40000,456000
DH2023007108,KH00005,SP022,6,190000,0,114000,30000,1284000
DH2023009948,KH00013,SP012,8,1590000,0,1183000,25000,13038000
DH2023000303,KH00001,SP020,1,1190000,0,119000,45000,1354000
DH2023000696,KH00008,SP014,1,1190000,0,119000,22000,1331000
DH2023000242,KH00072,SP013,3,990000,0,261000,40000,2915000
DH2023006252,KH00150,SP009,4,15990000,0,5117000,35000,56320000
DH2023002902,KH00094,SP006,3,7990000,0,2157000,35000,23765000
DH2023004140,KH00001,SP007,3,23990000,0,6477000,35000,71285000
DH2023006278,KH00205,SP019,1,690000,0,69000,40000,799000
DH2023008898,KH00001,SP012,2,1590000,0,254000,35000,2833000
DH2023009215,KH00015,SP004,1,16990000,0,1699000,18000,18707000
DH2023000531,KH00886,SP013,4,990000,0,356000,25000,3945000
DH2023004470,KH00008,SP004,1,16990000,0,1699000,28000,18717000
DH2023009307,KH00001,SP008,3,13990000,0,4197000,40000,46207000
DH2023004056,KH00004,SP008,1,13990000,0,1259000,22000,13872000
DH2023008870,KH00025,SP017,3,3290000,0,888000,30000,9801000
DH2023009630,KH00020,SP015,1,7990000,0,719000,25000,7935000
DH2023000399,KH00001,SP004,1,16990000,0,1495000,22000,16468000
DH2023001587,KH01010,SP017,4,3290000,0,1184000,28000,13056000
DH2023002682,KH00022,SP004,4,16990000,0,5437000,18000,59823000
DH2023005165,KH00484,SP002,1,18990000,0,1709000,28000,18828000
DH2023000986,KH00001,SP012,2,1590000,0,296000,22000,3275000
DH2023003527,KH00001,SP020,3,1190000,0,357000,22000,3949000
DH2023006970,KH00299,SP009,6,15990000,0,9594000,18000,105552000
DH2023002783,KH00057,SP017,2,3290000,0,658000,22000,7260000
DH2023002991,KH00005,SP008,1,13990000,0,1399000,45000,15434000
DH2023004492,KH00001,SP015,2,7990000,0,1550000,18000,17069000
DH2023006070,KH00094,SP021,2,350000,0,66000,22000,753000
DH2023006543,KH00003,SP023,1,5990000,0,479000,30000,5301000
DH2023009419,KH00005,SP015,1,7990000,0,719000,22000,7932000
DH2023001265,KH00005,SP023,1,5990000,0,539000,28000,5958000
DH2023007999,KH00025,SP004,1,16990000,0,1699000,25000,18714000
DH2023001851,KH00028,SP026,1,990000,0,79000,45000,916000
DH2023007139,KH00021,SP026,1,990000,0,89000,25000,1005000
DH2023008061,KH00003,SP003,3,19990000,0,5997000,22000,65989000
DH2023008876,KH00033,SP003,1,19990000,0,1999000,45000,22034000
DH2023003472,KH00001,SP005,4,4990000,0,1697000,25000,18688000
DH2023007261,KH00002,SP017,2,3290000,0,559000,25000,6177000
DH2023007476,KH00003,SP020,4,1190000,0,428000,45000,4757000
DH2023009286,KH00015,SP011,2,3990000,0,798000,40000,8818000
DH2023002567,KH00288,SP026,2,990000,0,158000,28000,1770000
DH2023002696,KH00001,SP022,1,190000,0,18000,30000,228000
DH2023003849,KH00018,SP016,2,11990000,0,2230000,28000,24559000
DH2023007802,KH00012,SP014,4,1190000,0,476000,22000,5258000
DH2023008718,KH00044,SP007,1,23990000,0,2399000,30000,26419000
DH2023007665,KH00006,SP005,1,4990000,0,474000,18000,5232000
DH2023007309,KH00006,SP003,1,19990000,0,1999000,30000,22019000
DH2023007713,KH00004,SP012,1,1590000,0,143000,45000,1619000
DH2023005250,KH00015,SP007,8,23990000,0,16889000,25000,185804000
DH2023007965,KH00001,SP019,1,690000,0,69000,40000,799000
DH2023009245,KH00003,SP017,2,3290000,0,526000,25000,5815000
DH2023001436,KH00011,SP001,5,4590000,0,2020000,28000,22244000
DH2023002239,KH00116,SP019,1,690000,0,66000,30000,752000
DH2023004821,KH00001,SP017,3,3290000,0,957000,45000,10576000
DH2023005511,KH00006,SP002,3,18990000,0,5697000,35000,62702000
DH2023006176,KH00001,SP006,3,7990000,0,2229000,45000,24566000
DH2023007949,KH00802,SP025,1,4290000,0,429000,18000,4737000
DH2024001690,KH01123,SP024,1,5490000,0,467000,45000,5178000
DH2024002339,KH00021,SP012,2,1590000,0,308000,28000,3421000
DH2024003188,KH00003,SP026,2,990000,0,168000,22000,1873000
DH2024004141,KH00130,SP020,3,1190000,0,303000,28000,3365000
DH2024004237,KH00001,SP026,2,990000,0,168000,25000,1876000
DH2024005191,KH00552,SP024,1,5490000,0,522000,22000,5760000
DH2024006016,KH00021,SP018,1,390000,0,37000,35000,442000
DH2024006556,KH00007,SP020,2,1190000,0,238000,18000,2636000
DH2024008888,KH00065,SP010,2,12990000,0,2598000,35000,28613000
DH2024009428,KH00006,SP010,8,12990000,0,9145000,30000,100625000
DH2024002888,KH00003,SP026,2,990000,0,198000,18000,2196000
DH2024004085,KH00089,SP016,5,11990000,0,5995000,18000,65963000
DH2024004116,KH00099,SP018,1,390000,0,35000,40000,426000
DH2024004477,KH00005,SP018,1,390000,0,34000,40000,417000
DH2024005749,KH00042,SP021,3,350000,0,92000,28000,1044000
DH2024009355,KH01935,SP018,3,390000,0,117000,22000,1309000
DH2024009416,KH00201,SP002,4,18990000,0,6077000,18000,66863000
DH2024004448,KH00003,SP022,2,190000,0,38000,25000,443000
DH2024004725,KH00001,SP024,2,5490000,0,1065000,40000,11756000
DH2024006043,KH00045,SP024,3,5490000,0,1598000,28000,17602000
DH2024007728,KH00012,SP012,1,1590000,0,159000,35000,1784000
DH2024008019,KH00238,SP013,1,990000,0,89000,45000,1025000
DH2024000184,KH00010,SP025,2,4290000,0,858000,25000,9463000
DH2024001915,KH00007,SP010,2,12990000,0,2520000,25000,27746000
DH2024006096,KH00267,SP005,8,4990000,0,3992000,30000,43942000
DH2024008363,KH00062,SP007,1,23990000,0,2399000,18000,26407000
DH2024008863,KH00003,SP014,3,1190000,0,357000,25000,3952000
DH2024002360,KH00001,SP022,1,190000,0,19000,40000,249000
DH2024003361,KH00589,SP026,1,990000,0,89000,25000,1005000
DH2024009949,KH00244,SP026,1,990000,0,94000,25000,1059000
DH2024001161,KH00142,SP011,1,3990000,0,359000,45000,3995000
DH2024003292,KH00004,SP019,1,690000,0,61000,45000,713000
DH2024006732,KH00040,SP013,1,990000,0,89000,25000,1005000
DH2024007301,KH00074,SP014,1,1190000,0,111000,35000,1253000
DH2024009996,KH00037,SP015,3,7990000,0,2109000,25000,23228000
DH2024001678,KH01486,SP018,2,390000,0,78000,40000,898000
DH2024006653,KH00862,SP019,1,690000,0,69000,28000,787000
DH2024007989,KH00004,SP026,3,990000,0,238000,40000,2654000
DH2024008549,KH00390,SP020,3,1190000,0,286000,30000,3172000
DH2024001033,KH00029,SP024,1,5490000,0,467000,35000,5168000
DH2024003299,KH00001,SP012,3,1590000,0,477000,22000,5269000
DH2024005877,KH00020,SP021,1,350000,0,31000,30000,369000
DH2024007022,KH00002,SP023,1,5990000,0,569000,40000,6299000
DH2024009219,KH00006,SP016,6,11990000,0,7194000,40000,79174000
DH2024009530,KH00008,SP026,1,990000,0,99000,25000,1114000
DH2024005547,KH00002,SP001,2,4590000,0,734000,45000,8123000
DH2024005828,KH00044,SP018,8,390000,0,296000,40000,3300000
DH2024005857,KH00001,SP005,1,4990000,0,439000,18000,4848000
DH2024007825,KH00037,SP023,2,5990000,0,1114000,30000,12285000
DH2024008421,KH00001,SP025,2,4290000,0,832000,35000,9190000
DH2024008506,KH00014,SP006,1,7990000,0,759000,30000,8379000
DH2024009201,KH00002,SP023,2,5990000,0,1198000,45000,13223000
DH2024009323,KH00009,SP014,1,1190000,0,111000,28000,1246000
DH2024009371,KH00006,SP014,6,1190000,0,678000,40000,7501000
DH2024009541,KH00002,SP016,1,11990000,0,1055000,18000,11624000
DH2024002932,KH00002,SP003,3,19990000,0,4798000,18000,52792000
DH2024000327,KH00151,SP017,1,3290000,0,329000,35000,3654000
DH2024002933,KH00101,SP015,1,7990000,0,743000,35000,8209000
DH2024005235,KH00189,SP007,1,23990000,0,2159000,28000,23778000
DH2024007190,KH00036,SP001,10,4590000,0,4039000,25000,44456000
DH2024007720,KH00001,SP003,1,19990000,0,1859000,28000,20478000
DH2024008191,KH01285,SP011,1,3990000,0,359000,18000,3968000
DH2024008395,KH00003,SP014,1,1190000,0,115000,25000,1294000
DH2024000118,KH00001,SP001,1,4590000,0,459000,40000,5089000
DH2024001330,KH00023,SP004,1,16990000,0,1529000,22000,16842000
DH2024001371,KH00001,SP011,1,3990000,0,319000,18000,3529000
DH2024001391,KH00003,SP005,1,4990000,0,424000,22000,4688000
DH2024002131,KH00001,SP020,2,1190000,0,202000,30000,2255000
DH2024003501,KH00072,SP024,1,5490000,0,532000,18000,5875000
DH2024005199,KH00004,SP015,2,7990000,0,1438000,30000,15850000
DH2024005267,KH00001,SP007,2,23990000,0,4654000,28000,51223000
DH2024005419,KH00107,SP026,2,990000,0,168000,35000,1886000
DH2024002774,KH00089,SP010,1,12990000,0,1234000,45000,13619000
DH2024005976,KH00012,SP009,2,15990000,0,2878000,28000,31688000
DH2024007824,KH00007,SP014,1,1190000,0,113000,45000,1288000
DH2024007973,KH00009,SP009,3,15990000,0,4797000,30000,52797000
DH2024008925,KH00107,SP019,2,690000,0,117000,28000,1318000
DH2024001519,KH00570,SP023,2,5990000,0,1162000,22000,12805000
DH2024004643,KH02089,SP018,2,390000,0,78000,28000,886000
DH2024005255,KH00020,SP019,1,690000,0,69000,30000,789000
DH2024005429,KH00132,SP012,5,1590000,0,795000,35000,8780000
DH2024006638,KH00014,SP014,10,1190000,0,1154000,22000,12719000
DH2024004932,KH00007,SP009,3,15990000,0,4077000,45000,44896000
DH2024005118,KH00109,SP003,5,19990000,0,9995000,45000,109990000
DH2024005146,KH00005,SP013,1,990000,0,94000,28000,1062000
DH2024006135,KH00766,SP025,1,4290000,0,343000,35000,3810000
DH2024006366,KH00002,SP012,1,1590000,0,151000,30000,1691000
DH2024006828,KH00001,SP011,1,3990000,0,399000,25000,4414000
DH2024000027,KH01242,SP019,1,690000,0,64000,30000,736000
DH2024003673,KH00001,SP025,1,4290000,0,386000,30000,4277000
DH2024004570,KH00175,SP007,1,23990000,0,2279000,25000,25094000
DH2024006216,KH00001,SP025,1,4290000,0,386000,22000,4269000
DH2024007048,KH00003,SP008,2,13990000,0,2238000,30000,24652000
DH2024009802,KH00001,SP023,4,5990000,0,2396000,28000,26384000
DH2024000580,KH00006,SP005,4,4990000,0,1936000,35000,21332000
DH2024005356,KH00416,SP003,1,19990000,0,1699000,45000,18736000
DH2024005686,KH00001,SP006,1,7990000,0,775000,22000,8547000
DH2024005271,KH00001,SP001,2,4590000,0,826000,22000,9110000
DH2024005451,KH00001,SP013,1,990000,0,89000,40000,1020000
DH2024002122,KH00001,SP023,1,5990000,0,527000,30000,5828000
DH2024002597,KH00008,SP010,3,12990000,0,3312000,45000,36481000
DH2024005287,KH00057,SP024,3,5490000,0,1598000,28000,17602000
DH2024009335,KH00297,SP007,1,23990000,0,2279000,18000,25087000
DH2024001900,KH00023,SP006,4,7990000,0,3196000,35000,35191000
DH2024002753,KH00001,SP002,1,18990000,0,1842000,45000,20307000
DH2024005339,KH00001,SP013,2,990000,0,198000,18000,2196000
DH2024007353,KH00202,SP016,1,11990000,0,1199000,25000,13214000
DH2024008357,KH00008,SP015,1,7990000,0,799000,18000,8807000
DH2024009511,KH00001,SP022,3,190000,0,54000,30000,626000
DH2024003582,KH00072,SP015,8,7990000,0,5753000,45000,63326000
DH2024005811,KH00018,SP017,1,3290000,0,329000,30000,3649000
DH2024007037,KH00002,SP013,1,990000,0,87000,35000,993000
DH2024008372,KH00001,SP003,4,19990000,0,7036000,18000,77419000
DH2024001408,KH00005,SP015,1,7990000,0,743000,45000,8219000
DH2024001846,KH00001,SP005,6,4990000,0,2395000,45000,26392000
DH2024002590,KH00349,SP017,3,3290000,0,888000,18000,9789000
DH2024002827,KH00009,SP020,3,1190000,0,286000,25000,3167000
DH2024002922,KH00002,SP009,3,15990000,0,4557000,18000,50147000
DH2024004598,KH00033,SP001,3,4590000,0,1281000,22000,14109000
DH2024005062,KH00002,SP022,2,190000,0,38000,18000,436000
DH2024005830,KH00003,SP014,5,1190000,0,524000,40000,5800000
DH2024007526,KH00001,SP015,3,7990000,0,2229000,25000,24546000
DH2024009086,KH00006,SP006,1,7990000,0,719000,18000,7928000
DH2024000560,KH00009,SP013,4,990000,0,396000,22000,4378000
DH2024001031,KH00004,SP016,2,11990000,0,2278000,40000,25099000
DH2024001624,KH00002,SP008,2,13990000,0,2798000,28000,30806000
DH2024006651,KH02237,SP003,2,19990000,0,3798000,45000,41824000
DH2024008290,KH00008,SP006,2,7990000,0,1598000,18000,17596000
DH2024008515,KH00015,SP015,2,7990000,0,1550000,40000,17091000
DH2024001156,KH00001,SP017,1,3290000,0,313000,45000,3484000
DH2024006641,KH00022,SP025,2,4290000,0,772000,40000,8534000
DH2024000133,KH00012,SP026,1,990000,0,99000,18000,1107000
DH2024002851,KH00008,SP015,8,7990000,0,6392000,18000,70330000
DH2024003664,KH00001,SP023,4,5990000,0,2037000,25000,22428000
DH2024004927,KH00004,SP001,3,4590000,0,1308000,25000,14415000
DH2024008108,KH00006,SP019,2,690000,0,131000,22000,1464000
DH2024009615,KH00301,SP025,2,4290000,0,686000,40000,7590000
DH2024001221,KH00023,SP008,4,13990000,0,5428000,45000,59754000
DH2024003453,KH00001,SP013,2,990000,0,198000,30000,2208000
DH2024004902,KH00003,SP005,1,4990000,0,499000,35000,5524000
DH2024007759,KH00001,SP010,1,12990000,0,1104000,30000,12176000
DH2024009385,KH00035,SP024,1,5490000,0,467000,18000,5151000
DH2024007670,KH00040,SP013,1,990000,0,94000,30000,1064000
DH2024002147,KH00001,SP018,3,390000,0,117000,18000,1305000
DH2024005257,KH00034,SP006,1,7990000,0,719000,22000,7932000
DH2024007218,KH00001,SP001,3,4590000,0,1336000,18000,14711000
DH2024007243,KH00081,SP024,8,5490000,0,3514000,30000,38680000
DH2024008291,KH00003,SP007,3,23990000,0,6981000,35000,76827000
DH2024004271,KH00322,SP025,2,4290000,0,729000,30000,8052000
DH2024008795,KH00003,SP026,1,990000,0,99000,45000,1134000
DH2024000307,KH00004,SP007,2,23990000,0,4798000,40000,52818000
DH2024002643,KH00021,SP025,2,4290000,0,815000,40000,9006000
DH2024006174,KH00023,SP015,4,7990000,0,3196000,18000,35174000
DH2024006594,KH00001,SP007,1,23990000,0,2399000,35000,26424000
DH2024001247,KH00015,SP019,2,690000,0,124000,45000,1411000
DH2024008833,KH00007,SP022,1,190000,0,15000,28000,195000
DH2024009103,KH00002,SP011,1,3990000,0,351000,28000,3890000
DH2024000818,KH00083,SP018,1,390000,0,33000,28000,393000
DH2024001349,KH00072,SP019,1,690000,0,67000,35000,771000
DH2024002022,KH00004,SP009,1,15990000,0,1519000,40000,16749000
DH2024006222,KH00004,SP002,3,18990000,0,5697000,40000,62707000
DH2024006601,KH00001,SP001,2,4590000,0,808000,22000,8908000
DH2024007718,KH00152,SP020,1,1190000,0,111000,40000,1258000
DH2024002919,KH00010,SP017,2,3290000,0,658000,45000,7283000
DH2024003204,KH00010,SP013,3,990000,0,288000,35000,3204000
DH2024002228,KH00033,SP007,4,23990000,0,8444000,25000,92914000
DH2024003206,KH00117,SP002,1,18990000,0,1899000,25000,20914000
DH2024003226,KH00002,SP002,3,18990000,0,5697000,22000,62689000
DH2024005471,KH00002,SP025,2,4290000,0,858000,40000,9478000
DH2024007174,KH01074,SP010,1,12990000,0,1299000,28000,14317000
DH2024008059,KH00096,SP021,2,350000,0,68000,22000,769000
DH2024000317,KH00002,SP009,1,15990000,0,1599000,35000,17624000
DH2024000563,KH00112,SP020,4,1190000,0,462000,18000,5097000
DH2024002098,KH00104,SP025,1,4290000,0,399000,45000,4434000
DH2024006634,KH00023,SP017,3,3290000,0,839000,45000,9274000
DH2024007340,KH00007,SP020,2,1190000,0,238000,18000,2636000
DH2024008099,KH00001,SP021,1,350000,0,35000,22000,407000
DH2024007754,KH00425,SP015,3,7990000,0,2109000,25000,23228000
DH2024001057,KH00010,SP013,1,990000,0,79000,22000,893000
DH2024004117,KH00002,SP002,1,18990000,0,1671000,22000,18404000
DH2024003298,KH00001,SP023,2,5990000,0,1018000,25000,11226000
DH2024004510,KH00002,SP016,1,11990000,0,959000,18000,10569000
DH2024009636,KH00063,SP022,2,190000,0,34000,22000,398000
DH2024009861,KH00008,SP004,1,16990000,0,1529000,25000,16845000
DH2024000864,KH00001,SP018,4,390000,0,156000,45000,1761000
DH2024002860,KH00007,SP013,4,990000,0,356000,30000,3950000
DH2024007699,KH00001,SP021,5,350000,0,166000,35000,1863000
DH2024008149,KH00780,SP009,2,15990000,0,3198000,30000,35208000
DH2024008817,KH00001,SP006,1,7990000,0,719000,22000,7932000
DH2024005086,KH00381,SP001,4,4590000,0,1469000,35000,16192000
DH2024005332,KH00004,SP017,6,3290000,0,1777000,35000,19578000
DH2024006947,KH00033,SP016,1,11990000,0,1139000,35000,12564000
DH2024001256,KH00001,SP023,1,5990000,0,569000,40000,6299000
DH2024001957,KH00003,SP022,2,190000,0,38000,40000,458000
DH2024002716,KH00001,SP021,1,350000,0,30000,45000,373000
DH2024003830,KH00038,SP014,1,1190000,0,101000,45000,1158000
DH2024004124,KH00066,SP013,2,990000,0,174000,22000,1938000
DH2024004804,KH00001,SP004,1,16990000,0,1699000,25000,18714000
DH2024004876,KH00008,SP015,1,7990000,0,679000,28000,7499000
DH2024006469,KH01323,SP026,5,990000,0,495000,30000,5475000
DH2024007179,KH00060,SP004,1,16990000,0,1648000,28000,18156000
DH2024009461,KH00001,SP014,1,1190000,0,119000,30000,1339000
DH2024000512,KH00140,SP002,3,18990000,0,5013000,45000,55192000
DH2024001175,KH00017,SP001,1,4590000,0,445000,40000,4937000
DH2024002719,KH00001,SP005,4,4990000,0,1996000,35000,21991000
DH2024008336,KH00013,SP010,2,12990000,0,2338000,45000,25765000
DH2024000448,KH00006,SP022,1,190000,0,16000,45000,223000
DH2024003702,KH00002,SP014,1,1190000,0,113000,28000,1271000
DH2024004765,KH00007,SP018,4,390000,0,148000,25000,1655000
DH2024006034,KH00013,SP026,3,990000,0,297000,22000,3289000
DH2024006075,KH00064,SP013,1,990000,0,96000,25000,1081000
DH2024008050,KH00256,SP020,2,1190000,0,238000,30000,2648000
DH2024002294,KH00001,SP015,3,7990000,0,2277000,45000,25094000
DH2024003261,KH00001,SP022,10,190000,0,184000,25000,2052000
DH2024004166,KH00004,SP024,1,5490000,0,549000,22000,6061000
DH2024008490,KH00001,SP020,6,1190000,0,693000,28000,7647000
DH2024009105,KH01194,SP026,1,990000,0,99000,40000,1129000
DH2024009246,KH00030,SP025,6,4290000,0,2188000,22000,24089000
DH2024001290,KH00028,SP005,4,4990000,0,1996000,40000,21996000
DH2024002668,KH00001,SP013,2,990000,0,198000,25000,2203000
DH2024006080,KH00005,SP020,2,1190000,0,221000,30000,2464000
DH2024006426,KH00001,SP019,4,690000,0,276000,18000,3054000
DH2024000220,KH00001,SP012,3,1590000,0,444000,30000,4910000
DH2024003656,KH00202,SP008,8,13990000,0,10856000,35000,119453000
DH2024004905,KH00001,SP014,1,1190000,0,119000,30000,1339000
DH2024006630,KH00001,SP008,2,13990000,0,2798000,18000,30796000
DH2024006984,KH00007,SP014,1,1190000,0,119000,22000,1331000
DH2024007869,KH00110,SP021,5,350000,0,154000,18000,1712000
DH2024003122,KH00358,SP009,1,15990000,0,1487000,40000,16398000
DH2024008383,KH00003,SP021,1,350000,0,34000,30000,404000
DH2024009691,KH00020,SP012,2,1590000,0,318000,22000,3520000
DH2024004102,KH00001,SP021,3,350000,0,89000,28000,1009000
DH2024004860,KH00002,SP006,2,7990000,0,1358000,18000,14959000
DH2024004875,KH00006,SP020,2,1190000,0,238000,25000,2643000
DH2024007462,KH00001,SP022,2,190000,0,38000,35000,453000
DH2024008398,KH00004,SP014,6,1190000,0,714000,25000,7879000
DH2024001108,KH00001,SP012,1,1590000,0,143000,35000,1609000
DH2024001788,KH01600,SP026,1,990000,0,99000,28000,1117000
DH2024001465,KH00010,SP014,2,1190000,0,221000,30000,2464000
DH2024002916,KH00003,SP023,1,5990000,0,557000,35000,6163000
DH2024003862,KH00024,SP002,8,18990000,0,13369000,35000,147094000
DH2024007149,KH00001,SP026,1,990000,0,89000,35000,1015000
DH2024009293,KH00004,SP007,8,23990000,0,19192000,28000,211140000
DH2024000059,KH00001,SP004,5,16990000,0,8070000,40000,88812000
DH2024004322,KH00011,SP009,1,15990000,0,1551000,40000,17101000
DH2024004807,KH00003,SP001,1,4590000,0,413000,40000,4584000
DH2024008035,KH00017,SP001,6,4590000,0,2754000,18000,30312000
DH2024008415,KH00092,SP006,2,7990000,0,1358000,18000,14959000
DH2024000713,KH00010,SP019,2,690000,0,138000,40000,1558000
DH2024001515,KH00002,SP026,1,990000,0,89000,35000,1015000
DH2024001604,KH00045,SP007,5,23990000,0,11995000,22000,131967000
DH2024003034,KH00148,SP026,8,990000,0,792000,40000,8752000
DH2024000582,KH00002,SP020,2,1190000,0,209000,18000,2321000
DH2024001343,KH00128,SP022,2,190000,0,30000,22000,356000
DH2024009517,KH00040,SP019,1,690000,0,61000,30000,698000
DH2024007789,KH00056,SP004,2,16990000,0,3398000,30000,37408000
DH2024007804,KH00232,SP006,5,7990000,0,3995000,45000,43990000
DH2024008911,KH00004,SP009,2,15990000,0,3198000,25000,35203000
DH2024000741,KH00015,SP006,1,7990000,0,799000,30000,8819000
DH2024003762,KH00002,SP011,2,3990000,0,718000,35000,7935000
DH2024005661,KH00120,SP018,5,390000,0,195000,25000,2170000
DH2024007420,KH00002,SP016,2,11990000,0,2230000,35000,24566000
DH2024001273,KH00072,SP002,1,18990000,0,1899000,28000,20917000
DH2024002701,KH00003,SP015,2,7990000,0,1550000,22000,17073000
DH2024003154,KH00047,SP012,1,1590000,0,140000,30000,1569000
DH2024004675,KH00011,SP016,2,11990000,0,2398000,22000,26400000
DH2024006129,KH00706,SP020,1,1190000,0,101000,28000,1141000
DH2024007421,KH00002,SP016,2,11990000,0,1918000,18000,21120000
DH2024000386,KH00001,SP008,4,13990000,0,4924000,30000,54199000
DH2024001477,KH00004,SP009,4,15990000,0,5117000,28000,56313000
DH2024005423,KH00004,SP006,1,7990000,0,743000,28000,8202000
DH2024000342,KH00003,SP024,2,5490000,0,1098000,28000,12106000
DH2024001607,KH00029,SP013,1,990000,0,89000,18000,998000
DH2024001729,KH00002,SP001,2,4590000,0,808000,40000,8926000
DH2024004898,KH00429,SP025,2,4290000,0,858000,40000,9478000
DH2024007197,KH00001,SP010,1,12990000,0,1299000,28000,14317000
DH2024000418,KH00003,SP003,3,19990000,0,5997000,28000,65995000
DH2024005175,KH00001,SP019,1,690000,0,69000,40000,799000
DH2024008851,KH00004,SP016,3,11990000,0,3057000,30000,33661000
DH2024009932,KH00009,SP011,1,3990000,0,399000,30000,4419000
DH2024001952,KH00006,SP005,4,4990000,0,1756000,30000,19351000
DH2024004163,KH00033,SP019,3,690000,0,197000,22000,2185000
DH2024005901,KH00001,SP002,3,18990000,0,5697000,40000,62707000
DH2024003886,KH00001,SP009,2,15990000,0,3198000,18000,35196000
DH2024005180,KH00006,SP005,2,4990000,0,848000,40000,9371000
DH2024009386,KH00001,SP016,3,11990000,0,3597000,40000,39607000
DH2024002088,KH00003,SP008,3,13990000,0,3567000,28000,39269000
DH2024007366,KH01562,SP017,1,3290000,0,329000,22000,3641000
DH2024000598,KH00008,SP008,2,13990000,0,2602000,22000,28645000
DH2024004341,KH00192,SP022,6,190000,0,114000,22000,1276000
DH2024001841,KH00010,SP024,1,5490000,0,549000,22000,6061000
DH2024004176,KH00011,SP019,3,690000,0,207000,28000,2305000
DH2024001571,KH00002,SP012,2,1590000,0,286000,35000,3183000
DH2024006396,KH00007,SP007,1,23990000,0,2159000,40000,23790000
DH2024008673,KH00005,SP016,3,11990000,0,3489000,25000,38405000
DH2024009234,KH00001,SP015,2,7990000,0,1278000,35000,14097000
DH2024009474,KH00002,SP025,1,4290000,0,429000,25000,4744000
DH2024003011,KH00009,SP026,10,990000,0,792000,18000,8730000
DH2024003091,KH00002,SP019,4,690000,0,276000,28000,3064000
DH2024004904,KH00005,SP025,1,4290000,0,429000,25000,4744000
DH2024005980,KH00034,SP016,4,11990000,0,4556000,22000,50140000
DH2024001006,KH00009,SP001,2,4590000,0,780000,40000,8623000
DH2024001744,KH00713,SP013,1,990000,0,84000,40000,966000
DH2024002687,KH00025,SP019,4,690000,0,276000,30000,3066000
DH2024003740,KH00160,SP003,2,19990000,0,3398000,18000,37399000
DH2024008188,KH00065,SP011,3,3990000,0,1113000,45000,12290000
DH2024009842,KH00002,SP014,1,1190000,0,115000,25000,1294000
DH2024004262,KH00700,SP025,5,4290000,0,1823000,30000,20085000
DH2024009915,KH00239,SP016,8,11990000,0,7674000,22000,84432000
DH2024004367,KH00001,SP022,1,190000,0,17000,35000,223000
DH2024005990,KH00201,SP022,2,190000,0,32000,28000,383000
DH2024008991,KH00002,SP023,1,5990000,0,599000,30000,6619000
DH2024009421,KH00002,SP016,3,11990000,0,2878000,45000,31699000
DH2024000948,KH00411,SP017,2,3290000,0,579000,18000,6387000
DH2024003955,KH00001,SP014,2,1190000,0,238000,18000,2636000
DH2024005616,KH00001,SP019,2,690000,0,138000,35000,1553000
DH2024007898,KH00286,SP009,1,15990000,0,1439000,25000,15855000
DH2024000478,KH00024,SP023,4,5990000,0,2324000,25000,25590000
DH2024000605,KH00016,SP001,1,4590000,0,459000,25000,5074000
DH2024002358,KH00018,SP022,4,190000,0,65000,18000,729000
DH2024002711,KH00009,SP001,2,4590000,0,826000,30000,9118000
DH2024004798,KH01965,SP003,1,19990000,0,1759000,18000,19368000
DH2024008857,KH00001,SP022,4,190000,0,67000,30000,766000
DH2024002363,KH00002,SP026,2,990000,0,198000,30000,2208000
DH2024004393,KH00002,SP005,2,4990000,0,848000,22000,9353000
DH2024007056,KH00003,SP024,5,5490000,0,2470000,18000,27193000
DH2024001093,KH00018,SP008,1,13990000,0,1301000,35000,14347000
DH2024002976,KH00022,SP013,1,990000,0,96000,18000,1074000
DH2024003165,KH00501,SP008,6,13990000,0,8394000,18000,92352000
DH2024006221,KH00038,SP025,2,4290000,0,858000,40000,9478000
DH2024009394,KH00001,SP018,3,390000,0,94000,35000,1065000
DH2024004701,KH00002,SP011,6,3990000,0,2394000,18000,26352000
DH2024000181,KH00001,SP022,1,190000,0,16000,40000,218000
DH2024001142,KH00001,SP023,2,5990000,0,958000,18000,10560000
DH2024002741,KH00012,SP016,4,11990000,0,4556000,30000,50148000
DH2024000693,KH00008,SP015,10,7990000,0,7990000,18000,87908000
DH2024006521,KH00220,SP023,1,5990000,0,599000,30000,6619000
DH2024007914,KH00001,SP004,4,16990000,0,6592000,22000,72535000
DH2024009156,KH00006,SP005,1,4990000,0,439000,30000,4860000
DH2024000536,KH00001,SP021,1,350000,0,32000,22000,379000
DH2024001522,KH00006,SP011,2,3990000,0,798000,22000,8800000
DH2024003331,KH00002,SP013,3,990000,0,297000,35000,3302000
DH2024006429,KH00078,SP015,3,7990000,0,1918000,40000,21134000
DH2024009723,KH00001,SP018,10,390000,0,332000,45000,3692000
DH2024000691,KH00010,SP004,3,16990000,0,5097000,28000,56095000
DH2024005733,KH00212,SP007,3,23990000,0,7197000,22000,79189000
DH2024003083,KH00003,SP022,1,190000,0,19000,40000,249000
DH2024004236,KH00041,SP020,8,1190000,0,904000,45000,9993000
DH2024006587,KH00010,SP021,5,350000,0,170000,30000,1898000
DH2024000972,KH00373,SP026,1,990000,0,84000,25000,951000
DH2024002422,KH00485,SP014,2,1190000,0,231000,18000,2558000
DH2024006235,KH00007,SP009,1,15990000,0,1599000,35000,17624000
DH2024006658,KH00028,SP013,5,990000,0,460000,30000,5093000
DH2024008072,KH00003,SP018,1,390000,0,36000,25000,424000
DH2024008117,KH00003,SP004,2,16990000,0,3160000,25000,34786000
DH2024008175,KH00006,SP004,2,16990000,0,3296000,18000,36275000
DH2024009080,KH00038,SP003,1,19990000,0,1599000,45000,17636000
DH2024009177,KH00042,SP018,2,390000,0,69000,22000,777000
DH2024009623,KH00006,SP022,1,190000,0,16000,28000,206000
DH2024004362,KH00002,SP006,1,7990000,0,799000,22000,8811000
DH2024005469,KH00138,SP024,2,5490000,0,933000,45000,10311000
DH2024005609,KH00009,SP009,1,15990000,0,1599000,18000,17607000
DH2024008167,KH00009,SP020,3,1190000,0,346000,30000,3839000
DH2024008387,KH00003,SP019,2,690000,0,110000,45000,1259000
DH2024004911,KH00002,SP002,1,18990000,0,1766000,35000,19462000
DH2024005379,KH00001,SP023,6,5990000,0,3235000,45000,35626000
DH2024001529,KH00002,SP013,3,990000,0,276000,45000,3083000
DH2024003189,KH00044,SP003,2,19990000,0,3718000,28000,40927000
DH2024004916,KH00017,SP006,1,7990000,0,775000,18000,8543000
DH2024005349,KH00013,SP018,1,390000,0,39000,25000,454000
DH2024008017,KH00406,SP001,2,4590000,0,854000,30000,9421000
DH2024000423,KH00883,SP012,3,1590000,0,453000,22000,5007000
DH2024002437,KH00001,SP001,1,4590000,0,436000,35000,4831000
DH2024002455,KH00002,SP008,2,13990000,0,2238000,28000,24650000
DH2024004395,KH00016,SP012,3,1590000,0,405000,30000,4489000
DH2024005213,KH00032,SP011,2,3990000,0,718000,25000,7925000
DH2024005360,KH00002,SP012,1,1590000,0,159000,45000,1794000
DH2024009265,KH00010,SP008,3,13990000,0,3903000,35000,42970000
DH2024000272,KH00001,SP003,1,19990000,0,1999000,25000,22014000
DH2024004162,KH00002,SP003,3,19990000,0,5997000,22000,65989000
DH2024000120,KH00001,SP023,2,5990000,0,958000,28000,10570000
DH2024007867,KH00066,SP012,2,1590000,0,286000,40000,3188000
DH2024001145,KH00002,SP012,4,1590000,0,636000,30000,7026000
DH2024006009,KH00003,SP015,8,7990000,0,6392000,30000,70342000
DH2024006470,KH00736,SP021,5,350000,0,175000,28000,1953000
DH2024001187,KH00003,SP001,3,4590000,0,1170000,45000,12919000
DH2024002222,KH00019,SP022,1,190000,0,18000,28000,226000
DH2024006557,KH00210,SP015,1,7990000,0,775000,30000,8555000
DH2024007764,KH00001,SP004,3,16990000,0,4842000,28000,53292000
DH2024008653,KH00012,SP005,1,4990000,0,474000,45000,5259000
DH2024002168,KH00025,SP002,1,18990000,0,1842000,40000,20302000
DH2024002478,KH00002,SP010,1,12990000,0,1299000,18000,14307000
DH2024009324,KH00012,SP021,4,350000,0,123000,40000,1395000
DH2024001143,KH00028,SP025,1,4290000,0,343000,25000,3800000
DH2024001483,KH00012,SP018,2,390000,0,66000,22000,751000
DH2024003075,KH00001,SP005,1,4990000,0,439000,28000,4858000
DH2024005125,KH00002,SP003,1,19990000,0,1759000,22000,19372000
DH2024000649,KH00001,SP023,2,5990000,0,1198000,22000,13200000
DH2024005853,KH00003,SP002,1,18990000,0,1519000,18000,16729000
DH2024006126,KH00267,SP008,2,13990000,0,2462000,18000,27102000
DH2024009123,KH00005,SP002,2,18990000,0,3532000,45000,38898000
DH2024001177,KH01017,SP021,1,350000,0,35000,28000,413000
DH2024003240,KH00002,SP026,1,990000,0,94000,18000,1052000
DH2024003339,KH00001,SP018,1,390000,0,34000,28000,405000
DH2024004397,KH00001,SP006,3,7990000,0,2037000,28000,22439000
DH2024005386,KH00158,SP004,2,16990000,0,3398000,18000,37396000
DH2024006132,KH00003,SP003,1,19990000,0,1799000,28000,19818000
DH2024007161,KH00032,SP003,4,19990000,0,7436000,22000,81821000
DH2024009853,KH00006,SP026,1,990000,0,99000,40000,1129000
DH2024000851,KH00002,SP018,1,390000,0,39000,25000,454000
DH2024005745,KH00020,SP025,3,4290000,0,1133000,18000,12477000
DH2024008716,KH00008,SP018,1,390000,0,39000,25000,454000
DH2024009010,KH00001,SP026,3,990000,0,261000,30000,2905000
DH2024009263,KH00004,SP020,1,1190000,0,119000,25000,1334000
DH2024002962,KH00005,SP017,1,3290000,0,306000,25000,3391000
DH2024003423,KH00044,SP005,1,4990000,0,474000,40000,5254000
DH2024004302,KH00001,SP008,3,13990000,0,4197000,45000,46212000
DH2024008937,KH00001,SP025,6,4290000,0,2188000,28000,24095000
DH2024005449,KH00003,SP014,1,1190000,0,119000,40000,1349000
DH2024005843,KH00001,SP002,2,18990000,0,3798000,18000,41796000
DH2024006458,KH00006,SP013,8,990000,0,792000,35000,8747000
DH2024007122,KH00003,SP004,1,16990000,0,1699000,45000,18734000
DH2024001259,KH00003,SP003,1,19990000,0,1999000,45000,22034000
DH2024002697,KH00261,SP002,1,18990000,0,1899000,28000,20917000
DH2024003432,KH00075,SP022,2,190000,0,32000,30000,385000
DH2024003992,KH00329,SP004,1,16990000,0,1580000,25000,17406000
DH2024006479,KH00024,SP018,5,390000,0,185000,25000,2062000
DH2024006949,KH00012,SP025,3,4290000,0,1197000,35000,13201000
DH2024007167,KH00025,SP015,1,7990000,0,759000,30000,8379000
DH2024007576,KH00002,SP005,2,4990000,0,998000,28000,11006000
DH2024007920,KH00060,SP024,2,5490000,0,1065000,30000,11746000
DH2024008606,KH00009,SP010,8,12990000,0,10392000,25000,114337000
DH2024001009,KH00018,SP023,2,5990000,0,958000,25000,10567000
DH2024001052,KH00398,SP017,1,3290000,0,313000,30000,3469000
DH2024001508,KH00001,SP020,2,1190000,0,214000,40000,2396000
DH2024001569,KH00013,SP017,2,3290000,0,612000,28000,6759000
DH2024002660,KH00095,SP025,2,4290000,0,729000,30000,8052000
DH2024004639,KH00341,SP015,1,7990000,0,719000,45000,7955000
DH2024006953,KH01188,SP001,6,4590000,0,2754000,30000,30324000
DH2024007674,KH00007,SP012,2,1590000,0,302000,35000,3358000
DH2024008429,KH00009,SP019,2,690000,0,138000,35000,1553000
DH2024009383,KH00996,SP022,1,190000,0,18000,22000,220000
DH2024007042,KH00015,SP019,1,690000,0,64000,22000,728000
DH2024007049,KH00008,SP014,8,1190000,0,952000,22000,10494000
DH2024007773,KH00001,SP014,3,1190000,0,357000,35000,3962000
DH2024008152,KH00061,SP023,1,5990000,0,599000,30000,6619000
DH2024008296,KH00062,SP026,1,990000,0,99000,35000,1124000
DH2024009529,KH00028,SP017,8,3290000,0,2106000,22000,23184000
DH2024004609,KH00586,SP017,1,3290000,0,329000,35000,3654000
DH2024009690,KH00001,SP014,1,1190000,0,105000,18000,1170000
DH2024000709,KH00192,SP025,2,4290000,0,858000,18000,9456000
DH2024001627,KH00022,SP026,2,990000,0,178000,35000,1995000
DH2024002651,KH00114,SP003,1,19990000,0,1759000,25000,19375000
DH2024003107,KH00059,SP014,8,1190000,0,952000,28000,10500000
DH2024004127,KH00660,SP011,2,3990000,0,702000,18000,7742000
DH2024004663,KH00001,SP013,1,990000,0,84000,30000,956000
DH2024005334,KH01011,SP013,2,990000,0,198000,25000,2203000
DH2024008683,KH00014,SP017,1,3290000,0,313000,25000,3464000
DH2024000533,KH00001,SP023,3,5990000,0,1617000,35000,17825000
DH2024000931,KH00406,SP023,2,5990000,0,1078000,35000,11895000
DH2024001924,KH00014,SP013,2,990000,0,192000,18000,2131000
DH2024002428,KH00443,SP020,1,1190000,0,95000,40000,1087000
DH2024006823,KH00004,SP013,3,990000,0,238000,25000,2639000
DH2024008982,KH01199,SP022,3,190000,0,57000,35000,662000
DH2024001751,KH00001,SP011,2,3990000,0,798000,45000,8823000
DH2024003369,KH00445,SP003,1,19990000,0,1599000,22000,17613000
DH2024006701,KH01032,SP005,10,4990000,0,4641000,35000,51083000
DH2024008572,KH00019,SP023,1,5990000,0,569000,30000,6289000
DH2024005068,KH00001,SP019,2,690000,0,124000,45000,1411000
DH2024009844,KH00020,SP009,1,15990000,0,1359000,40000,14991000
DH2024000885,KH00055,SP014,1,1190000,0,95000,40000,1087000
DH2024001446,KH00115,SP008,2,13990000,0,2378000,30000,26191000
DH2024009429,KH00002,SP025,3,4290000,0,1094000,25000,12059000
DH2024001965,KH00007,SP023,2,5990000,0,1162000,22000,12805000
DH2024003632,KH00042,SP009,3,15990000,0,4653000,25000,51209000
DH2024004985,KH00006,SP022,1,190000,0,16000,45000,223000
DH2024000225,KH00001,SP003,6,19990000,0,11994000,40000,131974000
DH2024002084,KH00027,SP012,1,1590000,0,151000,22000,1683000
DH2024002315,KH00003,SP026,5,990000,0,421000,25000,4654000
DH2024006676,KH00001,SP003,1,19990000,0,1999000,30000,22019000
DH2024007532,KH00028,SP003,3,19990000,0,5277000,35000,58086000
DH2024002777,KH00351,SP020,2,1190000,0,238000,40000,2658000
DH2024006359,KH00052,SP002,2,18990000,0,3798000,35000,41813000
DH2024001207,KH00010,SP018,4,390000,0,133000,18000,1477000
DH2024002064,KH00001,SP004,1,16990000,0,1444000,30000,15916000
DH2024003479,KH00057,SP004,6,16990000,0,8971000,22000,98700000
DH2024006335,KH00796,SP022,1,190000,0,15000,45000,212000
DH2024000674,KH00004,SP004,6,16990000,0,10194000,30000,112164000
DH2024004185,KH00002,SP019,1,690000,0,61000,18000,686000
DH2024004753,KH00005,SP017,1,3290000,0,306000,45000,3411000
DH2024005792,KH00001,SP001,1,4590000,0,404000,30000,4473000
DH2024008905,KH00001,SP012,3,1590000,0,444000,30000,4910000
DH2024006908,KH00002,SP008,1,13990000,0,1301000,18000,14330000
DH2024008003,KH00009,SP003,3,19990000,0,5817000,28000,64016000
DH2024000682,KH00001,SP005,2,4990000,0,848000,25000,9356000
DH2024004209,KH00016,SP015,4,7990000,0,2972000,28000,32723000
DH2024004600,KH00002,SP023,4,5990000,0,2276000,30000,25068000
DH2024004576,KH00002,SP015,1,7990000,0,679000,18000,7489000
DH2024005065,KH00002,SP012,1,1590000,0,127000,35000,1434000
DH2024008203,KH00002,SP026,2,990000,0,168000,28000,1879000
DH2024006523,KH00001,SP025,1,4290000,0,416000,30000,4607000
DH2024007200,KH00034,SP005,1,4990000,0,439000,18000,4848000
DH2024009584,KH00010,SP018,1,390000,0,38000,40000,456000
DH2024007603,KH00003,SP002,4,18990000,0,7064000,28000,77735000
DH2024000016,KH00001,SP001,1,4590000,0,459000,30000,5079000
DH2024000644,KH00003,SP011,1,3990000,0,387000,22000,4279000
DH2024002650,KH00833,SP005,2,4990000,0,998000,40000,11018000
DH2024003841,KH00024,SP018,1,390000,0,31000,28000,371000
DH2024005453,KH01367,SP015,4,7990000,0,2972000,25000,32720000
DH2024005630,KH00125,SP009,4,15990000,0,6204000,35000,68280000
DH2024006919,KH00456,SP024,3,5490000,0,1647000,45000,18162000
DH2024002972,KH01228,SP008,1,13990000,0,1301000,22000,14334000
DH2024003324,KH01275,SP017,1,3290000,0,329000,30000,3649000
DH2024004033,KH00027,SP002,1,18990000,0,1842000,30000,20292000
DH2024005806,KH00018,SP016,4,11990000,0,3837000,28000,42233000
DH2024006889,KH00002,SP001,1,4590000,0,390000,22000,4314000
DH2024007083,KH00072,SP008,6,13990000,0,8394000,45000,92379000
DH2024002513,KH00011,SP011,1,3990000,0,339000,35000,3766000
DH2024005236,KH00002,SP005,1,4990000,0,484000,30000,5354000
DH2024008466,KH00005,SP022,3,190000,0,57000,45000,672000
DH2024006263,KH00001,SP016,2,11990000,0,2278000,18000,25077000
DH2024007369,KH00002,SP020,1,1190000,0,115000,28000,1297000
DH2024004378,KH00005,SP016,1,11990000,0,1019000,28000,11239000
DH2024006351,KH00367,SP007,1,23990000,0,1919000,22000,21133000
DH2024000430,KH02276,SP004,1,16990000,0,1529000,28000,16848000
DH2024002001,KH00901,SP019,2,690000,0,138000,28000,1546000
DH2024009188,KH00009,SP012,1,1590000,0,159000,35000,1784000
DH2024000507,KH00001,SP002,2,18990000,0,3038000,45000,33467000
DH2024000600,KH01031,SP010,1,12990000,0,1169000,35000,12895000
DH2024003817,KH00001,SP018,2,390000,0,78000,35000,893000
DH2024004149,KH00003,SP003,1,19990000,0,1859000,28000,20478000
DH2024000036,KH00015,SP026,1,990000,0,99000,30000,1119000
DH2024001304,KH00010,SP026,2,990000,0,178000,45000,2005000
DH2024001596,KH00057,SP014,8,1190000,0,952000,35000,10507000
DH2024008828,KH00007,SP009,2,15990000,0,3198000,25000,35203000
DH2024001413,KH00263,SP024,1,5490000,0,522000,40000,5778000
DH2024002994,KH00004,SP021,1,350000,0,34000,22000,396000
DH2024004996,KH00211,SP018,1,390000,0,39000,28000,457000
DH2024005313,KH00010,SP007,1,23990000,0,2231000,45000,24587000
DH2024006538,KH00005,SP002,1,18990000,0,1519000,22000,16733000
DH2024009351,KH00013,SP022,1,190000,0,19000,18000,227000
DH2024000883,KH00006,SP021,6,350000,0,200000,25000,2220000
DH2024002332,KH00127,SP005,5,4990000,0,2370000,30000,26102000
DH2024002394,KH00002,SP003,1,19990000,0,1699000,18000,18709000
DH2024004472,KH00001,SP019,1,690000,0,64000,25000,731000
DH2024009515,KH00001,SP012,2,1590000,0,318000,25000,3523000
DH2024009582,KH00002,SP025,1,4290000,0,416000,35000,4612000
DH2024001765,KH00002,SP011,1,3990000,0,371000,22000,4104000
DH2024007267,KH00001,SP004,1,16990000,0,1444000,28000,15914000
DH2024009175,KH00004,SP024,3,5490000,0,1449000,40000,15983000
DH2024000455,KH00001,SP018,3,390000,0,109000,30000,1227000
DH2024005670,KH00024,SP003,2,19990000,0,3198000,18000,35200000
DH2024008180,KH00019,SP021,1,350000,0,35000,28000,413000
DH2024008859,KH00008,SP006,2,7990000,0,1598000,25000,17603000
DH2024009009,KH01436,SP015,4,7990000,0,3196000,30000,35186000
DH2024000456,KH00001,SP011,1,3990000,0,319000,30000,3541000
DH2024000594,KH00001,SP014,1,1190000,0,119000,22000,1331000
DH2024000675,KH00002,SP012,3,1590000,0,477000,18000,5265000
DH2024001452,KH00012,SP006,2,7990000,0,1598000,35000,17613000
DH2024005443,KH00001,SP001,3,4590000,0,1377000,35000,15182000
DH2024006770,KH00106,SP014,4,1190000,0,405000,30000,4481000
DH2024007192,KH00001,SP026,1,990000,0,89000,30000,1010000
DH2024008279,KH00002,SP014,3,1190000,0,286000,35000,3177000
DH2024008842,KH00002,SP001,2,4590000,0,890000,45000,9840000
DH2024001353,KH00028,SP004,1,16990000,0,1580000,35000,17416000
DH2024002554,KH00446,SP010,5,12990000,0,6300000,30000,69332000
DH2024005802,KH00002,SP022,2,190000,0,38000,22000,440000
DH2024009554,KH00013,SP015,2,7990000,0,1550000,40000,17091000
DH2024000632,KH00002,SP019,1,690000,0,64000,45000,751000
DH2024001555,KH00002,SP014,1,1190000,0,115000,22000,1291000
DH2024003566,KH00029,SP020,1,1190000,0,113000,35000,1278000
DH2024004599,KH00024,SP009,1,15990000,0,1519000,35000,16744000
DH2024006290,KH00202,SP009,1,15990000,0,1359000,18000,14969000
DH2024007220,KH00067,SP011,1,3990000,0,359000,28000,3978000
DH2024009279,KH00197,SP007,3,23990000,0,6117000,25000,67316000
DH2024001433,KH00178,SP003,1,19990000,0,1599000,28000,17619000
DH2024002884,KH00009,SP001,1,4590000,0,436000,40000,4836000
DH2024009464,KH00001,SP005,1,4990000,0,439000,22000,4852000
DH2024000124,KH00002,SP006,2,7990000,0,1518000,40000,16739000
DH2024006058,KH00227,SP005,1,4990000,0,474000,22000,5236000
DH2024006624,KH00001,SP014,1,1190000,0,115000,28000,1297000
DH2024001699,KH00001,SP006,1,7990000,0,775000,40000,8565000
DH2024004750,KH00003,SP002,2,18990000,0,3798000,25000,41803000
DH2024005618,KH00003,SP003,1,19990000,0,1859000,25000,20475000
DH2024005884,KH00004,SP018,1,390000,0,34000,28000,405000
DH2024009767,KH00001,SP004,1,16990000,0,1699000,22000,18711000
DH2024000345,KH00323,SP005,3,4990000,0,1497000,25000,16492000
DH2024003275,KH00001,SP022,3,190000,0,46000,40000,542000
DH2024003977,KH00014,SP003,1,19990000,0,1599000,18000,17609000
DH2024004638,KH00040,SP003,4,19990000,0,7596000,30000,83588000
DH2024007507,KH00002,SP013,5,990000,0,470000,25000,5197000
DH2024007904,KH00001,SP025,1,4290000,0,408000,30000,4514000
DH2024002311,KH00045,SP025,8,4290000,0,3432000,35000,37787000
DH2024004462,KH00828,SP007,2,23990000,0,4318000,35000,47535000
DH2024005869,KH00039,SP015,1,7990000,0,799000,30000,8819000
DH2024007311,KH00001,SP010,2,12990000,0,2598000,22000,28600000
DH2024009040,KH00001,SP008,10,13990000,0,13990000,40000,153930000
DH2024007319,KH00008,SP004,2,16990000,0,2718000,28000,29930000
DH2024008688,KH00003,SP004,2,16990000,0,3228000,45000,35554000
DH2024001248,KH00028,SP005,6,4990000,0,2904000,18000,31964000
DH2024003234,KH00017,SP018,6,390000,0,234000,25000,2599000
DH2024007089,KH00072,SP025,1,4290000,0,399000,40000,4429000
DH2024008088,KH00166,SP019,2,690000,0,138000,28000,1546000
DH2024009346,KH00001,SP007,2,23990000,0,4318000,28000,47528000
DH2024000690,KH00001,SP012,1,1590000,0,151000,25000,1686000
DH2024002593,KH00046,SP016,5,11990000,0,4796000,18000,52774000
DH2024004661,KH00002,SP006,1,7990000,0,639000,18000,7049000
DH2024005710,KH01724,SP014,1,1190000,0,111000,22000,1240000
DH2024007317,KH00006,SP013,1,990000,0,92000,40000,1053000
DH2024007755,KH00008,SP003,3,19990000,0,5577000,35000,61384000
DH2024008083,KH00031,SP007,3,23990000,0,7197000,40000,79207000
DH2024003705,KH00121,SP004,2,16990000,0,2888000,30000,31801000
DH2024004025,KH00002,SP019,1,690000,0,67000,35000,771000
DH2024007002,KH00001,SP013,1,990000,0,89000,35000,1015000
DH2024008910,KH00004,SP008,1,13990000,0,1399000,28000,15417000
DH2024009755,KH00001,SP018,1,390000,0,34000,28000,405000
DH2024002309,KH00123,SP007,2,23990000,0,4654000,30000,51225000
DH2024002533,KH00018,SP004,6,16990000,0,8665000,40000,95354000
DH2024004514,KH00002,SP007,1,23990000,0,2111000,35000,23257000
DH2024005944,KH02435,SP015,1,7990000,0,639000,28000,7059000
DH2024009740,KH00845,SP010,3,12990000,0,3429000,45000,37768000
DH2024004084,KH00002,SP018,6,390000,0,234000,30000,2604000
DH2024006146,KH00017,SP004,1,16990000,0,1648000,35000,18163000
DH2024008365,KH00009,SP025,1,4290000,0,429000,35000,4754000
DH2024001045,KH00423,SP020,1,1190000,0,107000,40000,1218000
DH2024002476,KH00007,SP011,1,3990000,0,399000,30000,4419000
DH2024004206,KH00018,SP007,2,23990000,0,4462000,18000,49101000
DH2024004791,KH00001,SP015,2,7990000,0,1406000,28000,15496000
DH2024005522,KH00001,SP005,1,4990000,0,439000,18000,4848000
DH2024001421,KH02417,SP005,1,4990000,0,499000,30000,5519000
DH2024003797,KH00302,SP008,2,13990000,0,2658000,45000,29284000
DH2024003972,KH00003,SP023,1,5990000,0,599000,18000,6607000
DH2024009030,KH00001,SP023,2,5990000,0,1138000,30000,12549000
DH2024000767,KH00002,SP025,1,4290000,0,416000,45000,4622000
DH2024001167,KH00002,SP006,1,7990000,0,759000,22000,8371000
DH2024002403,KH00542,SP010,1,12990000,0,1260000,28000,13888000
DH2024006965,KH00001,SP010,2,12990000,0,2520000,30000,27751000
DH2024008174,KH00014,SP011,1,3990000,0,319000,28000,3539000
DH2024008929,KH00004,SP008,2,13990000,0,2518000,25000,27725000
DH2024001270,KH00006,SP017,1,3290000,0,296000,45000,3302000
DH2024003039,KH00075,SP009,2,15990000,0,2814000,28000,30984000
DH2024001280,KH00003,SP006,2,7990000,0,1598000,22000,17600000
DH2024004696,KH00002,SP019,1,690000,0,66000,35000,757000
DH2024005249,KH00002,SP017,2,3290000,0,658000,22000,7260000
DH2024006262,KH00004,SP010,8,12990000,0,9353000,28000,102909000
DH2024006646,KH01113,SP001,2,4590000,0,808000,22000,8908000
DH2024007591,KH00001,SP010,1,12990000,0,1208000,28000,13317000
DH2024008425,KH00007,SP024,4,5490000,0,2130000,25000,23456000
DH2024004733,KH00071,SP009,2,15990000,0,3198000,25000,35203000
DH2024004897,KH00001,SP005,1,4990000,0,499000,35000,5524000
DH2024006229,KH00002,SP001,2,4590000,0,872000,40000,9633000
DH2024007738,KH00018,SP003,1,19990000,0,1759000,25000,19375000
DH2024004687,KH00104,SP005,1,4990000,0,474000,30000,5244000
DH2024005562,KH00008,SP008,1,13990000,0,1189000,35000,13116000
DH2024006311,KH01093,SP023,1,5990000,0,509000,35000,5636000
DH2024002611,KH00383,SP024,1,5490000,0,483000,40000,5354000
DH2024004328,KH00321,SP003,2,19990000,0,3878000,40000,42699000
DH2024005671,KH00408,SP018,2,390000,0,66000,40000,769000
DH2024004391,KH00001,SP005,1,4990000,0,439000,28000,4858000
DH2024004718,KH00002,SP023,5,5990000,0,2995000,25000,32970000
DH2024004783,KH00437,SP017,1,3290000,0,329000,40000,3659000
DH2024009924,KH00002,SP003,1,19990000,0,1999000,28000,22017000
DH2024002169,KH00039,SP013,6,990000,0,564000,28000,6235000
DH2024003343,KH00001,SP022,1,190000,0,15000,18000,185000
DH2024007969,KH00005,SP025,6,4290000,0,2317000,45000,25528000
DH2024008539,KH00318,SP008,1,13990000,0,1399000,22000,15411000
DH2024009420,KH00001,SP010,1,12990000,0,1208000,28000,13317000
DH2024005593,KH00001,SP007,2,23990000,0,4558000,30000,50169000
DH2024009109,KH00020,SP012,1,1590000,0,140000,28000,1567000
DH2024009146,KH00009,SP020,4,1190000,0,476000,28000,5264000
DH2024009280,KH00001,SP014,1,1190000,0,119000,40000,1349000
DH2024009363,KH00035,SP021,1,350000,0,32000,22000,379000
DH2024002802,KH00024,SP015,1,7990000,0,775000,22000,8547000
DH2024003142,KH00001,SP002,5,18990000,0,8830000,22000,97155000
DH2024003441,KH00003,SP012,2,1590000,0,254000,45000,2843000
DH2024003695,KH00006,SP013,1,990000,0,94000,25000,1059000
DH2024004048,KH00002,SP020,1,1190000,0,119000,30000,1339000
DH2024004360,KH00009,SP025,1,4290000,0,378000,45000,4198000
DH2024008385,KH00003,SP024,3,5490000,0,1532000,40000,16889000
DH2024008770,KH00001,SP015,1,7990000,0,799000,35000,8824000
DH2024001091,KH00013,SP009,1,15990000,0,1359000,18000,14969000
DH2024005260,KH00038,SP008,1,13990000,0,1119000,25000,12336000
DH2024007922,KH00010,SP006,2,7990000,0,1438000,18000,15838000
DH2024000866,KH00003,SP021,2,350000,0,66000,40000,771000
DH2024003681,KH00018,SP025,1,4290000,0,343000,45000,3820000
DH2024004340,KH00011,SP001,3,4590000,0,1212000,45000,13375000
DH2024000462,KH01459,SP008,3,13990000,0,4197000,45000,46212000
DH2024000917,KH00002,SP018,2,390000,0,78000,18000,876000
DH2024001802,KH00001,SP012,1,1590000,0,151000,35000,1696000
DH2024002553,KH00002,SP002,1,18990000,0,1709000,22000,18822000
DH2024009476,KH00078,SP015,3,7990000,0,2325000,25000,25601000
DH2024000437,KH00006,SP022,1,190000,0,17000,25000,213000
DH2024002053,KH00350,SP004,1,16990000,0,1580000,18000,17399000
DH2024004010,KH00107,SP022,3,190000,0,55000,35000,643000
DH2024005029,KH00002,SP012,3,1590000,0,453000,28000,5013000
DH2024007068,KH00033,SP020,5,1190000,0,506000,22000,5586000
DH2024008243,KH00001,SP001,1,4590000,0,413000,25000,4569000
DH2024009168,KH00001,SP009,3,15990000,0,4461000,40000,49113000
DH2024009847,KH00010,SP003,1,19990000,0,1699000,40000,18731000
DH2024000039,KH00273,SP006,1,7990000,0,679000,28000,7499000
DH2024004485,KH00001,SP011,2,3990000,0,678000,22000,7483000
DH2024008349,KH00021,SP024,1,5490000,0,494000,40000,5475000
DH2024008976,KH00991,SP007,1,23990000,0,2327000,28000,25625000
DH2024009441,KH02326,SP023,1,5990000,0,479000,35000,5306000
DH2024006175,KH00027,SP008,6,13990000,0,8394000,18000,92352000
DH2024009056,KH00076,SP024,3,5490000,0,1449000,35000,15978000
DH2024009729,KH00001,SP010,6,12990000,0,6235000,28000,68615000
DH2024004566,KH00423,SP018,6,390000,0,206000,18000,2283000
DH2024000615,KH00001,SP010,2,12990000,0,2468000,30000,27179000
DH2024001610,KH00002,SP017,1,3290000,0,313000,25000,3464000
DH2024001785,KH00001,SP022,1,190000,0,19000,30000,239000
DH2024002496,KH00296,SP006,2,7990000,0,1550000,28000,17079000
DH2024003067,KH00001,SP006,5,7990000,0,3995000,28000,43973000
DH2024004008,KH00987,SP016,2,11990000,0,2398000,18000,26396000
DH2024007189,KH00268,SP008,1,13990000,0,1301000,25000,14337000
DH2024009117,KH00001,SP024,1,5490000,0,439000,40000,4871000
DH2024001068,KH00013,SP017,1,3290000,0,313000,40000,3479000
DH2024001554,KH00001,SP024,6,5490000,0,2635000,18000,29005000
DH2024003379,KH00101,SP004,2,16990000,0,3398000,30000,37408000
DH2024004110,KH00003,SP006,2,7990000,0,1406000,18000,15486000
DH2024006465,KH00001,SP006,1,7990000,0,759000,22000,8371000
DH2024006654,KH00006,SP004,2,16990000,0,3228000,18000,35527000
DH2024007221,KH00744,SP004,3,16990000,0,4944000,40000,54425000
DH2024007840,KH00913,SP020,2,1190000,0,226000,22000,2509000
DH2024009739,KH00014,SP026,1,990000,0,99000,25000,1114000
DH2024001599,KH00001,SP014,1,1190000,0,115000,22000,1291000
DH2024003494,KH00013,SP008,3,13990000,0,3777000,45000,41595000
DH2024004376,KH00001,SP021,2,350000,0,68000,25000,772000
DH2024005585,KH00792,SP004,1,16990000,0,1529000,40000,16860000
DH2024007594,KH00001,SP021,1,350000,0,32000,35000,392000
DH2024002073,KH00003,SP002,1,18990000,0,1899000,25000,20914000
DH2024003078,KH00031,SP002,1,18990000,0,1899000,40000,20929000
DH2024005296,KH00002,SP025,1,4290000,0,343000,28000,3803000
DH2024007239,KH00178,SP011,3,3990000,0,1161000,40000,12812000
DH2024007744,KH00001,SP005,1,4990000,0,424000,28000,4694000
DH2024008465,KH00133,SP015,1,7990000,0,639000,35000,7066000
DH2024001969,KH00001,SP009,1,15990000,0,1359000,18000,14969000
DH2024002906,KH00151,SP020,3,1190000,0,346000,45000,3854000
DH2024004463,KH00062,SP016,2,11990000,0,2278000,18000,25077000
DH2024004709,KH00001,SP024,1,5490000,0,549000,35000,6074000
DH2024009670,KH00001,SP011,2,3990000,0,798000,40000,8818000
DH2024009735,KH00032,SP004,3,16990000,0,5097000,22000,56089000
DH2024000407,KH00004,SP005,2,4990000,0,998000,35000,11013000
DH2024006398,KH00020,SP008,1,13990000,0,1119000,18000,12329000
DH2024006742,KH00001,SP015,1,7990000,0,799000,30000,8819000
DH2024007681,KH00131,SP015,3,7990000,0,2277000,30000,25079000
DH2024002983,KH00001,SP017,1,3290000,0,329000,35000,3654000
DH2024004145,KH00001,SP008,2,13990000,0,2602000,18000,28641000
DH2024006956,KH01256,SP013,2,990000,0,178000,25000,1985000
DH2024008605,KH00001,SP025,3,4290000,0,1094000,22000,12056000
DH2024008652,KH00452,SP005,2,4990000,0,848000,22000,9353000
DH2024005932,KH00118,SP009,2,15990000,0,2814000,28000,30984000
DH2024006295,KH01523,SP003,2,19990000,0,3998000,22000,44000000
DH2024000237,KH00264,SP001,3,4590000,0,1308000,35000,14425000
DH2024004707,KH00002,SP021,1,350000,0,28000,22000,330000
DH2024007004,KH02164,SP018,1,390000,0,34000,28000,405000
DH2024001065,KH00001,SP014,6,1190000,0,678000,45000,7506000
DH2024002044,KH00003,SP002,1,18990000,0,1899000,22000,20911000
DH2024003746,KH00021,SP016,2,11990000,0,2326000,40000,25627000
DH2024002359,KH00001,SP019,1,690000,0,69000,30000,789000
DH2024006473,KH00002,SP008,6,13990000,0,7555000,25000,83126000
DH2024007392,KH02030,SP005,2,4990000,0,798000,25000,8807000
DH2024006592,KH00037,SP005,6,4990000,0,2994000,35000,32969000
DH2024004098,KH00001,SP008,2,13990000,0,2798000,45000,30823000
DH2024005623,KH00002,SP018,1,390000,0,36000,35000,434000
DH2024005638,KH00001,SP014,2,1190000,0,226000,45000,2532000
DH2024007705,KH00037,SP019,2,690000,0,134000,18000,1491000
DH2024008254,KH00002,SP013,5,990000,0,470000,25000,5197000
DH2024008416,KH00006,SP023,2,5990000,0,1162000,35000,12818000
DH2024001437,KH00002,SP026,3,990000,0,288000,18000,3187000
DH2024002693,KH00002,SP012,1,1590000,0,159000,40000,1789000
DH2024003519,KH00003,SP026,4,990000,0,396000,25000,4381000
DH2024004134,KH00001,SP011,6,3990000,0,2035000,25000,22409000
DH2024005996,KH00005,SP026,1,990000,0,96000,18000,1074000
DH2024006882,KH00002,SP003,2,19990000,0,3998000,30000,44008000
DH2024007426,KH00001,SP003,4,19990000,0,7196000,25000,79185000
DH2024004228,KH00005,SP021,4,350000,0,140000,25000,1565000
DH2024004339,KH00001,SP009,1,15990000,0,1599000,25000,17614000
DH2024000543,KH00064,SP020,1,1190000,0,101000,18000,1131000
DH2024003807,KH00018,SP018,2,390000,0,76000,25000,858000
DH2024005311,KH00001,SP003,1,19990000,0,1799000,22000,19812000
DH2024009484,KH00005,SP002,1,18990000,0,1804000,45000,19889000
DH2024002522,KH00007,SP025,2,4290000,0,858000,18000,9456000
DH2024004365,KH00004,SP002,2,18990000,0,3798000,35000,41813000
DH2024007835,KH01800,SP011,2,3990000,0,774000,30000,8545000
DH2024007870,KH00001,SP007,1,23990000,0,2327000,28000,25625000
DH2024009789,KH00049,SP020,6,1190000,0,678000,40000,7501000
DH2024000094,KH00010,SP022,1,190000,0,15000,35000,202000
DH2024001299,KH00286,SP017,1,3290000,0,290000,30000,3215000
DH2024002692,KH00062,SP013,1,990000,0,92000,45000,1058000
DH2024004677,KH00001,SP003,5,19990000,0,8796000,18000,96770000
DH2024008475,KH00005,SP017,3,3290000,0,918000,18000,10115000
DH2024005090,KH00024,SP004,6,16990000,0,8155000,18000,89725000
DH2024005968,KH00481,SP016,1,11990000,0,1139000,18000,12547000
DH2024002104,KH00001,SP025,2,4290000,0,858000,35000,9473000
DH2024004784,KH00719,SP017,2,3290000,0,658000,40000,7278000
DH2024005841,KH00003,SP011,1,3990000,0,339000,25000,3756000
DH2024009525,KH00002,SP020,1,1190000,0,119000,40000,1349000
DH2024000217,KH00164,SP007,2,23990000,0,4798000,18000,52796000
DH2024000874,KH00002,SP022,1,190000,0,19000,40000,249000
DH2024005447,KH00030,SP014,1,1190000,0,101000,35000,1148000
DH2024000785,KH00002,SP026,1,990000,0,94000,45000,1079000
DH2024002404,KH00027,SP015,6,7990000,0,4794000,35000,52769000
DH2024003737,KH00006,SP012,1,1590000,0,154000,22000,1718000
DH2024005772,KH00002,SP004,3,16990000,0,4078000,18000,44872000
DH2024006192,KH00005,SP011,3,3990000,0,1197000,25000,13192000
DH2024009535,KH00008,SP004,1,16990000,0,1648000,22000,18150000
DH2024006530,KH00083,SP003,3,19990000,0,5277000,35000,58086000
DH2024009426,KH00009,SP006,1,7990000,0,743000,30000,8204000
DH2024009804,KH00003,SP026,3,990000,0,297000,35000,3302000
DH2024003439,KH00003,SP026,2,990000,0,178000,35000,1995000
DH2024005755,KH00011,SP007,2,23990000,0,4798000,45000,52823000
DH2024007065,KH00003,SP017,1,3290000,0,306000,18000,3384000
DH2024007092,KH00027,SP005,2,4990000,0,878000,40000,9700000
DH2024007204,KH00005,SP003,3,19990000,0,5997000,30000,65997000
DH2024008554,KH00005,SP013,2,990000,0,178000,40000,2000000
DH2024009547,KH00001,SP020,10,1190000,0,1130000,35000,12470000
DH2024001836,KH00146,SP017,1,3290000,0,280000,28000,3104000
DH2024002870,KH00520,SP021,1,350000,0,32000,40000,397000
DH2024005126,KH00002,SP016,1,11990000,0,1055000,28000,11634000
DH2024006280,KH00012,SP007,1,23990000,0,2111000,40000,23262000
DH2024006420,KH00123,SP016,5,11990000,0,5096000,28000,56082000
DH2024009738,KH00036,SP014,1,1190000,0,101000,35000,1148000
DH2024009875,KH00002,SP008,1,13990000,0,1231000,18000,13560000
DH2024003541,KH00021,SP018,3,390000,0,103000,18000,1151000
DH2024004258,KH00133,SP024,1,5490000,0,439000,25000,4856000
DH2024006254,KH00056,SP007,1,23990000,0,2279000,35000,25104000
DH2024009599,KH00001,SP024,3,5490000,0,1532000,22000,16871000
DH2024000046,KH00001,SP001,1,4590000,0,459000,45000,5094000
DH2024006051,KH00002,SP009,3,15990000,0,4221000,35000,46470000
DH2024009287,KH00001,SP002,10,18990000,0,16711000,30000,183853000
DH2024009459,KH00006,SP012,2,1590000,0,286000,45000,3193000
DH2024004721,KH00001,SP001,1,4590000,0,413000,28000,4572000
DH2024009961,KH00047,SP020,1,1190000,0,119000,40000,1349000
DH2024000509,KH00010,SP004,2,16990000,0,2990000,28000,32920000
DH2024001251,KH00001,SP011,3,3990000,0,1161000,40000,12812000
DH2024001539,KH00019,SP001,2,4590000,0,854000,40000,9431000
DH2024002975,KH00019,SP020,3,1190000,0,357000,22000,3949000
DH2024003586,KH00402,SP002,1,18990000,0,1614000,35000,17791000
DH2024007622,KH00001,SP010,1,12990000,0,1208000,30000,13319000
DH2024007817,KH00023,SP025,4,4290000,0,1716000,30000,18906000
DH2024000254,KH00302,SP007,1,23990000,0,2159000,18000,23768000
DH2024000534,KH00008,SP024,2,5490000,0,966000,28000,10656000
DH2024003766,KH00026,SP016,1,11990000,0,1115000,25000,12291000
DH2024005416,KH00042,SP013,5,990000,0,436000,18000,4810000
DH2024006072,KH00103,SP014,1,1190000,0,113000,30000,1273000
DH2024008961,KH00208,SP014,1,1190000,0,105000,45000,1197000
DH2024005218,KH00001,SP006,1,7990000,0,679000,40000,7511000
DH2024008047,KH00049,SP020,1,1190000,0,107000,40000,1218000
DH2024001325,KH00006,SP024,1,5490000,0,511000,40000,5657000
DH2024002229,KH00024,SP024,2,5490000,0,966000,25000,10653000
DH2024003576,KH00003,SP009,1,15990000,0,1599000,25000,17614000
DH2024004842,KH00003,SP009,1,15990000,0,1487000,30000,16388000
DH2024007331,KH01406,SP002,1,18990000,0,1766000,28000,19455000
DH2024009462,KH00006,SP004,2,16990000,0,3398000,40000,37418000
DH2024009500,KH00006,SP013,2,990000,0,198000,35000,2213000
DH2024000226,KH00001,SP013,1,990000,0,99000,45000,1134000
DH2024000505,KH00019,SP018,1,390000,0,39000,40000,469000
DH2024003916,KH00396,SP019,2,690000,0,128000,40000,1451000
DH2024005138,KH00023,SP014,2,1190000,0,202000,25000,2250000
DH2024006294,KH00073,SP012,4,1590000,0,572000,35000,6331000
DH2024001212,KH00001,SP023,2,5990000,0,1114000,35000,12290000
DH2024006589,KH00100,SP017,2,3290000,0,625000,25000,6901000
DH2024008334,KH00007,SP001,3,4590000,0,1102000,25000,12143000
DH2024008650,KH00007,SP017,2,3290000,0,559000,18000,6170000
DH2024009679,KH00001,SP006,6,7990000,0,4794000,45000,52779000
DH2024004422,KH00335,SP023,2,5990000,0,1198000,30000,13208000
DH2024007468,KH00002,SP018,2,390000,0,74000,40000,855000
DH2024007796,KH00012,SP012,1,1590000,0,127000,35000,1434000
DH2024001687,KH00035,SP012,2,1590000,0,280000,25000,3103000
DH2024003359,KH00001,SP011,1,3990000,0,371000,30000,4112000
DH2024007453,KH00024,SP025,1,4290000,0,343000,25000,3800000
DH2024001250,KH00001,SP005,1,4990000,0,484000,40000,5364000
DH2024003856,KH00749,SP011,1,3990000,0,399000,30000,4419000
DH2024005803,KH00046,SP023,1,5990000,0,479000,22000,5293000
DH2024007958,KH00017,SP013,3,990000,0,288000,28000,3197000
DH2024008786,KH00001,SP018,3,390000,0,99000,22000,1115000
DH2024000057,KH01184,SP023,1,5990000,0,557000,35000,6163000
DH2024000264,KH00003,SP022,3,190000,0,57000,40000,667000
DH2024003661,KH00043,SP022,1,190000,0,17000,40000,224000
DH2024004263,KH00012,SP002,1,18990000,0,1842000,22000,20284000
DH2024006604,KH00006,SP016,1,11990000,0,959000,45000,10596000
DH2024008613,KH00004,SP005,1,4990000,0,499000,45000,5534000
DH2024000433,KH00014,SP016,5,11990000,0,5276000,28000,58060000
DH2024006245,KH00083,SP008,4,13990000,0,4757000,35000,52358000
DH2024008406,KH00001,SP025,2,4290000,0,832000,35000,9190000
DH2024009592,KH00017,SP001,1,4590000,0,436000,30000,4826000
DH2024009619,KH00006,SP007,1,23990000,0,2039000,25000,22456000
DH2024000779,KH00002,SP026,3,990000,0,297000,35000,3302000
DH2024002832,KH00001,SP006,4,7990000,0,3036000,22000,33420000
DH2024008337,KH00047,SP008,1,13990000,0,1329000,30000,14649000
DH2024001488,KH00002,SP023,2,5990000,0,1054000,45000,11641000
DH2024001855,KH00018,SP016,1,11990000,0,1199000,25000,13214000
DH2024003335,KH00013,SP014,3,1190000,0,314000,45000,3501000
DH2024004290,KH00056,SP007,2,23990000,0,4798000,35000,52813000
DH2024004995,KH00001,SP011,4,3990000,0,1596000,25000,17581000
DH2024008710,KH00009,SP005,2,4990000,0,998000,30000,11008000
DH2024004442,KH00001,SP014,1,1190000,0,113000,28000,1271000
DH2024004836,KH00002,SP002,2,18990000,0,3342000,22000,36786000
DH2024005975,KH00043,SP009,1,15990000,0,1407000,25000,15503000
DH2024008166,KH01846,SP009,3,15990000,0,4797000,30000,52797000
DH2024008410,KH00029,SP017,1,3290000,0,280000,30000,3106000
DH2024005363,KH00258,SP001,2,4590000,0,918000,40000,10138000
DH2024005644,KH00031,SP001,1,4590000,0,459000,30000,5079000
DH2024007398,KH00026,SP019,2,690000,0,138000,30000,1548000
DH2024008927,KH00006,SP019,1,690000,0,69000,45000,804000
DH2024009605,KH00005,SP019,1,690000,0,59000,45000,690000
DH2024002298,KH01263,SP007,4,23990000,0,9116000,45000,100323000
DH2024002876,KH00018,SP016,1,11990000,0,1139000,18000,12547000
DH2024003478,KH01220,SP019,3,690000,0,207000,28000,2305000
DH2024005988,KH00037,SP026,1,990000,0,99000,35000,1124000
DH2024000292,KH00001,SP005,2,4990000,0,928000,40000,10249000
DH2024001473,KH00273,SP010,4,12990000,0,4157000,28000,45753000
DH2024002254,KH00240,SP013,1,990000,0,96000,18000,1074000
DH2024006205,KH00036,SP014,1,1190000,0,105000,18000,1170000
DH2024006961,KH00001,SP018,3,390000,0,99000,22000,1115000
DH2024008566,KH00004,SP026,1,990000,0,87000,22000,980000
DH2024002009,KH00015,SP011,3,3990000,0,958000,40000,10574000
DH2024005664,KH00007,SP020,1,1190000,0,113000,22000,1265000
DH2024006340,KH00108,SP022,1,190000,0,17000,18000,206000
DH2024007748,KH00015,SP010,1,12990000,0,1260000,40000,13900000
DH2024000382,KH00816,SP016,3,11990000,0,3597000,22000,39589000
DH2024000493,KH00020,SP021,5,350000,0,166000,18000,1846000
DH2024004156,KH00001,SP018,1,390000,0,31000,30000,373000
DH2024006079,KH00002,SP013,1,990000,0,92000,22000,1035000
DH2024006545,KH00001,SP020,1,1190000,0,115000,40000,1309000
DH2024002868,KH00001,SP009,1,15990000,0,1519000,45000,16754000
DH2024008219,KH00852,SP004,1,16990000,0,1648000,35000,18163000
DH2024008437,KH00004,SP022,3,190000,0,54000,30000,626000
DH2024008567,KH00009,SP014,1,1190000,0,119000,28000,1337000
DH2024001730,KH00004,SP019,1,690000,0,64000,35000,741000
DH2024000104,KH00248,SP013,1,990000,0,99000,45000,1134000
DH2024002190,KH00022,SP021,5,350000,0,163000,22000,1812000
DH2024002256,KH00002,SP005,1,4990000,0,464000,40000,5145000
DH2024006579,KH00049,SP021,1,350000,0,28000,22000,330000
DH2024007656,KH00011,SP002,4,18990000,0,6077000,25000,66870000
DH2024007937,KH00001,SP026,1,990000,0,99000,28000,1117000
DH2024008737,KH00001,SP004,1,16990000,0,1495000,45000,16491000
DH2024001530,KH00001,SP018,6,390000,0,206000,22000,2287000
DH2024001853,KH01907,SP013,3,990000,0,238000,35000,2649000
DH2024003176,KH00064,SP006,1,7990000,0,679000,30000,7501000
DH2024006181,KH00047,SP025,2,4290000,0,729000,35000,8057000
DH2024008528,KH00001,SP025,1,4290000,0,365000,25000,4036000
DH2024001293,KH00371,SP001,1,4590000,0,390000,40000,4332000
DH2024003371,KH00037,SP021,3,350000,0,98000,18000,1092000
DH2024005836,KH00003,SP012,1,1590000,0,143000,22000,1596000
DH2024006598,KH00026,SP021,2,350000,0,70000,18000,788000
DH2024007666,KH00003,SP012,2,1590000,0,270000,45000,3018000
DH2024008368,KH00002,SP005,3,4990000,0,1497000,25000,16492000
DH2024003742,KH00011,SP009,5,15990000,0,7995000,25000,87970000
DH2024003867,KH00001,SP002,3,18990000,0,5013000,35000,55182000
DH2024004706,KH00769,SP014,1,1190000,0,105000,35000,1187000
DH2024006005,KH00001,SP014,1,1190000,0,95000,18000,1065000
DH2024006255,KH00009,SP015,5,7990000,0,3516000,40000,38712000
DH2024009568,KH00001,SP023,1,5990000,0,539000,25000,5955000
DH2024002527,KH00004,SP009,1,15990000,0,1599000,25000,17614000
DH2024005796,KH00003,SP005,4,4990000,0,1796000,25000,19785000
DH2024005849,KH00003,SP025,1,4290000,0,416000,30000,4607000
DH2024005933,KH00006,SP004,1,16990000,0,1359000,45000,14996000
DH2024007393,KH00029,SP004,1,16990000,0,1495000,30000,16476000
DH2024009264,KH00002,SP014,3,1190000,0,314000,35000,3491000
DH2024000385,KH00001,SP020,2,1190000,0,221000,30000,2464000
DH2024000823,KH00224,SP002,1,18990000,0,1614000,40000,17796000
DH2024002568,KH00006,SP013,4,990000,0,368000,28000,4079000
DH2024003819,KH00048,SP022,1,190000,0,19000,30000,239000
DH2024007607,KH00001,SP016,1,11990000,0,1199000,30000,13219000
DH2024003585,KH00002,SP001,3,4590000,0,1239000,25000,13657000
DH2024004763,KH00001,SP006,2,7990000,0,1278000,40000,14102000
DH2024000364,KH00007,SP008,1,13990000,0,1231000,45000,13587000
DH2024002031,KH00331,SP014,1,1190000,0,107000,45000,1223000
DH2024004581,KH00022,SP015,2,7990000,0,1486000,18000,16365000
DH2024006463,KH00001,SP012,1,1590000,0,151000,30000,1691000
DH2024007386,KH00001,SP001,4,4590000,0,1616000,45000,17818000
DH2024007609,KH00010,SP018,2,390000,0,72000,45000,842000
DH2024008882,KH00179,SP010,3,12990000,0,3312000,18000,36454000
DH2024008980,KH00001,SP002,1,18990000,0,1766000,22000,19449000
DH2024006900,KH00011,SP017,3,3290000,0,987000,35000,10892000
DH2024002557,KH00022,SP009,3,15990000,0,4653000,18000,51202000
DH2024003003,KH00003,SP002,1,18990000,0,1709000,30000,18830000
DH2024003173,KH00154,SP010,4,12990000,0,4832000,40000,53195000
DH2024004137,KH00017,SP014,1,1190000,0,107000,25000,1203000
DH2024008522,KH00072,SP015,6,7990000,0,4075000,25000,44849000
DH2024008968,KH00002,SP012,2,1590000,0,270000,22000,2995000
DH2024000739,KH00015,SP013,4,990000,0,317000,28000,3513000
DH2024003857,KH00426,SP001,1,4590000,0,413000,25000,4569000
DH2024007763,KH00005,SP017,3,3290000,0,790000,22000,8708000
DH2024007979,KH00028,SP005,2,4990000,0,928000,18000,10227000
DH2024008294,KH00230,SP013,2,990000,0,168000,40000,1891000
DH2024000453,KH01224,SP005,1,4990000,0,399000,22000,4413000
DH2024002981,KH00001,SP016,1,11990000,0,1079000,45000,11915000
DH2024003084,KH00005,SP012,2,1590000,0,302000,18000,3341000
DH2024003302,KH00002,SP016,6,11990000,0,7194000,28000,79162000
DH2024001214,KH00002,SP007,3,23990000,0,7197000,18000,79185000
DH2024002387,KH00010,SP020,1,1190000,0,105000,28000,1180000
DH2024003282,KH00001,SP026,1,990000,0,79000,35000,906000
DH2024004681,KH00002,SP015,1,7990000,0,799000,18000,8807000
DH2024005946,KH00002,SP018,1,390000,0,34000,40000,417000
DH2024009372,KH00006,SP020,2,1190000,0,238000,35000,2653000
DH2024000372,KH00001,SP022,2,190000,0,30000,22000,356000
DH2024000998,KH00043,SP011,2,3990000,0,742000,28000,8191000
DH2024003141,KH00001,SP007,6,23990000,0,12235000,22000,134606000
DH2024003693,KH00362,SP007,1,23990000,0,2399000,35000,26424000
DH2024009448,KH00004,SP022,3,190000,0,57000,18000,645000
DH2024009886,KH00004,SP023,1,5990000,0,509000,30000,5631000
DH2024001415,KH00206,SP020,3,1190000,0,357000,35000,3962000
DH2024001763,KH00002,SP016,1,11990000,0,959000,25000,10576000
DH2024002579,KH00015,SP021,1,350000,0,35000,18000,403000
DH2024003409,KH00042,SP015,2,7990000,0,1486000,18000,16365000
DH2024003889,KH00050,SP020,1,1190000,0,119000,40000,1349000
DH2024005309,KH00001,SP001,1,4590000,0,459000,30000,5079000
DH2024007168,KH00006,SP015,1,7990000,0,679000,28000,7499000
DH2024008169,KH00031,SP001,5,4590000,0,2226000,25000,24513000
DH2024000061,KH00001,SP021,1,350000,0,35000,28000,413000
DH2024002862,KH01839,SP006,2,7990000,0,1518000,22000,16721000
DH2024005059,KH00002,SP010,2,12990000,0,2598000,30000,28608000
DH2024006671,KH00018,SP019,1,690000,0,55000,25000,632000
DH2024007079,KH00020,SP003,2,19990000,0,3598000,30000,39610000
DH2024007332,KH00002,SP015,1,7990000,0,775000,18000,8543000
DH2024009778,KH00040,SP003,3,19990000,0,5277000,22000,58073000
DH2024002526,KH00001,SP014,3,1190000,0,321000,40000,3574000
DH2024002708,KH00017,SP001,1,4590000,0,459000,30000,5079000
DH2024003187,KH00001,SP004,1,16990000,0,1495000,22000,16468000
DH2024004786,KH00001,SP010,2,12990000,0,2520000,18000,27739000
DH2024006775,KH00017,SP009,1,15990000,0,1599000,40000,17629000
DH2024008405,KH00002,SP016,1,11990000,0,1019000,18000,11229000
DH2024002607,KH00001,SP026,1,990000,0,87000,18000,976000
DH2024007112,KH00416,SP018,6,390000,0,187000,22000,2081000
DH2024008080,KH01013,SP015,4,7990000,0,2557000,40000,28165000
DH2024005553,KH00122,SP013,1,990000,0,92000,30000,1043000
DH2024005636,KH00003,SP026,1,990000,0,79000,22000,893000
DH2024006525,KH00002,SP001,3,4590000,0,1170000,40000,12914000
DH2024006799,KH00020,SP002,1,18990000,0,1671000,45000,18427000
DH2024007443,KH00001,SP020,1,1190000,0,101000,40000,1153000
DH2024009540,KH00001,SP013,6,990000,0,535000,45000,5926000
DH2024000468,KH00039,SP014,4,1190000,0,476000,40000,5276000
DH2024006388,KH00078,SP019,2,690000,0,131000,45000,1487000
DH2024000915,KH00001,SP007,3,23990000,0,7197000,30000,79197000
DH2024005981,KH00001,SP016,1,11990000,0,1055000,40000,11646000
DH2024007557,KH00001,SP020,5,1190000,0,524000,40000,5800000
DH2024001106,KH00002,SP011,2,3990000,0,702000,22000,7746000
DH2024001234,KH00001,SP022,4,190000,0,68000,40000,792000
DH2024004579,KH00816,SP016,4,11990000,0,4796000,25000,52781000
DH2024009047,KH00953,SP009,2,15990000,0,2718000,40000,29941000
DH2024001628,KH00010,SP020,1,1190000,0,113000,45000,1288000
DH2024001909,KH00031,SP008,1,13990000,0,1357000,22000,14949000
DH2024003273,KH00475,SP017,2,3290000,0,625000,35000,6911000
DH2024007967,KH00064,SP004,5,16990000,0,7476000,40000,82272000
DH2024009696,KH00033,SP018,4,390000,0,148000,40000,1670000
DH2024005737,KH00003,SP021,4,350000,0,123000,40000,1395000
DH2024009558,KH00007,SP018,1,390000,0,35000,28000,414000
DH2024007552,KH00006,SP022,5,190000,0,76000,40000,876000
DH2024002842,KH00036,SP015,1,7990000,0,679000,30000,7501000
DH2024009152,KH00118,SP024,2,5490000,0,966000,18000,10646000
DH2024004749,KH00064,SP016,4,11990000,0,4652000,40000,51213000
DH2024004767,KH00041,SP016,2,11990000,0,2278000,40000,25099000
DH2024007285,KH00001,SP026,10,990000,0,960000,18000,10581000
DH2024007330,KH00004,SP023,5,5990000,0,2995000,25000,32970000
DH2024008187,KH00002,SP003,1,19990000,0,1899000,35000,20924000
DH2024008691,KH00217,SP006,2,7990000,0,1598000,25000,17603000
DH2024009212,KH00011,SP004,1,16990000,0,1444000,35000,15921000
DH2024000006,KH00014,SP010,3,12990000,0,3507000,40000,38620000
DH2024001298,KH00006,SP014,3,1190000,0,339000,25000,3756000
DH2024003420,KH00006,SP003,8,19990000,0,15992000,30000,175942000
DH2024003637,KH00002,SP017,1,3290000,0,296000,45000,3302000
DH2024005229,KH00001,SP025,1,4290000,0,416000,25000,4602000
DH2024006661,KH00001,SP018,1,390000,0,37000,30000,437000
DH2024000208,KH00002,SP006,1,7990000,0,759000,28000,8377000
DH2024005531,KH00009,SP014,2,1190000,0,231000,25000,2565000
DH2024009170,KH01739,SP008,2,13990000,0,2602000,18000,28641000
DH2024002118,KH00426,SP008,1,13990000,0,1231000,35000,13577000
DH2024004764,KH00287,SP013,2,990000,0,168000,40000,1891000
DH2024006459,KH00008,SP021,1,350000,0,32000,45000,402000
DH2024008034,KH00311,SP009,6,15990000,0,8155000,30000,89734000
DH2024008689,KH00047,SP008,4,13990000,0,5596000,28000,61584000
DH2024002300,KH00532,SP007,2,23990000,0,4222000,40000,46484000
DH2024002438,KH00015,SP017,1,3290000,0,319000,18000,3528000
DH2024003623,KH00003,SP005,1,4990000,0,424000,40000,4706000
DH2024004177,KH00003,SP024,3,5490000,0,1647000,35000,18152000
DH2024006047,KH00006,SP015,1,7990000,0,679000,25000,7496000
DH2024008956,KH00612,SP011,8,3990000,0,3096000,25000,34083000
DH2024009557,KH00001,SP022,1,190000,0,17000,25000,209000
DH2024001653,KH00048,SP003,2,19990000,0,3718000,18000,40917000
DH2024002894,KH00025,SP024,6,5490000,0,3195000,30000,35177000
DH2024003752,KH00030,SP013,1,990000,0,99000,35000,1124000
DH2024005503,KH00001,SP020,2,1190000,0,190000,28000,2122000
DH2024006632,KH00086,SP008,3,13990000,0,4197000,28000,46195000
DH2024003824,KH00001,SP012,8,1590000,0,1183000,25000,13038000
DH2024003934,KH00368,SP010,2,12990000,0,2520000,30000,27751000
DH2024007351,KH00006,SP005,1,4990000,0,499000,25000,5514000
DH2024009562,KH00010,SP016,3,11990000,0,3345000,22000,36819000
DH2024009651,KH00001,SP011,1,3990000,0,319000,35000,3546000
DH2024003721,KH00001,SP021,3,350000,0,102000,25000,1145000
DH2024000673,KH00911,SP015,1,7990000,0,703000,28000,7762000
DH2024003274,KH00012,SP008,1,13990000,0,1357000,25000,14952000
DH2024005532,KH00006,SP016,3,11990000,0,3597000,30000,39597000
DH2024006159,KH00940,SP001,2,4590000,0,780000,18000,8601000
DH2024007008,KH00019,SP003,1,19990000,0,1699000,22000,18713000
DH2024007349,KH00021,SP018,1,390000,0,38000,35000,451000
DH2024007938,KH00011,SP022,3,190000,0,51000,28000,592000
DH2024009359,KH00003,SP025,4,4290000,0,1544000,45000,17033000
DH2024000837,KH00003,SP012,1,1590000,0,148000,22000,1649000
DH2024006504,KH00706,SP009,3,15990000,0,4557000,45000,50174000
DH2024009909,KH00010,SP018,1,390000,0,34000,22000,399000
DH2024000172,KH00091,SP025,6,4290000,0,2574000,18000,28332000
DH2024004893,KH00002,SP026,2,990000,0,192000,45000,2158000
DH2024005819,KH00001,SP002,1,18990000,0,1899000,45000,20934000
DH2024007302,KH00002,SP013,1,990000,0,79000,28000,899000
DH2024008727,KH02031,SP026,6,990000,0,552000,18000,6094000
DH2024002213,KH00018,SP011,2,3990000,0,678000,30000,7491000
DH2024004766,KH00006,SP005,3,4990000,0,1497000,30000,16497000
DH2024005101,KH00001,SP004,4,16990000,0,6796000,22000,74778000
DH2024008433,KH00014,SP008,6,13990000,0,8394000,25000,92359000
DH2024000680,KH00005,SP011,2,3990000,0,742000,35000,8198000
DH2024000458,KH00001,SP004,3,16990000,0,4332000,35000,47691000
DH2024002150,KH00033,SP003,2,19990000,0,3518000,25000,38725000
DH2024004712,KH00012,SP003,6,19990000,0,11994000,18000,131952000
DH2024006755,KH02153,SP026,5,990000,0,495000,22000,5467000
DH2024001867,KH00016,SP025,1,4290000,0,399000,30000,4419000
DH2024002641,KH00647,SP010,1,12990000,0,1104000,30000,12176000
DH2024003143,KH00003,SP026,2,990000,0,158000,35000,1777000
DH2024006347,KH00001,SP013,1,990000,0,84000,35000,961000
DH2024006449,KH00769,SP017,2,3290000,0,592000,35000,6549000
DH2024007721,KH00911,SP007,1,23990000,0,2327000,45000,25642000
DH2024009161,KH00038,SP022,1,190000,0,18000,40000,238000
DH2024009879,KH00026,SP002,1,18990000,0,1709000,28000,18828000
DH2024000679,KH00064,SP001,1,4590000,0,427000,35000,4731000
DH2024002030,KH00062,SP014,3,1190000,0,346000,22000,3831000
DH2024002538,KH00004,SP005,1,4990000,0,499000,25000,5514000
DH2024003879,KH02206,SP012,2,1590000,0,302000,40000,3363000
DH2024003971,KH00165,SP002,4,18990000,0,6836000,25000,75225000
DH2024004839,KH00122,SP021,2,350000,0,70000,18000,788000
DH2024006854,KH00029,SP002,2,18990000,0,3798000,22000,41800000
DH2024007417,KH00001,SP026,2,990000,0,174000,22000,1938000
DH2024009430,KH00001,SP001,10,4590000,0,4590000,22000,50512000
DH2024003882,KH00003,SP024,6,5490000,0,3063000,22000,33719000
DH2024006267,KH00355,SP025,1,4290000,0,378000,22000,4175000
DH2024009546,KH00597,SP019,1,690000,0,67000,28000,764000
DH2024009588,KH00002,SP019,1,690000,0,62000,35000,718000
DH2024000362,KH00706,SP023,3,5990000,0,1617000,40000,17830000
DH2024007437,KH00003,SP013,2,990000,0,198000,18000,2196000
DH2024008540,KH00003,SP003,3,19990000,0,5097000,45000,56116000
DH2024001997,KH00031,SP012,1,1590000,0,151000,25000,1686000
DH2024005393,KH00007,SP018,2,390000,0,66000,30000,759000
DH2024008706,KH00004,SP009,2,15990000,0,3198000,22000,35200000
DH2024008777,KH00001,SP026,5,990000,0,480000,35000,5317000
DH2024009549,KH00010,SP009,1,15990000,0,1439000,25000,15855000
DH2024005381,KH00006,SP021,1,350000,0,31000,25000,364000
DH2024008931,KH00227,SP016,1,11990000,0,1163000,40000,12833000
DH2024003368,KH00081,SP014,2,1190000,0,214000,45000,2401000
DH2024004630,KH00001,SP023,3,5990000,0,1797000,25000,19792000
DH2024007456,KH00039,SP015,2,7990000,0,1598000,18000,17596000
DH2024000641,KH00029,SP009,1,15990000,0,1519000,45000,16754000
DH2024003180,KH00001,SP014,2,1190000,0,190000,25000,2119000
DH2024004776,KH00002,SP023,2,5990000,0,1162000,25000,12808000
DH2024008852,KH00005,SP014,1,1190000,0,119000,22000,1331000
DH2024001728,KH00032,SP020,1,1190000,0,115000,40000,1309000
DH2024003510,KH00022,SP020,8,1190000,0,952000,18000,10490000
DH2024005223,KH00017,SP024,1,5490000,0,522000,25000,5763000
DH2024008179,KH00155,SP006,1,7990000,0,719000,18000,7928000
DH2024000082,KH00001,SP013,1,990000,0,94000,22000,1056000
DH2024001448,KH00077,SP011,2,3990000,0,742000,18000,8181000
DH2024001697,KH00006,SP009,6,15990000,0,8155000,45000,89749000
DH2024003365,KH00005,SP020,3,1190000,0,286000,25000,3167000
DH2024003871,KH00010,SP023,6,5990000,0,2875000,28000,31655000
DH2024007848,KH00012,SP025,1,4290000,0,365000,28000,4039000
DH2024000758,KH00017,SP017,1,3290000,0,329000,35000,3654000
DH2024007461,KH00001,SP011,10,3990000,0,3790000,40000,41735000
DH2024008793,KH00001,SP013,1,990000,0,99000,40000,1129000
DH2024008971,KH00265,SP009,2,15990000,0,3198000,30000,35208000
DH2024009995,KH01067,SP020,1,1190000,0,113000,30000,1273000
DH2024000324,KH00272,SP017,6,3290000,0,1974000,28000,21742000
DH2024000973,KH00024,SP017,4,3290000,0,1316000,30000,14506000
DH2024001451,KH00146,SP021,1,350000,0,31000,35000,374000
DH2024002547,KH00110,SP014,1,1190000,0,95000,25000,1072000
DH2024004067,KH00002,SP014,1,1190000,0,113000,18000,1261000
DH2024005310,KH00003,SP015,4,7990000,0,3100000,22000,34123000
DH2024007143,KH00002,SP023,2,5990000,0,1198000,30000,13208000
DH2024009683,KH00003,SP005,3,4990000,0,1317000,35000,14526000
DH2024001014,KH00002,SP016,1,11990000,0,1019000,28000,11239000
DH2024003873,KH00018,SP002,4,18990000,0,6457000,35000,71058000
DH2024006402,KH00003,SP003,5,19990000,0,9695000,40000,106687000
DH2024007359,KH00004,SP004,1,16990000,0,1699000,28000,18717000
DH2024001245,KH02253,SP008,1,13990000,0,1259000,30000,13880000
DH2024004577,KH00004,SP002,1,18990000,0,1899000,18000,20907000
DH2024004679,KH00027,SP016,2,11990000,0,1918000,25000,21127000
DH2024004727,KH00008,SP019,5,690000,0,276000,22000,3058000
DH2024005632,KH00942,SP017,1,3290000,0,296000,35000,3292000
DH2024007575,KH00004,SP017,2,3290000,0,526000,35000,5825000
DH2024009849,KH00001,SP023,1,5990000,0,509000,25000,5626000
DH2024009962,KH00032,SP002,1,18990000,0,1804000,25000,19869000
DH2024003750,KH00003,SP009,1,15990000,0,1519000,45000,16754000
DH2024006526,KH00006,SP012,2,1590000,0,302000,45000,3368000
DH2024007544,KH00004,SP002,1,18990000,0,1842000,40000,20302000
DH2024009124,KH00001,SP014,5,1190000,0,506000,35000,5599000
DH2024009226,KH00001,SP014,4,1190000,0,428000,28000,4740000
DH2024000466,KH01699,SP003,2,19990000,0,3998000,28000,44006000
DH2024004382,KH00105,SP003,1,19990000,0,1599000,28000,17619000
DH2024004635,KH00025,SP012,10,1590000,0,1510000,18000,16633000
DH2024005474,KH00150,SP012,3,1590000,0,429000,22000,4744000
DH2024007272,KH00001,SP017,1,3290000,0,263000,28000,2923000
DH2024000169,KH00085,SP019,1,690000,0,61000,40000,708000
DH2024001695,KH00005,SP008,4,13990000,0,5316000,28000,58506000
DH2024005998,KH00004,SP019,1,690000,0,69000,18000,777000
DH2024007887,KH00073,SP026,2,990000,0,178000,25000,1985000
DH2024009260,KH00039,SP006,2,7990000,0,1550000,35000,17086000
DH2024001338,KH00110,SP015,1,7990000,0,799000,40000,8829000
DH2024002482,KH00007,SP005,1,4990000,0,424000,35000,4701000
DH2024005266,KH00002,SP020,2,1190000,0,214000,40000,2396000
DH2024006392,KH00001,SP007,4,23990000,0,7677000,30000,84475000
DH2024007797,KH00048,SP003,1,19990000,0,1599000,30000,17621000
DH2024008915,KH00002,SP007,1,23990000,0,2279000,22000,25091000
DH2024000320,KH00001,SP022,8,190000,0,122000,30000,1368000
DH2024000634,KH00121,SP015,1,7990000,0,775000,28000,8553000
DH2024001595,KH00007,SP026,2,990000,0,198000,25000,2203000
DH2024002503,KH00001,SP001,1,4590000,0,459000,18000,5067000
DH2024008656,KH00005,SP024,1,5490000,0,549000,45000,6084000
DH2024000626,KH00131,SP020,2,1190000,0,238000,40000,2658000
DH2024002797,KH00002,SP007,1,23990000,0,2231000,22000,24564000
DH2024005375,KH00001,SP002,1,18990000,0,1519000,28000,16739000
DH2024005502,KH00001,SP008,2,13990000,0,2602000,18000,28641000
DH2024006102,KH00001,SP012,1,1590000,0,159000,25000,1774000
DH2024003297,KH00013,SP011,5,3990000,0,1995000,22000,21967000
DH2024003644,KH00002,SP023,4,5990000,0,2396000,18000,26374000
DH2024006783,KH00001,SP025,3,4290000,0,1287000,40000,14197000
DH2024007333,KH00052,SP025,1,4290000,0,343000,40000,3815000
DH2024009054,KH00001,SP019,3,690000,0,207000,18000,2295000
DH2024000283,KH00010,SP002,2,18990000,0,3798000,45000,41823000
DH2024003613,KH00350,SP020,8,1190000,0,952000,30000,10502000
DH2024004167,KH00009,SP007,1,23990000,0,2159000,35000,23785000
DH2024008221,KH00012,SP004,1,16990000,0,1580000,40000,17421000
DH2024008274,KH00018,SP006,8,7990000,0,5945000,18000,65409000
DH2024009208,KH00001,SP016,4,11990000,0,4460000,40000,49103000
DH2024000335,KH00100,SP001,3,4590000,0,1170000,22000,12896000
DH2024001930,KH00001,SP011,4,3990000,0,1484000,40000,16367000
DH2024004877,KH00045,SP012,2,1590000,0,270000,30000,3003000
DH2024006501,KH00002,SP015,1,7990000,0,759000,40000,8389000
DH2024007643,KH00001,SP013,8,990000,0,792000,22000,8734000
DH2024006214,KH00155,SP004,2,16990000,0,2990000,30000,32922000
DH2024007484,KH00002,SP018,3,390000,0,117000,45000,1332000
DH2024007962,KH00391,SP001,1,4590000,0,459000,35000,5084000
DH2024008679,KH00288,SP026,1,990000,0,99000,30000,1119000
DH2024006364,KH00001,SP004,1,16990000,0,1699000,22000,18711000
DH2024006626,KH00001,SP018,1,390000,0,31000,22000,365000
DH2024006699,KH00001,SP022,1,190000,0,19000,22000,231000
DH2024006873,KH00014,SP003,1,19990000,0,1999000,35000,22024000
DH2024000481,KH00001,SP020,5,1190000,0,565000,18000,6235000
DH2024006270,KH00015,SP006,1,7990000,0,679000,25000,7496000
DH2024006584,KH00002,SP026,3,990000,0,288000,22000,3191000
DH2024009597,KH00001,SP009,3,15990000,0,3838000,25000,42239000
DH2024004387,KH00006,SP009,1,15990000,0,1407000,28000,15506000
DH2024005297,KH00013,SP021,2,350000,0,62000,18000,696000
DH2024006250,KH00076,SP026,2,990000,0,174000,30000,1946000
DH2024007482,KH00001,SP012,2,1590000,0,318000,22000,3520000
DH2024008781,KH00006,SP006,2,7990000,0,1550000,18000,17069000
DH2024005964,KH00002,SP016,1,11990000,0,1163000,18000,12811000
DH2024006727,KH00003,SP019,2,690000,0,138000,45000,1563000
DH2024007228,KH00005,SP018,2,390000,0,62000,30000,716000
DH2024007602,KH00457,SP022,2,190000,0,38000,22000,440000
DH2024009227,KH00003,SP016,4,11990000,0,4652000,40000,51213000
DH2024009923,KH00020,SP026,4,990000,0,384000,35000,4260000
DH2024001672,KH01012,SP008,2,13990000,0,2798000,40000,30818000
DH2024003035,KH00001,SP015,3,7990000,0,2037000,35000,22446000
DH2024009229,KH00286,SP014,2,1190000,0,202000,35000,2260000
DH2024004345,KH00004,SP025,2,4290000,0,858000,22000,9460000
DH2024004572,KH00001,SP019,2,690000,0,117000,30000,1320000
DH2024007009,KH00003,SP005,1,4990000,0,484000,35000,5359000
DH2024007415,KH00002,SP011,6,3990000,0,2394000,35000,26369000
DH2024002645,KH00001,SP005,1,4990000,0,499000,35000,5524000
DH2024002911,KH00011,SP010,4,12990000,0,4936000,30000,54328000
DH2024008864,KH00002,SP013,1,990000,0,84000,30000,956000
DH2024000662,KH00003,SP019,4,690000,0,243000,45000,2717000
DH2024001096,KH00001,SP021,1,350000,0,30000,45000,373000
DH2024003640,KH00164,SP013,2,990000,0,192000,45000,2158000
DH2024004558,KH00001,SP024,5,5490000,0,2745000,28000,30223000
DH2024006112,KH00334,SP015,6,7990000,0,4075000,35000,44859000
DH2024006684,KH00001,SP005,2,4990000,0,798000,25000,8807000
DH2024007856,KH00012,SP019,1,690000,0,69000,22000,781000
DH2024007874,KH00467,SP021,2,350000,0,68000,18000,765000
DH2024008194,KH00006,SP021,1,350000,0,35000,22000,407000
DH2024009366,KH00001,SP007,2,23990000,0,4078000,40000,44901000
DH2024009837,KH00119,SP013,2,990000,0,178000,28000,1988000
DH2024001835,KH00049,SP023,1,5990000,0,509000,35000,5636000
DH2024002535,KH00002,SP006,1,7990000,0,639000,30000,7061000
DH2024005448,KH00079,SP020,1,1190000,0,101000,18000,1131000
DH2024006695,KH00003,SP015,2,7990000,0,1438000,25000,15845000
DH2024006704,KH00001,SP003,1,19990000,0,1859000,35000,20485000
DH2024003547,KH00856,SP019,1,690000,0,66000,30000,752000
DH2024003908,KH00014,SP021,2,350000,0,62000,28000,706000
DH2024004428,KH00009,SP009,2,15990000,0,2718000,28000,29929000
DH2024007831,KH00002,SP007,6,23990000,0,14394000,25000,158359000
DH2024009191,KH01094,SP023,1,5990000,0,569000,40000,6299000
DH2024007422,KH00001,SP019,2,690000,0,117000,28000,1318000
DH2024009589,KH00218,SP025,2,4290000,0,858000,45000,9483000
DH2024002221,KH00109,SP013,1,990000,0,79000,28000,899000
DH2024002326,KH00003,SP013,2,990000,0,198000,30000,2208000
DH2024002328,KH00001,SP002,6,18990000,0,10596000,25000,116585000
DH2024005450,KH00038,SP022,2,190000,0,38000,40000,458000
DH2024008935,KH00001,SP017,1,3290000,0,290000,40000,3225000
DH2024009204,KH00001,SP011,2,3990000,0,798000,18000,8796000
DH2024001076,KH00011,SP020,5,1190000,0,595000,45000,6590000
DH2024001195,KH00031,SP016,1,11990000,0,1199000,25000,13214000
DH2024004421,KH00020,SP013,2,990000,0,198000,28000,2206000
DH2024005316,KH00001,SP015,1,7990000,0,679000,35000,7506000
DH2024005642,KH00001,SP001,2,4590000,0,780000,28000,8611000
DH2024006268,KH00003,SP015,1,7990000,0,719000,30000,7940000
DH2024007379,KH00003,SP017,1,3290000,0,313000,40000,3479000
DH2024008283,KH00005,SP008,1,13990000,0,1357000,45000,14972000
DH2024009914,KH00017,SP014,4,1190000,0,428000,30000,4742000
DH2024000943,KH00001,SP009,1,15990000,0,1519000,30000,16739000
DH2024005527,KH00001,SP018,1,390000,0,34000,45000,422000
DH2024009176,KH00094,SP001,6,4590000,0,2754000,45000,30339000
DH2024005472,KH01004,SP013,1,990000,0,94000,35000,1069000
DH2024007215,KH00011,SP011,1,3990000,0,379000,30000,4199000
DH2024009846,KH00003,SP025,1,4290000,0,429000,40000,4759000
DH2024000774,KH00001,SP007,1,23990000,0,2111000,18000,23240000
DH2024002342,KH00035,SP006,6,7990000,0,4554000,40000,50137000
DH2024004337,KH00002,SP025,1,4290000,0,429000,18000,4737000
DH2024005168,KH00002,SP010,1,12990000,0,1169000,18000,12878000
DH2024006572,KH00187,SP026,2,990000,0,174000,25000,1941000
DH2024000253,KH00001,SP012,3,1590000,0,444000,40000,4920000
DH2024000610,KH00003,SP023,1,5990000,0,599000,25000,6614000
DH2024004627,KH00016,SP026,2,990000,0,198000,35000,2213000
DH2024006848,KH00073,SP007,2,23990000,0,3838000,35000,42257000
DH2024007136,KH00005,SP013,3,990000,0,261000,35000,2910000
DH2024009133,KH00001,SP007,4,23990000,0,8636000,30000,95030000
DH2024009291,KH00003,SP020,6,1190000,0,628000,22000,6933000
DH2024009399,KH00001,SP016,2,11990000,0,2326000,28000,25615000
DH2024003446,KH00038,SP003,4,19990000,0,7996000,30000,87986000
DH2024006247,KH00003,SP011,1,3990000,0,399000,18000,4407000
DH2024006540,KH00001,SP001,4,4590000,0,1652000,25000,18201000
DH2024006553,KH00009,SP024,3,5490000,0,1482000,30000,16335000
DH2024008805,KH00076,SP019,3,690000,0,192000,22000,2139000
DH2024008879,KH00004,SP013,3,990000,0,261000,45000,2920000
DH2024009785,KH00002,SP021,3,350000,0,89000,45000,1026000
DH2024000495,KH00093,SP026,1,990000,0,94000,30000,1064000
DH2024002230,KH00196,SP010,1,12990000,0,1299000,22000,14311000
DH2024005520,KH00002,SP016,1,11990000,0,1139000,28000,12557000
DH2024005938,KH00001,SP025,2,4290000,0,772000,35000,8529000
DH2024006039,KH00047,SP023,3,5990000,0,1707000,22000,18801000
DH2024006926,KH00226,SP016,2,11990000,0,2398000,30000,26408000
DH2024007868,KH00002,SP018,3,390000,0,105000,45000,1203000
DH2024008865,KH00001,SP022,4,190000,0,67000,22000,758000
DH2024003128,KH00003,SP007,1,23990000,0,2279000,25000,25094000
DH2024003993,KH00058,SP005,1,4990000,0,424000,45000,4711000
DH2024004515,KH00003,SP023,1,5990000,0,527000,18000,5816000
DH2024003280,KH00030,SP018,2,390000,0,69000,22000,777000
DH2024000411,KH00007,SP003,2,19990000,0,3718000,18000,40917000
DH2024001857,KH00089,SP008,2,13990000,0,2602000,40000,28663000
DH2024002129,KH00001,SP013,6,990000,0,505000,30000,5584000
DH2024002996,KH00007,SP011,8,3990000,0,2809000,18000,30917000
DH2024003734,KH01122,SP016,1,11990000,0,1055000,22000,11628000
DH2024007790,KH00001,SP017,2,3290000,0,526000,35000,5825000
DH2024008838,KH00003,SP007,2,23990000,0,4798000,22000,52800000
DH2024005709,KH00001,SP004,3,16990000,0,4944000,45000,54430000
DH2024008738,KH01029,SP026,1,990000,0,79000,25000,896000
DH2024000410,KH00234,SP009,1,15990000,0,1599000,40000,17629000
DH2024001238,KH00003,SP014,1,1190000,0,115000,25000,1294000
DH2024002481,KH00025,SP002,5,18990000,0,8546000,40000,94041000
DH2024007234,KH00023,SP024,3,5490000,0,1598000,18000,17592000
DH2024007704,KH00016,SP003,1,19990000,0,1999000,35000,22024000
DH2024001520,KH00017,SP014,1,1190000,0,115000,45000,1314000
DH2024003074,KH00026,SP006,3,7990000,0,2325000,30000,25606000
DH2024003471,KH00033,SP025,3,4290000,0,1223000,35000,13484000
DH2024005499,KH00863,SP026,6,990000,0,552000,45000,6121000
DH2024006011,KH00247,SP007,1,23990000,0,2231000,35000,24577000
DH2024007124,KH00111,SP026,1,990000,0,99000,45000,1134000
DH2024007194,KH00059,SP010,2,12990000,0,2078000,25000,22887000
DH2024007918,KH00002,SP014,3,1190000,0,286000,40000,3182000
DH2024008218,KH00063,SP015,1,7990000,0,743000,45000,8219000
DH2024000210,KH00077,SP025,1,4290000,0,416000,22000,4599000
DH2024005208,KH00014,SP025,1,4290000,0,386000,30000,4277000
DH2024009483,KH00002,SP009,1,15990000,0,1599000,45000,17634000
DH2024001549,KH00977,SP015,3,7990000,0,2397000,28000,26395000
DH2024002564,KH00002,SP014,1,1190000,0,111000,25000,1243000
DH2024002923,KH00004,SP007,1,23990000,0,2159000,18000,23768000
DH2024003676,KH01966,SP005,1,4990000,0,439000,40000,4870000
DH2024005599,KH00002,SP009,2,15990000,0,3198000,30000,35208000
DH2024006986,KH00206,SP002,4,18990000,0,7596000,35000,83591000
DH2024000330,KH00028,SP017,5,3290000,0,1448000,22000,15946000
DH2024002242,KH02397,SP005,5,4990000,0,2121000,40000,23369000
DH2024003081,KH00004,SP012,3,1590000,0,463000,40000,5130000
DH2024003552,KH01470,SP010,1,12990000,0,1234000,40000,13614000
DH2024004399,KH00001,SP018,3,390000,0,114000,22000,1271000
DH2024006743,KH00003,SP022,3,190000,0,57000,18000,645000
DH2024009536,KH00001,SP006,2,7990000,0,1518000,35000,16734000
DH2024009677,KH00001,SP016,1,11990000,0,1199000,35000,13224000
DH2024001499,KH00008,SP004,2,16990000,0,3398000,45000,37423000
DH2024002545,KH00012,SP021,4,350000,0,140000,30000,1570000
DH2024003082,KH00008,SP020,1,1190000,0,105000,25000,1177000
DH2024005073,KH00373,SP007,1,23990000,0,2399000,40000,26429000
DH2024009116,KH00001,SP004,8,16990000,0,12912000,45000,142081000
DH2024009312,KH00004,SP019,1,690000,0,69000,30000,789000
DH2024001141,KH00070,SP014,3,1190000,0,339000,35000,3766000
DH2024003995,KH00002,SP021,1,350000,0,31000,22000,361000
DH2024006547,KH00100,SP002,2,18990000,0,3684000,18000,40543000
DH2024008451,KH00003,SP002,1,18990000,0,1899000,18000,20907000
DH2024009598,KH00001,SP021,10,350000,0,326000,28000,3609000
DH2024003723,KH00038,SP026,5,990000,0,495000,30000,5475000
DH2024004274,KH00005,SP018,10,390000,0,370000,35000,4110000
DH2024007113,KH00058,SP025,2,4290000,0,755000,28000,8333000
DH2024009456,KH00005,SP025,1,4290000,0,429000,40000,4759000
DH2024001773,KH00016,SP018,2,390000,0,78000,45000,903000
DH2024005914,KH00001,SP023,1,5990000,0,527000,18000,5816000
DH2024005958,KH00004,SP009,1,15990000,0,1599000,35000,17624000
DH2024007308,KH00491,SP024,1,5490000,0,467000,45000,5178000
DH2024009780,KH00001,SP007,1,23990000,0,2039000,25000,22456000
DH2024000093,KH00833,SP013,1,990000,0,89000,45000,1025000
DH2024001884,KH00231,SP001,1,4590000,0,413000,28000,4572000
DH2024004812,KH00002,SP019,4,690000,0,276000,28000,3064000
DH2024005212,KH00001,SP021,1,350000,0,34000,35000,409000
DH2024007635,KH00003,SP005,1,4990000,0,399000,28000,4419000
DH2024008776,KH00001,SP006,1,7990000,0,639000,18000,7049000
DH2024009593,KH00015,SP018,5,390000,0,195000,18000,2163000
DH2024000143,KH00034,SP021,2,350000,0,65000,30000,746000
DH2024000539,KH00006,SP018,4,390000,0,156000,30000,1746000
DH2024000664,KH00001,SP023,8,5990000,0,3834000,35000,42205000
DH2024001189,KH00001,SP002,1,18990000,0,1842000,40000,20302000
DH2024001393,KH00041,SP011,2,3990000,0,798000,35000,8813000
DH2024006748,KH00303,SP016,2,11990000,0,2230000,30000,24561000
DH2024006936,KH00062,SP025,1,4290000,0,386000,30000,4277000
DH2024007352,KH00014,SP012,2,1590000,0,286000,40000,3188000
DH2024007477,KH00034,SP018,1,390000,0,31000,40000,383000
DH2024007486,KH00004,SP016,1,11990000,0,959000,22000,10573000
DH2024009062,KH00002,SP006,2,7990000,0,1598000,45000,17623000
DH2024009308,KH00006,SP012,1,1590000,0,159000,30000,1779000
DH2024000856,KH00001,SP012,1,1590000,0,159000,22000,1771000
DH2024001077,KH00029,SP024,1,5490000,0,439000,25000,4856000
DH2024002571,KH00019,SP024,1,5490000,0,467000,45000,5178000
DH2024003994,KH00061,SP011,1,3990000,0,359000,40000,3990000
DH2024004115,KH00001,SP009,1,15990000,0,1551000,18000,17079000
DH2024004682,KH01649,SP004,3,16990000,0,4332000,40000,47696000
DH2024005202,KH00752,SP026,1,990000,0,92000,18000,1031000
DH2024007694,KH00008,SP023,5,5990000,0,2696000,30000,29681000
DH2024000141,KH00001,SP009,1,15990000,0,1599000,25000,17614000
DH2024006997,KH00022,SP005,2,4990000,0,948000,40000,10469000
DH2024008730,KH00776,SP012,4,1590000,0,509000,25000,5622000
DH2024009221,KH00006,SP006,5,7990000,0,3875000,25000,42652000
DH2024008159,KH00033,SP014,1,1190000,0,119000,40000,1349000
DH2024008801,KH00008,SP012,3,1590000,0,477000,30000,5277000
DH2024000393,KH00001,SP020,1,1190000,0,111000,40000,1258000
DH2024004241,KH00835,SP012,1,1590000,0,151000,35000,1696000
DH2024007244,KH00401,SP003,2,19990000,0,3878000,28000,42687000
DH2024008598,KH00002,SP015,3,7990000,0,2157000,45000,23775000
DH2024002390,KH00003,SP008,1,13990000,0,1119000,18000,12329000
DH2024006069,KH00001,SP012,3,1590000,0,444000,28000,4908000
DH2024007020,KH00198,SP020,3,1190000,0,286000,45000,3187000
DH2024007941,KH00013,SP022,1,190000,0,16000,25000,203000
DH2024009514,KH00003,SP018,4,390000,0,148000,25000,1655000
DH2024001679,KH00040,SP025,2,4290000,0,729000,35000,8057000
DH2024003184,KH00033,SP017,3,3290000,0,987000,18000,10875000
DH2024005042,KH00001,SP004,2,16990000,0,3398000,45000,37423000
DH2024006849,KH00003,SP022,1,190000,0,16000,25000,203000
DH2024007295,KH00012,SP013,1,990000,0,79000,40000,911000
DH2024009657,KH00013,SP014,2,1190000,0,226000,35000,2522000
DH2024009687,KH00007,SP022,3,190000,0,57000,45000,672000
DH2024002340,KH00005,SP026,2,990000,0,174000,40000,1956000
DH2024002612,KH00019,SP004,3,16990000,0,5097000,45000,56112000
DH2024003064,KH00066,SP017,1,3290000,0,313000,28000,3467000
DH2024007490,KH00454,SP025,1,4290000,0,386000,40000,4287000
DH2024009042,KH00005,SP013,1,990000,0,99000,30000,1119000
DH2024009297,KH00006,SP015,1,7990000,0,799000,25000,8814000
DH2024006064,KH00322,SP018,4,390000,0,151000,18000,1682000
DH2024007885,KH00760,SP001,1,4590000,0,436000,25000,4821000
DH2024009978,KH00001,SP002,1,18990000,0,1899000,22000,20911000
DH2024009983,KH00017,SP007,1,23990000,0,2111000,22000,23244000
DH2024001149,KH00003,SP020,2,1190000,0,202000,28000,2253000
DH2024003079,KH00113,SP006,1,7990000,0,799000,45000,8834000
DH2024003450,KH00001,SP003,1,19990000,0,1859000,30000,20480000
DH2024004215,KH00020,SP025,1,4290000,0,365000,18000,4029000
DH2024007119,KH00005,SP021,5,350000,0,163000,35000,1825000
DH2024006946,KH00001,SP020,1,1190000,0,107000,45000,1223000
DH2024008832,KH00145,SP007,5,23990000,0,10796000,18000,118769000
DH2024009368,KH00001,SP013,2,990000,0,198000,18000,2196000
DH2024000700,KH00015,SP019,3,690000,0,201000,30000,2239000
DH2024003895,KH00008,SP021,1,350000,0,33000,28000,393000
DH2024006812,KH00001,SP003,3,19990000,0,5997000,35000,66002000
DH2024001705,KH00003,SP018,1,390000,0,36000,18000,417000
DH2024003951,KH00001,SP015,4,7990000,0,2972000,30000,32725000
DH2024007827,KH00009,SP004,1,16990000,0,1495000,22000,16468000
DH2024009181,KH00001,SP015,3,7990000,0,2157000,45000,23775000
DH2024000176,KH00004,SP013,2,990000,0,168000,40000,1891000
DH2024005026,KH02005,SP018,2,390000,0,78000,30000,888000
DH2024005259,KH00668,SP014,1,1190000,0,119000,22000,1331000
DH2024006621,KH00001,SP017,5,3290000,0,1596000,18000,17570000
DH2024001591,KH00036,SP005,3,4990000,0,1272000,18000,14014000
DH2024002208,KH00007,SP003,1,19990000,0,1999000,18000,22007000
DH2024002896,KH00230,SP011,1,3990000,0,379000,30000,4199000
DH2024003965,KH00066,SP010,1,12990000,0,1299000,25000,14314000
DH2024004357,KH00016,SP003,3,19990000,0,5577000,30000,61379000
DH2024005703,KH00139,SP002,1,18990000,0,1671000,45000,18427000
DH2024005518,KH00016,SP016,3,11990000,0,3237000,35000,35645000
DH2024006419,KH00066,SP009,1,15990000,0,1487000,22000,16380000
DH2024000699,KH00010,SP005,2,4990000,0,998000,40000,11018000
DH2024004989,KH00030,SP020,5,1190000,0,536000,40000,5931000
DH2024005083,KH00316,SP003,2,19990000,0,3598000,45000,39625000
DH2024008525,KH00008,SP020,1,1190000,0,101000,35000,1148000
DH2024008975,KH00054,SP005,8,4990000,0,3992000,28000,43940000
DH2024009316,KH00001,SP023,8,5990000,0,4792000,22000,52734000
DH2024000909,KH00001,SP024,3,5490000,0,1318000,40000,14534000
DH2024004830,KH00003,SP019,2,690000,0,134000,40000,1513000
DH2024005144,KH00003,SP019,1,690000,0,69000,25000,784000
DH2024005949,KH00007,SP011,1,3990000,0,359000,28000,3978000
DH2024006736,KH00110,SP014,2,1190000,0,221000,25000,2459000
DH2024008633,KH00507,SP011,1,3990000,0,351000,30000,3892000
DH2024009139,KH00004,SP004,3,16990000,0,5097000,40000,56107000
DH2024001126,KH00002,SP008,1,13990000,0,1399000,30000,15419000
DH2024006512,KH00072,SP023,1,5990000,0,581000,35000,6426000
DH2024008772,KH00002,SP013,1,990000,0,99000,45000,1134000
DH2024007016,KH00094,SP002,2,18990000,0,3608000,25000,39714000
DH2024007059,KH01826,SP010,1,12990000,0,1299000,22000,14311000
DH2024001832,KH00001,SP023,1,5990000,0,539000,28000,5958000
DH2024002690,KH00012,SP002,2,18990000,0,3798000,40000,41818000
DH2024000229,KH00103,SP014,3,1190000,0,303000,30000,3367000
DH2024002288,KH00151,SP007,3,23990000,0,5758000,25000,63359000
DH2024004017,KH00010,SP007,3,23990000,0,6477000,28000,71278000
DH2024007604,KH02510,SP023,2,5990000,0,1138000,30000,12549000
DH2024003832,KH00020,SP012,1,1590000,0,151000,40000,1701000
DH2024004451,KH00145,SP015,5,7990000,0,3995000,45000,43990000
DH2024009224,KH00011,SP014,3,1190000,0,346000,28000,3837000
DH2024009480,KH00013,SP021,1,350000,0,35000,22000,407000
DH2024009601,KH00002,SP006,2,7990000,0,1518000,22000,16721000
DH2024000731,KH00002,SP009,3,15990000,0,4317000,30000,47520000
DH2024003935,KH00003,SP006,1,7990000,0,719000,28000,7938000
DH2024006160,KH00012,SP002,1,18990000,0,1804000,18000,19862000
DH2024006968,KH00001,SP022,1,190000,0,18000,28000,226000
DH2024007564,KH00164,SP005,3,4990000,0,1422000,18000,15662000
DH2024009976,KH00001,SP023,1,5990000,0,599000,25000,6614000
DH2024000442,KH00001,SP017,10,3290000,0,3290000,40000,36230000
DH2024004128,KH00001,SP002,1,18990000,0,1519000,40000,16751000
DH2024004949,KH00001,SP015,3,7990000,0,2109000,28000,23231000
DH2024004991,KH00180,SP005,1,4990000,0,499000,25000,5514000
DH2024005905,KH00770,SP003,4,19990000,0,7996000,40000,87996000
DH2024008494,KH00020,SP008,1,13990000,0,1399000,40000,15429000
DH2024002864,KH00002,SP003,1,19990000,0,1799000,18000,19808000
DH2024004633,KH00001,SP012,2,1590000,0,280000,22000,3100000
DH2024008873,KH00002,SP008,1,13990000,0,1301000,30000,14342000
DH2024000089,KH00018,SP016,1,11990000,0,1199000,28000,13217000
DH2024000258,KH02417,SP019,1,690000,0,61000,45000,713000
DH2024002226,KH00002,SP018,1,390000,0,37000,18000,425000
DH2024003653,KH00001,SP003,5,19990000,0,8496000,40000,93494000
DH2024007814,KH00013,SP003,2,19990000,0,3198000,30000,35212000
DH2024008846,KH00013,SP005,2,4990000,0,878000,45000,9705000
DH2024005607,KH00001,SP021,3,350000,0,105000,25000,1180000
DH2024007878,KH00192,SP010,2,12990000,0,2598000,22000,28600000
DH2024009397,KH00015,SP019,1,690000,0,62000,18000,701000
DH2024002436,KH00062,SP003,1,19990000,0,1599000,28000,17619000
DH2024005723,KH00025,SP004,5,16990000,0,8495000,25000,93470000
DH2024007963,KH00129,SP012,2,1590000,0,296000,30000,3283000
DH2024008036,KH00003,SP003,1,19990000,0,1799000,25000,19815000
DH2024008543,KH00014,SP002,3,18990000,0,5298000,35000,58315000
DH2024008635,KH00034,SP019,1,690000,0,67000,35000,771000
DH2024004121,KH00111,SP025,6,4290000,0,2445000,45000,26943000
DH2024007886,KH00004,SP017,1,3290000,0,319000,28000,3538000
DH2024001352,KH00017,SP011,2,3990000,0,758000,30000,8369000
DH2024002148,KH00001,SP023,4,5990000,0,2324000,22000,25587000
DH2024005276,KH00006,SP016,1,11990000,0,959000,40000,10591000
DH2024007263,KH00008,SP021,1,350000,0,34000,22000,396000
DH2024001497,KH00001,SP005,2,4990000,0,928000,30000,10239000
DH2024004301,KH00333,SP003,1,19990000,0,1999000,40000,22029000
DH2024009063,KH00006,SP018,8,390000,0,290000,35000,3227000
DH2024001505,KH00003,SP010,1,12990000,0,1104000,45000,12191000
DH2024007294,KH00660,SP024,1,5490000,0,494000,40000,5475000
DH2024007863,KH00002,SP004,2,16990000,0,3398000,28000,37406000
DH2024003223,KH00008,SP006,4,7990000,0,3036000,45000,33443000
DH2024003370,KH00170,SP026,6,990000,0,535000,45000,5926000
DH2024005608,KH00001,SP011,1,3990000,0,359000,22000,3972000
DH2024006488,KH01955,SP025,1,4290000,0,399000,25000,4414000
DH2024008164,KH00039,SP001,3,4590000,0,1239000,45000,13677000
DH2024001511,KH00008,SP008,5,13990000,0,6995000,28000,76973000
DH2024008039,KH00002,SP003,2,19990000,0,3998000,35000,44013000
DH2024009081,KH00265,SP009,2,15990000,0,3198000,25000,35203000
DH2024009352,KH00003,SP016,10,11990000,0,11990000,40000,131930000
DH2024009868,KH00001,SP021,3,350000,0,89000,18000,999000
DH2024000504,KH00001,SP011,2,3990000,0,718000,35000,7935000
DH2024002721,KH00004,SP013,1,990000,0,99000,45000,1134000
DH2024002925,KH01299,SP003,1,19990000,0,1799000,30000,19820000
DH2024004320,KH00009,SP022,3,190000,0,46000,22000,524000
DH2024005013,KH00149,SP013,1,990000,0,99000,40000,1129000
DH2024007195,KH00003,SP017,1,3290000,0,290000,25000,3210000
DH2024007673,KH00006,SP021,1,350000,0,32000,28000,385000
DH2024007807,KH00006,SP024,2,5490000,0,878000,28000,9690000
DH2024009290,KH01362,SP012,3,1590000,0,453000,18000,5003000
DH2024002401,KH00013,SP018,1,390000,0,39000,35000,464000
DH2024006555,KH00008,SP017,3,3290000,0,987000,30000,10887000
DH2024009839,KH00029,SP026,1,990000,0,84000,40000,966000
DH2025000572,KH00001,SP017,1,3290000,0,263000,30000,2925000
DH2025004811,KH00078,SP025,1,4290000,0,429000,18000,4737000
DH2025006014,KH00003,SP022,1,190000,0,17000,28000,216000
DH2025006967,KH00003,SP003,6,19990000,0,11154000,35000,122733000
DH2025007257,KH00001,SP025,2,4290000,0,858000,30000,9468000
DH2025008733,KH00858,SP015,2,7990000,0,1518000,40000,16739000
DH2025009656,KH00002,SP012,5,1590000,0,739000,40000,8173000
DH2025001491,KH00001,SP023,1,5990000,0,557000,18000,6146000
DH2025007541,KH00005,SP020,2,1190000,0,209000,35000,2338000
DH2025007774,KH00052,SP006,1,7990000,0,719000,18000,7928000
DH2025009390,KH00011,SP015,2,7990000,0,1598000,28000,17606000
DH2025000796,KH00025,SP022,1,190000,0,15000,40000,207000
DH2025001649,KH00001,SP013,3,990000,0,297000,22000,3289000
DH2025001979,KH00010,SP016,2,11990000,0,2278000,22000,25081000
DH2025006731,KH00071,SP010,5,12990000,0,5521000,45000,60774000
DH2025007783,KH00004,SP004,1,16990000,0,1648000,45000,18173000
DH2025009449,KH00472,SP012,1,1590000,0,154000,28000,1724000
DH2025006266,KH00004,SP015,1,7990000,0,775000,30000,8555000
DH2025007312,KH00026,SP023,1,5990000,0,557000,28000,6156000
DH2025008409,KH00017,SP007,1,23990000,0,2111000,45000,23267000
DH2025001229,KH00005,SP021,1,350000,0,33000,45000,410000
DH2025002267,KH00016,SP012,3,1590000,0,405000,28000,4487000
DH2025002366,KH00001,SP023,1,5990000,0,479000,28000,5299000
DH2025002550,KH00195,SP017,2,3290000,0,625000,28000,6904000
DH2025006948,KH00001,SP015,1,7990000,0,719000,40000,7950000
DH2025003486,KH00101,SP018,1,390000,0,31000,18000,361000
DH2025005722,KH00545,SP005,1,4990000,0,499000,45000,5534000
DH2025005919,KH00007,SP021,1,350000,0,32000,45000,392000
DH2025007671,KH00019,SP008,1,13990000,0,1301000,18000,14330000
DH2025003518,KH00002,SP016,2,11990000,0,2326000,45000,25632000
DH2025003777,KH01074,SP006,1,7990000,0,703000,35000,7769000
DH2025004400,KH00024,SP006,4,7990000,0,2557000,30000,28155000
DH2025003775,KH00088,SP022,1,190000,0,18000,28000,230000
DH2025007201,KH00001,SP015,1,7990000,0,759000,40000,8389000
DH2025005428,KH00041,SP020,4,1190000,0,443000,28000,4898000
DH2025001881,KH00001,SP025,1,4290000,0,429000,22000,4741000
DH2025002348,KH00002,SP010,2,12990000,0,2598000,40000,28618000
DH2025006303,KH00002,SP007,1,23990000,0,1919000,28000,21139000
DH2025007268,KH00004,SP003,3,19990000,0,5997000,22000,65989000
DH2025007735,KH00285,SP007,1,23990000,0,2159000,45000,23795000
DH2025000982,KH00001,SP017,1,3290000,0,329000,22000,3641000
DH2025001548,KH00003,SP004,2,16990000,0,2990000,18000,32910000
DH2025005442,KH00312,SP017,2,3290000,0,612000,18000,6749000
DH2025005615,KH00008,SP015,1,7990000,0,719000,40000,7950000
DH2025006915,KH00001,SP006,1,7990000,0,799000,28000,8817000
DH2025001115,KH00002,SP014,1,1190000,0,119000,30000,1339000
DH2025003112,KH00003,SP025,3,4290000,0,1287000,45000,14202000
DH2025000790,KH00001,SP011,2,3990000,0,742000,25000,8188000
DH2025001021,KH00510,SP016,1,11990000,0,1163000,40000,12833000
DH2025002384,KH00156,SP025,3,4290000,0,1094000,25000,12059000
DH2025002826,KH00001,SP012,2,1590000,0,254000,45000,2843000
DH2025005149,KH00006,SP017,6,3290000,0,1974000,18000,21732000
DH2025006417,KH00034,SP004,1,16990000,0,1580000,22000,17403000
DH2025006534,KH01098,SP002,1,18990000,0,1804000,25000,19869000
DH2025007465,KH00003,SP023,2,5990000,0,1078000,22000,11882000
DH2025003397,KH01190,SP005,8,4990000,0,3992000,30000,43942000
DH2025005776,KH00002,SP020,1,1190000,0,113000,35000,1278000
DH2025006431,KH00007,SP017,5,3290000,0,1398000,40000,15420000
DH2025006668,KH00457,SP003,3,19990000,0,5277000,45000,58096000
DH2025008836,KH00094,SP004,5,16990000,0,8495000,45000,93490000
DH2025001510,KH00002,SP007,6,23990000,0,12955000,22000,142523000
DH2025002616,KH00080,SP022,1,190000,0,15000,45000,212000
DH2025008548,KH00299,SP010,3,12990000,0,3118000,45000,34339000
DH2025009093,KH00150,SP019,1,690000,0,69000,28000,787000
DH2025000676,KH00026,SP008,8,13990000,0,10073000,35000,110836000
DH2025002143,KH00001,SP019,1,690000,0,69000,40000,799000
DH2025002423,KH00186,SP011,1,3990000,0,359000,30000,3980000
DH2025007191,KH00001,SP019,1,690000,0,59000,18000,663000
DH2025004625,KH00017,SP020,4,1190000,0,419000,45000,4653000
DH2025005887,KH00001,SP001,1,4590000,0,427000,35000,4731000
DH2025006045,KH00001,SP008,2,13990000,0,2378000,18000,26179000
DH2025007936,KH00037,SP014,1,1190000,0,107000,18000,1196000
DH2025003309,KH00491,SP002,1,18990000,0,1804000,28000,19872000
DH2025007521,KH00001,SP003,2,19990000,0,3998000,35000,44013000
DH2025000830,KH00009,SP012,1,1590000,0,140000,35000,1574000
DH2025001081,KH00001,SP010,2,12990000,0,2078000,45000,22907000
DH2025003495,KH00021,SP017,2,3290000,0,658000,35000,7273000
DH2025004773,KH00001,SP015,1,7990000,0,799000,30000,8819000
DH2025000084,KH00001,SP021,1,350000,0,28000,35000,343000
DH2025002912,KH00005,SP022,1,190000,0,17000,35000,223000
DH2025003688,KH00034,SP007,1,23990000,0,2159000,35000,23785000
DH2025008069,KH00040,SP012,2,1590000,0,318000,30000,3528000
DH2025009898,KH00002,SP011,3,3990000,0,1017000,45000,11236000
DH2025006209,KH00176,SP003,4,19990000,0,6397000,35000,70400000
DH2025006875,KH00087,SP002,5,18990000,0,7596000,35000,83591000
DH2025008667,KH00011,SP017,1,3290000,0,329000,22000,3641000
DH2025002528,KH00007,SP006,2,7990000,0,1598000,40000,17618000
DH2025003826,KH00027,SP007,1,23990000,0,2231000,30000,24572000
DH2025009020,KH00001,SP010,1,12990000,0,1299000,22000,14311000
DH2025000561,KH00001,SP019,3,690000,0,176000,28000,1964000
DH2025005818,KH00083,SP019,1,690000,0,69000,22000,781000
DH2025006407,KH00412,SP009,3,15990000,0,4221000,22000,46457000
DH2025006996,KH00002,SP015,2,7990000,0,1598000,25000,17603000
DH2025007551,KH00051,SP009,1,15990000,0,1599000,30000,17619000
DH2025008823,KH00001,SP017,1,3290000,0,280000,30000,3106000
DH2025009712,KH00002,SP023,1,5990000,0,599000,28000,6617000
DH2025001358,KH02413,SP022,4,190000,0,65000,40000,751000
DH2025001971,KH00014,SP010,3,12990000,0,3897000,28000,42895000
DH2025004965,KH00972,SP026,1,990000,0,84000,18000,944000
DH2025007772,KH00668,SP012,1,1590000,0,159000,35000,1784000
DH2025008596,KH00001,SP023,3,5990000,0,1671000,35000,18418000
DH2025000499,KH00001,SP018,1,390000,0,34000,40000,417000
DH2025003045,KH00587,SP005,1,4990000,0,399000,22000,4413000
DH2025008204,KH00005,SP010,3,12990000,0,3312000,18000,36454000
DH2025002729,KH00100,SP007,2,23990000,0,4078000,28000,44889000
DH2025008762,KH00520,SP014,2,1190000,0,238000,28000,2646000
DH2025002199,KH01004,SP016,2,11990000,0,2158000,28000,23768000
DH2025005061,KH00134,SP012,1,1590000,0,135000,18000,1505000
DH2025008075,KH00003,SP013,1,990000,0,99000,30000,1119000
DH2025008686,KH00001,SP005,1,4990000,0,474000,35000,5249000
DH2025000265,KH00191,SP004,4,16990000,0,6116000,25000,67305000
DH2025000587,KH00001,SP019,4,690000,0,235000,45000,2626000
DH2025005504,KH00005,SP017,1,3290000,0,329000,30000,3649000
DH2025007732,KH00016,SP026,2,990000,0,188000,45000,2114000
DH2025000223,KH01181,SP019,1,690000,0,64000,35000,741000
DH2025000787,KH00001,SP023,3,5990000,0,1743000,30000,19204000
DH2025003603,KH00016,SP022,4,190000,0,74000,35000,846000
DH2025008818,KH00001,SP015,1,7990000,0,703000,28000,7762000
DH2025008896,KH00009,SP015,2,7990000,0,1486000,35000,16382000
DH2025009091,KH00006,SP002,3,18990000,0,5697000,18000,62685000
DH2025009776,KH00001,SP010,3,12990000,0,3702000,45000,40769000
DH2025005048,KH00003,SP020,2,1190000,0,190000,18000,2112000
DH2025005159,KH00390,SP026,1,990000,0,84000,30000,956000
DH2025009327,KH00001,SP021,1,350000,0,34000,45000,419000
DH2025001768,KH00002,SP026,1,990000,0,99000,28000,1117000
DH2025003374,KH00008,SP013,1,990000,0,99000,40000,1129000
DH2025004796,KH00001,SP005,3,4990000,0,1422000,18000,15662000
DH2025005158,KH00515,SP010,2,12990000,0,2208000,30000,24321000
DH2025005791,KH00047,SP001,2,4590000,0,854000,35000,9426000
DH2025004935,KH00002,SP015,1,7990000,0,775000,30000,8555000
DH2025006611,KH00001,SP024,8,5490000,0,3953000,45000,43526000
DH2025009310,KH00001,SP018,2,390000,0,78000,30000,888000
DH2025009682,KH00091,SP009,1,15990000,0,1439000,30000,15860000
DH2025003066,KH00011,SP025,1,4290000,0,408000,22000,4506000
DH2025003543,KH00006,SP024,8,5490000,0,3953000,18000,43499000
DH2025003574,KH00477,SP026,1,990000,0,99000,22000,1111000
DH2025006097,KH00178,SP003,1,19990000,0,1799000,18000,19808000
DH2025006644,KH00001,SP011,1,3990000,0,339000,40000,3771000
DH2025008315,KH00123,SP023,1,5990000,0,527000,40000,5838000
DH2025001786,KH00032,SP023,2,5990000,0,1114000,40000,12295000
DH2025002823,KH00002,SP007,2,23990000,0,4318000,35000,47535000
DH2025003844,KH00003,SP016,1,11990000,0,1055000,45000,11651000
DH2025008216,KH00063,SP016,2,11990000,0,2326000,30000,25617000
DH2025008699,KH00002,SP013,2,990000,0,178000,35000,1995000
DH2025001318,KH01290,SP022,1,190000,0,18000,28000,223000
DH2025001905,KH00002,SP001,3,4590000,0,1281000,45000,14132000
DH2025002539,KH00019,SP020,2,1190000,0,202000,40000,2265000
DH2025003391,KH00035,SP006,1,7990000,0,639000,18000,7049000
DH2025005389,KH00001,SP005,2,4990000,0,948000,40000,10469000
DH2025008827,KH00001,SP013,2,990000,0,168000,18000,1869000
DH2025009602,KH00020,SP012,1,1590000,0,140000,30000,1569000
DH2025004649,KH00004,SP023,1,5990000,0,599000,45000,6634000
DH2025007745,KH00020,SP022,4,190000,0,67000,35000,771000
DH2025000161,KH00009,SP018,1,390000,0,37000,18000,425000
DH2025002471,KH00001,SP006,1,7990000,0,775000,35000,8560000
DH2025005247,KH00012,SP013,1,990000,0,84000,40000,966000
DH2025006939,KH00002,SP024,2,5490000,0,933000,25000,10291000
DH2025008258,KH00001,SP016,2,11990000,0,2398000,45000,26423000
DH2025008586,KH00018,SP024,2,5490000,0,878000,30000,9692000
DH2025009973,KH00002,SP013,1,990000,0,96000,25000,1081000
DH2025000692,KH00002,SP015,3,7990000,0,2109000,40000,23243000
DH2025000778,KH00004,SP024,5,5490000,0,2470000,30000,27205000
DH2025005788,KH00156,SP020,1,1190000,0,119000,40000,1349000
DH2025009581,KH00033,SP017,4,3290000,0,1053000,28000,11609000
DH2025009854,KH00007,SP016,2,11990000,0,1918000,22000,21124000
DH2025000549,KH00027,SP015,1,7990000,0,799000,30000,8819000
DH2025002402,KH00001,SP016,3,11990000,0,3345000,45000,36842000
DH2025002512,KH00001,SP014,2,1190000,0,209000,22000,2325000
DH2025002592,KH00020,SP016,1,11990000,0,1199000,35000,13224000
DH2025004552,KH00001,SP024,4,5490000,0,2196000,28000,24184000
DH2025007251,KH00001,SP015,1,7990000,0,799000,30000,8819000
DH2025001029,KH00222,SP003,3,19990000,0,5997000,40000,66007000
DH2025002867,KH00018,SP015,6,7990000,0,4794000,35000,52769000
DH2025003823,KH00001,SP007,1,23990000,0,2327000,45000,25642000
DH2025000848,KH00002,SP002,1,18990000,0,1899000,45000,20934000
DH2025002165,KH00670,SP025,1,4290000,0,378000,28000,4181000
DH2025002362,KH00001,SP019,1,690000,0,67000,45000,781000
DH2025005099,KH00002,SP020,3,1190000,0,286000,25000,3167000
DH2025001182,KH00005,SP003,1,19990000,0,1599000,22000,17613000
DH2025004975,KH00124,SP009,4,15990000,0,5117000,45000,56330000
DH2025008943,KH00008,SP014,1,1190000,0,105000,18000,1170000
DH2025009759,KH00402,SP003,2,19990000,0,3998000,40000,44018000
DH2025000695,KH00038,SP012,1,1590000,0,159000,30000,1779000
DH2025000913,KH00124,SP019,1,690000,0,59000,45000,690000
DH2025003615,KH02196,SP004,1,16990000,0,1699000,22000,18711000
DH2025004275,KH00002,SP010,4,12990000,0,5040000,22000,55463000
DH2025004760,KH00001,SP026,1,990000,0,96000,35000,1091000
DH2025000841,KH00001,SP018,1,390000,0,38000,22000,438000
DH2025002231,KH00003,SP023,5,5990000,0,2696000,30000,29681000
DH2025007770,KH00001,SP016,3,11990000,0,3345000,25000,36822000
DH2025007911,KH00001,SP004,1,16990000,0,1699000,25000,18714000
DH2025008278,KH00021,SP024,2,5490000,0,1065000,25000,11741000
DH2025008815,KH01089,SP007,1,23990000,0,2399000,30000,26419000
DH2025008822,KH01026,SP024,2,5490000,0,1043000,45000,11519000
DH2025005706,KH00005,SP022,2,190000,0,35000,40000,428000
DH2025009819,KH00047,SP005,2,4990000,0,928000,40000,10249000
DH2025002836,KH00008,SP017,5,3290000,0,1316000,28000,14504000
DH2025004139,KH00001,SP009,1,15990000,0,1487000,28000,16386000
DH2025006921,KH00002,SP016,2,11990000,0,2230000,40000,24571000
DH2025007047,KH00001,SP021,2,350000,0,62000,25000,703000
DH2025007395,KH00004,SP023,1,5990000,0,527000,30000,5828000
DH2025008642,KH00001,SP010,1,12990000,0,1208000,40000,13329000
DH2025002039,KH00054,SP018,1,390000,0,39000,45000,474000
DH2025005217,KH00004,SP026,4,990000,0,396000,45000,4401000
DH2025002405,KH00003,SP014,2,1190000,0,238000,28000,2646000
DH2025004152,KH00012,SP010,1,12990000,0,1169000,18000,12878000
DH2025004873,KH00053,SP009,5,15990000,0,7036000,22000,77414000
DH2025005015,KH00001,SP007,3,23990000,0,7197000,30000,79197000
DH2025005800,KH00001,SP021,2,350000,0,60000,30000,685000
DH2025002346,KH00002,SP019,2,690000,0,128000,45000,1456000
DH2025003801,KH02565,SP005,2,4990000,0,928000,22000,10231000
DH2025005910,KH02153,SP025,1,4290000,0,378000,22000,4175000
DH2025009276,KH00123,SP019,1,690000,0,67000,28000,764000
DH2025009703,KH00018,SP002,2,18990000,0,3418000,45000,37645000
DH2025009845,KH00279,SP025,1,4290000,0,416000,40000,4617000
DH2025000477,KH00001,SP023,1,5990000,0,581000,22000,6413000
DH2025000564,KH00002,SP004,1,16990000,0,1580000,28000,17409000
DH2025000665,KH00001,SP014,1,1190000,0,119000,28000,1337000
DH2025005602,KH00037,SP022,1,190000,0,19000,25000,234000
DH2025007768,KH00059,SP015,1,7990000,0,679000,40000,7511000
DH2025009360,KH00004,SP016,3,11990000,0,2878000,30000,31684000
DH2025001218,KH00009,SP024,1,5490000,0,549000,18000,6057000
DH2025002908,KH00011,SP017,2,3290000,0,559000,28000,6180000
DH2025003974,KH00016,SP016,3,11990000,0,3489000,22000,38402000
DH2025004408,KH00001,SP025,1,4290000,0,429000,45000,4764000
DH2025004582,KH00031,SP004,3,16990000,0,4944000,28000,54413000
DH2025006067,KH00001,SP007,8,23990000,0,18616000,22000,204800000
DH2025000232,KH00001,SP001,1,4590000,0,390000,22000,4314000
DH2025007652,KH00001,SP011,2,3990000,0,798000,35000,8813000
DH2025007799,KH00020,SP003,4,19990000,0,6797000,18000,74781000
DH2025009370,KH00001,SP025,3,4290000,0,1248000,30000,13762000
DH2025002070,KH00001,SP001,1,4590000,0,413000,35000,4579000
DH2025005136,KH00031,SP009,2,15990000,0,3198000,18000,35196000
DH2025000807,KH00001,SP026,5,990000,0,396000,30000,4386000
DH2025000993,KH00136,SP006,3,7990000,0,2277000,40000,25089000
DH2025007510,KH00001,SP001,1,4590000,0,404000,30000,4473000
DH2025009881,KH00003,SP003,3,19990000,0,5997000,22000,65989000
DH2025000300,KH00922,SP007,1,23990000,0,2231000,45000,24587000
DH2025002740,KH00001,SP023,2,5990000,0,1198000,22000,13200000
DH2025003137,KH00001,SP007,1,23990000,0,2231000,45000,24587000
DH2025007086,KH00049,SP026,4,990000,0,396000,45000,4401000
DH2025003834,KH00284,SP019,2,690000,0,134000,28000,1501000
DH2025004248,KH01262,SP004,3,16990000,0,5097000,30000,56097000
DH2025006061,KH00026,SP013,3,990000,0,297000,40000,3307000
DH2025007069,KH00003,SP025,2,4290000,0,858000,28000,9466000
DH2025007450,KH00004,SP007,1,23990000,0,2399000,45000,26434000
DH2025002295,KH00012,SP009,4,15990000,0,5117000,35000,56320000
DH2025008810,KH00005,SP006,6,7990000,0,4315000,22000,47483000
DH2025004641,KH00001,SP001,2,4590000,0,918000,22000,10120000
DH2025008029,KH00001,SP011,1,3990000,0,387000,25000,4282000
DH2025008041,KH00031,SP021,1,350000,0,31000,25000,364000
DH2025009222,KH02543,SP005,1,4990000,0,499000,18000,5507000
DH2025002024,KH01521,SP006,2,7990000,0,1518000,28000,16727000
DH2025003246,KH00002,SP015,3,7990000,0,2157000,45000,23775000
DH2025006546,KH00090,SP011,1,3990000,0,351000,28000,3890000
DH2025007326,KH00004,SP005,1,4990000,0,474000,45000,5259000
DH2025009890,KH00100,SP010,1,12990000,0,1208000,22000,13311000
DH2025003061,KH00239,SP018,2,390000,0,78000,30000,888000
DH2025007669,KH00002,SP020,1,1190000,0,95000,25000,1072000
DH2025002472,KH00001,SP023,4,5990000,0,2156000,35000,23755000
DH2025004880,KH00018,SP008,3,13990000,0,4197000,28000,46195000
DH2025000642,KH00031,SP022,1,190000,0,17000,28000,216000
DH2025002979,KH00001,SP024,4,5490000,0,1976000,25000,21765000
DH2025003357,KH00001,SP017,1,3290000,0,313000,22000,3461000
DH2025003413,KH00015,SP026,2,990000,0,174000,25000,1941000
DH2025004143,KH00047,SP003,1,19990000,0,1599000,30000,17621000
DH2025006689,KH00001,SP024,1,5490000,0,494000,35000,5470000
DH2025007697,KH00006,SP018,1,390000,0,37000,18000,425000
DH2025008314,KH00009,SP005,2,4990000,0,998000,18000,10996000
DH2025009751,KH00001,SP001,1,4590000,0,445000,35000,4932000
DH2025001100,KH00372,SP021,1,350000,0,30000,18000,346000
DH2025006894,KH00003,SP024,1,5490000,0,483000,25000,5339000
DH2025007584,KH00002,SP007,2,23990000,0,4654000,30000,51225000
DH2025000291,KH00016,SP017,1,3290000,0,329000,40000,3659000
DH2025000926,KH00013,SP011,1,3990000,0,387000,25000,4282000
DH2025001636,KH00010,SP018,4,390000,0,140000,28000,1572000
DH2025002136,KH01011,SP007,1,23990000,0,2039000,22000,22453000
DH2025000884,KH00001,SP015,1,7990000,0,799000,35000,8824000
DH2025001276,KH00001,SP012,3,1590000,0,382000,45000,4243000
DH2025007184,KH00261,SP018,3,390000,0,109000,35000,1232000
DH2025000187,KH00004,SP011,4,3990000,0,1596000,25000,17581000
DH2025006795,KH00014,SP017,1,3290000,0,306000,35000,3401000
DH2025000432,KH01380,SP009,1,15990000,0,1279000,40000,14111000
DH2025002816,KH00037,SP020,2,1190000,0,221000,45000,2479000
DH2025006183,KH00461,SP016,2,11990000,0,2398000,40000,26418000
DH2025001675,KH00086,SP022,1,190000,0,19000,30000,239000
DH2025004388,KH00032,SP017,1,3290000,0,306000,40000,3406000
DH2025005965,KH00239,SP023,3,5990000,0,1797000,45000,19812000
DH2025006794,KH00001,SP004,1,16990000,0,1580000,22000,17403000
DH2025002691,KH00001,SP023,2,5990000,0,1198000,30000,13208000
DH2025003355,KH00060,SP016,1,11990000,0,1163000,25000,12818000
DH2025003636,KH00398,SP021,2,350000,0,66000,22000,753000
DH2025005227,KH00001,SP012,3,1590000,0,429000,35000,4757000
DH2025006922,KH00678,SP011,1,3990000,0,359000,18000,3968000
DH2025001977,KH00008,SP026,1,990000,0,79000,22000,893000
DH2025002036,KH01445,SP004,3,16990000,0,4485000,30000,49369000
DH2025003129,KH00045,SP017,1,3290000,0,329000,22000,3641000
DH2025004678,KH00032,SP024,2,5490000,0,988000,35000,10905000
DH2025000128,KH00043,SP006,2,7990000,0,1486000,18000,16365000
DH2025000661,KH00001,SP012,2,1590000,0,318000,40000,3538000
DH2025003382,KH00001,SP020,1,1190000,0,107000,28000,1206000
DH2025003754,KH00042,SP015,1,7990000,0,703000,30000,7764000
DH2025004363,KH00032,SP017,1,3290000,0,290000,35000,3220000
DH2025009198,KH00977,SP005,2,4990000,0,998000,45000,11023000
DH2025009715,KH00004,SP002,8,18990000,0,13369000,18000,147077000
DH2025000513,KH00001,SP004,2,16990000,0,2888000,22000,31793000
DH2025001764,KH00008,SP010,1,12990000,0,1299000,30000,14319000
DH2025003488,KH00011,SP010,2,12990000,0,2416000,30000,26607000
DH2025008418,KH00002,SP005,10,4990000,0,4990000,22000,54912000
DH2025000792,KH01053,SP009,5,15990000,0,7755000,45000,85352000
DH2025001864,KH00001,SP020,6,1190000,0,678000,25000,7486000
DH2025002767,KH00075,SP007,2,23990000,0,4798000,35000,52813000
DH2025002883,KH00029,SP024,1,5490000,0,439000,18000,4849000
DH2025005089,KH00002,SP001,2,4590000,0,826000,30000,9118000
DH2025005238,KH00001,SP018,4,390000,0,151000,18000,1682000
DH2025005422,KH00008,SP026,1,990000,0,99000,45000,1134000
DH2025006432,KH00001,SP018,1,390000,0,35000,18000,404000
DH2025007897,KH00033,SP001,3,4590000,0,1377000,30000,15177000
DH2025002961,KH00001,SP021,2,350000,0,66000,40000,771000
DH2025005209,KH00039,SP026,1,990000,0,99000,22000,1111000
DH2025005325,KH00008,SP025,4,4290000,0,1596000,18000,17573000
DH2025007183,KH00002,SP003,1,19990000,0,1939000,28000,21357000
DH2025007978,KH00008,SP023,2,5990000,0,1114000,35000,12290000
DH2025008306,KH00002,SP026,1,990000,0,89000,28000,1008000
DH2025002011,KH00082,SP008,2,13990000,0,2798000,18000,30796000
DH2025002400,KH00140,SP020,1,1190000,0,101000,45000,1158000
DH2025003743,KH00001,SP019,1,690000,0,69000,40000,799000
DH2025006493,KH00004,SP015,4,7990000,0,3100000,25000,34126000
DH2025008122,KH00010,SP011,4,3990000,0,1484000,30000,16357000
DH2025009678,KH00366,SP023,4,5990000,0,2108000,40000,23233000
DH2025001372,KH00227,SP014,4,1190000,0,476000,40000,5276000
DH2025001453,KH00037,SP020,1,1190000,0,101000,28000,1141000
DH2025003166,KH00001,SP024,1,5490000,0,494000,22000,5457000
DH2025005163,KH00619,SP007,1,23990000,0,2279000,40000,25109000
DH2025008636,KH00130,SP020,1,1190000,0,119000,25000,1334000
DH2025004119,KH00013,SP003,1,19990000,0,1759000,40000,19390000
DH2025006358,KH00021,SP012,1,1590000,0,135000,35000,1522000
DH2025000040,KH00001,SP018,3,390000,0,117000,18000,1305000
DH2025001838,KH00511,SP010,2,12990000,0,2078000,40000,22902000
DH2025002546,KH00003,SP014,1,1190000,0,119000,28000,1337000
DH2025002730,KH00001,SP024,1,5490000,0,522000,40000,5778000
DH2025001088,KH00011,SP005,3,4990000,0,1452000,30000,16003000
DH2025006125,KH00001,SP002,2,18990000,0,3798000,22000,41800000
DH2025006931,KH00001,SP023,4,5990000,0,2396000,28000,26384000
DH2025009145,KH00001,SP013,2,990000,0,158000,30000,1772000
DH2025000586,KH00001,SP019,1,690000,0,55000,40000,647000
DH2025003966,KH00832,SP012,1,1590000,0,159000,40000,1789000
DH2025004970,KH00002,SP025,2,4290000,0,729000,45000,8067000
DH2025003401,KH00008,SP003,1,19990000,0,1899000,18000,20907000
DH2025005679,KH00001,SP002,2,18990000,0,3684000,28000,40553000
DH2025007492,KH00131,SP010,1,12990000,0,1104000,22000,12168000
DH2025009284,KH00013,SP001,3,4590000,0,1377000,45000,15192000
DH2025009410,KH00003,SP007,3,23990000,0,7197000,25000,79192000
DH2025001553,KH00561,SP003,1,19990000,0,1939000,18000,21347000
DH2025001663,KH01283,SP022,1,190000,0,18000,30000,228000
DH2025005550,KH00001,SP017,2,3290000,0,526000,35000,5825000
DH2025002595,KH00203,SP010,5,12990000,0,6495000,18000,71463000
DH2025005445,KH00001,SP005,2,4990000,0,998000,30000,11008000
DH2025000876,KH00019,SP004,10,16990000,0,14951000,28000,164491000
DH2025002099,KH00003,SP016,1,11990000,0,1199000,22000,13211000
DH2025009209,KH00001,SP021,5,350000,0,175000,45000,1970000
DH2025009302,KH00020,SP007,3,23990000,0,6333000,22000,69689000
DH2025009361,KH00005,SP001,3,4590000,0,1308000,40000,14430000
DH2025004039,KH00003,SP002,1,18990000,0,1804000,40000,19884000
DH2025004771,KH00002,SP009,2,15990000,0,3038000,22000,33441000
DH2025008351,KH00006,SP024,2,5490000,0,966000,40000,10668000
DH2025008577,KH00002,SP026,1,990000,0,99000,25000,1114000
DH2025001258,KH00009,SP017,4,3290000,0,1316000,25000,14501000
DH2025001438,KH00001,SP017,1,3290000,0,306000,28000,3394000
DH2025003387,KH00002,SP013,8,990000,0,792000,40000,8752000
DH2025008207,KH00011,SP021,1,350000,0,35000,28000,413000
DH2025002963,KH00332,SP013,1,990000,0,96000,40000,1096000
DH2025004450,KH00032,SP022,1,190000,0,18000,40000,238000
DH2025006293,KH00006,SP008,2,13990000,0,2462000,45000,27129000
DH2025009032,KH00001,SP008,6,13990000,0,6715000,30000,73897000
DH2025009865,KH00345,SP005,4,4990000,0,1697000,35000,18698000
DH2025002385,KH00006,SP025,1,4290000,0,365000,18000,4029000
DH2025002674,KH00002,SP020,3,1190000,0,339000,35000,3766000
DH2025003490,KH00145,SP006,4,7990000,0,2557000,30000,28155000
DH2025004419,KH00004,SP009,8,15990000,0,10234000,40000,112610000
DH2025006139,KH00006,SP007,2,23990000,0,4798000,28000,52806000
DH2025009611,KH00617,SP024,3,5490000,0,1318000,18000,14512000
DH2025001794,KH00025,SP001,1,4590000,0,404000,25000,4468000
DH2025003515,KH00029,SP023,1,5990000,0,599000,22000,6611000
DH2025006614,KH00080,SP006,8,7990000,0,6072000,18000,66814000
DH2025007959,KH00875,SP001,2,4590000,0,780000,30000,8613000
DH2025008162,KH00001,SP017,5,3290000,0,1530000,22000,16850000
DH2025008485,KH00001,SP001,3,4590000,0,1170000,45000,12919000
DH2025009266,KH00002,SP004,4,16990000,0,6116000,35000,67315000
DH2025009375,KH00007,SP012,2,1590000,0,296000,18000,3271000
DH2025003493,KH00072,SP016,1,11990000,0,1199000,25000,13214000
DH2025004449,KH00001,SP025,1,4290000,0,365000,28000,4039000
DH2025005718,KH00006,SP013,2,990000,0,184000,22000,2047000
DH2025007284,KH00972,SP006,3,7990000,0,2397000,45000,26412000
DH2025003463,KH00001,SP010,1,12990000,0,1039000,45000,11476000
DH2025005174,KH00002,SP024,4,5490000,0,1932000,35000,21292000
DH2025006275,KH00012,SP015,1,7990000,0,799000,25000,8814000
DH2025008941,KH00002,SP007,1,23990000,0,2159000,30000,23780000
DH2025001475,KH00001,SP017,2,3290000,0,625000,22000,6898000
DH2025001917,KH00024,SP010,3,12990000,0,3897000,45000,42912000
DH2025001993,KH00026,SP016,1,11990000,0,1115000,18000,12284000
DH2025008624,KH00032,SP018,4,390000,0,156000,35000,1751000
DH2025005993,KH00002,SP004,2,16990000,0,3398000,30000,37408000
DH2025007076,KH00011,SP023,1,5990000,0,569000,22000,6281000
DH2025008210,KH00008,SP005,2,4990000,0,998000,40000,11018000
DH2025004803,KH00002,SP006,1,7990000,0,719000,28000,7938000
DH2025009328,KH01042,SP009,3,15990000,0,4797000,18000,52785000
DH2025000077,KH00001,SP003,1,19990000,0,1899000,18000,20907000
DH2025003868,KH00001,SP010,1,12990000,0,1260000,18000,13878000
DH2025005758,KH00937,SP022,1,190000,0,15000,35000,202000
DH2025007826,KH00001,SP022,3,190000,0,53000,45000,628000
DH2025008608,KH00240,SP007,1,23990000,0,2399000,22000,26411000
DH2025002246,KH00004,SP012,1,1590000,0,159000,45000,1794000
DH2025002639,KH00018,SP026,1,990000,0,87000,30000,988000
DH2025005233,KH00001,SP013,1,990000,0,84000,40000,966000
DH2025007232,KH00015,SP011,2,3990000,0,798000,40000,8818000
DH2025009925,KH00002,SP026,1,990000,0,99000,30000,1119000
DH2025005647,KH00261,SP018,1,390000,0,39000,35000,464000
DH2025000412,KH00054,SP013,4,990000,0,384000,40000,4265000
DH2025000441,KH00053,SP014,1,1190000,0,95000,30000,1077000
DH2025000711,KH00021,SP021,4,350000,0,136000,28000,1522000
DH2025003043,KH00001,SP009,1,15990000,0,1599000,22000,17611000
DH2025003796,KH00005,SP016,1,11990000,0,1163000,35000,12828000
DH2025004496,KH00022,SP007,2,23990000,0,4222000,30000,46474000
DH2025005513,KH00269,SP014,1,1190000,0,119000,45000,1354000
DH2025005874,KH00026,SP006,2,7990000,0,1278000,40000,14102000
DH2025008609,KH00008,SP017,2,3290000,0,658000,35000,7273000
DH2025009472,KH00018,SP025,1,4290000,0,429000,25000,4744000
DH2025009652,KH01254,SP012,2,1590000,0,280000,45000,3123000
DH2025001782,KH00001,SP020,1,1190000,0,119000,25000,1334000
DH2025004569,KH00001,SP024,4,5490000,0,1976000,28000,21768000
DH2025005643,KH00001,SP009,1,15990000,0,1359000,45000,14996000
DH2025005997,KH00006,SP025,3,4290000,0,1094000,25000,12059000
DH2025002272,KH00001,SP010,2,12990000,0,2598000,25000,28603000
DH2025004081,KH00001,SP018,4,390000,0,145000,45000,1641000
DH2025006283,KH00013,SP009,1,15990000,0,1359000,22000,14973000
DH2025007686,KH01933,SP003,5,19990000,0,7996000,22000,87978000
DH2025009578,KH00061,SP021,1,350000,0,33000,18000,383000
DH2025000305,KH00002,SP020,8,1190000,0,952000,22000,10494000
DH2025001806,KH00084,SP006,4,7990000,0,3196000,35000,35191000
DH2025002658,KH00002,SP016,1,11990000,0,959000,40000,10591000
DH2025004064,KH00002,SP010,3,12990000,0,3702000,40000,40764000
DH2025004994,KH00055,SP009,3,15990000,0,4797000,40000,52807000
DH2025007046,KH00002,SP003,4,19990000,0,7596000,30000,83588000
DH2025007052,KH00047,SP007,1,23990000,0,2231000,30000,24572000
DH2025009196,KH00001,SP005,2,4990000,0,798000,30000,8812000
DH2025009486,KH00026,SP020,2,1190000,0,221000,28000,2462000
DH2025000667,KH00105,SP014,2,1190000,0,214000,25000,2381000
DH2025005230,KH00160,SP006,2,7990000,0,1358000,45000,14986000
DH2025006185,KH00016,SP024,1,5490000,0,522000,18000,5756000
DH2025007569,KH00008,SP024,3,5490000,0,1647000,22000,18139000
DH2025009393,KH00005,SP020,1,1190000,0,119000,25000,1334000
DH2025000170,KH00063,SP007,3,23990000,0,6981000,22000,76814000
DH2025001411,KH00003,SP026,3,990000,0,267000,45000,2985000
DH2025003550,KH00001,SP003,1,19990000,0,1599000,25000,17616000
DH2025008045,KH00024,SP007,1,23990000,0,2231000,25000,24567000
DH2025009977,KH00001,SP026,2,990000,0,198000,35000,2213000
DH2025000204,KH00016,SP006,1,7990000,0,703000,35000,7769000
DH2025002758,KH00107,SP002,2,18990000,0,3532000,22000,38875000
DH2025007548,KH00009,SP010,1,12990000,0,1104000,22000,12168000
DH2025008141,KH00002,SP014,2,1190000,0,209000,35000,2338000
DH2025004425,KH00010,SP020,1,1190000,0,101000,22000,1135000
DH2025005231,KH00001,SP007,1,23990000,0,2111000,35000,23257000
DH2025005357,KH00007,SP003,1,19990000,0,1799000,40000,19830000
DH2025005883,KH00028,SP018,1,390000,0,37000,22000,429000
DH2025007051,KH00001,SP014,2,1190000,0,231000,40000,2580000
DH2025000861,KH00003,SP003,1,19990000,0,1939000,18000,21347000
DH2025006218,KH00002,SP018,2,390000,0,69000,25000,780000
DH2025009384,KH00001,SP012,3,1590000,0,463000,30000,5120000
DH2025001171,KH00001,SP005,1,4990000,0,449000,40000,4980000
DH2025001184,KH00003,SP010,2,12990000,0,2286000,28000,25176000
DH2025002135,KH01910,SP002,4,18990000,0,7368000,40000,81089000
DH2025002249,KH00008,SP006,4,7990000,0,3196000,22000,35178000
DH2025004867,KH00005,SP016,4,11990000,0,4460000,40000,49103000
DH2025006113,KH00001,SP026,1,990000,0,92000,35000,1048000
DH2025006834,KH00054,SP009,2,15990000,0,2558000,40000,28182000
DH2025004835,KH00380,SP001,4,4590000,0,1708000,28000,18811000
DH2025005350,KH00002,SP023,2,5990000,0,1198000,18000,13196000
DH2025000255,KH00012,SP009,8,15990000,0,11513000,28000,126669000
DH2025001274,KH00019,SP003,1,19990000,0,1899000,18000,20907000
DH2025001809,KH00001,SP003,2,19990000,0,3518000,18000,38718000
DH2025001914,KH00015,SP009,2,15990000,0,3198000,35000,35213000
DH2025002429,KH00001,SP015,2,7990000,0,1278000,35000,14097000
DH2025003945,KH00042,SP005,1,4990000,0,474000,35000,5249000
DH2025007615,KH00007,SP017,2,3290000,0,526000,30000,5820000
DH2025008647,KH00086,SP023,2,5990000,0,1114000,25000,12280000
DH2025000371,KH00049,SP004,2,16990000,0,3160000,35000,34796000
DH2025000959,KH00017,SP002,1,18990000,0,1842000,45000,20307000
DH2025003866,KH00035,SP003,6,19990000,0,11394000,18000,125355000
DH2025004808,KH02374,SP017,1,3290000,0,313000,28000,3467000
DH2025007822,KH00016,SP020,1,1190000,0,119000,35000,1344000
DH2025009160,KH00001,SP008,1,13990000,0,1119000,45000,12356000
DH2025009282,KH00006,SP025,5,4290000,0,1930000,22000,21257000
DH2025003987,KH00001,SP007,3,23990000,0,7197000,40000,79207000
DH2025004468,KH01362,SP006,4,7990000,0,2812000,30000,30967000
DH2025004736,KH00048,SP011,1,3990000,0,319000,18000,3529000
DH2025007703,KH00003,SP009,1,15990000,0,1551000,22000,17083000
DH2025008812,KH01486,SP006,1,7990000,0,759000,35000,8384000
DH2025000650,KH00008,SP024,1,5490000,0,494000,25000,5460000
DH2025002364,KH00001,SP002,1,18990000,0,1766000,18000,19445000
DH2025004179,KH00005,SP003,2,19990000,0,3718000,40000,40939000
DH2025004439,KH00007,SP006,2,7990000,0,1598000,22000,17600000
DH2025005164,KH00006,SP025,3,4290000,0,1287000,18000,14175000
DH2025005242,KH00024,SP011,1,3990000,0,387000,25000,4282000
DH2025009793,KH00007,SP007,1,23990000,0,2159000,25000,23775000
DH2025002262,KH00006,SP012,2,1590000,0,254000,40000,2838000
DH2025004092,KH00001,SP006,1,7990000,0,679000,18000,7489000
DH2025004499,KH00026,SP004,2,16990000,0,2718000,35000,29937000
DH2025007095,KH00001,SP026,1,990000,0,84000,22000,948000
DH2025009725,KH00068,SP004,1,16990000,0,1614000,30000,17784000
DH2025000224,KH01722,SP017,1,3290000,0,306000,35000,3401000
DH2025003007,KH00055,SP012,2,1590000,0,286000,40000,3188000
DH2025005538,KH00003,SP021,1,350000,0,35000,35000,420000
DH2025006022,KH00002,SP007,1,23990000,0,2159000,35000,23785000
DH2025009876,KH00002,SP003,1,19990000,0,1699000,25000,18716000
DH2025003940,KH00112,SP012,4,1590000,0,541000,25000,5972000
DH2025005782,KH00004,SP021,4,350000,0,140000,40000,1580000
DH2025009707,KH00001,SP004,1,16990000,0,1444000,25000,15911000
DH2025009828,KH00001,SP020,2,1190000,0,209000,28000,2331000
DH2025000271,KH00004,SP026,2,990000,0,198000,18000,2196000
DH2025004106,KH00003,SP008,1,13990000,0,1357000,18000,14945000
DH2025004662,KH00005,SP021,4,350000,0,112000,22000,1254000
DH2025007226,KH00133,SP022,1,190000,0,15000,28000,195000
DH2025000763,KH00001,SP001,2,4590000,0,734000,30000,8108000
DH2025001078,KH00320,SP019,1,690000,0,69000,18000,777000
DH2025002839,KH00003,SP007,1,23990000,0,2279000,18000,25087000
DH2025008252,KH00002,SP010,1,12990000,0,1039000,18000,11449000
DH2025003233,KH00001,SP011,1,3990000,0,359000,18000,3968000
DH2025004027,KH00001,SP026,3,990000,0,297000,30000,3297000
DH2025009479,KH02384,SP016,1,11990000,0,1079000,22000,11892000
DH2025009902,KH00083,SP006,1,7990000,0,799000,18000,8807000
DH2025002502,KH00011,SP020,2,1190000,0,226000,28000,2515000
DH2025004307,KH00001,SP025,2,4290000,0,755000,45000,8350000
DH2025006855,KH00001,SP013,3,990000,0,238000,28000,2642000
DH2025002893,KH00522,SP005,1,4990000,0,449000,40000,4980000
DH2025004257,KH00014,SP009,3,15990000,0,4557000,40000,50169000
DH2025005832,KH00015,SP016,3,11990000,0,3489000,35000,38415000
DH2025009719,KH00017,SP006,5,7990000,0,3995000,35000,43980000
DH2025000489,KH01697,SP012,1,1590000,0,159000,18000,1767000
DH2025006068,KH00728,SP005,2,4990000,0,998000,22000,11000000
DH2025007198,KH00001,SP001,1,4590000,0,459000,25000,5074000
DH2025007496,KH00009,SP021,2,350000,0,70000,30000,800000
DH2025008325,KH00001,SP022,1,190000,0,17000,22000,206000
DH2025009454,KH00056,SP006,1,7990000,0,799000,18000,8807000
DH2025002198,KH00004,SP004,2,16990000,0,3296000,30000,36287000
DH2025004562,KH00002,SP006,1,7990000,0,799000,18000,8807000
DH2025005353,KH00001,SP018,4,390000,0,156000,25000,1741000
DH2025009148,KH00002,SP018,2,390000,0,78000,40000,898000
DH2025001307,KH00001,SP003,1,19990000,0,1899000,45000,20934000
DH2025001335,KH00457,SP024,1,5490000,0,439000,28000,4859000
DH2025001374,KH00001,SP002,1,18990000,0,1842000,45000,20307000
DH2025001932,KH00001,SP026,4,990000,0,348000,40000,3873000
DH2025006106,KH00001,SP022,1,190000,0,17000,28000,212000
DH2025008057,KH02278,SP014,1,1190000,0,119000,18000,1327000
DH2025000860,KH00001,SP015,3,7990000,0,2109000,45000,23248000
DH2025003201,KH00001,SP020,1,1190000,0,119000,28000,1337000
DH2025004188,KH02482,SP020,2,1190000,0,202000,35000,2260000
DH2025004366,KH00001,SP010,1,12990000,0,1104000,18000,12164000
DH2025006744,KH00001,SP023,5,5990000,0,2845000,40000,31337000
DH2025005203,KH00175,SP020,1,1190000,0,119000,25000,1334000
DH2025000542,KH00095,SP022,3,190000,0,53000,25000,608000
DH2025001039,KH00002,SP008,5,13990000,0,6785000,45000,74682000
DH2025008806,KH00009,SP010,3,12990000,0,3312000,30000,36466000
DH2025002446,KH01329,SP010,2,12990000,0,2598000,18000,28596000
DH2025005783,KH01127,SP004,2,16990000,0,3296000,35000,36292000
DH2025009526,KH00002,SP025,2,4290000,0,858000,30000,9468000
DH2025000515,KH00011,SP008,3,13990000,0,4071000,45000,44827000
DH2025000737,KH00010,SP017,2,3290000,0,592000,28000,6542000
DH2025004370,KH00563,SP008,2,13990000,0,2238000,45000,24667000
DH2025002037,KH00430,SP018,2,390000,0,76000,25000,858000
DH2025002583,KH00001,SP012,1,1590000,0,135000,18000,1505000
DH2025005952,KH00546,SP013,2,990000,0,198000,30000,2208000
DH2025008478,KH00001,SP023,1,5990000,0,509000,30000,5631000
DH2025006456,KH00058,SP010,1,12990000,0,1234000,40000,13614000
DH2025007480,KH00269,SP024,3,5490000,0,1532000,30000,16879000
DH2025009349,KH00001,SP011,3,3990000,0,1077000,40000,11890000
DH2025009655,KH00025,SP012,1,1590000,0,140000,25000,1564000
DH2025006767,KH00006,SP018,1,390000,0,33000,35000,400000
DH2025008703,KH00004,SP019,5,690000,0,345000,45000,3840000
DH2025002234,KH00016,SP017,2,3290000,0,658000,40000,7278000
DH2025004494,KH00071,SP009,3,15990000,0,4797000,25000,52792000
DH2025005051,KH00001,SP007,3,23990000,0,5758000,28000,63362000
DH2025005243,KH00533,SP026,3,990000,0,297000,40000,3307000
DH2025006819,KH00143,SP013,1,990000,0,94000,28000,1062000
DH2025008052,KH00003,SP002,2,18990000,0,3684000,22000,40547000
DH2025009760,KH00008,SP005,4,4990000,0,1936000,30000,21327000
DH2025001589,KH00001,SP005,1,4990000,0,464000,18000,5123000
DH2025002399,KH00006,SP014,4,1190000,0,452000,22000,4996000
DH2025004593,KH00998,SP009,2,15990000,0,3038000,35000,33454000
DH2025004637,KH00014,SP025,1,4290000,0,343000,28000,3803000
DH2025008444,KH00414,SP006,6,7990000,0,4315000,30000,47491000
DH2025000152,KH00001,SP022,1,190000,0,18000,22000,217000
DH2025001534,KH00002,SP010,1,12990000,0,1260000,22000,13882000
DH2025002116,KH00007,SP004,1,16990000,0,1580000,28000,17409000
DH2025003123,KH00003,SP019,1,690000,0,66000,30000,752000
DH2025005766,KH00001,SP024,1,5490000,0,549000,45000,6084000
DH2025006140,KH00065,SP021,1,350000,0,35000,18000,403000
DH2025007906,KH00001,SP011,2,3990000,0,678000,35000,7496000
DH2025009532,KH00048,SP005,1,4990000,0,484000,22000,5346000
DH2025000601,KH00001,SP004,8,16990000,0,13592000,28000,149540000
DH2025005016,KH00002,SP023,1,5990000,0,581000,45000,6436000
DH2025006186,KH00001,SP025,1,4290000,0,416000,18000,4595000
DH2025008236,KH00002,SP004,3,16990000,0,4944000,35000,54420000
DH2025001819,KH00081,SP007,2,23990000,0,3838000,28000,42250000
DH2025000261,KH00001,SP016,2,11990000,0,2326000,30000,25617000
DH2025000286,KH00164,SP026,1,990000,0,84000,35000,961000
DH2025000621,KH00017,SP026,2,990000,0,168000,45000,1896000
DH2025000638,KH00002,SP023,1,5990000,0,599000,28000,6617000
DH2025004189,KH00003,SP001,1,4590000,0,459000,45000,5094000
DH2025009288,KH00002,SP007,2,23990000,0,4798000,22000,52800000
DH2025000132,KH00008,SP021,10,350000,0,332000,28000,3685000
DH2025001387,KH00001,SP014,6,1190000,0,571000,45000,6328000
DH2025008056,KH00006,SP010,1,12990000,0,1299000,45000,14334000
DH2025002452,KH00003,SP012,1,1590000,0,148000,35000,1662000
DH2025003523,KH00001,SP013,2,990000,0,178000,35000,1995000
DH2025006805,KH00001,SP016,4,11990000,0,4077000,18000,44861000
DH2025001048,KH00315,SP001,1,4590000,0,413000,28000,4572000
DH2025001070,KH00015,SP015,5,7990000,0,3995000,40000,43985000
DH2025007970,KH00783,SP020,3,1190000,0,357000,18000,3945000
DH2025008127,KH00071,SP014,1,1190000,0,107000,18000,1196000
DH2025001025,KH00005,SP007,1,23990000,0,2231000,45000,24587000
DH2025002291,KH00001,SP025,1,4290000,0,378000,28000,4181000
DH2025003806,KH00036,SP018,1,390000,0,38000,45000,461000
DH2025006149,KH00057,SP005,2,4990000,0,998000,45000,11023000
DH2025007795,KH00044,SP017,1,3290000,0,306000,18000,3384000
DH2025000701,KH00027,SP005,2,4990000,0,998000,35000,11013000
DH2025003835,KH00053,SP025,1,4290000,0,386000,45000,4292000
DH2025008006,KH00001,SP006,1,7990000,0,799000,35000,8824000
DH2025000332,KH00062,SP010,1,12990000,0,1234000,30000,13604000
DH2025001540,KH00014,SP010,2,12990000,0,2078000,35000,22897000
DH2025006341,KH00001,SP003,1,19990000,0,1999000,25000,22014000
DH2025007919,KH00013,SP017,1,3290000,0,263000,28000,2923000
DH2025008939,KH00002,SP003,3,19990000,0,5697000,28000,62697000
DH2025000967,KH00001,SP007,2,23990000,0,4798000,35000,52813000
DH2025002998,KH01632,SP026,2,990000,0,168000,35000,1886000
DH2025000547,KH00205,SP005,4,4990000,0,1756000,25000,19346000
DH2025002866,KH00004,SP016,3,11990000,0,3165000,30000,34849000
DH2025005999,KH00001,SP017,1,3290000,0,306000,45000,3411000
DH2025007600,KH00011,SP010,1,12990000,0,1260000,22000,13882000
DH2025000712,KH00267,SP015,2,7990000,0,1598000,22000,17600000
DH2025001893,KH00001,SP021,3,350000,0,92000,30000,1046000
DH2025002915,KH00014,SP024,1,5490000,0,467000,28000,5161000
DH2025000273,KH00001,SP001,4,4590000,0,1469000,25000,16182000
DH2025000349,KH00680,SP024,5,5490000,0,2470000,40000,27215000
DH2025001390,KH00475,SP011,1,3990000,0,371000,45000,4127000
DH2025001671,KH00092,SP007,1,23990000,0,1919000,35000,21146000
DH2025002743,KH00001,SP003,3,19990000,0,5397000,40000,59410000
DH2025008078,KH00002,SP014,5,1190000,0,476000,45000,5281000
DH2025008087,KH00001,SP025,2,4290000,0,858000,22000,9460000
DH2025000865,KH00073,SP016,3,11990000,0,3345000,35000,36832000
DH2025003692,KH00006,SP001,2,4590000,0,872000,18000,9611000
DH2025005329,KH00004,SP023,1,5990000,0,599000,30000,6619000
DH2025006161,KH00001,SP016,1,11990000,0,1163000,22000,12815000
DH2025007881,KH00002,SP026,1,990000,0,84000,18000,944000
DH2025008330,KH00023,SP012,2,1590000,0,270000,30000,3003000
DH2025009136,KH00030,SP017,1,3290000,0,329000,30000,3649000
DH2025009274,KH00001,SP025,1,4290000,0,416000,35000,4612000
DH2025009507,KH00007,SP004,2,16990000,0,2990000,22000,32914000
DH2025001822,KH00001,SP005,2,4990000,0,968000,30000,10679000
DH2025002442,KH00070,SP020,2,1190000,0,190000,40000,2134000
DH2025002680,KH00278,SP025,3,4290000,0,1223000,18000,13467000
DH2025003046,KH00001,SP025,1,4290000,0,408000,22000,4506000
DH2025003778,KH01810,SP006,2,7990000,0,1486000,25000,16372000
DH2025006580,KH00003,SP011,1,3990000,0,319000,30000,3541000
DH2025005408,KH00001,SP005,1,4990000,0,499000,22000,5511000
DH2025006719,KH00001,SP019,1,690000,0,67000,18000,754000
DH2025007891,KH00003,SP023,3,5990000,0,1797000,22000,19789000
DH2025009692,KH00013,SP002,2,18990000,0,3798000,35000,41813000
DH2025009783,KH00001,SP017,1,3290000,0,319000,18000,3528000
DH2025005280,KH00756,SP011,3,3990000,0,1197000,40000,13207000
DH2025005556,KH00011,SP014,4,1190000,0,419000,28000,4636000
DH2025009600,KH00001,SP001,3,4590000,0,1336000,35000,14728000
DH2025002501,KH00026,SP010,2,12990000,0,2598000,25000,28603000
DH2025003628,KH00030,SP026,2,990000,0,198000,35000,2213000
DH2025005678,KH00004,SP026,1,990000,0,89000,18000,998000
DH2025005694,KH00002,SP025,4,4290000,0,1716000,40000,18916000
DH2025006215,KH00001,SP005,2,4990000,0,878000,35000,9695000
DH2025008491,KH00001,SP009,1,15990000,0,1439000,22000,15852000
DH2025000882,KH00004,SP004,3,16990000,0,4587000,18000,50478000
DH2025008113,KH00005,SP017,2,3290000,0,526000,25000,5815000
DH2025008922,KH00002,SP024,1,5490000,0,549000,35000,6074000
DH2025001166,KH00026,SP005,2,4990000,0,928000,30000,10239000
DH2025005084,KH00002,SP015,1,7990000,0,799000,30000,8819000
DH2025005305,KH00001,SP006,2,7990000,0,1598000,45000,17623000
DH2025005506,KH00003,SP010,2,12990000,0,2286000,22000,25170000
DH2025007746,KH00074,SP009,6,15990000,0,9594000,35000,105569000
DH2025002849,KH00001,SP015,1,7990000,0,799000,25000,8814000
DH2025003411,KH00799,SP017,6,3290000,0,1974000,45000,21759000
DH2025004587,KH00001,SP014,3,1190000,0,346000,35000,3844000
DH2025006062,KH00005,SP002,2,18990000,0,3038000,45000,33467000
DH2025001887,KH00013,SP016,1,11990000,0,1019000,35000,11246000
DH2025006130,KH00005,SP009,4,15990000,0,6396000,22000,70378000
DH2025006260,KH00035,SP009,3,15990000,0,4797000,28000,52795000
DH2025007501,KH00019,SP026,1,990000,0,89000,40000,1020000
DH2025008335,KH00003,SP017,2,3290000,0,592000,30000,6544000
DH2025003665,KH00710,SP026,2,990000,0,198000,22000,2200000
DH2025006903,KH00001,SP010,4,12990000,0,4157000,22000,45747000
DH2025000299,KH00164,SP012,1,1590000,0,159000,22000,1771000
DH2025008142,KH00009,SP026,2,990000,0,174000,28000,1944000
DH2025001712,KH00026,SP012,1,1590000,0,127000,45000,1444000
DH2025003326,KH00001,SP010,1,12990000,0,1234000,18000,13592000
DH2025003904,KH00020,SP022,4,190000,0,74000,28000,839000
DH2025008973,KH00003,SP007,4,23990000,0,9308000,22000,102411000
DH2025000868,KH02214,SP001,1,4590000,0,459000,35000,5084000
DH2025001111,KH00019,SP019,2,690000,0,110000,18000,1232000
DH2025003057,KH00001,SP022,10,190000,0,184000,35000,2062000
DH2025005979,KH00106,SP014,1,1190000,0,95000,45000,1092000
DH2025009076,KH00002,SP013,1,990000,0,87000,18000,976000
DH2025009137,KH00001,SP013,8,990000,0,737000,25000,8128000
DH2025002000,KH00009,SP002,1,18990000,0,1899000,18000,20907000
DH2025006862,KH00480,SP014,2,1190000,0,190000,28000,2122000
DH2025008322,KH00149,SP016,1,11990000,0,959000,18000,10569000
DH2025003700,KH00006,SP001,4,4590000,0,1836000,22000,20218000
DH2025009067,KH00001,SP019,2,690000,0,124000,18000,1384000
DH2025004906,KH00003,SP026,3,990000,0,238000,28000,2642000
DH2025006886,KH00108,SP002,1,18990000,0,1519000,40000,16751000
DH2025000527,KH00003,SP017,2,3290000,0,658000,28000,7266000
DH2025001013,KH00002,SP007,2,23990000,0,4558000,35000,50174000
DH2025007111,KH00010,SP012,1,1590000,0,159000,45000,1794000
DH2025007976,KH00025,SP019,6,690000,0,402000,35000,4453000
DH2025001005,KH00001,SP008,2,13990000,0,2378000,25000,26186000
DH2025001928,KH00001,SP008,1,13990000,0,1259000,40000,13890000
DH2025006750,KH00232,SP014,1,1190000,0,101000,25000,1138000
DH2025000025,KH00006,SP015,2,7990000,0,1358000,45000,14986000
DH2025002341,KH00001,SP008,2,13990000,0,2798000,25000,30803000
DH2025002950,KH00107,SP026,10,990000,0,990000,25000,10915000
DH2025003897,KH00002,SP010,1,12990000,0,1299000,28000,14317000
DH2025004954,KH00002,SP001,2,4590000,0,918000,22000,10120000
DH2025007556,KH00017,SP020,3,1190000,0,303000,25000,3362000
DH2025002202,KH00001,SP009,1,15990000,0,1551000,22000,17083000
DH2025005918,KH00001,SP007,1,23990000,0,2111000,35000,23257000
DH2025009094,KH00001,SP026,3,990000,0,288000,28000,3197000
DH2025000213,KH00002,SP004,3,16990000,0,5097000,18000,56085000
DH2025001086,KH00325,SP021,3,350000,0,100000,35000,1133000
DH2025001779,KH00001,SP005,2,4990000,0,878000,40000,9700000
DH2025003268,KH00002,SP017,1,3290000,0,329000,25000,3644000
DH2025003473,KH00001,SP002,1,18990000,0,1804000,30000,19874000
DH2025004888,KH00008,SP007,1,23990000,0,2399000,45000,26434000
DH2025006389,KH00007,SP013,1,990000,0,99000,25000,1114000
DH2025008856,KH00001,SP023,4,5990000,0,1917000,28000,21113000
DH2025000090,KH00006,SP011,2,3990000,0,702000,18000,7742000
DH2025001429,KH00010,SP026,4,990000,0,356000,30000,3950000
DH2025005935,KH00001,SP007,1,23990000,0,2399000,28000,26417000
DH2025006885,KH00044,SP015,3,7990000,0,2229000,28000,24549000
DH2025008934,KH00020,SP008,5,13990000,0,6785000,35000,74672000
DH2025000311,KH00135,SP020,2,1190000,0,214000,30000,2386000
DH2025008529,KH00001,SP001,2,4590000,0,826000,25000,9113000
DH2025009523,KH00001,SP020,8,1190000,0,838000,25000,9241000
DH2025007316,KH00003,SP025,2,4290000,0,858000,45000,9483000
DH2025008329,KH00008,SP025,1,4290000,0,399000,28000,4417000
DH2025008878,KH00002,SP003,1,19990000,0,1859000,18000,20468000
DH2025009049,KH00001,SP019,2,690000,0,131000,22000,1464000
DH2025001955,KH00001,SP024,4,5490000,0,1976000,40000,21780000
DH2025006660,KH00090,SP018,2,390000,0,70000,30000,802000
DH2025006667,KH00006,SP015,3,7990000,0,2397000,28000,26395000
DH2025007177,KH01270,SP016,3,11990000,0,2878000,25000,31679000
DH2025001456,KH00310,SP004,3,16990000,0,5097000,40000,56107000
DH2025003531,KH00036,SP004,5,16990000,0,8495000,40000,93485000
DH2025003855,KH00033,SP009,6,15990000,0,8635000,18000,94999000
DH2025004518,KH00001,SP005,2,4990000,0,968000,28000,10677000
DH2025006686,KH00031,SP025,1,4290000,0,416000,28000,4605000
DH2025009734,KH00050,SP002,1,18990000,0,1899000,22000,20911000
DH2025000519,KH00001,SP026,4,990000,0,396000,25000,4381000
DH2025002179,KH00001,SP018,3,390000,0,117000,45000,1332000
DH2025002865,KH00004,SP015,1,7990000,0,719000,40000,7950000
DH2025003569,KH00006,SP009,3,15990000,0,4797000,35000,52802000
DH2025004702,KH00001,SP001,1,4590000,0,413000,22000,4566000
DH2025009787,KH00006,SP008,2,13990000,0,2462000,25000,27109000
DH2025000203,KH00022,SP015,2,7990000,0,1598000,18000,17596000
DH2025000716,KH00015,SP020,3,1190000,0,357000,22000,3949000
DH2025005440,KH00036,SP003,3,19990000,0,5997000,30000,65997000
DH2025001891,KH00010,SP003,2,19990000,0,3598000,30000,39610000
DH2025003874,KH00001,SP013,1,990000,0,94000,22000,1056000
DH2025000978,KH00004,SP015,1,7990000,0,775000,30000,8555000
DH2025001406,KH00001,SP020,1,1190000,0,115000,30000,1299000
DH2025002470,KH00137,SP009,5,15990000,0,7595000,40000,83587000
DH2025007033,KH00001,SP008,1,13990000,0,1259000,22000,13872000
DH2025007677,KH00137,SP013,2,990000,0,174000,18000,1934000
DH2025009475,KH00001,SP004,2,16990000,0,3398000,25000,37403000
DH2025000095,KH00002,SP017,1,3290000,0,319000,22000,3532000
DH2025001389,KH00013,SP007,1,23990000,0,2159000,18000,23768000
DH2025006117,KH00005,SP012,3,1590000,0,420000,22000,4640000
DH2025006904,KH00004,SP010,1,12990000,0,1260000,28000,13888000
DH2025008538,KH00001,SP015,4,7990000,0,2972000,30000,32725000
DH2025009824,KH00127,SP012,5,1590000,0,716000,35000,7906000
DH2025004015,KH00012,SP001,1,4590000,0,413000,18000,4562000
DH2025007400,KH00016,SP017,2,3290000,0,579000,18000,6387000
DH2025007806,KH00006,SP003,1,19990000,0,1999000,18000,22007000
DH2025009194,KH00006,SP005,4,4990000,0,1597000,25000,17590000
DH2025001193,KH00004,SP003,4,19990000,0,7436000,40000,81839000
DH2025002175,KH00018,SP014,2,1190000,0,238000,22000,2640000
DH2025002427,KH00728,SP022,3,190000,0,57000,22000,649000
DH2025004628,KH00003,SP002,2,18990000,0,3532000,28000,38881000
DH2025006025,KH00114,SP001,6,4590000,0,2616000,35000,28814000
DH2025007140,KH00026,SP026,1,990000,0,89000,28000,1008000
DH2025008264,KH00008,SP001,2,4590000,0,918000,40000,10138000
DH2025002479,KH00003,SP010,2,12990000,0,2598000,45000,28623000
DH2025006923,KH00004,SP011,3,3990000,0,1017000,18000,11209000
DH2025008196,KH00004,SP022,1,190000,0,17000,28000,212000
DH2025000145,KH00031,SP024,4,5490000,0,1757000,45000,19370000
DH2025001336,KH00001,SP017,4,3290000,0,1119000,45000,12350000
DH2025001706,KH00002,SP021,3,350000,0,102000,25000,1145000
DH2025003452,KH00001,SP018,3,390000,0,111000,25000,1248000
DH2025006993,KH00026,SP003,2,19990000,0,3998000,22000,44000000
DH2025001113,KH00001,SP026,1,990000,0,79000,25000,896000
DH2025001718,KH00006,SP021,3,350000,0,84000,40000,964000
DH2025002317,KH00051,SP022,1,190000,0,19000,18000,227000
DH2025003014,KH00886,SP023,3,5990000,0,1743000,35000,19209000
DH2025005929,KH00181,SP011,1,3990000,0,399000,35000,4424000
DH2025006394,KH00005,SP002,2,18990000,0,3342000,22000,36786000
DH2025001223,KH00378,SP005,3,4990000,0,1392000,30000,15344000
DH2025004352,KH00011,SP014,1,1190000,0,105000,45000,1197000
DH2025005321,KH00003,SP015,3,7990000,0,2397000,28000,26395000
DH2025009572,KH02207,SP020,1,1190000,0,105000,45000,1197000
DH2025000355,KH00590,SP006,1,7990000,0,759000,40000,8389000
DH2025002052,KH00001,SP025,1,4290000,0,399000,28000,4417000
DH2025001094,KH00001,SP001,2,4590000,0,918000,35000,10133000
DH2025004321,KH00364,SP013,2,990000,0,158000,22000,1764000
DH2025009695,KH00002,SP007,1,23990000,0,2111000,22000,23244000
DH2025000185,KH00001,SP009,1,15990000,0,1439000,28000,15858000
DH2025001131,KH00001,SP010,3,12990000,0,3507000,45000,38625000
DH2025002999,KH00010,SP002,1,18990000,0,1766000,45000,19472000
DH2025003838,KH00155,SP018,1,390000,0,36000,28000,427000
DH2025003530,KH00006,SP026,4,990000,0,356000,35000,3955000
DH2025007852,KH00001,SP023,2,5990000,0,1018000,45000,11246000
DH2025009055,KH00001,SP005,2,4990000,0,998000,25000,11003000
DH2025004287,KH00119,SP013,2,990000,0,158000,28000,1770000
DH2025005279,KH00001,SP024,1,5490000,0,511000,30000,5647000
DH2025008563,KH00073,SP014,2,1190000,0,214000,25000,2381000
DH2025009864,KH00017,SP008,1,13990000,0,1231000,45000,13587000
DH2025000157,KH00230,SP002,3,18990000,0,5697000,45000,62712000
DH2025004953,KH00001,SP020,2,1190000,0,238000,35000,2653000
DH2025004987,KH00001,SP023,2,5990000,0,1198000,35000,13213000
DH2025005366,KH00863,SP012,1,1590000,0,140000,45000,1584000
DH2025007616,KH00268,SP019,2,690000,0,128000,30000,1441000
DH2025007741,KH00001,SP016,1,11990000,0,1199000,28000,13217000
DH2025007747,KH00001,SP008,1,13990000,0,1399000,40000,15429000
DH2025008060,KH00001,SP010,1,12990000,0,1299000,30000,14319000
DH2025008339,KH00002,SP005,2,4990000,0,898000,40000,9920000
DH2025001858,KH00143,SP025,2,4290000,0,832000,25000,9180000
DH2025003320,KH00185,SP020,1,1190000,0,105000,45000,1197000
DH2025006945,KH00001,SP013,1,990000,0,99000,35000,1124000
DH2025009750,KH01083,SP018,1,390000,0,31000,35000,378000
DH2025004465,KH00022,SP022,3,190000,0,57000,18000,645000
DH2025005262,KH00001,SP002,2,18990000,0,3798000,28000,41806000
DH2025009917,KH00021,SP006,1,7990000,0,799000,40000,8829000
DH2025003168,KH00001,SP001,1,4590000,0,413000,45000,4589000
DH2025000887,KH00005,SP013,3,990000,0,238000,25000,2639000
DH2025003053,KH02368,SP021,2,350000,0,63000,18000,711000
DH2025004841,KH00001,SP021,1,350000,0,28000,30000,338000
DH2025005787,KH00002,SP022,4,190000,0,68000,25000,777000
DH2025007403,KH00033,SP021,2,350000,0,60000,28000,683000
DH2025004580,KH00785,SP017,1,3290000,0,290000,45000,3230000
DH2025006348,KH00057,SP002,1,18990000,0,1804000,40000,19884000
DH2025007357,KH00028,SP024,1,5490000,0,467000,25000,5158000
DH2025008206,KH00055,SP003,1,19990000,0,1859000,45000,20495000
DH2025009111,KH00010,SP012,3,1590000,0,444000,30000,4910000
DH2025001375,KH00320,SP001,8,4590000,0,3415000,45000,37610000
DH2025007751,KH00009,SP020,4,1190000,0,405000,25000,4476000
DH2025002091,KH00001,SP022,1,190000,0,19000,28000,237000
DH2025005646,KH00090,SP023,1,5990000,0,479000,18000,5289000
DH2025006433,KH00014,SP013,4,990000,0,368000,40000,4091000
DH2025000338,KH00004,SP025,1,4290000,0,429000,30000,4749000
DH2025001301,KH00010,SP002,1,18990000,0,1671000,40000,18422000
DH2025002544,KH00001,SP013,1,990000,0,92000,22000,1035000
DH2025003159,KH00002,SP018,1,390000,0,38000,18000,434000
DH2025007219,KH00004,SP017,1,3290000,0,280000,30000,3106000
DH2025002647,KH00002,SP024,5,5490000,0,2333000,28000,25693000
DH2025006899,KH00269,SP005,1,4990000,0,499000,25000,5514000
DH2025009713,KH00216,SP006,6,7990000,0,4794000,25000,52759000
DH2025000815,KH01617,SP007,1,23990000,0,1919000,28000,21139000
DH2025001812,KH00001,SP018,2,390000,0,72000,30000,827000
DH2025006236,KH00001,SP004,1,16990000,0,1699000,25000,18714000
DH2025006370,KH00003,SP018,1,390000,0,33000,45000,410000
DH2025008995,KH00001,SP023,1,5990000,0,599000,18000,6607000
DH2025000135,KH00180,SP013,1,990000,0,89000,28000,1008000
DH2025001631,KH00042,SP024,2,5490000,0,1098000,45000,12123000
DH2025005390,KH01854,SP024,1,5490000,0,483000,45000,5359000
DH2025006158,KH02006,SP017,1,3290000,0,306000,18000,3384000
DH2025004403,KH00002,SP024,2,5490000,0,1098000,18000,12096000
DH2025009039,KH00541,SP009,1,15990000,0,1359000,22000,14973000
DH2025000316,KH00002,SP006,1,7990000,0,639000,18000,7049000
DH2025001734,KH00003,SP023,1,5990000,0,557000,30000,6158000
DH2025005635,KH01974,SP001,2,4590000,0,918000,28000,10126000
DH2025001244,KH00004,SP004,2,16990000,0,2990000,30000,32922000
DH2025001733,KH00015,SP025,2,4290000,0,858000,35000,9473000
DH2025002319,KH00617,SP005,2,4990000,0,968000,45000,10694000
DH2025007627,KH00001,SP020,3,1190000,0,321000,30000,3564000
DH2025008938,KH00012,SP016,6,11990000,0,6690000,30000,73624000
DH2025009223,KH02351,SP014,3,1190000,0,357000,22000,3949000
DH2025001572,KH00001,SP023,1,5990000,0,599000,28000,6617000
DH2025002080,KH00001,SP008,4,13990000,0,4477000,28000,49273000
DH2025008338,KH00001,SP001,1,4590000,0,390000,40000,4332000
DH2025008945,KH00010,SP023,1,5990000,0,557000,22000,6150000
DH2025002718,KH00011,SP010,3,12990000,0,3897000,28000,42895000
DH2025004186,KH00007,SP018,1,390000,0,39000,45000,474000
DH2025004730,KH00015,SP017,1,3290000,0,296000,28000,3285000
DH2025006237,KH00003,SP017,1,3290000,0,329000,18000,3637000
DH2025006640,KH00029,SP004,2,16990000,0,3398000,30000,37408000
DH2025008983,KH00012,SP004,8,16990000,0,13592000,22000,149534000
DH2025003013,KH00002,SP017,1,3290000,0,280000,35000,3111000
DH2025003172,KH00001,SP014,2,1190000,0,221000,28000,2462000
DH2025003410,KH00036,SP001,2,4590000,0,918000,28000,10126000
DH2025004212,KH00003,SP008,3,13990000,0,4071000,28000,44810000
DH2025008592,KH00001,SP008,1,13990000,0,1189000,25000,13106000
DH2025009121,KH00220,SP014,2,1190000,0,231000,22000,2562000
DH2025009928,KH00001,SP003,2,19990000,0,3998000,28000,44006000
DH2025000501,KH00038,SP020,2,1190000,0,226000,25000,2512000
DH2025001147,KH00001,SP006,1,7990000,0,799000,45000,8834000
DH2025003400,KH00012,SP014,1,1190000,0,107000,22000,1200000
DH2025004111,KH00030,SP011,1,3990000,0,351000,18000,3880000
DH2025009633,KH00428,SP015,1,7990000,0,799000,35000,8824000
DH2025001998,KH00106,SP006,2,7990000,0,1598000,45000,17623000
DH2025007044,KH00070,SP008,1,13990000,0,1399000,35000,15424000
DH2025008101,KH00022,SP024,3,5490000,0,1647000,28000,18145000
DH2025009092,KH00002,SP016,2,11990000,0,2230000,30000,24561000
DH2025003508,KH00014,SP008,1,13990000,0,1189000,28000,13109000
DH2025003910,KH00006,SP019,1,690000,0,66000,45000,767000
DH2025007951,KH00001,SP018,2,390000,0,74000,35000,850000
DH2025008213,KH00004,SP001,4,4590000,0,1469000,40000,16197000
DH2025009481,KH00003,SP023,1,5990000,0,599000,25000,6614000
DH2025001160,KH00786,SP026,1,990000,0,99000,35000,1124000
DH2025001444,KH00001,SP017,2,3290000,0,559000,40000,6192000
DH2025002217,KH00003,SP019,5,690000,0,310000,35000,3450000
DH2025008899,KH01241,SP010,2,12990000,0,2078000,18000,22880000
DH2025007356,KH00295,SP017,6,3290000,0,1737000,22000,19130000
DH2025008364,KH00004,SP015,1,7990000,0,743000,22000,8196000
DH2025000098,KH00007,SP018,5,390000,0,195000,22000,2167000
DH2025005619,KH01972,SP014,1,1190000,0,119000,28000,1337000
DH2025007517,KH00002,SP001,3,4590000,0,1212000,45000,13375000
DH2025001656,KH00076,SP018,1,390000,0,31000,30000,373000
DH2025002523,KH00080,SP006,2,7990000,0,1406000,40000,15508000
DH2025008066,KH00005,SP009,3,15990000,0,3838000,25000,42239000
DH2025001747,KH00003,SP021,1,350000,0,30000,22000,350000
DH2025003572,KH00012,SP023,2,5990000,0,1018000,35000,11236000
DH2025007538,KH00019,SP001,1,4590000,0,427000,45000,4741000
DH2025003227,KH00007,SP011,1,3990000,0,371000,30000,4112000
DH2025006710,KH00009,SP019,2,690000,0,134000,35000,1508000
DH2025007944,KH00413,SP021,3,350000,0,105000,22000,1177000
DH2025008305,KH00002,SP009,1,15990000,0,1487000,30000,16388000
DH2025009305,KH00005,SP005,8,4990000,0,3713000,22000,40861000
DH2025000602,KH00092,SP002,2,18990000,0,3532000,18000,38871000
DH2025001778,KH00006,SP001,1,4590000,0,459000,35000,5084000
DH2025002121,KH00010,SP019,1,690000,0,62000,35000,718000
DH2025004313,KH00307,SP012,1,1590000,0,159000,25000,1774000
DH2025004978,KH00009,SP026,3,990000,0,261000,35000,2910000
DH2025007708,KH00004,SP023,1,5990000,0,599000,40000,6629000
DH2025009455,KH00010,SP019,8,690000,0,442000,25000,4883000
DH2025009471,KH00030,SP002,4,18990000,0,7596000,22000,83578000
DH2025001731,KH00130,SP011,1,3990000,0,339000,30000,3761000
DH2025004755,KH00009,SP002,1,18990000,0,1614000,18000,17774000
DH2025005318,KH00002,SP021,2,350000,0,66000,45000,776000
DH2025006248,KH00077,SP004,1,16990000,0,1529000,30000,16850000
DH2025008637,KH00320,SP006,6,7990000,0,4458000,45000,49087000
DH2025000134,KH00009,SP006,1,7990000,0,775000,45000,8570000
DH2025000354,KH00036,SP007,1,23990000,0,2327000,18000,25615000
DH2025000361,KH00003,SP006,4,7990000,0,3100000,30000,34131000
DH2025005075,KH00028,SP017,2,3290000,0,658000,45000,7283000
DH2025005111,KH00001,SP025,1,4290000,0,429000,22000,4741000
DH2025004486,KH00043,SP005,2,4990000,0,848000,22000,9353000
DH2025008573,KH00624,SP010,1,12990000,0,1260000,18000,13878000
DH2025002174,KH00001,SP014,4,1190000,0,443000,28000,4898000
DH2025003583,KH00001,SP009,2,15990000,0,2974000,45000,32760000
DH2025007133,KH00036,SP021,2,350000,0,65000,28000,744000
DH2025007372,KH00011,SP012,8,1590000,0,1272000,25000,14017000
DH2025007676,KH00001,SP021,3,350000,0,102000,40000,1160000
DH2025007818,KH00001,SP023,2,5990000,0,1018000,28000,11229000
DH2025002858,KH00002,SP015,1,7990000,0,799000,35000,8824000
DH2025003426,KH00089,SP005,3,4990000,0,1317000,40000,14531000
DH2025004318,KH00703,SP022,3,190000,0,57000,30000,657000
DH2025007307,KH00123,SP010,4,12990000,0,4417000,45000,48628000
DH2025005265,KH00001,SP010,1,12990000,0,1260000,35000,13895000
DH2025007529,KH00001,SP002,2,18990000,0,3608000,18000,39707000
DH2025001157,KH00002,SP023,1,5990000,0,581000,25000,6416000
DH2025002755,KH02134,SP001,4,4590000,0,1469000,25000,16182000
DH2025002946,KH01186,SP015,1,7990000,0,679000,30000,7501000
DH2025004310,KH00025,SP002,2,18990000,0,3684000,45000,40570000
DH2025004559,KH00001,SP012,1,1590000,0,135000,45000,1532000
DH2025005765,KH00001,SP004,6,16990000,0,9175000,40000,100961000
DH2025006840,KH02521,SP012,1,1590000,0,140000,22000,1561000
DH2025006994,KH00001,SP009,1,15990000,0,1359000,40000,14991000
DH2025008332,KH00760,SP012,1,1590000,0,159000,28000,1777000
DH2025003151,KH00009,SP015,2,7990000,0,1438000,28000,15848000
DH2025003597,KH00119,SP024,1,5490000,0,549000,22000,6061000
DH2025003899,KH00078,SP024,1,5490000,0,549000,40000,6079000
DH2025009230,KH00001,SP022,2,190000,0,36000,35000,432000
DH2025009947,KH00556,SP014,2,1190000,0,209000,28000,2331000
DH2025000805,KH00004,SP022,2,190000,0,38000,28000,446000
DH2025004901,KH00004,SP005,8,4990000,0,3513000,45000,38688000
DH2025007589,KH00001,SP024,2,5490000,0,1021000,45000,11277000
DH2025007767,KH00003,SP015,3,7990000,0,2109000,22000,23225000
DH2025001382,KH00002,SP017,1,3290000,0,319000,18000,3528000
DH2025002812,KH00001,SP025,1,4290000,0,365000,28000,4039000
DH2025003425,KH01259,SP013,4,990000,0,348000,35000,3868000
DH2025005493,KH00005,SP025,2,4290000,0,858000,35000,9473000
DH2025009953,KH00017,SP024,1,5490000,0,549000,28000,6067000
DH2025003677,KH01220,SP016,1,11990000,0,1055000,28000,11634000
DH2025000339,KH00008,SP026,1,990000,0,96000,30000,1086000
DH2025002045,KH00747,SP013,1,990000,0,87000,25000,983000
DH2025005829,KH00048,SP014,1,1190000,0,107000,35000,1213000
DH2025008997,KH00007,SP021,2,350000,0,65000,45000,761000
DH2025001136,KH00055,SP020,10,1190000,0,952000,18000,10490000
DH2025003500,KH00009,SP008,4,13990000,0,4924000,45000,54214000
DH2025004405,KH00004,SP023,1,5990000,0,479000,45000,5316000
DH2025007872,KH00064,SP018,3,390000,0,103000,45000,1178000
DH2025008352,KH00001,SP021,2,350000,0,68000,45000,792000
DH2025000570,KH00001,SP026,2,990000,0,178000,45000,2005000
DH2025002185,KH00001,SP010,1,12990000,0,1299000,40000,14329000
DH2025003602,KH00035,SP024,1,5490000,0,511000,45000,5662000
DH2025003666,KH00001,SP008,1,13990000,0,1399000,18000,15407000
DH2025005594,KH00003,SP007,1,23990000,0,2399000,18000,26407000
DH2025006164,KH00001,SP002,3,18990000,0,5412000,25000,59559000
DH2025007865,KH00788,SP009,1,15990000,0,1599000,30000,17619000
DH2025001146,KH00008,SP004,10,16990000,0,15801000,35000,173843000
DH2025001291,KH00004,SP017,1,3290000,0,313000,25000,3464000
DH2025005252,KH00677,SP018,2,390000,0,72000,40000,837000
DH2025005281,KH00003,SP022,1,190000,0,18000,28000,230000
DH2025005392,KH00024,SP014,1,1190000,0,95000,45000,1092000
DH2025005799,KH00002,SP014,1,1190000,0,115000,22000,1291000
DH2025000631,KH00531,SP004,8,16990000,0,13184000,18000,145044000
DH2025002286,KH00001,SP005,5,4990000,0,2246000,45000,24746000
DH2025003213,KH00081,SP022,1,190000,0,19000,22000,231000
DH2025006959,KH00001,SP008,2,13990000,0,2238000,40000,24662000
DH2025008309,KH00005,SP001,1,4590000,0,459000,45000,5094000
DH2025002733,KH00004,SP021,1,350000,0,35000,25000,410000
DH2025004720,KH00007,SP018,1,390000,0,39000,30000,459000
DH2025005859,KH00003,SP013,3,990000,0,282000,35000,3139000
DH2025008933,KH00494,SP017,3,3290000,0,918000,22000,10119000
DH2025008989,KH00001,SP019,2,690000,0,128000,22000,1433000
DH2025000034,KH00001,SP005,2,4990000,0,898000,18000,9898000
DH2025001028,KH00001,SP001,1,4590000,0,436000,28000,4824000
DH2025002586,KH00001,SP026,3,990000,0,282000,18000,3122000
DH2025003245,KH00037,SP024,4,5490000,0,2130000,45000,23476000
DH2025005682,KH00001,SP002,1,18990000,0,1519000,18000,16729000
DH2025006010,KH00359,SP006,1,7990000,0,759000,22000,8371000
DH2025006115,KH01293,SP026,2,990000,0,158000,35000,1777000
DH2025007583,KH00042,SP019,1,690000,0,64000,18000,724000
DH2025009354,KH00019,SP019,1,690000,0,69000,30000,789000
DH2025000406,KH00001,SP001,1,4590000,0,413000,28000,4572000
DH2025007631,KH00029,SP006,1,7990000,0,775000,40000,8565000
DH2025002627,KH00121,SP005,1,4990000,0,499000,35000,5524000
DH2025007166,KH00001,SP010,1,12990000,0,1299000,25000,14314000
DH2025008904,KH00030,SP012,4,1590000,0,636000,18000,7014000
DH2025001546,KH00003,SP003,1,19990000,0,1799000,40000,19830000
DH2025002669,KH00002,SP010,1,12990000,0,1299000,22000,14311000
DH2025002717,KH00003,SP011,1,3990000,0,399000,28000,4417000
DH2025004535,KH00003,SP004,3,16990000,0,4842000,28000,53292000
DH2025001478,KH00003,SP002,4,18990000,0,7216000,35000,79413000
DH2025004694,KH00001,SP015,1,7990000,0,759000,28000,8377000
DH2025000482,KH00007,SP009,3,15990000,0,4797000,28000,52795000
DH2025002236,KH00002,SP009,3,15990000,0,4557000,18000,50147000
DH2025003428,KH00300,SP006,1,7990000,0,743000,45000,8219000
DH2025005667,KH00001,SP024,2,5490000,0,1043000,22000,11496000
DH2025006409,KH00009,SP019,4,690000,0,257000,35000,2859000
DH2025007614,KH00128,SP010,2,12990000,0,2078000,18000,22880000
DH2025000772,KH00007,SP016,2,11990000,0,1918000,22000,21124000
DH2025003037,KH00341,SP018,8,390000,0,296000,25000,3285000
DH2025009927,KH01199,SP002,1,18990000,0,1766000,35000,19462000
DH2025000574,KH00001,SP017,1,3290000,0,296000,25000,3282000
DH2025000897,KH00910,SP024,1,5490000,0,549000,25000,6064000
DH2025001562,KH00001,SP017,2,3290000,0,612000,28000,6759000
DH2025009206,KH00002,SP020,2,1190000,0,214000,30000,2386000
DH2025006219,KH00011,SP007,1,23990000,0,2399000,30000,26419000
DH2025006896,KH00010,SP019,1,690000,0,69000,25000,784000
DH2025008189,KH00001,SP014,2,1190000,0,226000,40000,2527000
DH2025001018,KH00105,SP017,4,3290000,0,1053000,40000,11621000
DH2025002209,KH00016,SP002,2,18990000,0,3418000,28000,37628000
DH2025004885,KH00009,SP018,4,390000,0,140000,30000,1574000
DH2025005273,KH00020,SP016,2,11990000,0,2158000,18000,23758000
DH2025005446,KH00001,SP025,2,4290000,0,815000,40000,9006000
DH2025001079,KH00510,SP017,2,3290000,0,625000,40000,6916000
DH2025001941,KH00052,SP023,1,5990000,0,581000,18000,6409000
DH2025002570,KH00001,SP005,5,4990000,0,2320000,18000,25541000
DH2025003316,KH00041,SP007,6,23990000,0,14394000,45000,158379000
DH2025005398,KH00005,SP016,5,11990000,0,5995000,18000,65963000
DH2025006035,KH00001,SP001,1,4590000,0,445000,28000,4925000
DH2025006474,KH00012,SP025,1,4290000,0,416000,40000,4617000
DH2025008156,KH00073,SP011,2,3990000,0,718000,45000,7945000
DH2025000336,KH00006,SP013,2,990000,0,198000,45000,2223000
DH2025000723,KH00576,SP017,2,3290000,0,612000,28000,6759000
DH2025002274,KH00001,SP006,4,7990000,0,3196000,30000,35186000
DH2025002407,KH00006,SP009,1,15990000,0,1439000,40000,15870000
DH2025003744,KH00001,SP005,1,4990000,0,399000,28000,4419000
DH2025008588,KH00008,SP022,1,190000,0,19000,18000,227000
DH2025000387,KH00009,SP013,2,990000,0,158000,45000,1787000
DH2025004075,KH00014,SP022,1,190000,0,18000,22000,217000
DH2025004670,KH00176,SP026,1,990000,0,99000,30000,1119000
DH2025006607,KH00012,SP015,1,7990000,0,719000,25000,7935000
DH2025006914,KH00003,SP002,3,18990000,0,5697000,22000,62689000
DH2025006071,KH00135,SP013,2,990000,0,174000,25000,1941000
DH2025006325,KH00010,SP002,5,18990000,0,8071000,25000,88804000
DH2025006702,KH00703,SP020,8,1190000,0,857000,45000,9470000
DH2025005196,KH00012,SP002,1,18990000,0,1519000,40000,16751000
DH2025006032,KH00107,SP018,1,390000,0,36000,45000,444000
DH2025006452,KH00005,SP010,1,12990000,0,1039000,22000,11453000
DH2025007029,KH01381,SP008,1,13990000,0,1399000,22000,15411000
DH2025007527,KH00001,SP024,1,5490000,0,549000,18000,6057000
DH2025009553,KH00009,SP004,1,16990000,0,1699000,40000,18729000
DH2025003509,KH00004,SP022,1,190000,0,17000,35000,219000
DH2025006088,KH00415,SP017,5,3290000,0,1645000,45000,18140000
DH2025006669,KH00002,SP005,4,4990000,0,1697000,25000,18688000
DH2025000304,KH00001,SP008,1,13990000,0,1119000,30000,12341000
DH2025000703,KH00009,SP003,8,19990000,0,15992000,28000,175940000
DH2025001940,KH00007,SP024,4,5490000,0,1976000,40000,21780000
DH2025002382,KH00001,SP005,1,4990000,0,499000,18000,5507000
DH2025002960,KH00076,SP001,1,4590000,0,445000,28000,4925000
DH2025003783,KH00007,SP015,1,7990000,0,679000,45000,7516000
DH2025005713,KH00001,SP023,1,5990000,0,599000,25000,6614000
DH2025006386,KH00003,SP002,1,18990000,0,1899000,30000,20919000
DH2025002624,KH00775,SP010,6,12990000,0,7248000,30000,79762000
DH2025004432,KH00018,SP001,3,4590000,0,1281000,45000,14132000
DH2025009197,KH00001,SP024,3,5490000,0,1647000,22000,18139000
DH2025009289,KH00002,SP012,2,1590000,0,302000,45000,3368000
DH2025000125,KH00704,SP022,1,190000,0,19000,18000,227000
DH2025000439,KH00001,SP009,1,15990000,0,1599000,45000,17634000
DH2025003301,KH00002,SP004,2,16990000,0,3058000,35000,33675000
DH2025004006,KH00006,SP008,1,13990000,0,1357000,25000,14952000
DH2025005861,KH00001,SP014,6,1190000,0,664000,28000,7332000
DH2025006609,KH00316,SP018,8,390000,0,312000,25000,3457000
DH2025007055,KH00085,SP003,4,19990000,0,7756000,22000,85339000
DH2025007324,KH00002,SP015,4,7990000,0,2812000,28000,30965000
DH2025007765,KH00002,SP020,4,1190000,0,405000,45000,4496000
DH2025001283,KH00002,SP024,1,5490000,0,511000,40000,5657000
DH2025001412,KH00347,SP016,1,11990000,0,1079000,45000,11915000
DH2025001960,KH00062,SP014,3,1190000,0,332000,25000,3677000
DH2025003588,KH00001,SP008,2,13990000,0,2798000,35000,30813000
DH2025003713,KH00001,SP002,1,18990000,0,1519000,35000,16746000
DH2025005507,KH00056,SP026,2,990000,0,198000,18000,2196000
DH2025005655,KH00004,SP019,1,690000,0,55000,22000,629000
DH2025000131,KH00002,SP011,6,3990000,0,1915000,35000,21102000
DH2025001581,KH00004,SP022,1,190000,0,17000,25000,209000
DH2025004123,KH00038,SP010,1,12990000,0,1208000,22000,13311000
DH2025005762,KH00135,SP012,4,1590000,0,617000,28000,6814000
DH2025006533,KH00013,SP019,6,690000,0,414000,45000,4599000
DH2025007843,KH00347,SP024,2,5490000,0,1098000,35000,12113000
DH2025008792,KH00055,SP026,2,990000,0,198000,35000,2213000
DH2025009108,KH00001,SP024,1,5490000,0,532000,40000,5897000
DH2025009313,KH00126,SP011,1,3990000,0,399000,30000,4419000
DH2025002040,KH00009,SP002,4,18990000,0,6457000,40000,71063000
DH2025002367,KH00011,SP023,2,5990000,0,1138000,25000,12544000
DH2025004547,KH00010,SP023,1,5990000,0,599000,22000,6611000
DH2025002241,KH00001,SP019,1,690000,0,61000,30000,698000
DH2025002959,KH00001,SP018,4,390000,0,137000,45000,1555000
DH2025004090,KH00073,SP015,3,7990000,0,2325000,28000,25604000
DH2025005041,KH00021,SP014,2,1190000,0,221000,45000,2479000
DH2025001001,KH00012,SP010,5,12990000,0,6495000,25000,71470000
DH2025003436,KH01151,SP023,4,5990000,0,2156000,30000,23750000
DH2025004120,KH00003,SP007,5,23990000,0,11155000,25000,122734000
DH2025004453,KH00001,SP006,2,7990000,0,1486000,18000,16365000
DH2025004834,KH02593,SP024,3,5490000,0,1647000,30000,18147000
DH2025008458,KH00037,SP022,2,190000,0,35000,40000,428000
DH2025009250,KH00011,SP011,1,3990000,0,319000,25000,3536000
DH2025004416,KH00001,SP006,2,7990000,0,1518000,40000,16739000
DH2025000348,KH00113,SP003,3,19990000,0,5997000,45000,66012000
DH2025000511,KH00002,SP013,4,990000,0,317000,30000,3515000
DH2025003058,KH00002,SP019,1,690000,0,69000,35000,794000
DH2025005825,KH00318,SP013,3,990000,0,238000,30000,2644000
DH2025009185,KH00177,SP026,2,990000,0,174000,40000,1956000
DH2025001305,KH00001,SP016,1,11990000,0,1199000,18000,13207000
DH2025000760,KH00001,SP018,10,390000,0,378000,45000,4206000
DH2025002811,KH00011,SP012,3,1590000,0,382000,40000,4238000
DH2025004227,KH00010,SP007,6,23990000,0,12235000,28000,134612000
DH2025004686,KH00053,SP011,1,3990000,0,359000,40000,3990000
DH2025007013,KH00006,SP007,3,23990000,0,6333000,40000,69707000
DH2025000464,KH00044,SP019,1,690000,0,69000,35000,794000
DH2025002984,KH00011,SP009,1,15990000,0,1439000,25000,15855000
DH2025005611,KH00004,SP023,1,5990000,0,557000,45000,6173000
DH2025001811,KH00001,SP015,1,7990000,0,775000,28000,8553000
DH2025002211,KH00001,SP004,3,16990000,0,5097000,40000,56107000
DH2025002440,KH00001,SP021,1,350000,0,32000,45000,402000
DH2025007714,KH00004,SP018,4,390000,0,151000,30000,1694000
DH2025009473,KH00007,SP024,6,5490000,0,3294000,25000,36259000
DH2025009869,KH00002,SP025,3,4290000,0,1287000,35000,14192000
DH2025002293,KH00002,SP018,1,390000,0,33000,28000,393000
DH2025003336,KH00003,SP019,4,690000,0,276000,22000,3058000
DH2025008089,KH00037,SP020,1,1190000,0,105000,22000,1174000
DH2025008621,KH00001,SP023,3,5990000,0,1671000,30000,18413000
DH2025009794,KH00230,SP014,3,1190000,0,357000,22000,3949000
DH2025000761,KH00002,SP001,2,4590000,0,854000,35000,9426000
DH2025005771,KH00135,SP006,3,7990000,0,2397000,45000,26412000
DH2025009992,KH00022,SP001,1,4590000,0,390000,30000,4322000
DH2025000727,KH00889,SP008,8,13990000,0,9513000,28000,104673000
DH2025002618,KH00195,SP013,1,990000,0,87000,18000,976000
DH2025006291,KH00001,SP024,2,5490000,0,878000,18000,9680000
DH2025008317,KH00012,SP024,1,5490000,0,549000,25000,6064000
DH2025009895,KH00001,SP010,2,12990000,0,2416000,25000,26602000
DH2025003738,KH00002,SP002,1,18990000,0,1842000,45000,20307000
DH2025004018,KH00003,SP015,3,7990000,0,2037000,25000,22436000
DH2025007464,KH00019,SP019,10,690000,0,642000,40000,7099000
DH2025008261,KH00003,SP013,1,990000,0,92000,22000,1035000
DH2025000259,KH00348,SP024,1,5490000,0,483000,40000,5354000
DH2025000617,KH00012,SP022,1,190000,0,18000,35000,233000
DH2025003516,KH00103,SP020,1,1190000,0,105000,25000,1177000
DH2025001332,KH00099,SP002,2,18990000,0,3798000,18000,41796000
DH2025003449,KH00003,SP023,2,5990000,0,958000,18000,10560000
DH2025007001,KH00004,SP020,2,1190000,0,238000,35000,2653000
DH2025008552,KH00097,SP016,2,11990000,0,2398000,45000,26423000
DH2025001277,KH00001,SP020,5,1190000,0,595000,28000,6573000
DH2025006542,KH00005,SP021,3,350000,0,89000,40000,1021000
DH2025009574,KH00003,SP010,1,12990000,0,1143000,30000,12604000
DH2025002566,KH00079,SP024,1,5490000,0,494000,35000,5470000
DH2025007176,KH00002,SP023,1,5990000,0,527000,45000,5843000
DH2025003732,KH00001,SP015,4,7990000,0,2972000,40000,32735000
DH2025005684,KH00001,SP017,2,3290000,0,526000,28000,5818000
DH2025006137,KH00155,SP011,4,3990000,0,1516000,35000,16713000
DH2025000546,KH00005,SP004,1,16990000,0,1699000,45000,18734000
DH2025002075,KH01148,SP007,1,23990000,0,2231000,22000,24564000
DH2025006212,KH00008,SP009,2,15990000,0,3198000,35000,35213000
DH2025008445,KH00001,SP021,1,350000,0,32000,45000,392000
DH2025009850,KH00002,SP026,1,990000,0,92000,18000,1031000
DH2025002504,KH00002,SP015,2,7990000,0,1550000,40000,17091000
DH2025003351,KH00114,SP009,2,15990000,0,3102000,18000,34141000
DH2025004005,KH00008,SP006,3,7990000,0,2397000,45000,26412000
DH2025004665,KH00042,SP004,3,16990000,0,4842000,45000,53309000
DH2025005285,KH00780,SP017,1,3290000,0,329000,30000,3649000
DH2025007580,KH00004,SP020,3,1190000,0,321000,35000,3569000
DH2025009627,KH00001,SP018,1,390000,0,39000,22000,451000
DH2025009867,KH00152,SP007,1,23990000,0,2279000,22000,25091000
DH2025000988,KH00001,SP022,2,190000,0,36000,18000,415000
DH2025004264,KH00005,SP015,2,7990000,0,1598000,40000,17618000
DH2025004563,KH00008,SP005,10,4990000,0,4740000,35000,52180000
DH2025007005,KH00241,SP013,8,990000,0,737000,30000,8133000
DH2025009823,KH00016,SP021,1,350000,0,30000,25000,353000
DH2025001946,KH00029,SP016,1,11990000,0,1019000,45000,11256000
DH2025002325,KH00007,SP012,2,1590000,0,318000,30000,3528000
DH2025002775,KH00014,SP026,1,990000,0,96000,28000,1084000
DH2025006148,KH00016,SP026,1,990000,0,87000,45000,1003000
DH2025006837,KH00002,SP018,2,390000,0,72000,22000,819000
DH2025001201,KH00001,SP018,1,390000,0,33000,30000,395000
DH2025001614,KH00001,SP003,2,19990000,0,3998000,18000,43996000
DH2025007064,KH00002,SP010,1,12990000,0,1208000,40000,13329000
DH2025008374,KH00001,SP011,1,3990000,0,339000,28000,3759000
DH2025003707,KH02472,SP021,2,350000,0,60000,25000,680000
DH2025004575,KH00199,SP017,1,3290000,0,263000,22000,2917000
DH2025007050,KH01900,SP007,1,23990000,0,2111000,40000,23262000
DH2025001367,KH00002,SP021,1,350000,0,33000,30000,395000
DH2025002606,KH00001,SP025,1,4290000,0,399000,22000,4411000
DH2025005160,KH00155,SP025,2,4290000,0,772000,28000,8522000
DH2025005760,KH00010,SP019,5,690000,0,304000,45000,3385000
DH2025007144,KH00001,SP015,3,7990000,0,2277000,35000,25084000
DH2025007749,KH00002,SP021,1,350000,0,35000,30000,415000
DH2025000576,KH00001,SP005,1,4990000,0,439000,22000,4852000
DH2025003534,KH00003,SP007,1,23990000,0,2279000,25000,25094000
DH2025005237,KH00002,SP025,1,4290000,0,378000,35000,4188000
DH2025007849,KH00134,SP003,1,19990000,0,1999000,30000,22019000
DH2025001255,KH00023,SP011,3,3990000,0,1197000,40000,13207000
DH2025005406,KH00011,SP017,1,3290000,0,290000,22000,3207000
DH2025005653,KH00104,SP005,1,4990000,0,484000,30000,5354000
DH2025008763,KH00001,SP021,3,350000,0,105000,28000,1183000
DH2025009689,KH00001,SP016,1,11990000,0,1055000,25000,11631000
DH2025009772,KH00001,SP002,1,18990000,0,1899000,18000,20907000
DH2025000096,KH00001,SP021,1,350000,0,33000,22000,387000
DH2025002957,KH00034,SP024,2,5490000,0,933000,25000,10291000
DH2025003218,KH00001,SP021,1,350000,0,32000,30000,387000
DH2025003252,KH00217,SP020,1,1190000,0,119000,28000,1337000
DH2025003505,KH00001,SP017,1,3290000,0,319000,22000,3532000
DH2025008138,KH00110,SP015,3,7990000,0,2397000,30000,26397000
DH2025009721,KH00010,SP008,1,13990000,0,1119000,22000,12333000
DH2025001913,KH00078,SP009,6,15990000,0,8922000,25000,98171000
DH2025005306,KH00005,SP021,5,350000,0,149000,18000,1655000
DH2025005719,KH00063,SP022,5,190000,0,95000,35000,1080000
DH2025007977,KH00089,SP014,1,1190000,0,111000,45000,1263000
DH2025009555,KH00464,SP024,1,5490000,0,549000,30000,6069000
DH2025009820,KH00013,SP003,1,19990000,0,1939000,45000,21374000
DH2025001373,KH00002,SP004,1,16990000,0,1359000,40000,14991000
DH2025005162,KH00194,SP005,3,4990000,0,1347000,22000,14842000
DH2025003682,KH00001,SP025,5,4290000,0,1716000,40000,18916000
DH2025003805,KH00055,SP017,5,3290000,0,1645000,25000,18120000
DH2025008969,KH00020,SP021,3,350000,0,92000,45000,1061000
DH2025009231,KH00003,SP009,5,15990000,0,6796000,45000,74799000
DH2025001890,KH00330,SP006,1,7990000,0,799000,45000,8834000
DH2025002142,KH00096,SP021,1,350000,0,33000,28000,393000
DH2025002820,KH00016,SP017,1,3290000,0,319000,30000,3540000
DH2025004148,KH00001,SP001,4,4590000,0,1744000,30000,19216000
DH2025004455,KH00130,SP003,2,19990000,0,3998000,40000,44018000
DH2025004962,KH00045,SP013,1,990000,0,92000,22000,1035000
DH2025009781,KH02586,SP010,1,12990000,0,1143000,30000,12604000
DH2025001401,KH00023,SP014,3,1190000,0,321000,45000,3579000
DH2025003115,KH00001,SP013,1,990000,0,99000,18000,1107000
DH2025003164,KH00001,SP011,4,3990000,0,1596000,30000,17586000
DH2025008574,KH00024,SP011,3,3990000,0,1197000,35000,13202000
DH2025009165,KH00021,SP002,1,18990000,0,1899000,35000,20924000
DH2025009561,KH00039,SP023,5,5990000,0,2995000,30000,32975000
DH2025000955,KH00013,SP003,1,19990000,0,1939000,22000,21351000
DH2025007362,KH00005,SP021,1,350000,0,28000,18000,326000
DH2025007545,KH00003,SP025,1,4290000,0,365000,40000,4051000
DH2025000492,KH00013,SP018,3,390000,0,109000,45000,1242000
DH2025001565,KH01046,SP012,2,1590000,0,280000,45000,3123000
DH2025005320,KH00032,SP022,1,190000,0,18000,18000,216000
DH2025000490,KH00017,SP001,2,4590000,0,854000,30000,9421000
DH2025002072,KH00001,SP012,1,1590000,0,143000,45000,1619000
DH2025005417,KH00277,SP019,1,690000,0,59000,18000,663000
DH2025005500,KH00003,SP016,5,11990000,0,5995000,22000,65967000
DH2025006615,KH00325,SP007,1,23990000,0,2039000,35000,22466000
DH2025000750,KH00011,SP006,5,7990000,0,3196000,35000,35191000
DH2025003596,KH00002,SP011,3,3990000,0,958000,22000,10556000
DH2025004731,KH00005,SP022,2,190000,0,33000,30000,397000
DH2025005122,KH00001,SP007,3,23990000,0,6477000,18000,71268000
DH2025001762,KH00311,SP012,1,1590000,0,140000,25000,1564000
DH2025003008,KH00004,SP002,1,18990000,0,1671000,25000,18407000
DH2025005991,KH00001,SP023,1,5990000,0,527000,28000,5826000
DH2025003304,KH00090,SP001,2,4590000,0,918000,35000,10133000
DH2025008068,KH00003,SP009,3,15990000,0,4797000,18000,52785000
DH2025008129,KH00004,SP012,1,1590000,0,143000,28000,1602000
DH2025007258,KH00039,SP010,1,12990000,0,1169000,22000,12882000
DH2025008711,KH00001,SP005,2,4990000,0,998000,40000,11018000
DH2025009887,KH00001,SP007,1,23990000,0,2111000,40000,23262000
DH2025001122,KH00001,SP002,1,18990000,0,1519000,40000,16751000
DH2025003038,KH00084,SP016,4,11990000,0,4796000,30000,52786000
DH2025004267,KH00017,SP016,1,11990000,0,1019000,22000,11233000
DH2025000398,KH00008,SP013,2,990000,0,184000,35000,2060000
DH2025002302,KH00001,SP021,3,350000,0,89000,45000,1026000
DH2025003697,KH00374,SP001,1,4590000,0,445000,30000,4927000
DH2025006353,KH00001,SP013,4,990000,0,317000,45000,3530000
DH2025009353,KH00004,SP014,1,1190000,0,107000,25000,1203000
DH2025009407,KH00347,SP012,2,1590000,0,308000,22000,3415000
DH2025000340,KH00002,SP024,1,5490000,0,511000,25000,5642000
DH2025000346,KH00017,SP015,5,7990000,0,3396000,25000,37379000
DH2025001560,KH00586,SP006,2,7990000,0,1518000,40000,16739000
DH2025004536,KH00261,SP013,1,990000,0,84000,22000,948000
DH2025006408,KH00113,SP022,1,190000,0,19000,22000,231000
DH2025007270,KH00006,SP001,1,4590000,0,413000,40000,4584000
DH2025007955,KH00463,SP025,2,4290000,0,858000,35000,9473000
DH2025009604,KH00001,SP007,1,23990000,0,2039000,28000,22459000
DH2025009624,KH00008,SP001,1,4590000,0,390000,35000,4327000
DH2025007606,KH00174,SP021,2,350000,0,70000,30000,800000
DH2025008001,KH00001,SP018,4,390000,0,148000,45000,1675000
DH2025008082,KH00103,SP013,3,990000,0,288000,22000,3191000
DH2025008993,KH00001,SP004,1,16990000,0,1444000,22000,15908000
DH2025002253,KH00139,SP009,1,15990000,0,1487000,45000,16403000
DH2025006618,KH01766,SP011,1,3990000,0,379000,45000,4214000
DH2025008065,KH00056,SP009,2,15990000,0,3198000,25000,35203000
DH2025008797,KH00016,SP014,1,1190000,0,105000,30000,1182000
DH2025000147,KH00011,SP003,2,19990000,0,3998000,18000,43996000
DH2025004151,KH00001,SP020,2,1190000,0,202000,45000,2270000
DH2025004787,KH00053,SP020,2,1190000,0,238000,45000,2663000
DH2025005674,KH00016,SP018,3,390000,0,117000,30000,1317000
DH2025006435,KH00730,SP008,1,13990000,0,1189000,25000,13106000
DH2025005850,KH00001,SP019,2,690000,0,138000,30000,1548000
DH2025008376,KH00003,SP010,5,12990000,0,6495000,22000,71467000
DH2025002834,KH00143,SP001,1,4590000,0,459000,22000,5071000
DH2025000604,KH00139,SP011,1,3990000,0,387000,45000,4302000
DH2025005622,KH00001,SP021,2,350000,0,56000,25000,641000
DH2025008607,KH00952,SP007,1,23990000,0,2039000,22000,22453000
DH2025000939,KH00001,SP003,1,19990000,0,1999000,18000,22007000
DH2025007416,KH00008,SP018,3,390000,0,117000,30000,1317000
DH2025007647,KH00061,SP013,5,990000,0,460000,30000,5093000
DH2025001281,KH00005,SP017,3,3290000,0,888000,40000,9811000
DH2025003160,KH00002,SP020,5,1190000,0,565000,40000,6257000
DH2025003567,KH00226,SP015,1,7990000,0,799000,40000,8829000
DH2025008222,KH00022,SP016,2,11990000,0,2398000,28000,26406000
DH2025002244,KH00200,SP011,1,3990000,0,399000,25000,4414000
DH2025005808,KH00145,SP020,1,1190000,0,95000,30000,1077000
DH2025005817,KH00001,SP007,5,23990000,0,10556000,25000,116137000
DH2025007408,KH00001,SP024,1,5490000,0,532000,35000,5892000
DH2025009029,KH00062,SP007,1,23990000,0,2111000,25000,23247000
DH2025009248,KH00010,SP026,1,990000,0,89000,45000,1025000
DH2025009586,KH00007,SP007,1,23990000,0,2159000,40000,23790000
DH2025000589,KH00071,SP010,2,12990000,0,2416000,45000,26622000
DH2025004790,KH00127,SP001,1,4590000,0,390000,18000,4310000
DH2025002025,KH00012,SP006,6,7990000,0,4794000,35000,52769000
DH2025002094,KH00025,SP023,1,5990000,0,599000,28000,6617000
DH2025002552,KH00051,SP006,1,7990000,0,775000,28000,8553000
DH2025002633,KH00003,SP011,1,3990000,0,351000,25000,3887000
DH2025003952,KH00001,SP006,4,7990000,0,2876000,35000,31675000
DH2025007629,KH00001,SP019,1,690000,0,64000,28000,734000
DH2025002969,KH00001,SP004,1,16990000,0,1648000,18000,18146000
DH2025003023,KH00010,SP026,1,990000,0,99000,30000,1119000
DH2025005824,KH00015,SP011,2,3990000,0,798000,22000,8800000
DH2025007960,KH00703,SP022,3,190000,0,51000,22000,586000
DH2025001741,KH00239,SP006,1,7990000,0,775000,30000,8555000
DH2025003948,KH02008,SP015,4,7990000,0,2812000,30000,30967000
DH2025004452,KH00001,SP006,1,7990000,0,679000,25000,7496000
DH2025005651,KH00011,SP023,2,5990000,0,1138000,30000,12549000
DH2025000710,KH00004,SP015,2,7990000,0,1278000,22000,14084000
DH2025003616,KH00234,SP019,2,690000,0,128000,25000,1436000
DH2025004654,KH00002,SP020,1,1190000,0,119000,25000,1334000
DH2025005544,KH00002,SP020,5,1190000,0,595000,45000,6590000
DH2025006195,KH00285,SP025,2,4290000,0,858000,18000,9456000
DH2025007376,KH00006,SP006,1,7990000,0,679000,40000,7511000
DH2025007406,KH00012,SP010,3,12990000,0,3312000,45000,36481000
DH2025008009,KH00022,SP021,1,350000,0,32000,35000,382000
DH2025008764,KH00001,SP023,1,5990000,0,599000,25000,6614000
DH2025000308,KH00018,SP003,6,19990000,0,10555000,22000,116124000
DH2025001087,KH00002,SP001,1,4590000,0,427000,45000,4741000
DH2025004060,KH00002,SP003,3,19990000,0,5997000,30000,65997000
DH2025007483,KH00001,SP021,2,350000,0,65000,30000,746000
DH2025008295,KH00019,SP010,1,12990000,0,1169000,28000,12888000
DH2025009770,KH00010,SP016,1,11990000,0,1115000,35000,12301000
DH2025003525,KH00060,SP019,2,690000,0,138000,18000,1536000
DH2025004213,KH00016,SP021,5,350000,0,149000,35000,1672000
DH2025007034,KH00049,SP021,1,350000,0,30000,25000,353000
DH2025008413,KH00001,SP005,3,4990000,0,1347000,25000,14845000
DH2025000392,KH00353,SP024,2,5490000,0,878000,40000,9702000
DH2025001927,KH00001,SP006,3,7990000,0,1918000,35000,21129000
DH2025003341,KH00003,SP003,3,19990000,0,5997000,18000,65985000
DH2025007017,KH00001,SP010,2,12990000,0,2468000,22000,27171000
DH2025006217,KH00030,SP025,3,4290000,0,1287000,30000,14187000
DH2025007929,KH00006,SP007,1,23990000,0,2159000,45000,23795000
DH2025008630,KH00034,SP026,1,990000,0,79000,40000,911000
DH2025003458,KH00690,SP001,2,4590000,0,918000,40000,10138000
DH2025007710,KH00007,SP001,1,4590000,0,445000,18000,4915000
DH2025003973,KH00027,SP014,1,1190000,0,105000,30000,1182000
DH2025007733,KH00013,SP006,6,7990000,0,4458000,40000,49082000
DH2025001481,KH00001,SP024,1,5490000,0,483000,30000,5344000
DH2025002396,KH00001,SP013,4,990000,0,396000,28000,4384000
DH2025003244,KH00020,SP003,1,19990000,0,1999000,28000,22017000
DH2025003573,KH00001,SP007,1,23990000,0,2399000,30000,26419000
DH2025005081,KH00027,SP016,4,11990000,0,4796000,30000,52786000
DH2025009743,KH00019,SP021,2,350000,0,70000,40000,810000
DH2025002203,KH00001,SP018,4,390000,0,133000,45000,1504000
DH2025005950,KH00010,SP026,1,990000,0,99000,28000,1117000
DH2025006867,KH00001,SP014,5,1190000,0,595000,45000,6590000
DH2025007801,KH00001,SP011,1,3990000,0,387000,28000,4285000
DH2025008520,KH00002,SP007,4,23990000,0,7677000,45000,84490000
DH2025008902,KH00218,SP022,3,190000,0,51000,18000,582000
DH2025002926,KH00020,SP016,1,11990000,0,1199000,40000,13229000
DH2025004107,KH01224,SP004,3,16990000,0,4078000,45000,44899000
DH2025006857,KH00006,SP026,1,990000,0,92000,30000,1043000
DH2025007141,KH00010,SP006,6,7990000,0,4075000,30000,44854000
DH2025004693,KH00001,SP018,1,390000,0,39000,22000,451000
DH2025005629,KH00004,SP026,2,990000,0,198000,28000,2206000
DH2025005720,KH00097,SP005,2,4990000,0,998000,28000,11006000
DH2025007861,KH00013,SP020,3,1190000,0,286000,22000,3164000
DH2025009874,KH00149,SP005,1,4990000,0,499000,18000,5507000
DH2025000846,KH00001,SP006,2,7990000,0,1438000,25000,15845000
DH2025001216,KH00062,SP002,1,18990000,0,1899000,18000,20907000
DH2025002921,KH00006,SP004,1,16990000,0,1359000,18000,14969000
DH2025009106,KH00002,SP022,8,190000,0,129000,28000,1449000
DH2025001085,KH00002,SP017,3,3290000,0,790000,35000,8721000
DH2025002940,KH00009,SP020,10,1190000,0,1154000,45000,12742000
DH2025003293,KH01170,SP022,2,190000,0,33000,22000,389000
DH2025005355,KH00002,SP004,1,16990000,0,1529000,40000,16860000
DH2025007367,KH00299,SP005,2,4990000,0,798000,40000,8822000
DH2025007628,KH00074,SP013,1,990000,0,99000,28000,1117000
DH2025005969,KH00391,SP008,2,13990000,0,2714000,18000,29873000
DH2025007889,KH00001,SP004,3,16990000,0,4944000,30000,54415000
DH2025008700,KH00005,SP008,2,13990000,0,2798000,40000,30818000
DH2025009969,KH00001,SP008,1,13990000,0,1301000,45000,14357000
DH2025000566,KH00007,SP022,1,190000,0,18000,40000,238000
DH2025000994,KH00001,SP001,1,4590000,0,445000,28000,4925000
DH2025007446,KH00002,SP017,1,3290000,0,329000,25000,3644000
DH2025009220,KH00002,SP019,5,690000,0,276000,30000,3066000
DH2025002495,KH00424,SP023,2,5990000,0,1054000,25000,11621000
DH2025004040,KH00432,SP010,5,12990000,0,5196000,40000,57196000
DH2025006480,KH00002,SP020,4,1190000,0,381000,28000,4217000
DH2025008953,KH00009,SP024,1,5490000,0,511000,40000,5657000
DH2025001839,KH00001,SP011,1,3990000,0,371000,30000,4112000
DH2025006178,KH00002,SP011,2,3990000,0,798000,40000,8818000
DH2025008199,KH00010,SP006,3,7990000,0,2397000,25000,26392000
DH2025009930,KH00001,SP024,3,5490000,0,1532000,25000,16874000
DH2025000054,KH00001,SP022,1,190000,0,19000,35000,244000
DH2025001278,KH00017,SP024,2,5490000,0,1065000,30000,11746000
DH2025001392,KH00002,SP025,6,4290000,0,2445000,45000,26943000
DH2025003605,KH00143,SP002,1,18990000,0,1766000,40000,19467000
DH2025001693,KH00520,SP025,4,4290000,0,1716000,45000,18921000
DH2025004074,KH00048,SP017,1,3290000,0,296000,18000,3275000
DH2025004255,KH00435,SP007,1,23990000,0,2111000,35000,23257000
DH2025006306,KH00001,SP015,2,7990000,0,1486000,35000,16382000
DH2025008040,KH00006,SP005,1,4990000,0,439000,45000,4875000
DH2025008237,KH00001,SP004,2,16990000,0,2990000,18000,32910000
DH2025009801,KH00001,SP007,1,23990000,0,2327000,40000,25637000
DH2025000970,KH00004,SP021,1,350000,0,34000,45000,419000
DH2025001282,KH01075,SP006,2,7990000,0,1486000,22000,16369000
DH2025002132,KH00003,SP021,1,350000,0,31000,25000,364000
DH2025003017,KH00079,SP025,3,4290000,0,1197000,25000,13191000
DH2025004070,KH01989,SP015,2,7990000,0,1486000,22000,16369000
DH2025007088,KH00001,SP012,3,1590000,0,477000,25000,5272000
DH2025007148,KH00038,SP023,2,5990000,0,1198000,40000,13218000
DH2025008892,KH00022,SP024,4,5490000,0,2042000,45000,22510000
DH2025009791,KH00108,SP005,2,4990000,0,998000,25000,11003000
DH2025004338,KH00001,SP007,2,23990000,0,4078000,28000,44889000
DH2025009180,KH00247,SP019,2,690000,0,124000,30000,1396000
DH2025001963,KH00067,SP022,4,190000,0,76000,22000,858000
DH2025002510,KH00075,SP005,1,4990000,0,474000,25000,5239000
DH2025004629,KH00428,SP026,1,990000,0,96000,22000,1078000
DH2025006734,KH00003,SP013,1,990000,0,99000,22000,1111000
DH2025000958,KH00084,SP012,2,1590000,0,254000,18000,2816000
DH2025001698,KH00167,SP023,1,5990000,0,569000,22000,6281000
DH2025003366,KH00003,SP013,1,990000,0,99000,30000,1119000
DH2025003821,KH00009,SP010,1,12990000,0,1169000,28000,12888000
DH2025006629,KH00001,SP024,5,5490000,0,2196000,28000,24184000
DH2025006811,KH00042,SP002,1,18990000,0,1671000,22000,18404000
DH2025000987,KH00020,SP020,2,1190000,0,214000,28000,2384000
DH2025001132,KH00025,SP011,2,3990000,0,702000,25000,7749000
DH2025001286,KH00003,SP023,3,5990000,0,1671000,35000,18418000
DH2025002144,KH00007,SP025,1,4290000,0,408000,28000,4512000
DH2025008531,KH00001,SP022,1,190000,0,18000,40000,242000
DH2025009803,KH00001,SP020,1,1190000,0,119000,25000,1334000
DH2025000383,KH00012,SP019,2,690000,0,138000,30000,1548000
DH2025002703,KH00001,SP009,2,15990000,0,2558000,35000,28177000
DH2025004032,KH00161,SP001,3,4590000,0,1102000,28000,12146000
DH2025004406,KH00006,SP011,1,3990000,0,351000,45000,3907000
DH2025005831,KH00020,SP025,1,4290000,0,378000,30000,4183000
DH2025007680,KH00007,SP018,2,390000,0,74000,40000,855000
DH2025001004,KH00009,SP003,1,19990000,0,1999000,30000,22019000
DH2025001559,KH00014,SP007,2,23990000,0,4798000,30000,52808000
DH2025004705,KH00003,SP017,1,3290000,0,313000,25000,3464000
DH2025009951,KH00021,SP009,2,15990000,0,3198000,45000,35223000
DH2025002809,KH00001,SP008,1,13990000,0,1119000,22000,12333000
DH2025004254,KH00008,SP018,1,390000,0,33000,25000,390000
DH2025004964,KH00001,SP022,1,190000,0,19000,22000,231000
DH2025005545,KH00001,SP007,2,23990000,0,4318000,45000,47545000
DH2025007360,KH00050,SP026,2,990000,0,184000,22000,2047000
DH2025007961,KH00002,SP009,1,15990000,0,1439000,35000,15865000
DH2025008112,KH00002,SP016,2,11990000,0,2326000,28000,25615000
DH2025008908,KH00118,SP003,3,19990000,0,5997000,40000,66007000
DH2025003745,KH02478,SP015,2,7990000,0,1358000,25000,14966000
DH2025006180,KH00002,SP003,1,19990000,0,1859000,22000,20472000
DH2025001129,KH00008,SP021,1,350000,0,35000,30000,415000
DH2025001402,KH00001,SP006,3,7990000,0,2397000,35000,26402000
DH2025002012,KH00008,SP019,1,690000,0,61000,28000,696000
DH2025002257,KH00002,SP013,3,990000,0,252000,25000,2801000
DH2025007061,KH00001,SP016,1,11990000,0,959000,18000,10569000
DH2025007374,KH00002,SP021,1,350000,0,34000,40000,414000
DH2025007388,KH00001,SP015,1,7990000,0,759000,18000,8367000
DH2025007444,KH00340,SP007,1,23990000,0,2159000,35000,23785000
DH2025008603,KH00001,SP004,2,16990000,0,2718000,22000,29924000
DH2025000545,KH00009,SP018,3,390000,0,114000,40000,1289000
DH2025002355,KH00027,SP023,4,5990000,0,2276000,25000,25063000
DH2025006582,KH00001,SP002,1,18990000,0,1709000,30000,18830000
DH2025009038,KH00045,SP018,3,390000,0,109000,40000,1237000
DH2025009522,KH00028,SP022,1,190000,0,18000,28000,223000
DH2025000395,KH00012,SP017,1,3290000,0,296000,25000,3282000
DH2025000656,KH00001,SP015,4,7990000,0,2972000,28000,32723000
DH2025002532,KH00005,SP020,1,1190000,0,101000,28000,1141000
DH2025004144,KH00211,SP009,3,15990000,0,4797000,18000,52785000
DH2025006858,KH00012,SP022,8,190000,0,144000,28000,1616000
DH2025000021,KH00998,SP002,1,18990000,0,1842000,40000,20302000
DH2025004427,KH00007,SP011,1,3990000,0,399000,30000,4419000
DH2025005982,KH00001,SP008,2,13990000,0,2798000,28000,30806000
DH2025006323,KH00004,SP025,1,4290000,0,343000,18000,3793000
DH2025006558,KH00002,SP001,4,4590000,0,1836000,25000,20221000
DH2025009966,KH00010,SP012,2,1590000,0,254000,35000,2833000
DH2025003117,KH00002,SP019,3,690000,0,207000,18000,2295000
DH2025003131,KH00001,SP001,3,4590000,0,1239000,40000,13672000
DH2025007931,KH00035,SP012,4,1590000,0,592000,45000,6552000
DH2025008037,KH00744,SP017,1,3290000,0,319000,40000,3550000
DH2025001317,KH00001,SP009,1,15990000,0,1359000,28000,14979000
DH2025002449,KH00022,SP008,2,13990000,0,2378000,40000,26201000
DH2025000408,KH00014,SP022,1,190000,0,19000,35000,244000
DH2025001042,KH00009,SP019,1,690000,0,66000,35000,757000
DH2025001051,KH00035,SP002,3,18990000,0,4842000,30000,53296000
DH2025006725,KH00002,SP009,4,15990000,0,5628000,30000,61943000
DH2025005822,KH00080,SP019,3,690000,0,207000,40000,2317000
DH2025006225,KH00003,SP022,1,190000,0,18000,45000,240000
DH2025009052,KH00550,SP025,1,4290000,0,343000,22000,3797000
DH2025000440,KH00069,SP005,1,4990000,0,439000,22000,4852000
DH2025001178,KH00117,SP022,4,190000,0,71000,40000,818000
DH2025005871,KH00001,SP003,3,19990000,0,5817000,40000,64028000
DH2025006448,KH00982,SP026,1,990000,0,92000,25000,1038000
DH2025006502,KH00014,SP006,1,7990000,0,775000,22000,8547000
DH2025006561,KH00001,SP010,1,12990000,0,1299000,40000,14329000
DH2025009685,KH00087,SP003,2,19990000,0,3998000,28000,44006000
DH2026000577,KH00746,SP010,1,12990000,0,1234000,18000,13592000
DH2026001257,KH01495,SP010,2,12990000,0,2078000,25000,22887000
DH2026005704,KH00002,SP013,6,990000,0,564000,45000,6252000
DH2026005923,KH00001,SP018,1,390000,0,35000,35000,421000
DH2026001533,KH01720,SP020,1,1190000,0,115000,40000,1309000
DH2026002046,KH00011,SP002,3,18990000,0,4558000,30000,50164000
DH2026006781,KH00022,SP025,1,4290000,0,429000,28000,4747000
DH2026006856,KH00004,SP009,3,15990000,0,4797000,18000,52785000
DH2026006907,KH00003,SP014,2,1190000,0,226000,22000,2509000
DH2026009087,KH00002,SP011,2,3990000,0,798000,30000,8808000
DH2026001543,KH00001,SP003,2,19990000,0,3998000,28000,44006000
DH2026003718,KH00049,SP002,2,18990000,0,3684000,22000,40547000
DH2026003894,KH00003,SP017,1,3290000,0,319000,18000,3528000
DH2026007624,KH00002,SP021,1,350000,0,32000,28000,375000
DH2026002569,KH00073,SP011,3,3990000,0,1077000,18000,11868000
DH2026005681,KH00003,SP021,2,350000,0,56000,35000,651000
DH2026002301,KH00021,SP010,2,12990000,0,2338000,22000,25742000
DH2026004023,KH00934,SP025,2,4290000,0,832000,28000,9183000
DH2026005115,KH00006,SP010,1,12990000,0,1260000,40000,13900000
DH2026007240,KH00410,SP010,2,12990000,0,2468000,18000,27167000
DH2026008430,KH00017,SP012,1,1590000,0,151000,35000,1696000
DH2026002807,KH00003,SP002,2,18990000,0,3798000,22000,41800000
DH2026000301,KH00011,SP003,5,19990000,0,9695000,18000,106665000
DH2026001297,KH00008,SP022,3,190000,0,46000,30000,532000
DH2026007355,KH00008,SP015,2,7990000,0,1598000,40000,17618000
DH2026009672,KH00001,SP020,3,1190000,0,357000,45000,3972000
DH2026001398,KH00071,SP012,1,1590000,0,148000,28000,1655000
DH2026001538,KH00073,SP005,2,4990000,0,898000,25000,9905000
DH2026004441,KH00104,SP021,6,350000,0,178000,40000,2003000
DH2026006583,KH00002,SP012,1,1590000,0,151000,45000,1706000
DH2026003088,KH00025,SP019,8,690000,0,442000,30000,4888000
DH2026003277,KH00001,SP018,2,390000,0,78000,30000,888000
DH2026003578,KH00012,SP002,1,18990000,0,1899000,18000,20907000
DH2026003918,KH00010,SP024,1,5490000,0,549000,28000,6067000
DH2026007155,KH00001,SP002,4,18990000,0,6457000,35000,71058000
DH2026005074,KH00017,SP001,1,4590000,0,459000,35000,5084000
DH2026006048,KH00280,SP019,2,690000,0,121000,30000,1365000
DH2026006232,KH00003,SP016,3,11990000,0,3417000,40000,37629000
DH2026009388,KH00001,SP002,1,18990000,0,1804000,28000,19872000
DH2026000919,KH00006,SP019,1,690000,0,67000,40000,776000
DH2026001137,KH00071,SP004,1,16990000,0,1699000,28000,18717000
DH2026002769,KH00024,SP009,2,15990000,0,2974000,28000,32743000
DH2026007125,KH00010,SP013,1,990000,0,99000,30000,1119000
DH2026007382,KH00191,SP018,2,390000,0,66000,30000,759000
DH2026003042,KH00001,SP019,3,690000,0,192000,18000,2135000
DH2026009897,KH00844,SP017,4,3290000,0,1053000,28000,11609000
DH2026002331,KH00001,SP002,2,18990000,0,3038000,40000,33462000
DH2026002760,KH00004,SP011,1,3990000,0,359000,28000,3978000
DH2026007625,KH00002,SP018,1,390000,0,37000,28000,435000
DH2026007859,KH00321,SP003,1,19990000,0,1999000,45000,22034000
DH2026000726,KH01336,SP017,1,3290000,0,263000,30000,2925000
DH2026001739,KH00004,SP018,1,390000,0,39000,45000,474000
DH2026007339,KH00001,SP024,1,5490000,0,532000,22000,5879000
DH2026008885,KH00131,SP009,1,15990000,0,1487000,30000,16388000
DH2026000074,KH02146,SP007,2,23990000,0,4078000,45000,44906000
DH2026000373,KH00001,SP004,2,16990000,0,3398000,35000,37413000
DH2026007458,KH00007,SP026,1,990000,0,96000,40000,1096000
DH2026008530,KH00182,SP006,2,7990000,0,1550000,18000,17069000
DH2026001742,KH00001,SP021,1,350000,0,35000,35000,420000
DH2026002549,KH00022,SP011,2,3990000,0,678000,45000,7506000
DH2026003998,KH00505,SP001,2,4590000,0,854000,25000,9416000
DH2026006466,KH00001,SP001,3,4590000,0,1377000,35000,15182000
DH2026006503,KH00011,SP015,1,7990000,0,639000,18000,7049000
DH2026002060,KH00006,SP026,1,990000,0,99000,18000,1107000
DH2026002873,KH00001,SP018,4,390000,0,145000,25000,1621000
DH2026005880,KH00008,SP024,2,5490000,0,1098000,45000,12123000
DH2026009505,KH00003,SP001,1,4590000,0,459000,35000,5084000
DH2026001954,KH00001,SP023,3,5990000,0,1707000,40000,18819000
DH2026004037,KH00001,SP008,6,13990000,0,8394000,45000,92379000
DH2026004930,KH00002,SP007,2,23990000,0,4222000,30000,46474000
DH2026004966,KH00008,SP008,2,13990000,0,2238000,45000,24667000
DH2026005403,KH00003,SP021,1,350000,0,33000,40000,405000
DH2026005660,KH00002,SP003,2,19990000,0,3998000,28000,44006000
DH2026002049,KH00005,SP018,1,390000,0,38000,30000,446000
DH2026004073,KH00057,SP026,1,990000,0,99000,18000,1107000
DH2026006680,KH00004,SP002,6,18990000,0,11052000,45000,121619000
DH2026006724,KH00030,SP012,4,1590000,0,636000,25000,7021000
DH2026007154,KH02292,SP026,5,990000,0,495000,45000,5490000
DH2026007337,KH00004,SP016,1,11990000,0,1115000,45000,12311000
DH2026003235,KH00511,SP020,3,1190000,0,332000,25000,3677000
DH2026003842,KH00438,SP015,10,7990000,0,7990000,35000,87925000
DH2026007231,KH00031,SP002,5,18990000,0,8546000,30000,94031000
DH2026001613,KH00001,SP021,1,350000,0,30000,18000,346000
DH2026004129,KH00001,SP024,1,5490000,0,494000,40000,5475000
DH2026005434,KH00018,SP011,4,3990000,0,1357000,25000,14948000
DH2026005683,KH00007,SP017,6,3290000,0,1737000,40000,19148000
DH2026007610,KH00001,SP017,2,3290000,0,658000,40000,7278000
DH2026008479,KH00009,SP026,3,990000,0,276000,45000,3083000
DH2026000250,KH00012,SP008,5,13990000,0,6156000,45000,67757000
DH2026001759,KH00002,SP002,2,18990000,0,3684000,25000,40550000
DH2026004912,KH00005,SP019,1,690000,0,69000,30000,789000
DH2026008063,KH00001,SP013,2,990000,0,192000,28000,2141000
DH2026005840,KH00002,SP022,3,190000,0,53000,18000,601000
DH2026008392,KH00002,SP008,2,13990000,0,2602000,40000,28663000
DH2026008619,KH00002,SP011,1,3990000,0,399000,28000,4417000
DH2026003933,KH00004,SP006,1,7990000,0,799000,22000,8811000
DH2026004464,KH00001,SP013,1,990000,0,92000,25000,1038000
DH2026005374,KH00037,SP007,2,23990000,0,4222000,35000,46479000
DH2026005536,KH00007,SP026,8,990000,0,697000,35000,7702000
DH2026006246,KH00012,SP011,4,3990000,0,1596000,30000,17586000
DH2026006374,KH00027,SP002,1,18990000,0,1671000,25000,18407000
DH2026000310,KH00001,SP020,1,1190000,0,101000,18000,1131000
DH2026001707,KH00005,SP017,1,3290000,0,306000,30000,3396000
DH2026004775,KH00001,SP006,3,7990000,0,2037000,40000,22451000
DH2026005444,KH00002,SP023,4,5990000,0,1917000,28000,21113000
DH2026005501,KH00012,SP026,1,990000,0,87000,28000,986000
DH2026006472,KH00070,SP023,1,5990000,0,581000,25000,6416000
DH2026009487,KH00007,SP012,2,1590000,0,318000,45000,3543000
DH2026002128,KH00007,SP025,4,4290000,0,1459000,40000,16085000
DH2026003120,KH00002,SP007,1,23990000,0,2399000,45000,26434000
DH2026003077,KH00007,SP008,1,13990000,0,1399000,30000,15419000
DH2026003668,KH00081,SP021,4,350000,0,130000,35000,1467000
DH2026003829,KH00017,SP008,1,13990000,0,1301000,40000,14352000
DH2026004138,KH00011,SP003,1,19990000,0,1899000,45000,20934000
DH2026004567,KH00001,SP025,4,4290000,0,1373000,30000,15131000
DH2026005064,KH00001,SP003,1,19990000,0,1859000,30000,20480000
DH2026000590,KH00002,SP024,1,5490000,0,549000,35000,6074000
DH2026000720,KH00003,SP024,5,5490000,0,2608000,28000,28714000
DH2026001072,KH00237,SP019,3,690000,0,207000,30000,2307000
DH2026005286,KH00052,SP002,1,18990000,0,1766000,28000,19455000
DH2026007067,KH00004,SP004,1,16990000,0,1699000,45000,18734000
DH2026008345,KH00004,SP026,4,990000,0,337000,40000,3743000
DH2026001188,KH01244,SP019,3,690000,0,197000,25000,2188000
DH2026003236,KH00005,SP017,1,3290000,0,329000,18000,3637000
DH2026004394,KH00041,SP022,1,190000,0,16000,22000,200000
DH2026007691,KH02396,SP006,1,7990000,0,799000,45000,8834000
DH2026000941,KH00003,SP015,5,7990000,0,3795000,18000,41765000
DH2026004411,KH00001,SP021,3,350000,0,94000,40000,1079000
DH2026008038,KH00141,SP017,1,3290000,0,280000,18000,3094000
DH2026008132,KH00001,SP003,1,19990000,0,1799000,28000,19818000
DH2026008681,KH00003,SP007,1,23990000,0,2159000,40000,23790000
DH2026008963,KH00014,SP004,2,16990000,0,3228000,35000,35544000
DH2026001516,KH00170,SP022,2,190000,0,33000,28000,395000
DH2026001889,KH00008,SP006,1,7990000,0,759000,25000,8374000
DH2026007027,KH00003,SP002,1,18990000,0,1709000,22000,18822000
DH2026007185,KH00009,SP018,3,390000,0,117000,18000,1305000
DH2026008358,KH00097,SP007,1,23990000,0,2279000,22000,25091000
DH2026000840,KH00001,SP002,1,18990000,0,1899000,35000,20924000
DH2026002678,KH00037,SP025,1,4290000,0,416000,25000,4602000
DH2026006319,KH00595,SP005,4,4990000,0,1697000,18000,18681000
DH2026007895,KH00003,SP014,1,1190000,0,119000,40000,1349000
DH2026006029,KH00003,SP023,2,5990000,0,1054000,45000,11641000
DH2026008231,KH00001,SP004,4,16990000,0,6116000,30000,67310000
DH2026000768,KH00005,SP024,1,5490000,0,494000,25000,5460000
DH2026001926,KH00002,SP019,2,690000,0,110000,18000,1232000
DH2026002238,KH00001,SP012,1,1590000,0,159000,22000,1771000
DH2026004159,KH00002,SP010,3,12990000,0,3312000,30000,36466000
DH2026007435,KH00002,SP007,4,23990000,0,9596000,25000,105581000
DH2026008662,KH00761,SP025,2,4290000,0,729000,35000,8057000
DH2026003790,KH00003,SP020,3,1190000,0,321000,45000,3579000
DH2026004585,KH00002,SP009,3,15990000,0,4221000,40000,46475000
DH2026004823,KH00010,SP007,1,23990000,0,2399000,25000,26414000
DH2026007107,KH00557,SP024,2,5490000,0,1021000,30000,11262000
DH2026007488,KH00074,SP021,2,350000,0,70000,25000,795000
DH2026007495,KH00006,SP025,2,4290000,0,772000,40000,8534000
DH2026009237,KH00232,SP004,1,16990000,0,1699000,45000,18734000
DH2026000216,KH00001,SP021,2,350000,0,60000,30000,685000
DH2026003402,KH00053,SP014,2,1190000,0,238000,30000,2648000
DH2026005221,KH00002,SP017,5,3290000,0,1316000,22000,14498000
DH2026005478,KH00004,SP017,1,3290000,0,280000,18000,3094000
DH2026006600,KH00107,SP024,1,5490000,0,511000,40000,5657000
DH2026008161,KH00002,SP008,1,13990000,0,1301000,30000,14342000
DH2026004250,KH00001,SP018,2,390000,0,72000,25000,822000
DH2026005176,KH00001,SP003,2,19990000,0,3718000,25000,40924000
DH2026009114,KH00939,SP015,1,7990000,0,799000,35000,8824000
DH2026003757,KH00001,SP006,3,7990000,0,2325000,40000,25616000
DH2026005654,KH00056,SP025,1,4290000,0,365000,40000,4051000
DH2026006167,KH00001,SP019,2,690000,0,128000,35000,1446000
DH2026007230,KH00001,SP012,1,1590000,0,151000,40000,1701000
DH2026000912,KH00008,SP002,2,18990000,0,3418000,35000,37635000
DH2026002033,KH00036,SP022,2,190000,0,37000,28000,434000
DH2026006383,KH00005,SP021,4,350000,0,126000,45000,1431000
DH2026005245,KH00004,SP024,2,5490000,0,1021000,45000,11277000
DH2026005662,KH00183,SP012,1,1590000,0,159000,35000,1784000
DH2026000091,KH00001,SP011,1,3990000,0,359000,28000,3978000
DH2026000218,KH00028,SP002,1,18990000,0,1804000,22000,19866000
DH2026001324,KH00006,SP011,1,3990000,0,379000,28000,4197000
DH2026005002,KH00665,SP001,1,4590000,0,404000,25000,4468000
DH2026007035,KH00011,SP004,10,16990000,0,16480000,22000,181305000
DH2026008064,KH00020,SP006,1,7990000,0,719000,18000,7928000
DH2026002655,KH00305,SP003,1,19990000,0,1859000,30000,20480000
DH2026003093,KH00001,SP025,1,4290000,0,429000,22000,4741000
DH2026003210,KH00035,SP022,1,190000,0,17000,40000,224000
DH2026003997,KH00004,SP010,1,12990000,0,1299000,28000,14317000
DH2026004741,KH00001,SP007,1,23990000,0,2399000,30000,26419000
DH2026006098,KH01420,SP012,2,1590000,0,280000,22000,3100000
DH2026002880,KH00001,SP002,2,18990000,0,3342000,30000,36794000
DH2026005210,KH00002,SP003,3,19990000,0,5817000,18000,64006000
DH2026001124,KH00330,SP004,2,16990000,0,3058000,28000,33668000
DH2026001441,KH00003,SP002,1,18990000,0,1766000,18000,19445000
DH2026001817,KH00003,SP019,2,690000,0,117000,30000,1320000
DH2026006738,KH00001,SP012,2,1590000,0,302000,25000,3348000
DH2026009742,KH00001,SP021,2,350000,0,66000,45000,776000
DH2026002207,KH00013,SP022,2,190000,0,30000,35000,369000
DH2026002558,KH00064,SP024,1,5490000,0,549000,40000,6079000
DH2026002920,KH00003,SP006,1,7990000,0,679000,30000,7501000
DH2026008664,KH00056,SP015,2,7990000,0,1278000,22000,14084000
DH2026008912,KH00001,SP002,4,18990000,0,6077000,28000,66873000
DH2026009585,KH00007,SP007,3,23990000,0,6477000,28000,71278000
DH2026002531,KH00085,SP008,1,13990000,0,1399000,18000,15407000
DH2026005612,KH00001,SP009,1,15990000,0,1439000,18000,15848000
DH2026008015,KH00008,SP015,5,7990000,0,3795000,22000,41769000
DH2026001369,KH00002,SP006,2,7990000,0,1406000,25000,15493000
DH2026004359,KH00001,SP002,6,18990000,0,11394000,30000,125364000
DH2026006655,KH00005,SP024,2,5490000,0,1065000,35000,11751000
DH2026008484,KH00004,SP012,1,1590000,0,159000,28000,1777000
DH2026009788,KH00013,SP013,2,990000,0,168000,40000,1891000
DH2026000424,KH00030,SP026,2,990000,0,184000,25000,2050000
DH2026000724,KH00008,SP005,4,4990000,0,1896000,45000,20903000
DH2026003657,KH00024,SP013,2,990000,0,192000,28000,2141000
DH2026004222,KH00020,SP008,3,13990000,0,4197000,35000,46202000
DH2026005888,KH00005,SP014,1,1190000,0,105000,28000,1180000
DH2026008714,KH00006,SP014,1,1190000,0,119000,45000,1354000
DH2026001030,KH00265,SP010,1,12990000,0,1299000,45000,14334000
DH2026001500,KH00005,SP020,1,1190000,0,111000,28000,1246000
DH2026003313,KH01167,SP007,1,23990000,0,2399000,22000,26411000
DH2026008320,KH00027,SP010,1,12990000,0,1234000,45000,13619000
DH2026009235,KH00120,SP008,1,13990000,0,1399000,25000,15414000
DH2026002578,KH00005,SP004,1,16990000,0,1648000,28000,18156000
DH2026002909,KH00006,SP003,2,19990000,0,3798000,22000,41801000
DH2026004546,KH00070,SP017,2,3290000,0,625000,25000,6901000
DH2026004793,KH00020,SP008,1,13990000,0,1259000,25000,13875000
DH2026005438,KH00549,SP019,1,690000,0,69000,18000,777000
DH2026005571,KH00078,SP008,3,13990000,0,4197000,40000,46207000
DH2026008170,KH00001,SP006,3,7990000,0,2397000,45000,26412000
DH2026003026,KH00046,SP010,3,12990000,0,3780000,18000,41599000
DH2026004497,KH00464,SP002,1,18990000,0,1671000,35000,18417000
DH2026002509,KH00002,SP004,3,16990000,0,4740000,40000,52182000
DH2026008979,KH00001,SP007,1,23990000,0,2159000,25000,23775000
DH2026001366,KH00016,SP004,2,16990000,0,3228000,45000,35554000
DH2026002177,KH00109,SP002,1,18990000,0,1899000,30000,20919000
DH2026002506,KH00001,SP021,2,350000,0,68000,30000,777000
DH2026005201,KH00003,SP001,2,4590000,0,780000,40000,8623000
DH2026005986,KH00033,SP014,3,1190000,0,286000,45000,3187000
DH2026000875,KH00026,SP001,3,4590000,0,1377000,28000,15175000
DH2026001170,KH00001,SP014,1,1190000,0,119000,35000,1344000
DH2026001547,KH00113,SP018,2,390000,0,62000,30000,716000
DH2026004224,KH00002,SP009,1,15990000,0,1551000,28000,17089000
DH2026008449,KH00003,SP024,1,5490000,0,494000,30000,5465000
DH2026001922,KH00001,SP007,2,23990000,0,4078000,30000,44891000
DH2026004919,KH00029,SP001,6,4590000,0,2754000,18000,30312000
DH2026006567,KH00050,SP021,1,350000,0,30000,35000,363000
DH2026006679,KH00001,SP016,1,11990000,0,1163000,30000,12823000
DH2026003470,KH00006,SP001,1,4590000,0,390000,40000,4332000
DH2026003575,KH00033,SP024,1,5490000,0,549000,45000,6084000
DH2026003850,KH00035,SP013,1,990000,0,99000,25000,1114000
DH2026004226,KH00003,SP014,2,1190000,0,231000,18000,2558000
DH2026005096,KH00004,SP025,1,4290000,0,408000,35000,4519000
DH2026005552,KH00117,SP013,1,990000,0,96000,30000,1086000
DH2026007314,KH01854,SP009,1,15990000,0,1439000,30000,15860000
DH2026007419,KH00001,SP001,3,4590000,0,1377000,28000,15175000
DH2026009544,KH00001,SP015,4,7990000,0,3196000,18000,35174000
DH2026009863,KH00018,SP022,1,190000,0,17000,45000,229000
DH2026000117,KH00179,SP021,2,350000,0,68000,30000,777000
DH2026001871,KH00006,SP001,10,4590000,0,4590000,40000,50530000
DH2026004782,KH01205,SP014,1,1190000,0,105000,45000,1197000
DH2026009164,KH00001,SP021,1,350000,0,34000,35000,409000
DH2026000031,KH00004,SP001,5,4590000,0,2295000,45000,25290000
DH2026002794,KH00001,SP006,2,7990000,0,1358000,40000,14981000
DH2026005916,KH00003,SP024,1,5490000,0,549000,45000,6084000
DH2026009247,KH00001,SP021,1,350000,0,30000,22000,350000
DH2026006187,KH00001,SP005,1,4990000,0,439000,35000,4865000
DH2026008202,KH00006,SP022,2,190000,0,35000,40000,428000
DH2026008551,KH00543,SP005,5,4990000,0,2495000,18000,27463000
DH2026000319,KH00729,SP012,3,1590000,0,477000,25000,5272000
DH2026004972,KH00009,SP003,1,19990000,0,1999000,45000,22034000
DH2026007085,KH00005,SP003,3,19990000,0,5697000,45000,62714000
DH2026003145,KH00002,SP021,2,350000,0,68000,18000,765000
DH2026004952,KH00002,SP025,1,4290000,0,429000,30000,4749000
DH2026001931,KH00126,SP008,1,13990000,0,1259000,22000,13872000
DH2026002736,KH00007,SP002,1,18990000,0,1842000,22000,20284000
DH2026004386,KH00001,SP011,3,3990000,0,1077000,40000,11890000
DH2026006941,KH00004,SP014,1,1190000,0,113000,40000,1283000
DH2026009024,KH00108,SP005,3,4990000,0,1347000,22000,14842000
DH2026003944,KH00016,SP022,2,190000,0,30000,40000,374000
DH2026007700,KH00001,SP018,1,390000,0,39000,22000,451000
DH2026002646,KH00189,SP017,2,3290000,0,625000,22000,6898000
DH2026002840,KH00006,SP022,1,190000,0,18000,30000,232000
DH2026005863,KH00035,SP005,3,4990000,0,1422000,25000,15669000
DH2026001208,KH00004,SP019,1,690000,0,59000,18000,663000
DH2026002630,KH00013,SP015,1,7990000,0,679000,25000,7496000
DH2026003097,KH00005,SP003,1,19990000,0,1759000,40000,19390000
DH2026003197,KH00002,SP013,5,990000,0,495000,28000,5473000
DH2026003347,KH00006,SP024,3,5490000,0,1647000,25000,18142000
DH2026006300,KH00013,SP008,4,13990000,0,4924000,18000,54187000
DH2026001162,KH00010,SP020,2,1190000,0,214000,28000,2384000
DH2026003735,KH00015,SP025,1,4290000,0,378000,35000,4188000
DH2026003769,KH00001,SP006,1,7990000,0,679000,22000,7493000
DH2026006272,KH00001,SP017,1,3290000,0,290000,18000,3203000
DH2026009813,KH01337,SP001,1,4590000,0,459000,40000,5089000
DH2026000078,KH00066,SP012,5,1590000,0,795000,35000,8780000
DH2026006220,KH00001,SP010,1,12990000,0,1299000,22000,14311000
DH2026009213,KH00001,SP020,1,1190000,0,101000,30000,1143000
DH2026001593,KH00008,SP002,2,18990000,0,3608000,28000,39717000
DH2026006564,KH00001,SP005,4,4990000,0,1996000,18000,21974000
DH2026008197,KH00001,SP007,3,23990000,0,6477000,28000,71278000
DH2026009337,KH00010,SP009,3,15990000,0,4221000,40000,46475000
DH2026000863,KH00001,SP013,2,990000,0,198000,30000,2208000
DH2026001743,KH00001,SP025,3,4290000,0,1287000,28000,14185000
DH2026002108,KH00001,SP007,1,23990000,0,2111000,18000,23240000
DH2026003476,KH00002,SP024,1,5490000,0,483000,30000,5344000
DH2026005954,KH00001,SP006,1,7990000,0,719000,25000,7935000
DH2026007094,KH00001,SP023,1,5990000,0,599000,18000,6607000
DH2026008990,KH00002,SP024,1,5490000,0,483000,22000,5336000
DH2026000702,KH00037,SP006,1,7990000,0,679000,28000,7499000
DH2026002398,KH00011,SP001,5,4590000,0,2180000,40000,24022000
DH2026005601,KH00007,SP014,3,1190000,0,314000,28000,3484000
DH2026007354,KH00006,SP002,2,18990000,0,3038000,30000,33452000
DH2026006902,KH01894,SP017,1,3290000,0,290000,25000,3210000
DH2026008028,KH00001,SP013,1,990000,0,96000,22000,1078000
DH2026000461,KH00070,SP012,2,1590000,0,318000,45000,3543000
DH2026002475,KH00002,SP004,1,16990000,0,1359000,45000,14996000
DH2026006851,KH00003,SP012,1,1590000,0,143000,22000,1596000
DH2026000427,KH00170,SP008,3,13990000,0,4071000,45000,44827000
DH2026000438,KH00002,SP026,1,990000,0,99000,40000,1129000
DH2026000524,KH00001,SP003,1,19990000,0,1699000,35000,18726000
DH2026002704,KH00001,SP013,1,990000,0,79000,18000,889000
DH2026006108,KH00001,SP002,8,18990000,0,14736000,45000,162143000
DH2026006895,KH00002,SP007,1,23990000,0,2399000,45000,26434000
DH2026009563,KH00245,SP022,6,190000,0,106000,28000,1194000
DH2026003909,KH00001,SP009,3,15990000,0,4797000,25000,52792000
DH2026004881,KH00005,SP011,3,3990000,0,1197000,25000,13192000
DH2026005058,KH00003,SP006,2,7990000,0,1406000,18000,15486000
DH2026009043,KH00126,SP020,1,1190000,0,101000,45000,1158000
DH2026001603,KH00007,SP006,1,7990000,0,743000,18000,8192000
DH2026001757,KH00011,SP002,3,18990000,0,4842000,22000,53288000
DH2026002857,KH00001,SP008,3,13990000,0,4197000,30000,46197000
DH2026006597,KH00004,SP014,1,1190000,0,105000,25000,1177000
DH2026008884,KH00729,SP020,2,1190000,0,209000,22000,2325000
DH2026001174,KH00097,SP015,3,7990000,0,2037000,45000,22456000
DH2026005789,KH00002,SP019,1,690000,0,55000,35000,642000
DH2026006872,KH00009,SP026,1,990000,0,99000,25000,1114000
DH2026008895,KH00005,SP026,1,990000,0,79000,25000,896000
DH2026009157,KH00001,SP015,2,7990000,0,1278000,40000,14102000
DH2026000789,KH00128,SP016,2,11990000,0,2398000,22000,26400000
DH2026005128,KH00001,SP003,1,19990000,0,1699000,30000,18721000
DH2026002374,KH02087,SP017,1,3290000,0,329000,25000,3644000
DH2026003096,KH00001,SP022,6,190000,0,108000,28000,1219000
DH2026004434,KH00001,SP006,1,7990000,0,703000,45000,7779000
DH2026006082,KH00001,SP010,1,12990000,0,1208000,25000,13314000
DH2026008042,KH00015,SP002,3,18990000,0,5697000,22000,62689000
DH2026009364,KH00077,SP008,1,13990000,0,1399000,18000,15407000
DH2026001059,KH00006,SP007,1,23990000,0,2327000,18000,25615000
DH2026001210,KH00093,SP003,1,19990000,0,1899000,28000,20917000
DH2026003015,KH00005,SP018,2,390000,0,78000,45000,903000
DH2026003099,KH00038,SP020,1,1190000,0,115000,25000,1294000
DH2026005641,KH00001,SP022,1,190000,0,18000,30000,228000
DH2026009122,KH00228,SP010,1,12990000,0,1039000,45000,11476000
DH2026004021,KH00027,SP011,1,3990000,0,399000,18000,4407000
DH2026004668,KH00001,SP024,1,5490000,0,549000,18000,6057000
DH2026005878,KH00001,SP010,1,12990000,0,1299000,28000,14317000
DH2026007023,KH00011,SP008,2,13990000,0,2798000,28000,30806000
DH2026001120,KH01063,SP010,4,12990000,0,4417000,45000,48628000
DH2026005388,KH00007,SP009,2,15990000,0,2558000,28000,28170000
DH2026001711,KH00017,SP008,3,13990000,0,3567000,35000,39276000
DH2026007303,KH00018,SP023,3,5990000,0,1581000,30000,17425000
DH2026007823,KH00001,SP019,3,690000,0,207000,30000,2307000
DH2026009253,KH00094,SP025,2,4290000,0,798000,18000,8795000
DH2026001284,KH00002,SP020,5,1190000,0,595000,25000,6570000
DH2026005193,KH00199,SP021,1,350000,0,35000,28000,413000
DH2026006800,KH00005,SP021,2,350000,0,70000,22000,792000
DH2026007441,KH00007,SP001,8,4590000,0,3672000,35000,40427000
DH2026009800,KH00015,SP003,2,19990000,0,3998000,40000,44018000
DH2026002180,KH00084,SP005,1,4990000,0,424000,18000,4684000
DH2026002353,KH00001,SP022,3,190000,0,46000,22000,524000
DH2026006382,KH00001,SP017,1,3290000,0,296000,28000,3285000
DH2026007481,KH00060,SP011,1,3990000,0,351000,22000,3884000
DH2026007655,KH00004,SP013,2,990000,0,188000,25000,2094000
DH2026008512,KH00011,SP005,1,4990000,0,399000,28000,4419000
DH2026001116,KH00008,SP019,1,690000,0,69000,28000,787000
DH2026001306,KH00013,SP016,1,11990000,0,1055000,22000,11628000
DH2026002066,KH00092,SP012,1,1590000,0,135000,28000,1515000
DH2026003050,KH00002,SP013,2,990000,0,178000,35000,1995000
DH2026004104,KH00035,SP023,1,5990000,0,581000,45000,6436000
DH2026005087,KH00210,SP002,1,18990000,0,1614000,35000,17791000
DH2026000614,KH00001,SP023,2,5990000,0,1162000,25000,12808000
DH2026002443,KH00004,SP009,3,15990000,0,4653000,40000,51224000
DH2026005526,KH00033,SP005,1,4990000,0,449000,25000,4965000
DH2026007794,KH00008,SP011,4,3990000,0,1277000,18000,14063000
DH2026009259,KH00003,SP018,3,390000,0,117000,45000,1332000
DH2026000003,KH00001,SP019,5,690000,0,345000,25000,3820000
DH2026001715,KH00125,SP001,3,4590000,0,1377000,18000,15165000
DH2026003094,KH00068,SP019,2,690000,0,138000,40000,1558000
DH2026005577,KH00001,SP002,2,18990000,0,3532000,45000,38898000
DH2026006122,KH00187,SP013,2,990000,0,174000,28000,1944000
DH2026006428,KH01711,SP012,1,1590000,0,159000,18000,1767000
DH2026003136,KH00194,SP022,1,190000,0,19000,45000,254000
DH2026003564,KH00025,SP008,1,13990000,0,1399000,35000,15424000
DH2026003642,KH00014,SP007,4,23990000,0,7677000,35000,84480000
DH2026005566,KH00172,SP024,4,5490000,0,1932000,45000,21302000
DH2026006798,KH00007,SP012,1,1590000,0,154000,18000,1714000
DH2026008860,KH00001,SP001,1,4590000,0,459000,40000,5089000
DH2026009838,KH00064,SP023,2,5990000,0,1198000,28000,13206000
DH2026002881,KH00363,SP021,1,350000,0,35000,35000,420000
DH2026000231,KH00024,SP016,5,11990000,0,5695000,28000,62675000
DH2026003323,KH00017,SP015,3,7990000,0,2037000,30000,22441000
DH2026008281,KH00001,SP007,2,23990000,0,4318000,22000,47522000
DH2026003768,KH00065,SP009,2,15990000,0,3198000,22000,35200000
DH2026004038,KH00123,SP026,1,990000,0,92000,30000,1043000
DH2026005689,KH00029,SP011,2,3990000,0,774000,18000,8533000
DH2026005893,KH00001,SP016,2,11990000,0,2158000,30000,23770000
DH2026003758,KH00115,SP022,1,190000,0,17000,45000,233000
DH2026006027,KH00188,SP019,2,690000,0,110000,30000,1244000
DH2026009127,KH00019,SP012,5,1590000,0,700000,22000,7718000
DH2026003587,KH00001,SP001,2,4590000,0,918000,30000,10128000
DH2026006975,KH00033,SP013,2,990000,0,178000,28000,1988000
DH2026009107,KH00442,SP006,2,7990000,0,1518000,35000,16734000
DH2026009981,KH00033,SP015,1,7990000,0,639000,18000,7049000
DH2026000659,KH00002,SP004,5,16990000,0,8240000,22000,90664000
DH2026003362,KH00002,SP002,4,18990000,0,7216000,45000,79423000
DH2026000639,KH00034,SP018,1,390000,0,39000,25000,454000
DH2026001950,KH00003,SP017,1,3290000,0,329000,28000,3647000
DH2026002096,KH00001,SP016,2,11990000,0,2230000,45000,24576000
DH2026006593,KH00135,SP022,8,190000,0,152000,22000,1694000
DH2026008789,KH00005,SP019,1,690000,0,61000,45000,713000
DH2026000608,KH00031,SP006,2,7990000,0,1598000,22000,17600000
DH2026001496,KH00002,SP017,6,3290000,0,1974000,30000,21744000
DH2026002107,KH00001,SP022,5,190000,0,95000,25000,1070000
DH2026001027,KH00005,SP016,2,11990000,0,2326000,22000,25609000
DH2026003877,KH00002,SP026,2,990000,0,188000,45000,2114000
DH2026008778,KH00004,SP020,2,1190000,0,221000,45000,2479000
DH2026008984,KH00006,SP017,1,3290000,0,329000,28000,3647000
DH2026002392,KH00020,SP024,2,5490000,0,1043000,35000,11509000
DH2026004423,KH00006,SP011,1,3990000,0,399000,18000,4407000
DH2026004595,KH00011,SP006,1,7990000,0,799000,25000,8814000
DH2026006717,KH00001,SP025,3,4290000,0,1133000,40000,12499000
DH2026008229,KH00006,SP020,1,1190000,0,101000,25000,1138000
DH2026008366,KH00042,SP012,1,1590000,0,140000,45000,1584000
DH2026008111,KH00008,SP026,1,990000,0,87000,40000,998000
DH2026000112,KH00041,SP011,3,3990000,0,1161000,28000,12800000
DH2026005560,KH00615,SP020,4,1190000,0,452000,45000,5019000
DH2026007844,KH00152,SP021,2,350000,0,56000,30000,646000
DH2026007932,KH00160,SP005,3,4990000,0,1392000,30000,15344000
DH2026009129,KH00043,SP024,1,5490000,0,467000,40000,5173000
DH2026002845,KH00021,SP010,1,12990000,0,1143000,25000,12599000
DH2026002620,KH00003,SP004,2,16990000,0,3160000,35000,34796000
DH2026009752,KH00003,SP023,1,5990000,0,569000,28000,6287000
DH2026006144,KH00025,SP022,4,190000,0,68000,22000,774000
DH2026002162,KH00003,SP024,1,5490000,0,467000,18000,5151000
DH2026008897,KH00001,SP007,1,23990000,0,2231000,28000,24570000
DH2026009673,KH00029,SP022,1,190000,0,18000,25000,227000
DH2026005411,KH00002,SP014,4,1190000,0,405000,28000,4479000
DH2026000984,KH01507,SP006,2,7990000,0,1486000,25000,16372000
DH2026003799,KH00037,SP017,1,3290000,0,306000,28000,3394000
DH2026005606,KH00001,SP008,1,13990000,0,1119000,30000,12341000
DH2026007830,KH00004,SP021,2,350000,0,60000,40000,695000
DH2026007952,KH00012,SP014,1,1190000,0,101000,30000,1143000
DH2026009317,KH00014,SP016,5,11990000,0,5995000,28000,65973000
DH2026002415,KH00464,SP023,5,5990000,0,2905000,22000,31979000
DH2026002055,KH00025,SP020,1,1190000,0,105000,35000,1187000
DH2026003049,KH00007,SP018,1,390000,0,38000,30000,446000
DH2026006033,KH00001,SP018,1,390000,0,39000,40000,469000
DH2026006673,KH00046,SP003,4,19990000,0,7196000,28000,79188000
DH2026009149,KH00028,SP025,1,4290000,0,365000,18000,4029000
DH2026009697,KH00005,SP016,1,11990000,0,1139000,30000,12559000
DH2026001418,KH00001,SP007,2,23990000,0,4078000,40000,44901000
DH2026001787,KH00001,SP013,4,990000,0,356000,30000,3950000
DH2026002157,KH00003,SP021,1,350000,0,35000,22000,407000
DH2026004296,KH00001,SP026,1,990000,0,94000,35000,1069000
DH2026008200,KH00231,SP018,2,390000,0,78000,22000,880000
DH2026009232,KH00003,SP022,3,190000,0,57000,18000,645000
DH2026001612,KH00005,SP022,2,190000,0,38000,35000,453000
DH2026002192,KH00002,SP003,2,19990000,0,3998000,45000,44023000
DH2026003285,KH00005,SP007,3,23990000,0,7197000,25000,79192000
DH2026004586,KH00264,SP007,2,23990000,0,4222000,18000,46462000
DH2026005588,KH00003,SP023,1,5990000,0,569000,30000,6289000
DH2026008139,KH00003,SP006,2,7990000,0,1598000,35000,17613000
DH2026003376,KH00001,SP009,3,15990000,0,4557000,28000,50157000
DH2026005485,KH00055,SP012,2,1590000,0,318000,25000,3523000
DH2026006838,KH00006,SP020,1,1190000,0,115000,40000,1309000
DH2026007291,KH00144,SP016,1,11990000,0,1163000,35000,12828000
DH2026008146,KH00001,SP012,6,1590000,0,925000,18000,10197000
DH2026000828,KH00020,SP024,3,5490000,0,1449000,40000,15983000
DH2026002474,KH00005,SP023,2,5990000,0,1138000,45000,12564000
DH2026004268,KH00005,SP024,1,5490000,0,532000,40000,5897000
DH2026004920,KH00001,SP003,1,19990000,0,1939000,28000,21357000
DH2026009809,KH01826,SP017,6,3290000,0,1777000,30000,19573000
DH2026000585,KH00011,SP017,2,3290000,0,579000,25000,6394000
DH2026001615,KH00001,SP020,4,1190000,0,476000,28000,5264000
DH2026003138,KH00025,SP003,1,19990000,0,1999000,22000,22011000
DH2026003340,KH00001,SP006,2,7990000,0,1518000,35000,16734000
DH2026003785,KH00006,SP001,2,4590000,0,872000,35000,9628000
DH2026003789,KH00003,SP021,1,350000,0,35000,22000,407000
DH2026004034,KH00005,SP023,2,5990000,0,1114000,25000,12280000
DH2026004108,KH00051,SP023,1,5990000,0,509000,22000,5623000
DH2026008760,KH00201,SP013,1,990000,0,84000,22000,948000
DH2026009061,KH00021,SP011,1,3990000,0,319000,45000,3556000
DH2026000689,KH00029,SP015,3,7990000,0,2397000,28000,26395000
DH2026000708,KH00001,SP004,3,16990000,0,4332000,28000,47684000
DH2026000904,KH00016,SP021,1,350000,0,30000,35000,363000
DH2026004542,KH00080,SP019,3,690000,0,176000,40000,1976000
DH2026001012,KH00001,SP008,6,13990000,0,8394000,28000,92362000
DH2026001181,KH00013,SP012,2,1590000,0,308000,18000,3411000
DH2026001843,KH00003,SP012,6,1590000,0,954000,30000,10524000
DH2026004847,KH00018,SP010,3,12990000,0,3624000,22000,39888000
DH2026005961,KH00003,SP011,1,3990000,0,359000,22000,3972000
DH2026006276,KH00001,SP022,1,190000,0,19000,45000,254000
DH2026009510,KH00004,SP021,6,350000,0,210000,40000,2350000
DH2026001536,KH00229,SP026,1,990000,0,99000,45000,1134000
DH2026003477,KH00001,SP014,6,1190000,0,714000,25000,7879000
DH2026004043,KH00004,SP011,10,3990000,0,3511000,25000,38648000
DH2026004126,KH00001,SP019,2,690000,0,117000,28000,1318000
DH2026009941,KH00064,SP004,2,16990000,0,2718000,45000,29947000
DH2026000795,KH00001,SP010,4,12990000,0,4157000,18000,45743000
DH2026001791,KH00005,SP013,1,990000,0,94000,28000,1062000
DH2026003127,KH00129,SP010,2,12990000,0,2208000,28000,24319000
DH2026004384,KH00041,SP003,1,19990000,0,1999000,35000,22024000
DH2026004483,KH00023,SP001,1,4590000,0,404000,28000,4471000
DH2026000072,KH00001,SP025,3,4290000,0,1030000,25000,11351000
DH2026002159,KH00002,SP005,2,4990000,0,948000,25000,10454000
DH2026001651,KH00023,SP013,3,990000,0,297000,40000,3307000
DH2026002534,KH01063,SP014,2,1190000,0,226000,45000,2532000
DH2026002986,KH00001,SP011,3,3990000,0,1161000,22000,12794000
DH2026003650,KH00001,SP009,2,15990000,0,3198000,18000,35196000
DH2026004147,KH00117,SP024,2,5490000,0,1065000,45000,11761000
DH2026008450,KH00002,SP012,3,1590000,0,463000,28000,5118000
DH2026008955,KH00216,SP008,1,13990000,0,1399000,30000,15419000
DH2026009907,KH00044,SP017,1,3290000,0,306000,40000,3406000
DH2026001813,KH00016,SP014,2,1190000,0,221000,30000,2464000
DH2026001816,KH00025,SP004,5,16990000,0,8495000,40000,93485000
DH2026009773,KH00291,SP023,1,5990000,0,557000,30000,6158000
DH2026001682,KH00003,SP002,5,18990000,0,9495000,30000,104475000
DH2026004113,KH00002,SP016,1,11990000,0,959000,45000,10596000
DH2026007074,KH00007,SP026,1,990000,0,89000,28000,1008000
DH2026008051,KH00001,SP010,4,12990000,0,4157000,25000,45750000
DH2026000266,KH00510,SP009,1,15990000,0,1599000,40000,17629000
DH2026001357,KH00020,SP021,8,350000,0,260000,22000,2886000
DH2026003350,KH00005,SP015,1,7990000,0,679000,45000,7516000
DH2026007264,KH01520,SP007,1,23990000,0,2399000,45000,26434000
DH2026002997,KH00140,SP008,2,13990000,0,2602000,25000,28648000
DH2026005304,KH00001,SP002,1,18990000,0,1899000,35000,20924000
DH2026006143,KH00058,SP012,2,1590000,0,270000,18000,2991000
DH2026008702,KH00001,SP025,1,4290000,0,429000,22000,4741000
DH2026008755,KH00001,SP014,2,1190000,0,214000,30000,2386000
DH2026009477,KH00007,SP026,3,990000,0,297000,25000,3292000
DH2026002776,KH00009,SP006,2,7990000,0,1406000,40000,15508000
DH2026004192,KH00020,SP008,2,13990000,0,2658000,35000,29274000
DH2026005140,KH00043,SP026,2,990000,0,198000,28000,2206000
DH2026007341,KH00001,SP010,1,12990000,0,1234000,35000,13609000
DH2026007618,KH00001,SP003,1,19990000,0,1999000,22000,22011000
DH2026008271,KH00010,SP021,2,350000,0,65000,25000,741000
DH2026000853,KH00003,SP006,3,7990000,0,2229000,40000,24561000
DH2026001523,KH00001,SP022,1,190000,0,18000,25000,227000
DH2026005815,KH00002,SP002,6,18990000,0,10255000,30000,112831000
DH2026008257,KH00010,SP004,2,16990000,0,3160000,40000,34801000
DH2026000977,KH01876,SP013,1,990000,0,89000,45000,1025000
DH2026002166,KH00707,SP018,1,390000,0,36000,25000,424000
DH2026002447,KH00145,SP001,3,4590000,0,1377000,45000,15192000
DH2026003851,KH00009,SP007,1,23990000,0,2399000,45000,26434000
DH2026006361,KH00001,SP007,1,23990000,0,1919000,45000,21156000
DH2026006871,KH00252,SP013,2,990000,0,198000,18000,2196000
DH2026001240,KH00001,SP019,8,690000,0,524000,22000,5790000
DH2026006494,KH00002,SP012,2,1590000,0,270000,18000,2991000
DH2026008825,KH00006,SP004,2,16990000,0,2990000,28000,32920000
DH2026009702,KH00005,SP021,1,350000,0,32000,28000,375000
DH2026005341,KH00002,SP005,1,4990000,0,464000,18000,5123000
DH2026005590,KH00078,SP015,2,7990000,0,1598000,30000,17608000
DH2026007131,KH00001,SP004,3,16990000,0,4485000,25000,49364000
DH2026007987,KH00118,SP023,1,5990000,0,599000,18000,6607000
DH2026009183,KH00013,SP019,3,690000,0,207000,45000,2322000
DH2026004324,KH00101,SP003,5,19990000,0,8496000,30000,93484000
DH2026005794,KH00030,SP026,1,990000,0,96000,30000,1086000
DH2026006377,KH00001,SP017,2,3290000,0,658000,40000,7278000
DH2026001602,KH00407,SP024,5,5490000,0,2470000,30000,27205000
DH2026004089,KH00001,SP024,1,5490000,0,483000,35000,5349000
DH2026008212,KH00002,SP022,3,190000,0,50000,45000,597000
DH2026000937,KH00397,SP010,4,12990000,0,4676000,25000,51465000
DH2026005793,KH00970,SP012,2,1590000,0,318000,45000,3543000
DH2026002810,KH00008,SP022,3,190000,0,54000,35000,631000
DH2026004509,KH00002,SP022,1,190000,0,18000,40000,235000
DH2026005563,KH00521,SP011,2,3990000,0,774000,35000,8550000
DH2026008085,KH00010,SP015,2,7990000,0,1278000,25000,14087000
DH2026008284,KH00002,SP022,1,190000,0,19000,25000,234000
DH2026009841,KH00006,SP009,2,15990000,0,2718000,22000,29923000
DH2026000522,KH00015,SP003,2,19990000,0,3198000,25000,35207000
DH2026003276,KH00012,SP003,10,19990000,0,17591000,30000,193533000
DH2026002026,KH00002,SP011,1,3990000,0,399000,30000,4419000
DH2026004704,KH00117,SP020,6,1190000,0,571000,28000,6311000
DH2026004007,KH00530,SP008,2,13990000,0,2658000,30000,29269000
DH2026004529,KH00023,SP007,3,23990000,0,6693000,30000,73655000
DH2026007283,KH00011,SP015,1,7990000,0,799000,45000,8834000
DH2026008371,KH00022,SP006,1,7990000,0,799000,40000,8829000
DH2026000834,KH00003,SP007,1,23990000,0,2399000,30000,26419000
DH2026001737,KH00290,SP011,1,3990000,0,339000,30000,3761000
DH2026005333,KH00007,SP012,2,1590000,0,302000,30000,3353000
DH2026006118,KH00001,SP006,3,7990000,0,2325000,25000,25601000
DH2026006193,KH00091,SP004,2,16990000,0,2718000,28000,29930000
DH2026003726,KH00240,SP001,5,4590000,0,2295000,22000,25267000
DH2026007561,KH00009,SP004,2,16990000,0,3058000,45000,33685000
DH2026001807,KH00002,SP003,2,19990000,0,3518000,40000,38740000
DH2026005319,KH02172,SP013,2,990000,0,184000,30000,2055000
DH2026008594,KH00001,SP007,1,23990000,0,2399000,45000,26434000
