ten_san_pham,thuong_hieu,danh_muc,gia_goc,gia_ban,phan_tram_giam_gia,so_luong_da_ban,so_luong_ton,rating,so_luot_danh_gia,ten_shop,shop_mall,dia_diem_shop,danh_gia_shop,tham_gia_tu
WH-1000XM5,Sony,Tai nghe,719610,561295,22,2016,457,3.7,214,Smart Sony 95,Có,Hải Phòng,4.4,2016
Galaxy S24,Samsung,Điện thoại,20613608,12986573,37,4941,54,4.3,4469,Store Samsung 29,Không,Hải Phòng,4.3,2016
Pavilion 14,HP,Laptop,58851341,40018911,32,2797,569,3.7,1383,Tech HP 12,Không,TP.HCM,4.4,2021
XPS 13,Dell,Laptop,14915909,9844499,34,4402,255,5.0,3105,Tech Dell 71,Không,Hải Phòng,4.9,2021
Inspiron 15,Dell,Laptop,59283015,53947543,9,385,1354,3.8,153,Tech Dell 30,Có,Cần Thơ,4.3,2021
MacBook Air M2,Apple,Laptop,35841813,29390286,18,2197,1437,4.9,297,Center Apple 82,Có,Hải Phòng,4.7,2018
Vivobook 15,Asus,Laptop,30115891,18069534,40,1809,1402,4.0,1578,Mega Asus 8,Có,TP.HCM,4.8,2022
Redmi Note 13,Xiaomi,Điện thoại,19158818,14369113,25,1751,1342,4.2,1321,Store Xiaomi 19,Không,Hà Nội,4.2,2024
XPS 13,Dell,Laptop,51230901,34837012,32,4790,817,4.0,1138,Center Dell 64,Có,TP.HCM,4.9,2018
WH-1000XM5,Sony,Tai nghe,11716580,7967274,32,4895,130,4.1,4886,Store Sony 68,Không,Hải Phòng,4.9,2016
Xperia 1 V,Sony,Điện thoại,12687437,7739336,39,2195,1312,4.0,1207,Store Sony 21,Không,TP.HCM,5.0,2020
Inspiron 15,Dell,Laptop,46069940,41002246,11,2454,1308,4.3,819,Mobile Dell 48,Có,Hải Phòng,5.0,2024
Galaxy Z Fold5,Samsung,Điện thoại,26753744,17122396,36,169,229,4.9,83,Mobile Samsung 8,Có,Hải Phòng,4.9,2017
PlayStation 5,Sony,Gaming,9644773,5883311,39,1040,262,4.5,343,Digital Sony 68,Không,Hà Nội,4.9,2019
PlayStation 5,Sony,Gaming,31775919,22878661,28,3598,1059,4.2,1020,Mobile Sony 9,Không,TP.HCM,4.6,2019
Inspiron 15,Dell,Laptop,12482569,11359137,9,492,468,3.6,21,Mega Dell 43,Có,Hải Phòng,4.2,2023
AirPods Pro 2,Apple,Tai nghe,2519824,1637885,35,2000,968,4.7,394,Tech Apple 13,Không,Đà Nẵng,4.4,2023
EliteBook 840,HP,Laptop,15635366,13915475,11,506,824,4.6,414,Mega HP 14,Có,Hà Nội,4.2,2023
MacBook Air M2,Apple,Laptop,24313673,18964664,22,3799,511,4.8,313,Store Apple 71,Có,TP.HCM,4.7,2024
Pavilion 14,HP,Laptop,18258758,14607006,20,1372,832,4.2,442,Mega HP 52,Có,Hà Nội,4.4,2022
Xiaomi 14,Xiaomi,Điện thoại,24142751,16417070,32,4562,1355,4.6,1273,Mobile Xiaomi 38,Có,TP.HCM,4.6,2024
Galaxy Z Fold5,Samsung,Điện thoại,26045662,23962009,8,420,1196,4.2,276,Mobile Samsung 8,Có,Hà Nội,4.1,2017
WH-1000XM5,Sony,Tai nghe,7074229,6225321,12,4676,504,4.4,330,Center Sony 11,Không,Hải Phòng,4.6,2021
Redmi Note 13,Xiaomi,Điện thoại,26084522,20867617,20,2185,810,3.7,1233,Store Xiaomi 41,Có,TP.HCM,4.5,2025
Galaxy S24,Samsung,Điện thoại,19304543,12161862,37,2182,271,4.9,286,Mobile Samsung 48,Không,Hà Nội,4.4,2024
PlayStation 5,Sony,Gaming,40496609,38471778,5,4553,613,4.9,853,Mobile Sony 34,Có,TP.HCM,4.7,2018
Xiaomi 14,Xiaomi,Điện thoại,19135116,14159985,26,1677,1407,4.5,545,Center Xiaomi 63,Không,TP.HCM,4.1,2022
Victus 16,HP,Laptop,14958612,14210681,5,2742,267,4.5,1077,Mobile HP 95,Không,Hải Phòng,4.7,2024
Galaxy S24,Samsung,Điện thoại,10049529,8642594,14,4479,73,4.8,1218,Store Samsung 17,Có,Đà Nẵng,4.4,2016
Redmi Note 13,Xiaomi,Điện thoại,21745657,19353634,11,2907,1146,4.8,1669,Center Xiaomi 96,Có,Hà Nội,4.9,2018
ROG Strix G16,Asus,Laptop,24036690,17787150,26,3382,1371,4.8,3325,Mobile Asus 35,Có,TP.HCM,4.4,2016
Victus 16,HP,Laptop,26927274,22349637,17,3780,716,4.0,3262,Mega HP 30,Có,TP.HCM,4.7,2022
Xiaomi 14,Xiaomi,Điện thoại,9658747,7533822,22,2886,1313,4.3,2788,Mega Xiaomi 69,Không,TP.HCM,4.1,2020
AirPods Pro 2,Apple,Tai nghe,4753786,4421020,7,898,1221,4.2,751,Mega Apple 41,Không,Hải Phòng,5.0,2017
Zenbook OLED,Asus,Laptop,24755970,19557216,21,373,1451,4.2,271,Mega Asus 69,Có,Đà Nẵng,4.4,2021
XPS 13,Dell,Laptop,56519179,49736877,12,2470,1038,4.0,1677,Digital Dell 52,Không,Hải Phòng,4.1,2022
PlayStation 5,Sony,Gaming,16678777,12675870,24,3336,1122,4.8,1249,Digital Sony 27,Không,Hải Phòng,4.6,2021
Vivobook 15,Asus,Laptop,41672841,34171729,18,4197,969,4.7,1395,Smart Asus 11,Không,Hải Phòng,4.7,2025
Redmi Note 13,Xiaomi,Điện thoại,20761764,15778940,24,1850,407,3.7,99,Mobile Xiaomi 61,Có,Cần Thơ,4.4,2025
AirPods Pro 2,Apple,Tai nghe,11982885,8507848,29,4059,818,3.9,2692,Smart Apple 1,Có,Cần Thơ,4.2,2024
ROG Strix G16,Asus,Laptop,49406869,39525495,20,1004,934,3.7,480,Smart Asus 68,Không,Cần Thơ,4.6,2024
Zenbook OLED,Asus,Laptop,41924755,35636041,15,3898,921,3.9,1017,Mega Asus 82,Không,Hải Phòng,4.5,2019
Xiaomi 14,Xiaomi,Điện thoại,10199819,7853860,23,1930,556,4.0,1833,Center Xiaomi 11,Có,Hà Nội,4.2,2018
WH-1000XM5,Sony,Tai nghe,1377581,950530,31,3349,677,4.3,1708,Tech Sony 27,Không,Cần Thơ,4.9,2025
WH-1000XM5,Sony,Tai nghe,9958481,7070521,29,3917,12,4.9,1228,Mega Sony 50,Không,Hải Phòng,4.7,2024
EliteBook 840,HP,Laptop,26800101,17152064,36,1807,558,4.2,64,Store HP 44,Không,Hà Nội,4.8,2018
Alienware M16,Dell,Gaming,6809687,4766780,30,4858,1155,4.5,692,Smart Dell 55,Có,Cần Thơ,4.2,2020
Vivobook 15,Asus,Laptop,26204281,17294825,34,2687,691,4.6,1557,Digital Asus 97,Không,Đà Nẵng,4.8,2023
Galaxy Z Fold5,Samsung,Điện thoại,8495405,6201645,27,1846,1331,3.6,1339,Tech Samsung 97,Có,Hà Nội,4.2,2016
Inspiron 15,Dell,Laptop,28008480,24367377,13,3889,1371,3.7,3887,Mobile Dell 60,Không,Đà Nẵng,4.2,2025
Xperia 1 V,Sony,Điện thoại,12686170,10783244,15,2558,221,4.4,1282,Center Sony 87,Không,Cần Thơ,4.9,2019
Galaxy Z Fold5,Samsung,Điện thoại,21297346,18954637,11,2480,1401,4.4,500,Mega Samsung 73,Có,Đà Nẵng,4.5,2021
Galaxy Z Fold5,Samsung,Điện thoại,27899636,26504654,5,3451,1003,3.7,1488,Smart Samsung 59,Có,Cần Thơ,4.2,2024
PlayStation 5,Sony,Gaming,41116172,26725511,35,3818,892,4.7,2431,Digital Sony 42,Có,TP.HCM,4.3,2023
MacBook Air M2,Apple,Laptop,50241962,35671793,29,2765,58,4.2,1336,Mobile Apple 63,Có,Đà Nẵng,4.8,2021
Redmi Buds 5,Xiaomi,Tai nghe,4935017,2961010,40,93,1058,4.9,15,Mobile Xiaomi 93,Không,Cần Thơ,4.6,2019
PlayStation 5,Sony,Gaming,37938462,25418769,33,151,190,3.9,108,Smart Sony 32,Không,Hải Phòng,4.4,2024
XPS 13,Dell,Laptop,40555077,24333046,40,2719,720,4.6,1114,Digital Dell 33,Có,TP.HCM,4.7,2021
Galaxy Z Fold5,Samsung,Điện thoại,17425195,14462911,17,1782,991,3.9,1212,Mega Samsung 68,Không,TP.HCM,4.8,2020
MacBook Air M2,Apple,Laptop,24042118,18272009,24,125,1450,4.3,40,Tech Apple 7,Không,Hà Nội,4.6,2023
Galaxy S24,Samsung,Điện thoại,24081689,15653097,35,3931,902,4.0,215,Digital Samsung 62,Có,TP.HCM,4.4,2017
Alienware M16,Dell,Gaming,8597644,7393973,14,1232,1152,4.9,179,Mobile Dell 16,Không,Hải Phòng,4.6,2025
AirPods Pro 2,Apple,Tai nghe,6681684,4476728,33,3636,608,4.8,1761,Digital Apple 73,Có,Hải Phòng,5.0,2017
Pavilion 14,HP,Laptop,53977603,44261634,18,2177,1352,3.6,987,Mobile HP 71,Có,Hà Nội,4.0,2023
Xperia 1 V,Sony,Điện thoại,36535292,28132174,23,277,474,3.9,149,Smart Sony 59,Có,Hà Nội,4.9,2025
WH-1000XM5,Sony,Tai nghe,7432648,6540730,12,4471,460,4.5,2181,Mega Sony 19,Có,TP.HCM,4.2,2020
Alienware M16,Dell,Gaming,43198838,33263105,23,3607,254,4.2,1250,Smart Dell 52,Không,Hải Phòng,4.5,2023
Galaxy Z Fold5,Samsung,Điện thoại,7675011,5219007,32,2650,1236,3.9,379,Mobile Samsung 87,Có,Đà Nẵng,4.6,2018
Zenbook OLED,Asus,Laptop,55722061,37333780,33,2288,371,5.0,1790,Smart Asus 63,Có,Cần Thơ,4.3,2021
Redmi Buds 5,Xiaomi,Tai nghe,2054894,1746659,15,2711,843,4.5,1185,Smart Xiaomi 52,Có,Cần Thơ,4.1,2020
Redmi Note 13,Xiaomi,Điện thoại,32123728,20237948,37,19,1346,4.8,12,Store Xiaomi 7,Có,Hải Phòng,4.4,2023
PlayStation 5,Sony,Gaming,8463607,6940157,18,2197,1124,3.7,1184,Store Sony 90,Không,TP.HCM,4.0,2025
Pavilion 14,HP,Laptop,59632719,50687811,15,2555,1128,3.5,1676,Tech HP 29,Có,Cần Thơ,4.9,2018
Zenbook OLED,Asus,Laptop,31586497,19899493,37,2249,850,4.8,1939,Mobile Asus 59,Có,Cần Thơ,4.2,2025
Alienware M16,Dell,Gaming,14160919,12886436,9,2273,849,4.0,2084,Digital Dell 1,Không,Đà Nẵng,4.8,2025
PlayStation 5,Sony,Gaming,14972069,10031286,33,4422,991,4.0,3095,Store Sony 42,Có,Hà Nội,4.6,2019
Victus 16,HP,Laptop,14929120,11196840,25,3884,1444,4.9,1566,Store HP 85,Có,Cần Thơ,5.0,2018
Alienware M16,Dell,Gaming,27279787,24279010,11,3616,204,4.3,1876,Tech Dell 93,Có,Cần Thơ,4.9,2018
Galaxy A55,Samsung,Điện thoại,22785377,16861178,26,3266,1330,3.6,1350,Mega Samsung 87,Không,Đà Nẵng,4.6,2023
EliteBook 840,HP,Laptop,14409147,13112323,9,1933,1292,4.5,593,Mobile HP 96,Có,Cần Thơ,5.0,2017
ROG Strix G16,Asus,Laptop,58573629,44515958,24,247,94,4.0,19,Digital Asus 46,Không,Cần Thơ,4.1,2024
Zenbook OLED,Asus,Laptop,57754848,48514072,16,1402,358,3.6,788,Center Asus 88,Có,Cần Thơ,4.9,2018
MacBook Air M2,Apple,Laptop,54809055,43299153,21,3774,522,4.5,3686,Mega Apple 60,Không,Hải Phòng,4.2,2023
Redmi Buds 5,Xiaomi,Tai nghe,5318975,3616903,32,2058,935,4.8,820,Store Xiaomi 62,Có,Hà Nội,4.4,2021
XPS 13,Dell,Laptop,58927824,45374424,23,189,1348,4.1,7,Center Dell 88,Có,Hải Phòng,4.7,2020
Pavilion 14,HP,Laptop,52739442,38499792,27,1804,1303,3.8,518,Smart HP 97,Có,TP.HCM,4.9,2016
Xiaomi 14,Xiaomi,Điện thoại,7239055,5212119,28,1086,184,4.9,674,Smart Xiaomi 54,Có,Hà Nội,4.1,2024
Redmi Buds 5,Xiaomi,Tai nghe,8718719,6800600,22,1357,526,4.9,991,Mega Xiaomi 38,Không,TP.HCM,4.5,2017
iPhone 15,Apple,Điện thoại,31669833,19001899,40,3006,184,4.7,62,Digital Apple 69,Có,Cần Thơ,4.4,2020
XPS 13,Dell,Laptop,54852315,39493666,28,897,1382,3.9,30,Center Dell 72,Không,Hải Phòng,4.2,2017
PlayStation 5,Sony,Gaming,25279639,17442950,31,965,286,3.6,43,Digital Sony 64,Có,TP.HCM,4.2,2024
MacBook Air M2,Apple,Laptop,42443517,30559332,28,4435,858,4.4,1270,Store Apple 84,Có,Cần Thơ,4.6,2020
Galaxy Z Fold5,Samsung,Điện thoại,29865844,24489992,18,3642,910,4.9,3508,Digital Samsung 13,Không,Hải Phòng,4.9,2021
Galaxy A55,Samsung,Điện thoại,23514090,19516694,17,1010,931,3.6,222,Smart Samsung 82,Có,TP.HCM,4.8,2019
AirPods Pro 2,Apple,Tai nghe,3742778,3405927,9,4550,424,4.4,1913,Digital Apple 19,Có,Đà Nẵng,4.9,2018
AirPods Pro 2,Apple,Tai nghe,4505279,3784434,16,910,1353,4.8,139,Tech Apple 46,Có,Hải Phòng,4.3,2018
Redmi Note 13,Xiaomi,Điện thoại,13506621,9319568,31,4319,232,4.6,3906,Store Xiaomi 47,Có,Cần Thơ,4.5,2025
Galaxy Z Fold5,Samsung,Điện thoại,39993998,30395438,24,3762,1317,4.9,254,Store Samsung 52,Không,TP.HCM,4.5,2023
Galaxy S24,Samsung,Điện thoại,26616558,22890239,14,548,258,3.9,337,Store Samsung 77,Không,Cần Thơ,4.5,2022
Galaxy Z Fold5,Samsung,Điện thoại,12678198,7606918,40,1771,880,4.2,472,Store Samsung 44,Không,Cần Thơ,4.4,2017
Xiaomi 14,Xiaomi,Điện thoại,25973101,20518749,21,3076,312,4.5,1947,Tech Xiaomi 12,Có,TP.HCM,4.4,2021
Pavilion 14,HP,Laptop,49337408,45390415,8,4814,1150,4.3,1006,Store HP 46,Không,TP.HCM,5.0,2025
Xiaomi 14,Xiaomi,Điện thoại,11952516,7530085,37,1752,316,4.5,464,Mega Xiaomi 14,Không,Hải Phòng,4.4,2020
Inspiron 15,Dell,Laptop,40797246,24478347,40,4570,53,4.4,2195,Tech Dell 24,Không,Đà Nẵng,4.9,2021
Galaxy S24,Samsung,Điện thoại,14613444,10229410,30,580,290,4.6,36,Tech Samsung 96,Có,Cần Thơ,4.4,2021
MacBook Air M2,Apple,Laptop,32913629,24685221,25,4659,1221,3.6,435,Mobile Apple 21,Có,TP.HCM,4.3,2022
Zenbook OLED,Asus,Laptop,41665083,28748907,31,2247,441,4.6,471,Digital Asus 56,Có,Đà Nẵng,4.7,2025
Zenbook OLED,Asus,Laptop,56770508,43145586,24,382,451,4.1,311,Tech Asus 1,Có,Đà Nẵng,4.9,2018
Victus 16,HP,Laptop,31424468,23568351,25,992,15,4.2,445,Mobile HP 17,Không,Hải Phòng,4.7,2024
Alienware M16,Dell,Gaming,28767756,26178657,9,3262,86,4.2,1888,Tech Dell 41,Không,Hải Phòng,4.4,2022
Redmi Note 13,Xiaomi,Điện thoại,32181258,30250382,6,2670,351,4.7,2536,Store Xiaomi 89,Không,TP.HCM,4.4,2017
MacBook Air M2,Apple,Laptop,51518483,36062938,30,4302,161,4.1,2546,Smart Apple 44,Có,Đà Nẵng,4.8,2017
Alienware M16,Dell,Gaming,12652198,7844362,38,4187,397,4.9,2867,Digital Dell 94,Có,Hà Nội,4.1,2020
iPhone 15,Apple,Điện thoại,15258917,13885614,9,1461,1286,4.2,1159,Mega Apple 75,Không,Hải Phòng,4.6,2025
Redmi Buds 5,Xiaomi,Tai nghe,5603930,4819379,14,3612,139,4.2,2591,Digital Xiaomi 36,Có,Đà Nẵng,4.5,2020
Vivobook 15,Asus,Laptop,14523779,13361876,8,3030,587,3.6,374,Center Asus 77,Không,Cần Thơ,4.6,2016
Zenbook OLED,Asus,Laptop,55744071,46267578,17,2643,1239,4.2,622,Tech Asus 58,Có,Đà Nẵng,5.0,2017
Alienware M16,Dell,Gaming,16580232,15419615,7,2039,1449,4.2,904,Center Dell 67,Có,Đà Nẵng,4.4,2020
Vivobook 15,Asus,Laptop,34707434,31930839,8,2751,134,4.0,2290,Smart Asus 50,Không,Đà Nẵng,4.7,2025
Pavilion 14,HP,Laptop,34371547,30934392,10,4783,1359,3.7,2870,Digital HP 84,Không,Hà Nội,4.6,2017
Redmi Buds 5,Xiaomi,Tai nghe,6619630,4898526,26,1056,1372,4.6,196,Smart Xiaomi 86,Không,Hải Phòng,4.4,2021
Redmi Note 13,Xiaomi,Điện thoại,19374226,14336927,26,3993,393,3.8,568,Mobile Xiaomi 10,Không,TP.HCM,4.5,2024
EliteBook 840,HP,Laptop,47334939,44021493,7,2768,1265,3.7,1548,Mobile HP 21,Có,Hải Phòng,4.8,2018
PlayStation 5,Sony,Gaming,7932149,5473182,31,2994,1385,4.6,1824,Center Sony 37,Không,Hà Nội,4.5,2020
Victus 16,HP,Laptop,25020205,18014547,28,4682,902,4.2,2313,Mega HP 49,Không,Hà Nội,4.8,2025
MacBook Air M2,Apple,Laptop,15501727,10076122,35,3050,1135,4.9,2918,Mega Apple 67,Có,Đà Nẵng,4.1,2018
Xiaomi 14,Xiaomi,Điện thoại,39450519,33927446,14,3593,187,4.9,914,Mega Xiaomi 58,Không,TP.HCM,4.4,2022
XPS 13,Dell,Laptop,27822798,19754186,29,678,767,3.8,331,Tech Dell 92,Không,Hà Nội,4.1,2020
Victus 16,HP,Laptop,58712600,51079962,13,3852,918,4.4,3715,Tech HP 3,Không,Hà Nội,4.8,2024
Xperia 1 V,Sony,Điện thoại,33404146,29395648,12,2370,486,4.0,200,Mobile Sony 54,Không,TP.HCM,4.1,2023
Alienware M16,Dell,Gaming,6102957,3844862,37,4720,495,4.6,2391,Store Dell 1,Không,Hà Nội,4.6,2018
Xperia 1 V,Sony,Điện thoại,10745455,6662182,38,2964,138,4.9,2233,Center Sony 65,Có,Cần Thơ,4.9,2016
PlayStation 5,Sony,Gaming,30051899,23741000,21,143,731,4.7,93,Mobile Sony 94,Có,Hải Phòng,4.7,2021
iPhone 15,Apple,Điện thoại,28642388,17471856,39,2783,1316,3.8,1908,Smart Apple 62,Có,Hà Nội,4.1,2023
Galaxy A55,Samsung,Điện thoại,18528542,17231544,7,1644,85,4.0,640,Center Samsung 51,Không,Đà Nẵng,4.0,2019
Xiaomi 14,Xiaomi,Điện thoại,8208074,6073974,26,2248,254,4.7,1794,Store Xiaomi 96,Không,Cần Thơ,4.3,2018
Zenbook OLED,Asus,Laptop,45388229,32679524,28,4263,546,4.7,3482,Tech Asus 56,Có,Hải Phòng,4.3,2017
Galaxy A55,Samsung,Điện thoại,24840061,18878446,24,3662,1234,4.6,687,Smart Samsung 57,Không,Cần Thơ,4.0,2021
XPS 13,Dell,Laptop,30425098,27991090,8,624,1374,4.5,377,Center Dell 96,Có,TP.HCM,4.1,2025
PlayStation 5,Sony,Gaming,7335319,6381727,13,560,483,4.7,380,Digital Sony 50,Có,Hải Phòng,4.2,2023
Xiaomi 14,Xiaomi,Điện thoại,34792261,31660957,9,4711,281,4.3,3265,Digital Xiaomi 84,Không,Hà Nội,5.0,2016
WH-1000XM5,Sony,Tai nghe,8672568,5376992,38,3180,1150,3.7,3179,Digital Sony 91,Không,Hà Nội,5.0,2020
PlayStation 5,Sony,Gaming,18433741,16221692,12,1121,151,4.2,916,Tech Sony 88,Không,Đà Nẵng,4.7,2024
XPS 13,Dell,Laptop,32129751,27310288,15,1436,740,4.3,253,Mobile Dell 18,Có,Cần Thơ,4.0,2024
XPS 13,Dell,Laptop,43367074,26020244,40,1073,1253,4.8,139,Digital Dell 51,Không,Hải Phòng,4.4,2022
EliteBook 840,HP,Laptop,16949326,14745913,13,2607,1315,3.6,1913,Smart HP 67,Không,Hà Nội,4.9,2024
Xperia 1 V,Sony,Điện thoại,17211339,14973864,13,3554,1029,4.9,231,Mega Sony 16,Có,Đà Nẵng,4.2,2021
WH-1000XM5,Sony,Tai nghe,6105303,3785287,38,2336,161,3.9,2261,Digital Sony 17,Không,Hải Phòng,4.5,2024
WH-1000XM5,Sony,Tai nghe,10228898,8796852,14,1412,1349,4.4,1244,Digital Sony 73,Có,TP.HCM,4.1,2025
Redmi Buds 5,Xiaomi,Tai nghe,3836777,2647376,31,258,1019,4.8,144,Digital Xiaomi 83,Không,Cần Thơ,4.2,2022
Xiaomi 14,Xiaomi,Điện thoại,9897136,9105365,8,1304,900,4.1,956,Mobile Xiaomi 44,Có,Đà Nẵng,4.9,2021
PlayStation 5,Sony,Gaming,31757418,27628953,13,3045,1054,4.3,1312,Mobile Sony 60,Có,Đà Nẵng,4.4,2018
Galaxy S24,Samsung,Điện thoại,24475797,17377815,29,3435,508,4.9,659,Mega Samsung 42,Không,Hà Nội,4.8,2023
XPS 13,Dell,Laptop,45471197,34558109,24,4084,47,3.6,1615,Center Dell 59,Có,Hà Nội,4.6,2016
Galaxy A55,Samsung,Điện thoại,38211787,24837661,35,2350,1099,3.5,445,Store Samsung 18,Không,Đà Nẵng,4.8,2021
Galaxy A55,Samsung,Điện thoại,8433134,5059880,40,1604,742,4.3,155,Store Samsung 65,Không,Hải Phòng,4.3,2025
Xperia 1 V,Sony,Điện thoại,12973272,11286746,13,802,806,4.1,352,Center Sony 47,Có,Hà Nội,4.6,2022
Inspiron 15,Dell,Laptop,15040256,13987438,7,1132,1461,4.0,975,Center Dell 59,Có,Hải Phòng,4.9,2018
Redmi Buds 5,Xiaomi,Tai nghe,5644047,4797439,15,3229,1262,4.6,1230,Center Xiaomi 44,Không,Hải Phòng,4.3,2016
Xiaomi 14,Xiaomi,Điện thoại,12355439,8525252,31,4791,630,4.7,223,Center Xiaomi 61,Không,Hải Phòng,4.6,2016
XPS 13,Dell,Laptop,23442870,14534579,38,3124,302,4.7,997,Tech Dell 74,Có,Hà Nội,4.0,2021
ROG Strix G16,Asus,Laptop,39713283,32564892,18,3371,1027,4.7,1936,Mega Asus 95,Có,Hà Nội,4.5,2024
Redmi Buds 5,Xiaomi,Tai nghe,8325733,5161954,38,3096,642,4.9,1887,Center Xiaomi 44,Không,Đà Nẵng,4.6,2019
MacBook Air M2,Apple,Laptop,49452561,37583946,24,1852,609,4.7,1448,Mobile Apple 89,Không,Đà Nẵng,4.5,2024
EliteBook 840,HP,Laptop,30351424,23370596,23,1008,1174,4.5,393,Store HP 45,Có,Đà Nẵng,4.0,2017
Xiaomi 14,Xiaomi,Điện thoại,22209663,14436280,35,1762,413,4.7,560,Center Xiaomi 90,Không,Hà Nội,4.1,2025
iPhone 15,Apple,Điện thoại,8406810,5212222,38,1858,1306,3.8,210,Store Apple 43,Không,TP.HCM,4.7,2018
Galaxy Z Fold5,Samsung,Điện thoại,15599246,10763479,31,3906,977,4.5,3101,Digital Samsung 42,Không,TP.HCM,4.9,2017
Xperia 1 V,Sony,Điện thoại,20584033,12556260,39,315,358,4.1,95,Tech Sony 51,Không,Hà Nội,4.9,2020
Galaxy S24,Samsung,Điện thoại,25024762,22272038,11,2754,582,4.2,2631,Center Samsung 68,Không,Hà Nội,4.9,2023
Redmi Note 13,Xiaomi,Điện thoại,12559596,9294101,26,1341,1497,4.2,531,Smart Xiaomi 24,Có,Đà Nẵng,4.8,2025
WH-1000XM5,Sony,Tai nghe,3244316,2271021,30,3513,1055,4.0,1646,Smart Sony 13,Có,Hà Nội,4.5,2019
Galaxy A55,Samsung,Điện thoại,30741241,24592992,20,3669,546,4.9,1241,Center Samsung 93,Có,Đà Nẵng,4.7,2019
Galaxy Z Fold5,Samsung,Điện thoại,12933935,8536397,34,2523,327,4.1,2063,Smart Samsung 99,Không,TP.HCM,4.6,2020
Redmi Buds 5,Xiaomi,Tai nghe,4005235,3244240,19,1104,979,3.7,770,Store Xiaomi 90,Không,Hải Phòng,4.8,2019
Pavilion 14,HP,Laptop,57656973,51891275,10,4314,914,4.3,2968,Tech HP 73,Có,TP.HCM,4.8,2024
AirPods Pro 2,Apple,Tai nghe,9303663,8001150,14,1357,671,4.8,909,Tech Apple 88,Có,Hải Phòng,4.5,2024
ROG Strix G16,Asus,Laptop,42429326,36913513,13,4214,850,4.2,477,Center Asus 60,Không,TP.HCM,4.4,2016
WH-1000XM5,Sony,Tai nghe,10002453,9102232,9,381,867,4.0,37,Center Sony 8,Có,Cần Thơ,4.0,2022
iPhone 15,Apple,Điện thoại,33210012,23911208,28,3143,918,4.8,1551,Store Apple 11,Có,Đà Nẵng,4.1,2024
Zenbook OLED,Asus,Laptop,20546118,16642355,19,38,46,5.0,34,Smart Asus 93,Không,Hải Phòng,4.4,2019
MacBook Air M2,Apple,Laptop,35230386,30298131,14,2268,386,4.9,467,Tech Apple 85,Không,Hải Phòng,4.8,2016
iPhone 15,Apple,Điện thoại,9515816,8469076,11,4875,68,4.2,403,Mobile Apple 95,Có,Cần Thơ,4.4,2024
iPhone 15,Apple,Điện thoại,14404339,9074733,37,2379,479,4.7,2364,Digital Apple 74,Không,Hà Nội,4.3,2018
Xperia 1 V,Sony,Điện thoại,19833927,13685409,31,2471,563,3.6,2428,Smart Sony 23,Không,Hải Phòng,4.5,2021
Xperia 1 V,Sony,Điện thoại,30578854,18958889,38,2621,1426,4.1,616,Digital Sony 49,Có,Hải Phòng,4.5,2019
Redmi Buds 5,Xiaomi,Tai nghe,2721820,1796401,34,482,1151,4.1,218,Center Xiaomi 68,Có,Cần Thơ,4.2,2019
Redmi Buds 5,Xiaomi,Tai nghe,1626581,1089809,33,3049,189,4.3,785,Tech Xiaomi 35,Không,Hải Phòng,4.6,2017
AirPods Pro 2,Apple,Tai nghe,11565070,6939042,40,1787,981,3.8,686,Digital Apple 2,Có,Hà Nội,5.0,2017
PlayStation 5,Sony,Gaming,21280152,17449724,18,3259,490,4.3,3181,Digital Sony 49,Không,Hải Phòng,4.6,2020
Xiaomi 14,Xiaomi,Điện thoại,39414535,25225302,36,3827,201,4.7,2964,Store Xiaomi 98,Không,Hà Nội,4.4,2022
Galaxy Z Fold5,Samsung,Điện thoại,19849453,17070529,14,142,534,4.3,111,Digital Samsung 20,Có,Đà Nẵng,4.2,2025
Pavilion 14,HP,Laptop,45507555,27304533,40,2775,527,4.6,2006,Smart HP 83,Không,Cần Thơ,4.2,2021
iPhone 15,Apple,Điện thoại,37770353,31727096,16,4451,1314,4.9,4297,Tech Apple 10,Có,TP.HCM,4.4,2019
Galaxy Z Fold5,Samsung,Điện thoại,15135428,14378656,5,1801,1035,4.2,128,Center Samsung 82,Không,Cần Thơ,4.0,2024
XPS 13,Dell,Laptop,12795305,12027586,6,4346,1479,3.9,2353,Tech Dell 65,Không,Hà Nội,4.1,2017
Inspiron 15,Dell,Laptop,28171144,23382049,17,4322,516,4.7,2194,Mega Dell 51,Có,Đà Nẵng,5.0,2023
Inspiron 15,Dell,Laptop,58790737,47620496,19,2467,1400,4.7,335,Smart Dell 84,Có,TP.HCM,4.4,2022
XPS 13,Dell,Laptop,15765809,14977518,5,1413,169,4.2,893,Smart Dell 43,Có,Hải Phòng,4.9,2019
AirPods Pro 2,Apple,Tai nghe,9809060,6375889,35,2230,95,4.9,1153,Center Apple 73,Có,Hà Nội,4.9,2021
Galaxy S24,Samsung,Điện thoại,14676531,10273571,30,640,612,3.7,251,Center Samsung 50,Không,Cần Thơ,4.8,2018
EliteBook 840,HP,Laptop,17263193,10875811,37,2843,109,3.6,955,Mega HP 10,Không,Hải Phòng,4.8,2025
Vivobook 15,Asus,Laptop,13988144,10910752,22,3700,1004,3.8,2270,Store Asus 56,Có,Hải Phòng,4.7,2017
EliteBook 840,HP,Laptop,31822581,25458064,20,612,168,3.9,394,Smart HP 82,Có,Cần Thơ,4.3,2017
Galaxy S24,Samsung,Điện thoại,25687478,17210610,33,2958,552,3.7,362,Mobile Samsung 56,Không,Hải Phòng,4.6,2022
Galaxy S24,Samsung,Điện thoại,11014218,8040379,27,4550,190,4.4,2662,Mega Samsung 50,Có,Đà Nẵng,4.4,2017
Xperia 1 V,Sony,Điện thoại,21290174,13199907,38,1399,1403,4.1,289,Digital Sony 39,Không,Cần Thơ,4.1,2018
Vivobook 15,Asus,Laptop,40259699,30597371,24,3976,157,4.0,3872,Mobile Asus 93,Không,Hải Phòng,4.6,2023
Galaxy S24,Samsung,Điện thoại,25445252,24172989,5,3251,680,4.8,1561,Mega Samsung 43,Không,Đà Nẵng,4.4,2025
MacBook Air M2,Apple,Laptop,33519474,27821163,17,3934,643,3.8,1636,Digital Apple 38,Không,Hải Phòng,4.8,2021
Vivobook 15,Asus,Laptop,38369430,27625989,28,942,1154,3.8,563,Mobile Asus 88,Có,Cần Thơ,4.9,2019
Vivobook 15,Asus,Laptop,58495388,53230803,9,3361,1378,4.2,2599,Digital Asus 31,Không,Hà Nội,4.7,2022
Galaxy A55,Samsung,Điện thoại,37160896,26012627,30,4387,1037,4.9,3431,Center Samsung 5,Không,Hải Phòng,4.6,2017
Galaxy S24,Samsung,Điện thoại,28824238,24500602,15,372,1153,5.0,351,Smart Samsung 52,Không,Cần Thơ,4.1,2017
Redmi Note 13,Xiaomi,Điện thoại,39270902,24347959,38,4581,1188,4.5,1815,Store Xiaomi 48,Không,Cần Thơ,4.8,2025
Xperia 1 V,Sony,Điện thoại,15116321,11034914,27,211,988,3.7,111,Tech Sony 15,Có,Đà Nẵng,4.3,2023
Pavilion 14,HP,Laptop,46971424,30531425,35,2863,975,3.6,2858,Store HP 41,Có,Đà Nẵng,4.0,2017
Galaxy A55,Samsung,Điện thoại,12339205,10488324,15,2008,1056,3.8,332,Digital Samsung 72,Không,Cần Thơ,4.2,2022
WH-1000XM5,Sony,Tai nghe,3427053,2330396,32,3250,59,4.6,813,Store Sony 76,Không,Cần Thơ,4.0,2019
MacBook Air M2,Apple,Laptop,59228516,53897949,9,4739,208,4.7,4403,Mobile Apple 47,Không,Hà Nội,4.5,2020
PlayStation 5,Sony,Gaming,40414355,30310766,25,4900,795,4.4,4813,Tech Sony 45,Không,Cần Thơ,4.6,2020
Alienware M16,Dell,Gaming,10687608,9298218,13,2575,241,3.9,484,Mobile Dell 48,Có,Hải Phòng,4.4,2025
AirPods Pro 2,Apple,Tai nghe,6737584,4581557,32,1531,996,4.5,1425,Smart Apple 23,Có,Cần Thơ,4.3,2018
Xiaomi 14,Xiaomi,Điện thoại,8597790,6276386,27,88,992,3.7,54,Center Xiaomi 65,Không,Cần Thơ,4.7,2022
PlayStation 5,Sony,Gaming,37796069,32126658,15,687,1157,3.5,230,Digital Sony 5,Không,Hà Nội,4.5,2018
Victus 16,HP,Laptop,49960159,31974501,36,4513,1046,3.7,940,Digital HP 70,Không,Hải Phòng,4.8,2016
EliteBook 840,HP,Laptop,41619609,25387961,39,1800,870,3.7,1704,Smart HP 97,Có,Đà Nẵng,4.9,2016
Vivobook 15,Asus,Laptop,35392604,31853343,10,3606,240,4.7,975,Mobile Asus 95,Không,Hải Phòng,4.6,2018
Inspiron 15,Dell,Laptop,25866010,21210128,18,496,1167,4.0,148,Center Dell 69,Có,Đà Nẵng,5.0,2020
Redmi Buds 5,Xiaomi,Tai nghe,4785272,3014721,37,790,277,4.9,426,Tech Xiaomi 36,Có,Hà Nội,4.2,2021
Pavilion 14,HP,Laptop,57381332,40166932,30,4019,291,4.4,1105,Smart HP 54,Không,Cần Thơ,4.1,2017
Zenbook OLED,Asus,Laptop,30671409,22083414,28,3734,999,4.0,15,Mega Asus 94,Có,Cần Thơ,4.6,2021
Pavilion 14,HP,Laptop,47864618,33505232,30,1794,879,4.7,1018,Digital HP 42,Không,Đà Nẵng,4.5,2018
XPS 13,Dell,Laptop,35067975,32262537,8,386,203,4.4,240,Tech Dell 16,Có,Cần Thơ,4.5,2022
AirPods Pro 2,Apple,Tai nghe,2513134,1909981,24,1312,561,3.6,743,Digital Apple 11,Không,Hà Nội,4.1,2020
Xperia 1 V,Sony,Điện thoại,20713127,14084926,32,757,1441,3.6,223,Store Sony 10,Có,Hải Phòng,4.2,2023
Galaxy S24,Samsung,Điện thoại,28056870,24690045,12,3469,1421,3.7,295,Mobile Samsung 50,Có,TP.HCM,4.1,2021
Redmi Note 13,Xiaomi,Điện thoại,30683974,26695057,13,1180,140,4.3,22,Center Xiaomi 84,Có,Cần Thơ,4.4,2019
Xperia 1 V,Sony,Điện thoại,15158545,10459396,31,3634,444,3.6,416,Mobile Sony 97,Có,Hải Phòng,4.7,2021
Vivobook 15,Asus,Laptop,21383845,17107076,20,2278,1320,3.6,2271,Center Asus 77,Không,TP.HCM,4.8,2020
AirPods Pro 2,Apple,Tai nghe,10482543,6604002,37,1555,802,3.9,116,Mega Apple 31,Không,Cần Thơ,4.1,2023
Xperia 1 V,Sony,Điện thoại,9765534,6054631,38,108,739,4.9,21,Store Sony 73,Không,Đà Nẵng,4.5,2018
Victus 16,HP,Laptop,16898399,15884495,6,4821,138,3.5,1772,Tech HP 8,Không,Hải Phòng,4.3,2024
Victus 16,HP,Laptop,40425652,28297956,30,685,1311,4.3,635,Mobile HP 36,Có,Đà Nẵng,4.1,2019
Pavilion 14,HP,Laptop,47996535,35997401,25,3210,1201,4.5,2666,Smart HP 83,Có,Đà Nẵng,4.7,2019
Galaxy S24,Samsung,Điện thoại,10785642,7334236,32,960,928,4.4,61,Digital Samsung 86,Có,TP.HCM,4.0,2018
WH-1000XM5,Sony,Tai nghe,3048655,1951139,36,2850,1071,4.3,1066,Mobile Sony 48,Có,Đà Nẵng,4.7,2017
Pavilion 14,HP,Laptop,34482209,23447902,32,2238,1072,3.6,320,Store HP 59,Không,TP.HCM,4.5,2025
MacBook Air M2,Apple,Laptop,22556894,17819946,21,852,1175,4.5,123,Mobile Apple 95,Có,TP.HCM,4.9,2016
iPhone 15,Apple,Điện thoại,36659585,26394901,28,3147,307,3.8,149,Center Apple 92,Không,Hà Nội,4.3,2022
PlayStation 5,Sony,Gaming,23203813,21115469,9,4692,763,3.7,436,Mobile Sony 29,Có,Cần Thơ,4.1,2023
Victus 16,HP,Laptop,32850574,24637930,25,717,1132,4.2,382,Mobile HP 38,Không,Hải Phòng,4.2,2021
XPS 13,Dell,Laptop,25114576,15319891,39,2018,308,3.5,844,Tech Dell 30,Không,TP.HCM,5.0,2016
EliteBook 840,HP,Laptop,37251376,28311045,24,861,420,4.3,248,Store HP 63,Có,Hà Nội,4.7,2017
Galaxy S24,Samsung,Điện thoại,39880450,27517510,31,3061,938,5.0,352,Center Samsung 13,Có,Cần Thơ,4.1,2025
Galaxy A55,Samsung,Điện thoại,13771684,11017347,20,2399,534,4.8,1614,Smart Samsung 95,Không,Đà Nẵng,4.5,2019
Galaxy S24,Samsung,Điện thoại,14134311,12579536,11,1283,216,3.7,959,Digital Samsung 53,Có,Hải Phòng,4.4,2019
Vivobook 15,Asus,Laptop,43094663,34044783,21,992,185,3.7,707,Digital Asus 91,Có,Hà Nội,4.8,2021
iPhone 15,Apple,Điện thoại,21657680,15810106,27,3256,1051,3.6,1229,Digital Apple 23,Có,Cần Thơ,4.9,2024
Xperia 1 V,Sony,Điện thoại,21767326,19372920,11,3795,208,4.7,577,Tech Sony 2,Có,Hà Nội,4.1,2022
Redmi Buds 5,Xiaomi,Tai nghe,10874638,9787174,10,4780,1200,3.9,619,Tech Xiaomi 9,Có,Cần Thơ,4.8,2017
Victus 16,HP,Laptop,20222692,18807103,7,3786,103,3.8,2355,Store HP 93,Không,Cần Thơ,4.0,2022
MacBook Air M2,Apple,Laptop,26409353,22183856,16,2262,573,4.2,613,Tech Apple 79,Có,Đà Nẵng,4.5,2024
ROG Strix G16,Asus,Laptop,17886893,13951776,22,3147,281,4.1,2637,Mega Asus 68,Có,Hải Phòng,4.8,2022
EliteBook 840,HP,Laptop,36099605,23464743,35,4470,992,4.0,4120,Digital HP 50,Không,Hà Nội,4.0,2025
iPhone 15,Apple,Điện thoại,23853072,21944826,8,3874,1084,4.0,2397,Mobile Apple 21,Có,Hà Nội,4.7,2020
Alienware M16,Dell,Gaming,8751966,7089092,19,4726,795,4.0,1428,Mobile Dell 31,Không,Đà Nẵng,4.9,2016
Xperia 1 V,Sony,Điện thoại,28600989,24596850,14,4622,385,4.8,4037,Center Sony 40,Có,Cần Thơ,4.0,2016
AirPods Pro 2,Apple,Tai nghe,3971004,3732743,6,4322,978,3.5,1655,Mega Apple 17,Không,Hà Nội,4.9,2021
Galaxy S24,Samsung,Điện thoại,14912785,12824995,14,918,1077,4.8,79,Digital Samsung 91,Không,Hải Phòng,4.1,2020
Redmi Note 13,Xiaomi,Điện thoại,15569906,10587536,32,4001,1329,4.0,2901,Center Xiaomi 89,Không,Hà Nội,4.7,2018
Vivobook 15,Asus,Laptop,58204348,44817347,23,1053,363,4.6,806,Mega Asus 99,Có,Hà Nội,4.6,2025
AirPods Pro 2,Apple,Tai nghe,9788358,8711638,11,4074,288,4.0,323,Mobile Apple 45,Không,Hà Nội,4.6,2017
EliteBook 840,HP,Laptop,56964587,42153794,26,3668,23,3.9,1027,Smart HP 9,Không,Đà Nẵng,4.8,2016
Galaxy A55,Samsung,Điện thoại,34408455,23741833,31,1372,847,4.2,780,Digital Samsung 70,Không,TP.HCM,4.8,2025
Xperia 1 V,Sony,Điện thoại,20138600,17117810,15,3706,150,4.7,141,Digital Sony 3,Không,Đà Nẵng,5.0,2017
Redmi Note 13,Xiaomi,Điện thoại,30196552,25667069,15,624,1120,4.9,100,Digital Xiaomi 77,Không,TP.HCM,4.4,2018
XPS 13,Dell,Laptop,22543056,20739611,8,839,678,3.8,199,Store Dell 90,Không,Đà Nẵng,4.3,2017
Galaxy A55,Samsung,Điện thoại,37946981,32634403,14,456,738,3.5,49,Digital Samsung 85,Không,Hà Nội,4.1,2019
AirPods Pro 2,Apple,Tai nghe,5195783,4676204,10,3889,236,4.0,1633,Store Apple 63,Không,TP.HCM,4.6,2022
MacBook Air M2,Apple,Laptop,37598353,27070814,28,1538,912,3.6,905,Store Apple 34,Có,Đà Nẵng,4.6,2018
EliteBook 840,HP,Laptop,56793050,50545814,11,712,1368,4.0,559,Store HP 97,Có,Hải Phòng,4.1,2022
EliteBook 840,HP,Laptop,40093922,24457292,39,3899,1172,4.8,1955,Digital HP 11,Không,TP.HCM,4.5,2024
EliteBook 840,HP,Laptop,57468596,49422992,14,995,919,3.8,176,Mobile HP 25,Có,TP.HCM,4.4,2022
AirPods Pro 2,Apple,Tai nghe,2780985,2196978,21,2629,1489,4.9,279,Tech Apple 50,Không,Hải Phòng,4.3,2020
XPS 13,Dell,Laptop,12829720,7954426,38,3447,230,4.1,612,Center Dell 76,Có,TP.HCM,4.6,2017
Victus 16,HP,Laptop,47945754,35000400,27,3376,540,4.1,1993,Center HP 78,Không,TP.HCM,4.2,2022
AirPods Pro 2,Apple,Tai nghe,10511540,7358078,30,327,810,4.8,174,Smart Apple 31,Có,Cần Thơ,4.9,2021
Galaxy A55,Samsung,Điện thoại,25337673,19256631,24,2306,1006,4.8,407,Mega Samsung 30,Có,Đà Nẵng,5.0,2023
Victus 16,HP,Laptop,30080468,20755522,31,4965,1322,3.6,3623,Mobile HP 53,Không,Hải Phòng,4.9,2016
Inspiron 15,Dell,Laptop,16403480,12466644,24,4161,826,3.7,242,Mobile Dell 25,Có,TP.HCM,4.2,2023
Galaxy A55,Samsung,Điện thoại,18362030,14322383,22,3027,950,4.3,2607,Tech Samsung 88,Có,Hà Nội,4.4,2025
ROG Strix G16,Asus,Laptop,43848678,26309206,40,2875,705,3.7,1064,Smart Asus 89,Có,Đà Nẵng,4.0,2016
AirPods Pro 2,Apple,Tai nghe,3895669,3155491,19,1854,1387,3.8,1339,Store Apple 66,Có,TP.HCM,4.5,2018
WH-1000XM5,Sony,Tai nghe,10385488,9866213,5,1843,516,4.4,630,Smart Sony 91,Không,Cần Thơ,4.9,2021
Vivobook 15,Asus,Laptop,26643761,17584882,34,2485,1386,4.3,1631,Center Asus 14,Có,Hải Phòng,5.0,2021
Alienware M16,Dell,Gaming,44847400,34532498,23,2455,1401,3.7,266,Digital Dell 36,Không,Đà Nẵng,4.3,2020
iPhone 15,Apple,Điện thoại,39714984,31771987,20,475,1228,4.1,168,Smart Apple 18,Có,Cần Thơ,5.0,2020
Vivobook 15,Asus,Laptop,38056688,35392719,7,4786,1450,5.0,1560,Digital Asus 93,Có,Hải Phòng,4.6,2023
PlayStation 5,Sony,Gaming,39045323,29674445,24,1402,1346,4.8,375,Digital Sony 13,Không,Hà Nội,4.7,2024
Pavilion 14,HP,Laptop,57614724,42634895,26,741,455,4.0,319,Store HP 43,Không,Đà Nẵng,4.6,2023
Pavilion 14,HP,Laptop,43577174,40091000,8,4790,1188,4.9,588,Store HP 25,Có,Cần Thơ,4.5,2022
Galaxy S24,Samsung,Điện thoại,14218426,11801293,17,2817,838,5.0,1879,Mobile Samsung 41,Có,TP.HCM,4.5,2018
Redmi Buds 5,Xiaomi,Tai nghe,1273306,1209640,5,3713,560,3.8,3173,Mobile Xiaomi 74,Có,Cần Thơ,4.8,2017
AirPods Pro 2,Apple,Tai nghe,7576470,5151999,32,3314,878,4.9,1575,Tech Apple 5,Có,Đà Nẵng,5.0,2021
EliteBook 840,HP,Laptop,24789386,23302022,6,43,1283,4.6,19,Smart HP 45,Không,Hà Nội,4.1,2024
XPS 13,Dell,Laptop,23208535,21119766,9,384,610,4.9,238,Smart Dell 67,Không,Cần Thơ,4.9,2018
Xiaomi 14,Xiaomi,Điện thoại,29108918,24160401,17,1360,826,3.5,464,Smart Xiaomi 17,Có,TP.HCM,4.6,2018
Galaxy A55,Samsung,Điện thoại,7507417,5330266,29,2105,1095,4.4,201,Smart Samsung 14,Có,TP.HCM,4.7,2022
Vivobook 15,Asus,Laptop,20294324,12176594,40,2080,971,4.6,846,Smart Asus 88,Có,Đà Nẵng,4.4,2017
Xperia 1 V,Sony,Điện thoại,23117859,20112537,13,3441,214,4.3,2535,Tech Sony 37,Có,TP.HCM,4.5,2025
MacBook Air M2,Apple,Laptop,47107740,39099424,17,2942,1440,4.1,661,Tech Apple 71,Không,Hà Nội,4.7,2023
Redmi Note 13,Xiaomi,Điện thoại,5183744,4924556,5,739,226,4.8,690,Store Xiaomi 20,Có,Hải Phòng,4.1,2017
Redmi Buds 5,Xiaomi,Tai nghe,4178226,2757629,34,2435,540,4.2,413,Mega Xiaomi 23,Có,Đà Nẵng,4.4,2021
Zenbook OLED,Asus,Laptop,19777988,17602409,11,385,19,4.8,344,Smart Asus 22,Không,Đà Nẵng,4.9,2025
Redmi Buds 5,Xiaomi,Tai nghe,1859464,1338814,28,2817,374,3.7,1644,Store Xiaomi 35,Không,Cần Thơ,4.8,2018
Galaxy S24,Samsung,Điện thoại,8935692,7595338,15,859,852,4.9,499,Mega Samsung 73,Không,Hà Nội,4.6,2021
Inspiron 15,Dell,Laptop,57933610,50402240,13,3967,999,3.7,1689,Store Dell 6,Có,Đà Nẵng,4.7,2016
Xperia 1 V,Sony,Điện thoại,20031373,14823216,26,4262,1071,4.5,785,Store Sony 85,Có,Cần Thơ,4.3,2022
AirPods Pro 2,Apple,Tai nghe,10582990,9736350,8,105,1317,4.9,69,Mega Apple 61,Không,Hà Nội,4.1,2023
Redmi Note 13,Xiaomi,Điện thoại,27205976,21220661,22,422,1038,3.8,334,Store Xiaomi 52,Có,TP.HCM,4.5,2025
ROG Strix G16,Asus,Laptop,45450825,30452052,33,2599,243,5.0,77,Tech Asus 52,Không,TP.HCM,4.6,2016
Pavilion 14,HP,Laptop,52547395,39936020,24,4174,1151,3.8,3742,Digital HP 47,Có,Hà Nội,4.8,2021
Alienware M16,Dell,Gaming,36751463,26461053,28,3717,233,3.6,2703,Mobile Dell 1,Không,Đà Nẵng,4.8,2020
Alienware M16,Dell,Gaming,30091357,26781307,11,385,336,4.2,372,Smart Dell 93,Không,TP.HCM,4.3,2019
iPhone 15,Apple,Điện thoại,31366837,25720806,18,3754,390,4.6,446,Mega Apple 54,Có,Hải Phòng,4.1,2023
Zenbook OLED,Asus,Laptop,51548338,32475452,37,1112,1021,3.5,104,Center Asus 56,Không,Hải Phòng,4.8,2018
Xperia 1 V,Sony,Điện thoại,16653472,14488520,13,858,793,4.5,625,Digital Sony 65,Không,Cần Thơ,5.0,2019
Xiaomi 14,Xiaomi,Điện thoại,28008864,21566825,23,3719,273,3.7,2472,Smart Xiaomi 96,Không,Hải Phòng,4.9,2024
WH-1000XM5,Sony,Tai nghe,3670359,3009694,18,2390,1406,4.0,548,Smart Sony 84,Có,Hải Phòng,4.5,2021
WH-1000XM5,Sony,Tai nghe,6209569,3725741,40,3945,1193,4.4,2737,Smart Sony 54,Không,Cần Thơ,4.8,2024
Galaxy S24,Samsung,Điện thoại,30559774,26281405,14,444,1372,3.6,141,Mega Samsung 21,Không,Đà Nẵng,4.1,2016
PlayStation 5,Sony,Gaming,18690268,11401063,39,274,734,4.7,57,Center Sony 87,Có,Hải Phòng,4.4,2024
EliteBook 840,HP,Laptop,31303103,28798854,8,3135,793,4.1,2811,Digital HP 71,Có,TP.HCM,4.7,2019
XPS 13,Dell,Laptop,27136303,19538138,28,4830,1119,4.6,1614,Mega Dell 93,Có,Đà Nẵng,4.4,2017
iPhone 15,Apple,Điện thoại,39483678,34745636,12,3100,83,4.1,2284,Digital Apple 17,Có,Hải Phòng,4.8,2016
Xiaomi 14,Xiaomi,Điện thoại,15388834,14311615,7,1269,660,4.4,1265,Mega Xiaomi 85,Không,Cần Thơ,4.8,2024
Redmi Note 13,Xiaomi,Điện thoại,26331156,16325316,38,1811,376,4.3,1615,Center Xiaomi 21,Không,Hải Phòng,4.5,2017
Redmi Note 13,Xiaomi,Điện thoại,19317931,14295268,26,2722,738,3.9,2537,Center Xiaomi 61,Có,TP.HCM,4.7,2023
AirPods Pro 2,Apple,Tai nghe,10596195,8476956,20,336,1397,4.8,200,Mega Apple 15,Không,Đà Nẵng,4.5,2020
Galaxy Z Fold5,Samsung,Điện thoại,30163008,19002695,37,4177,912,4.2,2433,Smart Samsung 25,Không,Hải Phòng,4.1,2017
AirPods Pro 2,Apple,Tai nghe,9245709,8783423,5,546,431,4.5,223,Mega Apple 88,Không,TP.HCM,4.2,2022
WH-1000XM5,Sony,Tai nghe,11809900,10156514,14,204,940,4.6,14,Tech Sony 10,Có,Hà Nội,4.8,2024
Galaxy Z Fold5,Samsung,Điện thoại,20277039,16018860,21,3349,794,4.2,1661,Store Samsung 41,Có,Cần Thơ,4.7,2024
Galaxy Z Fold5,Samsung,Điện thoại,9243802,8596735,7,604,732,4.9,113,Digital Samsung 88,Không,Hải Phòng,4.1,2023
Vivobook 15,Asus,Laptop,56340381,52959958,6,3892,320,4.3,563,Smart Asus 51,Không,Hà Nội,4.3,2021
Galaxy Z Fold5,Samsung,Điện thoại,14487439,12748946,12,352,10,4.4,206,Center Samsung 71,Có,Đà Nẵng,4.2,2021
MacBook Air M2,Apple,Laptop,55347729,34869069,37,1176,329,3.8,522,Mobile Apple 15,Có,Hải Phòng,4.9,2024
Zenbook OLED,Asus,Laptop,48887367,44487503,9,2391,1375,3.6,407,Mobile Asus 93,Không,Đà Nẵng,4.4,2019
Galaxy A55,Samsung,Điện thoại,9684794,8038379,17,2613,995,4.2,2529,Smart Samsung 40,Có,Hải Phòng,4.6,2021
ROG Strix G16,Asus,Laptop,12324262,9243196,25,2026,453,4.6,1317,Store Asus 36,Không,Hà Nội,4.7,2021
Vivobook 15,Asus,Laptop,41887467,30577850,27,2512,997,4.3,724,Smart Asus 78,Có,Đà Nẵng,4.9,2018
Inspiron 15,Dell,Laptop,29665378,26995493,9,627,38,4.8,36,Mega Dell 75,Không,Hải Phòng,4.2,2016
XPS 13,Dell,Laptop,48471608,29567680,39,3877,1339,4.7,1503,Store Dell 29,Không,Hà Nội,4.5,2024
Galaxy A55,Samsung,Điện thoại,29418604,18533720,37,96,1357,3.9,83,Smart Samsung 22,Có,Cần Thơ,4.2,2025
Alienware M16,Dell,Gaming,14811252,9627313,35,2949,82,3.8,2002,Mobile Dell 9,Không,Đà Nẵng,4.2,2019
XPS 13,Dell,Laptop,38044487,24728916,35,3734,95,3.6,2661,Digital Dell 14,Không,Đà Nẵng,4.6,2025
MacBook Air M2,Apple,Laptop,55867407,39665858,29,3002,1203,4.5,323,Center Apple 33,Không,Hà Nội,4.5,2021
Victus 16,HP,Laptop,44672726,29037271,35,4959,13,4.3,1143,Store HP 22,Có,TP.HCM,4.5,2020
iPhone 15,Apple,Điện thoại,17543027,14911572,15,2977,1232,4.6,489,Smart Apple 30,Không,Đà Nẵng,4.7,2023
PlayStation 5,Sony,Gaming,37146566,30460184,18,4849,330,4.5,3371,Tech Sony 32,Có,Hà Nội,4.6,2018
AirPods Pro 2,Apple,Tai nghe,8900719,8277668,7,4698,300,3.6,2120,Mobile Apple 67,Không,Hải Phòng,5.0,2016
Xperia 1 V,Sony,Điện thoại,24022317,21620085,10,1784,919,4.4,970,Mega Sony 62,Có,Hà Nội,4.8,2025
AirPods Pro 2,Apple,Tai nghe,3351509,2111450,37,2176,343,4.6,1408,Store Apple 77,Có,Hà Nội,4.4,2018
Galaxy S24,Samsung,Điện thoại,18579381,11519216,38,4141,1401,4.1,1230,Center Samsung 13,Có,Cần Thơ,4.9,2025
Galaxy Z Fold5,Samsung,Điện thoại,38777851,34124508,12,773,987,4.5,622,Center Samsung 1,Không,Hải Phòng,4.4,2016
Xperia 1 V,Sony,Điện thoại,33786767,27367281,19,3959,780,4.0,3300,Smart Sony 98,Có,Cần Thơ,4.1,2023
Pavilion 14,HP,Laptop,17624902,13571174,23,4911,1113,4.1,1553,Tech HP 91,Có,Hải Phòng,4.5,2024
Galaxy A55,Samsung,Điện thoại,18785415,14089061,25,3359,741,3.7,1750,Smart Samsung 75,Không,Đà Nẵng,4.9,2022
XPS 13,Dell,Laptop,53062617,41388841,22,3265,417,4.1,3215,Center Dell 62,Có,Đà Nẵng,4.6,2023
Xiaomi 14,Xiaomi,Điện thoại,28109360,19676552,30,1141,1350,3.7,475,Store Xiaomi 90,Có,TP.HCM,4.2,2022
Victus 16,HP,Laptop,48948544,45032660,8,1326,796,4.9,15,Mega HP 12,Có,Cần Thơ,4.9,2022
Galaxy S24,Samsung,Điện thoại,22655805,18351202,19,3047,163,4.4,2972,Store Samsung 52,Không,Hải Phòng,4.1,2018
PlayStation 5,Sony,Gaming,34458915,32735969,5,1662,1345,4.9,1066,Digital Sony 25,Có,Hải Phòng,4.5,2019
Inspiron 15,Dell,Laptop,57233010,53226699,7,2956,489,4.5,649,Tech Dell 36,Không,Đà Nẵng,4.7,2022
Inspiron 15,Dell,Laptop,46745124,44407867,5,572,184,4.3,361,Digital Dell 36,Có,Hải Phòng,5.0,2023
Zenbook OLED,Asus,Laptop,12312153,9726600,21,1443,833,4.3,1149,Tech Asus 65,Không,Đà Nẵng,4.9,2024
Redmi Buds 5,Xiaomi,Tai nghe,9945118,7856643,21,3637,772,4.3,3158,Mobile Xiaomi 97,Không,Cần Thơ,4.7,2025
Pavilion 14,HP,Laptop,44344470,39023133,12,2122,138,4.1,907,Smart HP 90,Có,Đà Nẵng,4.4,2021
Alienware M16,Dell,Gaming,5652512,4465484,21,2043,588,3.6,1384,Smart Dell 44,Có,Hải Phòng,4.9,2023
Xiaomi 14,Xiaomi,Điện thoại,19667724,15340824,22,1507,1399,4.9,394,Store Xiaomi 95,Có,Hà Nội,4.7,2020
iPhone 15,Apple,Điện thoại,18607433,14885946,20,2926,319,4.7,496,Tech Apple 87,Không,Hải Phòng,4.0,2024
Galaxy A55,Samsung,Điện thoại,29910577,22432932,25,4043,1176,4.8,2015,Mobile Samsung 98,Không,Cần Thơ,4.2,2025
iPhone 15,Apple,Điện thoại,33398851,21709253,35,4439,66,4.3,3230,Mega Apple 88,Có,Cần Thơ,5.0,2024
Vivobook 15,Asus,Laptop,58252137,55339530,5,106,1380,3.8,79,Tech Asus 42,Không,Hải Phòng,4.9,2018
XPS 13,Dell,Laptop,27914139,21773028,22,3871,1255,4.0,758,Store Dell 55,Có,Cần Thơ,4.7,2021
Xiaomi 14,Xiaomi,Điện thoại,23765620,15922965,33,1483,1170,3.7,1184,Smart Xiaomi 30,Có,Đà Nẵng,4.8,2024
Vivobook 15,Asus,Laptop,25157579,21635517,14,1235,968,4.7,366,Store Asus 64,Có,Hải Phòng,4.5,2021
Victus 16,HP,Laptop,32134953,25386612,21,4615,1162,3.6,815,Smart HP 21,Có,Hà Nội,4.8,2023
EliteBook 840,HP,Laptop,18462710,12370015,33,2751,532,4.0,2300,Center HP 33,Không,TP.HCM,4.4,2021
EliteBook 840,HP,Laptop,52639519,43690800,17,4735,1179,4.5,4415,Mobile HP 37,Không,Đà Nẵng,4.7,2023
EliteBook 840,HP,Laptop,41992972,37793674,10,3131,1256,3.9,2592,Mobile HP 22,Không,Cần Thơ,4.6,2025
ROG Strix G16,Asus,Laptop,17309111,14712744,15,2824,467,4.0,2679,Digital Asus 91,Không,Hải Phòng,4.6,2020
Vivobook 15,Asus,Laptop,51387519,31860261,38,3698,847,3.8,3503,Tech Asus 17,Có,Đà Nẵng,4.9,2017
iPhone 15,Apple,Điện thoại,31645278,28164297,11,792,130,4.9,489,Center Apple 7,Có,Cần Thơ,4.5,2017
Galaxy A55,Samsung,Điện thoại,15420286,13878257,10,3203,633,3.8,3026,Digital Samsung 57,Có,Hà Nội,4.5,2018
Galaxy S24,Samsung,Điện thoại,28947210,21710407,25,3910,956,5.0,2219,Digital Samsung 71,Không,Hà Nội,5.0,2024
AirPods Pro 2,Apple,Tai nghe,10325799,6815027,34,4630,890,4.3,4377,Digital Apple 45,Không,Hải Phòng,4.2,2017
Vivobook 15,Asus,Laptop,36547303,25217639,31,2138,318,4.0,5,Center Asus 98,Có,Đà Nẵng,4.3,2024
Galaxy Z Fold5,Samsung,Điện thoại,38012974,24708433,35,2464,18,4.6,1204,Center Samsung 30,Có,Hải Phòng,4.4,2022
XPS 13,Dell,Laptop,38491363,30793090,20,1347,1464,4.6,803,Mega Dell 49,Có,Đà Nẵng,4.1,2019
Alienware M16,Dell,Gaming,23244559,17898310,23,4367,550,4.1,565,Mobile Dell 18,Không,TP.HCM,4.6,2025
Vivobook 15,Asus,Laptop,59007920,37765068,36,1548,656,3.5,106,Center Asus 3,Có,TP.HCM,4.3,2018
PlayStation 5,Sony,Gaming,5550567,4495959,19,748,308,3.5,227,Digital Sony 54,Không,Cần Thơ,5.0,2023
WH-1000XM5,Sony,Tai nghe,5840652,5256586,10,1206,114,3.9,808,Tech Sony 70,Không,Hà Nội,4.2,2020
Victus 16,HP,Laptop,12846611,11305017,12,2049,788,4.7,912,Mobile HP 95,Có,Hà Nội,4.5,2017
Alienware M16,Dell,Gaming,18988650,12342622,35,3197,1395,4.9,1328,Mobile Dell 81,Có,Hải Phòng,4.5,2020
Zenbook OLED,Asus,Laptop,32053006,26603994,17,2962,106,4.8,897,Tech Asus 31,Không,Đà Nẵng,4.0,2020
Inspiron 15,Dell,Laptop,38562245,30849796,20,83,86,4.4,65,Smart Dell 77,Có,Đà Nẵng,4.8,2019
MacBook Air M2,Apple,Laptop,18133854,13419051,26,501,122,4.0,83,Smart Apple 69,Có,Hà Nội,4.5,2021
Alienware M16,Dell,Gaming,28308098,18966425,33,1590,43,4.5,738,Smart Dell 18,Không,TP.HCM,4.5,2023
XPS 13,Dell,Laptop,48422267,30990250,36,1564,1160,3.8,717,Digital Dell 94,Không,Đà Nẵng,4.9,2025
EliteBook 840,HP,Laptop,22760464,20712022,9,4361,317,4.2,2162,Center HP 47,Không,TP.HCM,4.8,2024
Zenbook OLED,Asus,Laptop,24450995,22983935,6,2992,1270,3.9,2958,Tech Asus 85,Không,Hà Nội,4.5,2023
EliteBook 840,HP,Laptop,22343590,17204564,23,2652,839,4.5,457,Tech HP 67,Có,TP.HCM,4.8,2018
iPhone 15,Apple,Điện thoại,18561294,16519551,11,3986,392,3.6,2343,Smart Apple 50,Không,Hải Phòng,4.6,2025
Redmi Note 13,Xiaomi,Điện thoại,29585602,23964337,19,4973,1470,3.6,1714,Smart Xiaomi 63,Có,Cần Thơ,4.8,2016
Redmi Buds 5,Xiaomi,Tai nghe,7278536,5240545,28,487,1263,3.9,25,Smart Xiaomi 10,Không,TP.HCM,4.9,2024
Galaxy S24,Samsung,Điện thoại,20503355,12507046,39,3166,388,3.8,2695,Mobile Samsung 73,Có,Hải Phòng,4.7,2022
WH-1000XM5,Sony,Tai nghe,11014337,8040466,27,3767,1438,4.5,3621,Tech Sony 22,Có,Hải Phòng,4.4,2021
WH-1000XM5,Sony,Tai nghe,9257363,6202433,33,2896,645,4.3,1334,Mega Sony 48,Không,Cần Thơ,4.8,2021
Inspiron 15,Dell,Laptop,49792001,30373120,39,1762,768,4.6,1529,Digital Dell 47,Không,Cần Thơ,5.0,2016
WH-1000XM5,Sony,Tai nghe,5072818,4768448,6,4250,276,5.0,2477,Tech Sony 39,Có,Hà Nội,4.9,2016
EliteBook 840,HP,Laptop,30519169,18311501,40,4198,1139,4.4,1272,Tech HP 5,Không,Đà Nẵng,4.2,2020
Redmi Buds 5,Xiaomi,Tai nghe,4491903,3638441,19,2109,615,3.6,1642,Center Xiaomi 28,Có,Đà Nẵng,4.8,2018
Zenbook OLED,Asus,Laptop,59167323,52658917,11,4886,1315,4.0,4725,Store Asus 11,Có,Đà Nẵng,4.3,2022
ROG Strix G16,Asus,Laptop,27214765,25854026,5,3143,110,4.0,173,Digital Asus 70,Có,Đà Nẵng,4.5,2019
iPhone 15,Apple,Điện thoại,31365911,21015160,33,4885,1178,4.3,1824,Store Apple 38,Không,Hà Nội,4.1,2017
Zenbook OLED,Asus,Laptop,15309211,9185526,40,3280,537,3.6,2060,Store Asus 90,Có,Hà Nội,4.5,2019
Vivobook 15,Asus,Laptop,55771651,46290470,17,4607,1261,5.0,4299,Mobile Asus 32,Có,Đà Nẵng,4.8,2021
Xperia 1 V,Sony,Điện thoại,11012595,9691083,12,3398,867,4.0,785,Digital Sony 45,Có,Đà Nẵng,4.2,2021
XPS 13,Dell,Laptop,53821046,46286099,14,3618,91,4.9,961,Mobile Dell 88,Không,Hà Nội,4.8,2017
Galaxy Z Fold5,Samsung,Điện thoại,8659984,6927987,20,1219,589,3.5,232,Digital Samsung 58,Không,TP.HCM,4.3,2024
iPhone 15,Apple,Điện thoại,22358244,13414946,40,3966,1275,4.6,583,Smart Apple 90,Có,Cần Thơ,4.6,2024
Galaxy A55,Samsung,Điện thoại,16429958,15115561,8,2336,411,4.7,1116,Tech Samsung 60,Có,TP.HCM,4.4,2020
Xperia 1 V,Sony,Điện thoại,29173897,25964768,11,166,599,4.8,103,Mobile Sony 49,Có,Đà Nẵng,4.5,2025
Inspiron 15,Dell,Laptop,24510259,20343514,17,4111,937,4.3,181,Tech Dell 32,Không,Đà Nẵng,4.5,2018
Galaxy A55,Samsung,Điện thoại,28616487,20890035,27,2486,483,5.0,2058,Digital Samsung 8,Không,Cần Thơ,4.9,2016
XPS 13,Dell,Laptop,27138598,23339194,14,2809,804,4.5,364,Smart Dell 49,Có,Cần Thơ,4.2,2018
Vivobook 15,Asus,Laptop,52625618,38942957,26,3689,1110,3.7,2677,Mobile Asus 75,Có,Hà Nội,4.3,2024
MacBook Air M2,Apple,Laptop,21741012,18479860,15,2610,138,4.3,489,Mobile Apple 41,Có,TP.HCM,4.8,2022
Vivobook 15,Asus,Laptop,41729527,32549031,22,1254,384,3.7,383,Tech Asus 98,Không,Hải Phòng,4.6,2019
Inspiron 15,Dell,Laptop,27496267,25846490,6,2953,162,4.5,1957,Mobile Dell 65,Không,Đà Nẵng,4.2,2022
Vivobook 15,Asus,Laptop,21228322,18044073,15,1593,463,3.5,1570,Tech Asus 35,Không,Hà Nội,4.7,2019
Pavilion 14,HP,Laptop,16438333,13808199,16,3608,1263,4.2,1335,Mega HP 59,Có,Cần Thơ,4.4,2016
Alienware M16,Dell,Gaming,30526478,22894858,25,3238,1252,4.9,2347,Center Dell 69,Có,Hải Phòng,4.1,2023
Pavilion 14,HP,Laptop,28490100,17663862,38,4416,810,5.0,326,Center HP 50,Có,Hà Nội,4.3,2022
Xiaomi 14,Xiaomi,Điện thoại,35960484,30566411,15,3470,602,4.4,228,Smart Xiaomi 67,Có,Cần Thơ,4.8,2023
Galaxy Z Fold5,Samsung,Điện thoại,38598575,33966746,12,1482,1198,4.9,1430,Center Samsung 18,Không,Cần Thơ,4.3,2016
MacBook Air M2,Apple,Laptop,51615400,42840782,17,3734,184,3.9,2838,Smart Apple 92,Có,TP.HCM,4.1,2023
PlayStation 5,Sony,Gaming,10724825,6649391,38,3156,1488,4.7,2100,Center Sony 21,Không,Hải Phòng,4.4,2018
Redmi Buds 5,Xiaomi,Tai nghe,11365082,9773970,14,1338,296,3.8,110,Store Xiaomi 40,Không,Cần Thơ,4.3,2018
Galaxy S24,Samsung,Điện thoại,18613147,17682489,5,2083,25,4.2,2047,Center Samsung 1,Không,Hà Nội,4.2,2023
Vivobook 15,Asus,Laptop,41653753,37488377,10,4935,1229,3.5,4488,Digital Asus 80,Có,TP.HCM,4.2,2016
PlayStation 5,Sony,Gaming,7464308,6419304,14,275,1366,4.4,157,Digital Sony 12,Có,TP.HCM,4.4,2018
AirPods Pro 2,Apple,Tai nghe,5071113,3042667,40,1463,932,4.6,742,Tech Apple 12,Không,Đà Nẵng,4.4,2022
Pavilion 14,HP,Laptop,40677217,24406330,40,541,599,4.2,129,Smart HP 36,Không,Hải Phòng,4.4,2019
WH-1000XM5,Sony,Tai nghe,10568557,9723072,8,905,1170,4.6,649,Center Sony 12,Không,Hải Phòng,4.9,2020
Zenbook OLED,Asus,Laptop,33239187,26258957,21,4314,1177,5.0,2903,Mobile Asus 79,Không,Hải Phòng,4.7,2023
ROG Strix G16,Asus,Laptop,52896528,42846187,19,2389,396,3.5,103,Store Asus 81,Có,Hà Nội,4.8,2022
ROG Strix G16,Asus,Laptop,34400419,25112305,27,4600,1305,3.8,1653,Smart Asus 37,Không,TP.HCM,4.3,2024
XPS 13,Dell,Laptop,12411462,10922086,12,2740,699,4.1,2335,Center Dell 4,Có,Hà Nội,4.3,2021
PlayStation 5,Sony,Gaming,36843186,34264162,7,1122,986,3.7,948,Mega Sony 69,Không,Cần Thơ,4.8,2022
WH-1000XM5,Sony,Tai nghe,9042158,6872040,24,4638,1484,4.5,4553,Center Sony 3,Có,Hải Phòng,4.7,2021
Galaxy S24,Samsung,Điện thoại,23821353,22392071,6,2788,768,4.4,684,Center Samsung 78,Không,Hà Nội,4.6,2020
PlayStation 5,Sony,Gaming,7122533,5555575,22,3400,177,4.2,978,Digital Sony 58,Không,Hà Nội,4.5,2018
Galaxy A55,Samsung,Điện thoại,7509538,6232916,17,768,908,4.3,499,Center Samsung 20,Có,Đà Nẵng,4.9,2024
Xiaomi 14,Xiaomi,Điện thoại,14616367,13008566,11,4238,1385,5.0,1685,Smart Xiaomi 5,Không,Cần Thơ,4.7,2024
Galaxy S24,Samsung,Điện thoại,25869602,24058729,7,4878,178,4.0,382,Tech Samsung 67,Không,TP.HCM,4.6,2020
WH-1000XM5,Sony,Tai nghe,5683479,4717287,17,1587,586,3.9,658,Mega Sony 57,Có,Đà Nẵng,4.1,2020
Galaxy S24,Samsung,Điện thoại,39498027,35153244,11,1702,1111,4.0,657,Digital Samsung 19,Không,Hải Phòng,4.2,2017
Redmi Buds 5,Xiaomi,Tai nghe,5983095,3649687,39,3644,103,3.7,1933,Smart Xiaomi 7,Có,Cần Thơ,4.1,2022
ROG Strix G16,Asus,Laptop,59290112,39724375,33,2923,639,4.0,816,Smart Asus 98,Có,Cần Thơ,4.6,2017
EliteBook 840,HP,Laptop,43425464,38648662,11,3742,635,4.5,2914,Mega HP 60,Không,Hà Nội,4.9,2018
EliteBook 840,HP,Laptop,29317627,21108691,28,3221,375,4.5,2729,Digital HP 42,Không,Cần Thơ,4.0,2023
Galaxy A55,Samsung,Điện thoại,37121797,24500386,34,1409,578,4.7,1242,Center Samsung 17,Có,Cần Thơ,4.8,2017
Redmi Buds 5,Xiaomi,Tai nghe,11195986,10188347,9,2484,1091,4.2,2423,Store Xiaomi 31,Có,Hải Phòng,4.2,2023
ROG Strix G16,Asus,Laptop,34864940,28589250,18,4851,882,4.7,3571,Center Asus 44,Có,Hà Nội,4.7,2017
Xperia 1 V,Sony,Điện thoại,37657207,33138342,12,4861,1220,4.2,4552,Tech Sony 57,Có,Đà Nẵng,5.0,2017
Inspiron 15,Dell,Laptop,58003708,41182632,29,2692,1012,4.5,256,Tech Dell 28,Có,Hải Phòng,4.9,2016
Pavilion 14,HP,Laptop,56350999,48461859,14,3720,1088,3.9,2526,Center HP 58,Có,Hà Nội,4.7,2021
Redmi Buds 5,Xiaomi,Tai nghe,11701106,8892840,24,3571,1470,5.0,1415,Tech Xiaomi 75,Có,Hải Phòng,5.0,2022
Pavilion 14,HP,Laptop,31742398,29203006,8,3034,1124,5.0,8,Smart HP 72,Không,TP.HCM,4.9,2016
MacBook Air M2,Apple,Laptop,59125312,41387718,30,2616,1457,4.1,1567,Store Apple 70,Có,Hà Nội,4.5,2019
XPS 13,Dell,Laptop,36178510,24963171,31,1273,590,5.0,262,Mobile Dell 2,Có,TP.HCM,4.1,2023
PlayStation 5,Sony,Gaming,14111756,12700580,10,1134,1315,4.7,938,Mega Sony 90,Không,Hải Phòng,4.2,2024
Zenbook OLED,Asus,Laptop,42202060,29963462,29,2920,462,3.8,2481,Tech Asus 74,Không,Hà Nội,4.7,2020
Zenbook OLED,Asus,Laptop,50678351,36488412,28,284,77,4.4,193,Tech Asus 75,Không,TP.HCM,4.1,2024
Victus 16,HP,Laptop,43201348,26784835,38,650,1071,4.8,95,Mobile HP 61,Có,Hải Phòng,4.8,2020
Inspiron 15,Dell,Laptop,35054993,21383545,39,98,960,4.2,65,Center Dell 94,Không,Cần Thơ,4.4,2020
Redmi Note 13,Xiaomi,Điện thoại,7370703,5601734,24,4627,533,3.6,3881,Center Xiaomi 22,Có,Đà Nẵng,4.8,2025
Galaxy A55,Samsung,Điện thoại,37531705,33778534,10,1048,1035,3.6,574,Digital Samsung 17,Không,Đà Nẵng,4.9,2016
WH-1000XM5,Sony,Tai nghe,10430444,8761572,16,4857,309,4.5,3034,Mega Sony 23,Không,Hà Nội,4.5,2024
Pavilion 14,HP,Laptop,35008139,31507325,10,1198,1219,4.9,320,Mega HP 64,Không,Cần Thơ,4.2,2023
Xperia 1 V,Sony,Điện thoại,16226189,13305474,18,4742,706,3.6,2170,Mega Sony 15,Có,Hà Nội,4.5,2023
Xiaomi 14,Xiaomi,Điện thoại,20680745,14683328,29,3205,971,3.9,2177,Mega Xiaomi 56,Có,Đà Nẵng,4.9,2023
Zenbook OLED,Asus,Laptop,33185504,20575012,38,346,199,4.9,331,Digital Asus 56,Không,Đà Nẵng,4.3,2017
Redmi Buds 5,Xiaomi,Tai nghe,10100860,7070602,30,3787,1382,4.6,3012,Smart Xiaomi 76,Có,Hải Phòng,4.3,2018
Redmi Buds 5,Xiaomi,Tai nghe,477469,453595,5,566,24,4.1,542,Tech Xiaomi 88,Không,Đà Nẵng,4.2,2020
Redmi Note 13,Xiaomi,Điện thoại,7284504,6847433,6,763,116,4.9,677,Mega Xiaomi 28,Có,TP.HCM,4.1,2025
MacBook Air M2,Apple,Laptop,56049897,47081913,16,918,1424,3.8,306,Store Apple 85,Có,Cần Thơ,4.9,2020
Victus 16,HP,Laptop,58454197,43840647,25,2118,331,4.7,1140,Mega HP 8,Không,Cần Thơ,4.3,2016
Xiaomi 14,Xiaomi,Điện thoại,16940645,11350232,33,578,1007,5.0,210,Center Xiaomi 51,Có,Cần Thơ,4.1,2024
Victus 16,HP,Laptop,26655669,23723545,11,3627,1465,3.9,147,Tech HP 10,Không,Cần Thơ,4.0,2023
AirPods Pro 2,Apple,Tai nghe,11043043,10490890,5,319,1361,4.1,82,Smart Apple 43,Không,Hải Phòng,4.0,2023
Vivobook 15,Asus,Laptop,39106125,35586573,9,4434,462,3.5,3954,Tech Asus 73,Không,Đà Nẵng,4.7,2022
Galaxy Z Fold5,Samsung,Điện thoại,11084557,7980881,28,4389,696,3.6,3770,Mega Samsung 99,Không,Hà Nội,4.2,2016
Zenbook OLED,Asus,Laptop,24818005,18861683,24,3205,218,4.4,1476,Store Asus 11,Không,Hà Nội,4.1,2019
Galaxy Z Fold5,Samsung,Điện thoại,21004466,13442858,36,3194,129,4.7,2640,Digital Samsung 64,Không,TP.HCM,4.0,2016
Redmi Buds 5,Xiaomi,Tai nghe,1018308,712815,30,978,433,4.7,688,Center Xiaomi 59,Có,Hải Phòng,4.2,2017
Galaxy Z Fold5,Samsung,Điện thoại,14501975,9281264,36,166,965,4.9,163,Tech Samsung 32,Có,TP.HCM,4.2,2016
Redmi Note 13,Xiaomi,Điện thoại,35614029,30271924,15,4851,130,4.7,876,Tech Xiaomi 64,Có,TP.HCM,4.8,2022
Redmi Buds 5,Xiaomi,Tai nghe,11681627,8177138,30,2666,247,5.0,2364,Center Xiaomi 18,Không,Hà Nội,4.8,2025
MacBook Air M2,Apple,Laptop,16242749,14293619,12,2253,289,4.6,693,Smart Apple 48,Có,Cần Thơ,4.2,2025
Galaxy S24,Samsung,Điện thoại,11708728,8313196,29,1302,32,4.8,170,Tech Samsung 1,Có,TP.HCM,4.7,2025
Xiaomi 14,Xiaomi,Điện thoại,36944656,32141850,13,1698,293,4.5,1076,Store Xiaomi 53,Có,Hà Nội,4.6,2016
Inspiron 15,Dell,Laptop,45546891,40992201,10,2477,712,4.1,2289,Mobile Dell 25,Có,Hải Phòng,5.0,2025
Redmi Buds 5,Xiaomi,Tai nghe,8815120,7140247,19,3812,1282,4.5,1137,Tech Xiaomi 25,Có,Hà Nội,4.7,2023
ROG Strix G16,Asus,Laptop,22721284,21130794,7,452,1320,4.0,112,Store Asus 33,Không,Hải Phòng,4.8,2023
Galaxy S24,Samsung,Điện thoại,8520301,5197383,39,1450,323,4.7,998,Center Samsung 15,Có,Hà Nội,4.7,2025
XPS 13,Dell,Laptop,40123061,33302140,17,2678,471,4.7,1340,Mobile Dell 13,Có,Cần Thơ,4.9,2022
iPhone 15,Apple,Điện thoại,36607621,23428877,36,455,892,3.7,317,Store Apple 23,Không,Đà Nẵng,4.1,2019
PlayStation 5,Sony,Gaming,23098893,19172081,17,2761,260,3.5,2334,Tech Sony 36,Có,TP.HCM,4.9,2023
ROG Strix G16,Asus,Laptop,35056995,28396165,19,2427,1236,3.7,701,Center Asus 71,Có,TP.HCM,4.4,2024
ROG Strix G16,Asus,Laptop,51700320,33605208,35,3800,571,3.5,1758,Smart Asus 32,Có,Đà Nẵng,4.4,2019
Inspiron 15,Dell,Laptop,50500407,47975386,5,3432,90,3.6,1932,Smart Dell 99,Có,Cần Thơ,4.5,2023
EliteBook 840,HP,Laptop,18576615,12446332,33,4067,492,3.6,3089,Tech HP 89,Không,Hà Nội,4.1,2020
AirPods Pro 2,Apple,Tai nghe,1822188,1712856,6,3940,1370,4.0,2885,Store Apple 74,Có,Cần Thơ,4.5,2018
EliteBook 840,HP,Laptop,39203274,32930750,16,3044,1283,4.2,2599,Tech HP 81,Có,Cần Thơ,4.9,2021
Inspiron 15,Dell,Laptop,31903816,21694594,32,2220,1429,4.9,853,Mega Dell 88,Có,Hải Phòng,4.9,2016
Alienware M16,Dell,Gaming,29426990,27072830,8,919,784,4.0,638,Tech Dell 47,Không,Hà Nội,4.6,2017
Alienware M16,Dell,Gaming,18738029,16302085,13,2753,488,4.3,2663,Store Dell 95,Có,Hà Nội,4.3,2020
Alienware M16,Dell,Gaming,33382293,26038188,22,456,129,4.1,236,Store Dell 65,Có,Cần Thơ,4.7,2024
Xiaomi 14,Xiaomi,Điện thoại,29705849,27032322,9,1552,937,3.6,805,Mobile Xiaomi 37,Có,TP.HCM,4.2,2017
WH-1000XM5,Sony,Tai nghe,8627014,7419232,14,1683,1066,4.9,51,Digital Sony 54,Có,Cần Thơ,4.3,2023
Xperia 1 V,Sony,Điện thoại,6441652,4960072,23,1558,128,3.5,480,Mega Sony 67,Không,Cần Thơ,4.6,2021
Zenbook OLED,Asus,Laptop,56684795,35144572,38,4503,911,4.2,1085,Mega Asus 40,Có,Đà Nẵng,4.2,2021
Redmi Note 13,Xiaomi,Điện thoại,14954817,10917016,27,2339,933,4.9,663,Smart Xiaomi 69,Không,Hà Nội,5.0,2018
iPhone 15,Apple,Điện thoại,12846189,11946955,7,2603,1176,3.7,1071,Digital Apple 24,Có,Hải Phòng,4.7,2021
Redmi Note 13,Xiaomi,Điện thoại,30025897,20117350,33,4432,332,4.3,1000,Tech Xiaomi 52,Không,Hà Nội,4.9,2021
iPhone 15,Apple,Điện thoại,39051643,28898215,26,2431,970,4.8,2354,Smart Apple 19,Không,Đà Nẵng,4.7,2023
Galaxy S24,Samsung,Điện thoại,12843422,9761000,24,213,822,4.4,61,Store Samsung 46,Có,Đà Nẵng,4.1,2019
Alienware M16,Dell,Gaming,19907821,15528100,22,1613,46,3.6,917,Smart Dell 86,Có,Hải Phòng,4.4,2023
Redmi Buds 5,Xiaomi,Tai nghe,10451521,6584458,37,469,1365,4.0,80,Smart Xiaomi 55,Không,Cần Thơ,4.4,2020
Xiaomi 14,Xiaomi,Điện thoại,25675257,17202422,33,4605,179,3.8,3644,Smart Xiaomi 54,Không,Đà Nẵng,4.2,2022
PlayStation 5,Sony,Gaming,14366228,12929605,10,1186,425,4.0,1080,Digital Sony 9,Không,TP.HCM,4.0,2020
ROG Strix G16,Asus,Laptop,49300035,32538023,34,4662,280,3.8,3132,Digital Asus 71,Không,TP.HCM,4.8,2020
EliteBook 840,HP,Laptop,32395348,20733022,36,4591,949,3.8,25,Mobile HP 34,Không,Cần Thơ,4.1,2020
ROG Strix G16,Asus,Laptop,45009944,36007955,20,243,244,4.6,131,Tech Asus 77,Không,Hải Phòng,4.5,2022
Victus 16,HP,Laptop,54144101,35193665,35,989,764,4.3,594,Tech HP 34,Có,Hải Phòng,4.1,2021
Zenbook OLED,Asus,Laptop,21093076,15397945,27,1347,108,3.9,864,Smart Asus 46,Có,Đà Nẵng,4.3,2017
Inspiron 15,Dell,Laptop,54146376,45482955,16,784,1226,4.6,561,Digital Dell 41,Không,Đà Nẵng,4.7,2021
Galaxy Z Fold5,Samsung,Điện thoại,28597447,24593804,14,115,280,4.3,52,Mega Samsung 63,Không,Đà Nẵng,4.9,2018
Galaxy S24,Samsung,Điện thoại,15372004,9684362,37,1821,385,4.7,1149,Center Samsung 89,Có,Cần Thơ,4.5,2017
Galaxy S24,Samsung,Điện thoại,6166311,4008102,35,2862,638,4.5,574,Mega Samsung 57,Không,Hà Nội,4.7,2016
WH-1000XM5,Sony,Tai nghe,4030545,3506574,13,1176,1409,3.8,261,Mobile Sony 17,Có,Cần Thơ,4.7,2017
Galaxy S24,Samsung,Điện thoại,37497795,25498500,32,358,402,3.7,342,Center Samsung 76,Có,Cần Thơ,4.1,2020
Galaxy S24,Samsung,Điện thoại,25243107,23980951,5,800,253,4.9,215,Center Samsung 26,Có,Đà Nẵng,4.0,2018
EliteBook 840,HP,Laptop,30614365,22348486,27,2895,328,4.8,2515,Mobile HP 65,Có,TP.HCM,4.8,2016
Inspiron 15,Dell,Laptop,24854536,19137992,23,1417,1100,3.5,207,Mobile Dell 65,Không,Đà Nẵng,4.7,2018
Zenbook OLED,Asus,Laptop,19202425,16130037,16,2916,777,4.1,2111,Mobile Asus 53,Có,Đà Nẵng,4.1,2017
Inspiron 15,Dell,Laptop,45273649,32597027,28,2371,1141,4.6,341,Digital Dell 64,Có,Cần Thơ,4.3,2025
PlayStation 5,Sony,Gaming,34793374,28182632,19,4547,834,3.9,3510,Mobile Sony 9,Không,Đà Nẵng,4.2,2023
WH-1000XM5,Sony,Tai nghe,6949981,4656487,33,4291,1348,4.5,981,Mobile Sony 51,Không,Hải Phòng,5.0,2018
Galaxy A55,Samsung,Điện thoại,18360461,13586741,26,1650,1218,4.8,832,Tech Samsung 30,Không,Cần Thơ,4.3,2025
XPS 13,Dell,Laptop,55206778,38644744,30,2927,974,4.5,1661,Store Dell 66,Không,Hà Nội,4.8,2017
Galaxy A55,Samsung,Điện thoại,37839144,24217052,36,1900,1286,4.9,65,Tech Samsung 95,Có,TP.HCM,4.5,2016
MacBook Air M2,Apple,Laptop,52572940,39429705,25,1261,620,4.4,202,Mega Apple 10,Không,Cần Thơ,4.2,2023
Zenbook OLED,Asus,Laptop,29560059,18031635,39,2824,1107,4.3,134,Store Asus 16,Không,Cần Thơ,4.3,2022
Vivobook 15,Asus,Laptop,14414652,13405626,7,1458,1140,4.5,625,Smart Asus 22,Không,Cần Thơ,4.1,2022
ROG Strix G16,Asus,Laptop,50175227,32112145,36,4546,1403,4.3,3853,Store Asus 72,Có,Hải Phòng,4.1,2020
Zenbook OLED,Asus,Laptop,37353574,27268109,27,2340,656,3.6,189,Mobile Asus 47,Không,Hải Phòng,4.0,2021
ROG Strix G16,Asus,Laptop,40732538,29734752,27,2937,843,4.0,2713,Mobile Asus 32,Có,Đà Nẵng,4.6,2017
Victus 16,HP,Laptop,19682038,14564708,26,1400,40,4.3,81,Store HP 85,Không,Hải Phòng,4.5,2022
Redmi Note 13,Xiaomi,Điện thoại,36521026,34329764,6,2602,773,4.4,1325,Center Xiaomi 13,Không,TP.HCM,4.7,2019
Xiaomi 14,Xiaomi,Điện thoại,38740224,28667765,26,1375,1259,3.9,897,Mobile Xiaomi 64,Có,Hải Phòng,4.2,2020
Galaxy A55,Samsung,Điện thoại,31979598,25903474,19,763,1469,4.8,102,Center Samsung 44,Không,TP.HCM,4.6,2024
Vivobook 15,Asus,Laptop,26075356,19035009,27,638,1334,4.7,521,Mega Asus 39,Không,Hải Phòng,4.3,2022
Vivobook 15,Asus,Laptop,53940615,33982587,37,3722,1375,4.6,744,Tech Asus 81,Có,Hải Phòng,4.5,2023
Redmi Buds 5,Xiaomi,Tai nghe,9237547,6281531,32,4647,1488,4.4,4283,Mobile Xiaomi 47,Không,Hà Nội,4.2,2020
Victus 16,HP,Laptop,39532100,29649075,25,537,1298,3.8,427,Digital HP 37,Có,Đà Nẵng,4.7,2019
ROG Strix G16,Asus,Laptop,19620787,16873876,14,1582,56,3.9,640,Store Asus 63,Không,Cần Thơ,4.6,2016
iPhone 15,Apple,Điện thoại,23301390,20272209,13,248,529,4.7,76,Smart Apple 71,Có,TP.HCM,5.0,2023
Pavilion 14,HP,Laptop,15712950,14141655,10,2581,1232,3.9,265,Store HP 47,Có,Cần Thơ,4.9,2018
iPhone 15,Apple,Điện thoại,38571110,33942576,12,4285,1360,4.7,2067,Store Apple 12,Có,Hải Phòng,4.1,2021
Redmi Buds 5,Xiaomi,Tai nghe,6842286,5473828,20,3474,446,3.7,722,Mobile Xiaomi 36,Không,Cần Thơ,4.3,2025
Galaxy A55,Samsung,Điện thoại,30146025,26528502,12,2602,1117,4.1,1014,Digital Samsung 19,Không,Cần Thơ,4.7,2020
Galaxy Z Fold5,Samsung,Điện thoại,7336021,6749139,8,1973,518,4.3,638,Smart Samsung 90,Không,TP.HCM,4.5,2019
Victus 16,HP,Laptop,38069848,36166355,5,3229,523,4.0,3104,Mobile HP 39,Có,Hà Nội,4.9,2021
EliteBook 840,HP,Laptop,39265580,36516989,7,2254,164,4.7,2018,Store HP 95,Không,Đà Nẵng,4.7,2017
Pavilion 14,HP,Laptop,58874346,46510733,21,4157,135,4.0,2681,Store HP 89,Có,TP.HCM,4.6,2018
PlayStation 5,Sony,Gaming,14132994,13426344,5,3292,409,4.4,1290,Center Sony 11,Có,Hà Nội,4.2,2018
EliteBook 840,HP,Laptop,58020130,40033889,31,2626,924,4.2,551,Digital HP 23,Không,Đà Nẵng,4.2,2022
Redmi Note 13,Xiaomi,Điện thoại,31406947,22298932,29,4682,459,3.5,193,Center Xiaomi 83,Có,TP.HCM,5.0,2019
Redmi Buds 5,Xiaomi,Tai nghe,3131255,2880754,8,3295,1265,4.1,1070,Mobile Xiaomi 12,Không,Hà Nội,4.9,2017
Galaxy Z Fold5,Samsung,Điện thoại,34203008,22573985,34,4058,242,3.8,837,Mobile Samsung 35,Không,Cần Thơ,4.4,2022
Pavilion 14,HP,Laptop,52270874,42862116,18,2328,1488,4.5,1718,Mobile HP 53,Có,TP.HCM,4.3,2020
AirPods Pro 2,Apple,Tai nghe,7866133,6292906,20,3038,1193,4.5,1881,Tech Apple 2,Không,Hà Nội,4.9,2022
WH-1000XM5,Sony,Tai nghe,6733986,4579110,32,4902,524,3.6,4567,Tech Sony 7,Không,Hà Nội,4.5,2021
Alienware M16,Dell,Gaming,8054250,7651537,5,2087,1033,4.4,1244,Store Dell 86,Không,Hà Nội,5.0,2024
Galaxy Z Fold5,Samsung,Điện thoại,17037466,13459598,21,1401,1031,4.2,699,Store Samsung 17,Có,Đà Nẵng,4.7,2022
MacBook Air M2,Apple,Laptop,19841137,14880852,25,371,261,4.2,148,Smart Apple 47,Không,Đà Nẵng,4.9,2020
XPS 13,Dell,Laptop,46693449,35020086,25,3579,337,4.0,2017,Mega Dell 20,Không,TP.HCM,4.2,2016
iPhone 15,Apple,Điện thoại,7406674,4814338,35,2141,334,4.6,1792,Tech Apple 64,Có,Cần Thơ,4.4,2024
Vivobook 15,Asus,Laptop,45083901,39673832,12,1222,253,4.0,422,Mega Asus 37,Có,Hà Nội,4.7,2020
Alienware M16,Dell,Gaming,44304145,36329398,18,4790,8,4.3,4680,Mobile Dell 54,Có,Hà Nội,4.8,2017
Redmi Note 13,Xiaomi,Điện thoại,24077791,21188456,12,3239,765,4.4,439,Mega Xiaomi 42,Có,TP.HCM,4.1,2023
Zenbook OLED,Asus,Laptop,30073654,28569971,5,2708,89,4.5,1860,Digital Asus 94,Có,Hà Nội,4.9,2020
Redmi Note 13,Xiaomi,Điện thoại,9746213,5847727,40,4943,781,3.6,2095,Mobile Xiaomi 31,Không,TP.HCM,4.0,2019
MacBook Air M2,Apple,Laptop,39004354,30033352,23,1272,246,3.9,890,Smart Apple 40,Có,Đà Nẵng,4.7,2021
Inspiron 15,Dell,Laptop,44858045,30054890,33,3189,975,3.9,2463,Store Dell 12,Không,Đà Nẵng,4.6,2022
PlayStation 5,Sony,Gaming,11237598,10450966,7,4215,699,5.0,1841,Smart Sony 88,Có,Cần Thơ,4.5,2024
Galaxy A55,Samsung,Điện thoại,36421656,24766726,32,658,978,4.0,135,Smart Samsung 39,Có,Hải Phòng,4.4,2025
Galaxy Z Fold5,Samsung,Điện thoại,10136010,9426489,7,4215,220,4.3,3388,Tech Samsung 60,Không,Đà Nẵng,4.3,2017
EliteBook 840,HP,Laptop,13091773,11520760,12,3801,367,4.7,3457,Store HP 6,Có,Cần Thơ,4.9,2020
Redmi Buds 5,Xiaomi,Tai nghe,7933602,5315513,33,2181,699,5.0,771,Mobile Xiaomi 24,Có,Hải Phòng,4.3,2017
Zenbook OLED,Asus,Laptop,13202270,12542156,5,3245,238,3.5,2691,Store Asus 59,Không,Hải Phòng,4.7,2020
Alienware M16,Dell,Gaming,29208098,20445668,30,2489,179,3.7,61,Mobile Dell 15,Có,Hà Nội,4.9,2019
Zenbook OLED,Asus,Laptop,21741132,17392905,20,3579,1282,4.8,2211,Mobile Asus 12,Không,Cần Thơ,4.1,2022
Galaxy S24,Samsung,Điện thoại,16147150,13886549,14,3657,993,4.2,3526,Store Samsung 75,Có,Hà Nội,4.3,2022
Galaxy A55,Samsung,Điện thoại,5528434,4920306,11,3547,851,4.8,3024,Center Samsung 77,Không,TP.HCM,4.5,2023
Alienware M16,Dell,Gaming,37742515,30571437,19,507,1081,3.5,300,Digital Dell 71,Có,Đà Nẵng,4.9,2022
ROG Strix G16,Asus,Laptop,45204714,32999441,27,3682,1428,4.2,665,Digital Asus 93,Có,Cần Thơ,4.3,2019
Inspiron 15,Dell,Laptop,51437108,38063459,26,4942,1464,4.5,1079,Digital Dell 93,Không,Cần Thơ,4.8,2021
Victus 16,HP,Laptop,22873364,18756158,18,2323,1414,4.6,1982,Mobile HP 23,Có,Hà Nội,4.6,2017
Victus 16,HP,Laptop,45133329,34301330,24,1932,428,4.3,42,Digital HP 34,Không,Hà Nội,4.2,2024
Galaxy S24,Samsung,Điện thoại,27664995,18812196,32,943,1264,3.8,580,Mobile Samsung 63,Không,Đà Nẵng,4.8,2016
EliteBook 840,HP,Laptop,29951032,25757887,14,4232,1237,4.5,418,Store HP 59,Có,TP.HCM,4.8,2025
Pavilion 14,HP,Laptop,49746915,46264630,7,4165,215,3.8,972,Mega HP 27,Không,Hà Nội,4.7,2023
EliteBook 840,HP,Laptop,45446453,40447343,11,1273,1325,4.0,287,Tech HP 26,Không,Cần Thơ,4.8,2016
MacBook Air M2,Apple,Laptop,34905602,26877313,23,4147,350,3.6,3055,Smart Apple 97,Không,Đà Nẵng,4.6,2019
AirPods Pro 2,Apple,Tai nghe,7375324,5974012,19,1140,878,4.1,843,Store Apple 67,Không,TP.HCM,4.4,2016
Xperia 1 V,Sony,Điện thoại,9669514,8702562,10,2781,644,4.1,678,Store Sony 8,Không,TP.HCM,4.7,2018
Inspiron 15,Dell,Laptop,54386465,33719608,38,2432,858,4.1,2272,Mega Dell 39,Không,Đà Nẵng,4.0,2020
Alienware M16,Dell,Gaming,14855729,10399010,30,3665,1318,3.8,2234,Center Dell 80,Không,Đà Nẵng,4.9,2022
Pavilion 14,HP,Laptop,32235430,29011887,10,312,1100,4.0,69,Center HP 70,Không,Hà Nội,4.1,2024
Redmi Buds 5,Xiaomi,Tai nghe,6016146,5113724,15,201,57,4.8,143,Center Xiaomi 34,Có,Đà Nẵng,4.7,2024
Galaxy Z Fold5,Samsung,Điện thoại,9022890,6496480,28,2137,1284,4.3,512,Tech Samsung 97,Có,Cần Thơ,4.3,2016
Vivobook 15,Asus,Laptop,27844223,16984976,39,4888,478,4.0,2335,Smart Asus 92,Có,Cần Thơ,4.5,2019
Galaxy A55,Samsung,Điện thoại,39658495,32916550,17,2969,930,3.6,2919,Store Samsung 53,Có,TP.HCM,4.1,2018
ROG Strix G16,Asus,Laptop,41941565,38166824,9,3035,1386,4.3,2414,Center Asus 67,Không,Đà Nẵng,4.6,2022
Zenbook OLED,Asus,Laptop,44852544,30948255,31,1344,295,4.3,997,Smart Asus 59,Có,Hải Phòng,4.9,2017
WH-1000XM5,Sony,Tai nghe,7940887,5161576,35,277,321,4.9,194,Tech Sony 78,Không,TP.HCM,4.1,2025
Redmi Note 13,Xiaomi,Điện thoại,15288091,13453520,12,3053,624,5.0,1247,Digital Xiaomi 63,Có,Hà Nội,4.1,2025
ROG Strix G16,Asus,Laptop,32479206,25008988,23,1776,374,4.7,1006,Tech Asus 16,Không,TP.HCM,4.9,2022
Zenbook OLED,Asus,Laptop,32783741,21965106,33,2777,772,4.2,2485,Mobile Asus 98,Có,Hải Phòng,4.6,2023
PlayStation 5,Sony,Gaming,14998052,11248539,25,741,1279,4.5,424,Store Sony 30,Không,Đà Nẵng,4.5,2023
PlayStation 5,Sony,Gaming,10941140,9299969,15,213,1171,4.4,202,Smart Sony 40,Có,Hải Phòng,4.1,2025
Alienware M16,Dell,Gaming,8548339,5299970,38,1561,974,4.3,43,Tech Dell 85,Có,TP.HCM,4.3,2019
AirPods Pro 2,Apple,Tai nghe,10023281,6715598,33,703,1092,4.4,416,Center Apple 6,Không,TP.HCM,4.3,2018
ROG Strix G16,Asus,Laptop,47426887,35570165,25,3139,526,3.6,411,Center Asus 22,Không,Hà Nội,4.2,2017
MacBook Air M2,Apple,Laptop,39331858,33432079,15,492,1258,4.9,97,Tech Apple 92,Có,Đà Nẵng,4.4,2021
MacBook Air M2,Apple,Laptop,33757887,26668730,21,3086,247,3.6,986,Mega Apple 77,Có,Cần Thơ,4.5,2024
ROG Strix G16,Asus,Laptop,30071580,27665853,8,2617,951,4.3,273,Store Asus 4,Không,Hà Nội,4.9,2016
Redmi Buds 5,Xiaomi,Tai nghe,10134345,9019567,11,2027,1136,4.5,262,Digital Xiaomi 73,Không,Cần Thơ,4.1,2024
iPhone 15,Apple,Điện thoại,30052089,18331774,39,1387,502,4.3,872,Center Apple 58,Có,TP.HCM,4.8,2025
Redmi Buds 5,Xiaomi,Tai nghe,3108198,2952788,5,502,987,3.9,133,Mega Xiaomi 88,Không,Đà Nẵng,4.8,2019
Alienware M16,Dell,Gaming,23878481,22206987,7,1332,1093,4.3,620,Tech Dell 51,Có,Hà Nội,4.7,2020
ROG Strix G16,Asus,Laptop,52966291,33368763,37,2617,1396,4.9,2606,Digital Asus 97,Không,Đà Nẵng,4.2,2021
Redmi Note 13,Xiaomi,Điện thoại,35856611,26533892,26,140,1416,3.7,5,Center Xiaomi 61,Có,TP.HCM,4.7,2022
Alienware M16,Dell,Gaming,37814671,26470269,30,4418,166,4.7,640,Center Dell 4,Không,TP.HCM,4.4,2022
EliteBook 840,HP,Laptop,36022674,25576098,29,1461,1427,5.0,260,Store HP 48,Có,Cần Thơ,4.0,2016
Victus 16,HP,Laptop,57671229,42099997,27,1578,184,4.7,1285,Digital HP 92,Có,Hà Nội,5.0,2021
Galaxy A55,Samsung,Điện thoại,38073789,31220506,18,68,401,5.0,55,Tech Samsung 36,Không,Hà Nội,4.6,2025
Xperia 1 V,Sony,Điện thoại,16779541,15269382,9,4828,262,4.6,1048,Digital Sony 73,Có,Hải Phòng,4.7,2020
AirPods Pro 2,Apple,Tai nghe,687847,419586,39,2081,1394,4.3,1864,Tech Apple 55,Có,Đà Nẵng,4.4,2022
Redmi Note 13,Xiaomi,Điện thoại,39782206,26256255,34,4069,740,4.3,183,Smart Xiaomi 29,Có,Đà Nẵng,4.9,2024
Vivobook 15,Asus,Laptop,12346233,8642363,30,1604,685,3.6,1176,Mega Asus 4,Có,Cần Thơ,5.0,2019
iPhone 15,Apple,Điện thoại,27093891,20591357,24,524,1282,4.4,33,Store Apple 56,Có,Hải Phòng,4.8,2021
Victus 16,HP,Laptop,28586195,25441713,11,3889,488,4.9,3414,Tech HP 43,Có,TP.HCM,4.8,2025
ROG Strix G16,Asus,Laptop,53966444,36157517,33,4752,255,3.6,502,Tech Asus 49,Không,TP.HCM,4.8,2016
Victus 16,HP,Laptop,15676816,11914380,24,3547,134,3.7,233,Center HP 7,Không,Cần Thơ,4.4,2025
Victus 16,HP,Laptop,27643880,26261686,5,3724,786,4.2,1758,Center HP 80,Có,Đà Nẵng,4.7,2016
Zenbook OLED,Asus,Laptop,34024704,28240504,17,894,210,3.5,735,Tech Asus 76,Có,Hải Phòng,4.1,2024
Xiaomi 14,Xiaomi,Điện thoại,33253301,21614645,35,3652,380,3.9,3269,Tech Xiaomi 8,Có,Đà Nẵng,4.6,2024
PlayStation 5,Sony,Gaming,25883489,15788928,39,1202,301,4.2,707,Digital Sony 48,Có,Hải Phòng,4.6,2018
Galaxy S24,Samsung,Điện thoại,39031432,23418859,40,457,864,4.0,107,Smart Samsung 26,Có,Đà Nẵng,4.2,2023
Xperia 1 V,Sony,Điện thoại,36366843,26911463,26,4748,1159,4.9,2459,Store Sony 43,Có,TP.HCM,4.5,2016
ROG Strix G16,Asus,Laptop,12248106,9920965,19,1896,955,4.4,494,Store Asus 95,Không,Cần Thơ,4.2,2018
Pavilion 14,HP,Laptop,36348246,34530833,5,614,732,3.5,122,Mobile HP 38,Không,Hà Nội,4.6,2021
Galaxy S24,Samsung,Điện thoại,18362909,15241214,17,2337,356,3.8,1078,Smart Samsung 23,Không,Hải Phòng,4.2,2019
Galaxy S24,Samsung,Điện thoại,22568335,20085818,11,181,1387,3.7,172,Mega Samsung 15,Không,Hà Nội,4.3,2019
Xiaomi 14,Xiaomi,Điện thoại,16499761,10229851,38,3563,1456,3.6,596,Mobile Xiaomi 25,Có,Hải Phòng,4.4,2021
Redmi Buds 5,Xiaomi,Tai nghe,7506488,6005190,20,388,1261,4.4,279,Digital Xiaomi 20,Không,Hà Nội,4.1,2020
Pavilion 14,HP,Laptop,46109387,29510007,36,1724,1489,3.6,968,Mega HP 85,Có,Hà Nội,4.5,2024
Xiaomi 14,Xiaomi,Điện thoại,39822277,26282702,34,1476,659,4.6,1081,Smart Xiaomi 62,Không,Cần Thơ,4.3,2022
Xperia 1 V,Sony,Điện thoại,7456485,6114317,18,1808,415,4.2,485,Store Sony 28,Không,Cần Thơ,4.9,2025
MacBook Air M2,Apple,Laptop,29081168,17448700,40,704,275,4.6,307,Store Apple 67,Không,Hà Nội,4.6,2023
Alienware M16,Dell,Gaming,27573675,18750099,32,3705,957,4.1,1510,Mega Dell 64,Không,Đà Nẵng,4.4,2018
ROG Strix G16,Asus,Laptop,29825783,27141462,9,2951,168,3.9,2060,Center Asus 70,Có,Đà Nẵng,4.9,2017
Galaxy S24,Samsung,Điện thoại,29175088,27132831,7,4483,410,4.0,2702,Digital Samsung 39,Không,Hà Nội,4.7,2018
EliteBook 840,HP,Laptop,48448544,38274349,21,79,613,3.9,49,Mega HP 52,Không,Hải Phòng,4.8,2016
Zenbook OLED,Asus,Laptop,46403155,39906713,14,3266,466,3.8,3073,Mobile Asus 61,Có,Hải Phòng,4.6,2024
Victus 16,HP,Laptop,42964106,31793438,26,713,641,4.8,444,Mega HP 90,Không,Hà Nội,4.4,2024
Galaxy A55,Samsung,Điện thoại,14324791,12462568,13,2513,19,4.2,1457,Digital Samsung 29,Không,Cần Thơ,4.7,2022
EliteBook 840,HP,Laptop,48077994,36539275,24,2681,1202,3.5,136,Mobile HP 20,Không,Hải Phòng,4.6,2025
Alienware M16,Dell,Gaming,31231907,22174653,29,1682,800,3.6,796,Mobile Dell 61,Có,Đà Nẵng,4.6,2023
PlayStation 5,Sony,Gaming,11257331,9568731,15,864,1382,4.3,37,Mega Sony 89,Không,TP.HCM,4.2,2017
Vivobook 15,Asus,Laptop,25817198,20911930,19,2394,1350,4.3,1867,Tech Asus 48,Có,Hà Nội,4.3,2022
ROG Strix G16,Asus,Laptop,19431900,16905753,13,4404,856,4.2,568,Store Asus 27,Có,Hà Nội,4.3,2023
AirPods Pro 2,Apple,Tai nghe,9948432,7560808,24,4822,415,4.3,3764,Digital Apple 26,Có,Hà Nội,4.4,2022
Inspiron 15,Dell,Laptop,47289632,34994327,26,4673,1005,4.2,325,Smart Dell 12,Không,Cần Thơ,4.3,2020
Zenbook OLED,Asus,Laptop,23752526,16389242,31,2050,367,4.8,1506,Store Asus 59,Không,Hà Nội,4.7,2017
Zenbook OLED,Asus,Laptop,14930272,11944217,20,1303,560,4.8,1106,Digital Asus 86,Có,Hà Nội,4.9,2022
EliteBook 840,HP,Laptop,20135649,14497667,28,636,215,4.3,338,Store HP 58,Có,Đà Nẵng,4.2,2016
ROG Strix G16,Asus,Laptop,16912066,11161963,34,3132,703,4.6,801,Store Asus 5,Có,Đà Nẵng,4.1,2018
Redmi Buds 5,Xiaomi,Tai nghe,8088747,5176798,36,3789,139,3.6,2696,Mobile Xiaomi 92,Không,Hà Nội,4.5,2020
Pavilion 14,HP,Laptop,23448040,22041157,6,4982,205,3.8,1022,Center HP 95,Không,Hà Nội,4.1,2016
PlayStation 5,Sony,Gaming,15300974,10251652,33,2943,364,3.8,146,Smart Sony 69,Có,Cần Thơ,4.7,2024
Xperia 1 V,Sony,Điện thoại,11898340,8447821,29,2535,909,3.6,24,Tech Sony 99,Không,Hà Nội,4.9,2021
iPhone 15,Apple,Điện thoại,11132839,10464868,6,3464,57,5.0,1385,Mega Apple 25,Có,Hà Nội,5.0,2017
EliteBook 840,HP,Laptop,23266429,19776464,15,370,851,4.3,172,Digital HP 72,Có,Hải Phòng,4.2,2024
Vivobook 15,Asus,Laptop,20107016,16286682,19,1761,216,4.0,360,Tech Asus 52,Không,TP.HCM,4.4,2023
iPhone 15,Apple,Điện thoại,23686974,17054621,28,369,137,4.8,215,Digital Apple 99,Không,TP.HCM,4.7,2025
MacBook Air M2,Apple,Laptop,18358200,13768650,25,3193,1388,4.9,3164,Smart Apple 18,Không,Hà Nội,4.6,2021
EliteBook 840,HP,Laptop,44355222,40363252,9,2755,36,4.4,2401,Store HP 49,Có,Hải Phòng,4.6,2016
iPhone 15,Apple,Điện thoại,13325268,10127203,24,1946,877,4.6,1274,Tech Apple 8,Có,Đà Nẵng,4.5,2019
MacBook Air M2,Apple,Laptop,25716067,23915942,7,1960,1485,4.4,1942,Store Apple 95,Không,Hà Nội,4.3,2016
XPS 13,Dell,Laptop,55489659,42727037,23,204,469,4.8,89,Digital Dell 32,Có,Hải Phòng,4.1,2019
EliteBook 840,HP,Laptop,58726428,47568406,19,4991,781,4.3,1508,Store HP 81,Có,TP.HCM,4.9,2017
iPhone 15,Apple,Điện thoại,14498052,11888402,18,1038,187,3.8,423,Mobile Apple 65,Có,Cần Thơ,4.7,2020
AirPods Pro 2,Apple,Tai nghe,3614108,2891286,20,3483,361,4.4,1246,Digital Apple 74,Không,Hà Nội,4.3,2023
Galaxy A55,Samsung,Điện thoại,31725734,22525271,29,1384,964,4.2,1039,Center Samsung 95,Không,Hà Nội,4.8,2023
Galaxy A55,Samsung,Điện thoại,33682146,30313931,10,2469,1218,4.3,2269,Smart Samsung 23,Không,Cần Thơ,4.5,2023
Xiaomi 14,Xiaomi,Điện thoại,37268917,33914714,9,2739,279,4.6,806,Mobile Xiaomi 25,Có,TP.HCM,4.9,2021
Vivobook 15,Asus,Laptop,39905218,27933652,30,3066,786,4.2,2630,Center Asus 10,Không,TP.HCM,5.0,2017
Zenbook OLED,Asus,Laptop,22895955,19003642,17,3584,522,4.7,3083,Smart Asus 45,Không,Đà Nẵng,4.7,2022
Zenbook OLED,Asus,Laptop,28561918,22849534,20,3923,70,4.9,1485,Smart Asus 91,Có,Hà Nội,4.3,2023
WH-1000XM5,Sony,Tai nghe,4566245,3652996,20,4942,1184,4.9,1327,Tech Sony 15,Có,Cần Thơ,4.4,2025
Galaxy Z Fold5,Samsung,Điện thoại,17671713,12016764,32,1368,874,3.9,623,Center Samsung 69,Không,Hải Phòng,4.3,2022
EliteBook 840,HP,Laptop,17964195,15988133,11,4700,705,4.7,2208,Smart HP 27,Không,Đà Nẵng,4.0,2018
Victus 16,HP,Laptop,12105936,10774283,11,582,1426,4.1,431,Smart HP 37,Không,Hà Nội,4.2,2018
WH-1000XM5,Sony,Tai nghe,3622233,2318229,36,1500,1029,4.9,927,Center Sony 28,Có,Hà Nội,4.1,2018
Pavilion 14,HP,Laptop,29404812,20289320,31,3620,1283,4.9,452,Mega HP 82,Có,TP.HCM,4.3,2022
Galaxy A55,Samsung,Điện thoại,9312579,6891308,26,253,1199,3.9,129,Smart Samsung 98,Có,TP.HCM,4.1,2016
Xperia 1 V,Sony,Điện thoại,7809133,6950128,11,1739,1069,4.7,774,Center Sony 67,Không,Cần Thơ,4.5,2021
XPS 13,Dell,Laptop,34585501,24901560,28,2820,645,4.7,1484,Smart Dell 52,Không,Hải Phòng,4.1,2021
Victus 16,HP,Laptop,18722789,17786649,5,3753,1430,4.1,3426,Mobile HP 4,Có,Hải Phòng,4.3,2019
Xiaomi 14,Xiaomi,Điện thoại,36890093,23240758,37,3394,1352,3.8,2618,Mega Xiaomi 42,Có,Đà Nẵng,4.9,2021
PlayStation 5,Sony,Gaming,20673855,13231267,36,3288,1254,4.7,1431,Store Sony 61,Có,Cần Thơ,4.3,2019
WH-1000XM5,Sony,Tai nghe,9025065,5685790,37,270,261,4.2,49,Digital Sony 87,Không,Hà Nội,4.9,2017
Zenbook OLED,Asus,Laptop,48283609,38626887,20,2003,433,3.8,1938,Smart Asus 90,Có,TP.HCM,4.4,2016
MacBook Air M2,Apple,Laptop,37735565,29433740,22,1815,1472,3.9,980,Smart Apple 16,Có,Hải Phòng,4.6,2023
Galaxy Z Fold5,Samsung,Điện thoại,27333904,22140462,19,4728,1230,3.6,2816,Store Samsung 92,Không,Hải Phòng,5.0,2022
Pavilion 14,HP,Laptop,27002242,21331771,21,957,595,3.6,96,Digital HP 95,Có,TP.HCM,4.6,2018
Victus 16,HP,Laptop,37514461,35638737,5,2556,126,4.4,782,Mega HP 50,Không,Đà Nẵng,4.8,2018
Alienware M16,Dell,Gaming,44646305,36163507,19,883,809,3.5,877,Store Dell 41,Có,Đà Nẵng,4.8,2023
PlayStation 5,Sony,Gaming,14893548,11468031,23,1204,1362,4.8,75,Center Sony 41,Không,Hải Phòng,5.0,2017
Redmi Buds 5,Xiaomi,Tai nghe,9929651,6454273,35,1777,1013,3.9,776,Tech Xiaomi 43,Có,Hà Nội,4.8,2019
Xperia 1 V,Sony,Điện thoại,8527664,7163237,16,4003,1489,4.1,3343,Smart Sony 21,Có,Hải Phòng,4.4,2022
PlayStation 5,Sony,Gaming,28374497,19862147,30,3213,147,4.3,1164,Digital Sony 90,Có,Hải Phòng,4.4,2018
Redmi Buds 5,Xiaomi,Tai nghe,1208038,918108,24,3758,1340,3.7,568,Store Xiaomi 90,Không,Đà Nẵng,4.9,2019
AirPods Pro 2,Apple,Tai nghe,3582547,3403419,5,2977,1486,4.8,422,Smart Apple 19,Không,Cần Thơ,4.7,2018
Galaxy S24,Samsung,Điện thoại,28862828,18760838,35,1481,107,3.7,1060,Smart Samsung 44,Không,Hà Nội,4.6,2022
iPhone 15,Apple,Điện thoại,12972703,10378162,20,3259,1000,4.0,2446,Mobile Apple 84,Không,TP.HCM,4.8,2022
Redmi Buds 5,Xiaomi,Tai nghe,11258801,7543396,33,3019,23,3.7,343,Tech Xiaomi 63,Có,TP.HCM,4.6,2025
Vivobook 15,Asus,Laptop,58555153,52114086,11,4866,370,4.1,3557,Digital Asus 74,Có,TP.HCM,4.3,2024
MacBook Air M2,Apple,Laptop,59025993,55484433,6,3235,1138,4.7,3214,Mega Apple 68,Không,TP.HCM,4.5,2025
Alienware M16,Dell,Gaming,13327493,10928544,18,971,370,4.8,716,Mobile Dell 1,Không,Đà Nẵng,4.1,2018
Inspiron 15,Dell,Laptop,55797962,47428267,15,729,1151,3.9,40,Tech Dell 16,Không,Đà Nẵng,5.0,2018
Zenbook OLED,Asus,Laptop,12005742,9604593,20,2472,94,4.9,2132,Mega Asus 38,Không,Hà Nội,4.6,2021
XPS 13,Dell,Laptop,52679523,32134509,39,4192,429,4.5,371,Mobile Dell 5,Có,Hà Nội,4.3,2019
AirPods Pro 2,Apple,Tai nghe,9562208,7841010,18,4857,735,3.9,3462,Tech Apple 71,Không,Đà Nẵng,4.4,2018
Vivobook 15,Asus,Laptop,17587086,13893797,21,3494,1422,3.7,839,Tech Asus 81,Không,Hà Nội,4.7,2025
Xperia 1 V,Sony,Điện thoại,39321314,33423116,15,3448,314,4.0,3231,Store Sony 49,Có,Hải Phòng,4.2,2020
Galaxy Z Fold5,Samsung,Điện thoại,12381312,7428787,40,3342,135,4.0,369,Digital Samsung 43,Không,Hà Nội,4.9,2019
Redmi Note 13,Xiaomi,Điện thoại,11573102,8216902,29,1830,775,4.9,1608,Tech Xiaomi 23,Không,Hải Phòng,4.8,2023
Galaxy Z Fold5,Samsung,Điện thoại,28414296,21879007,23,4528,555,4.4,397,Mobile Samsung 41,Không,Hà Nội,4.3,2024
Alienware M16,Dell,Gaming,32021468,20813954,35,4862,261,3.9,4212,Smart Dell 20,Có,Hà Nội,4.4,2020
Galaxy Z Fold5,Samsung,Điện thoại,29840392,23872313,20,4996,856,4.6,1504,Store Samsung 46,Không,Hải Phòng,4.3,2022
Alienware M16,Dell,Gaming,20352099,15467595,24,722,625,4.1,325,Mega Dell 12,Có,TP.HCM,4.7,2017
AirPods Pro 2,Apple,Tai nghe,1263205,1136884,10,2351,1134,4.9,48,Store Apple 87,Có,Cần Thơ,4.5,2024
WH-1000XM5,Sony,Tai nghe,7102682,6747547,5,1567,14,4.6,1443,Center Sony 96,Không,Hà Nội,5.0,2024
Xperia 1 V,Sony,Điện thoại,7842461,5254448,33,1390,1381,4.9,1077,Mobile Sony 23,Có,Đà Nẵng,4.8,2024
Redmi Note 13,Xiaomi,Điện thoại,33368411,21355783,36,3115,349,4.1,468,Digital Xiaomi 87,Có,Hải Phòng,4.9,2017
Xiaomi 14,Xiaomi,Điện thoại,37421948,28814899,23,2178,436,3.5,1617,Mobile Xiaomi 40,Có,Cần Thơ,4.9,2023
Galaxy A55,Samsung,Điện thoại,5395345,3560927,34,2701,611,4.0,26,Digital Samsung 93,Có,Cần Thơ,4.4,2017
Vivobook 15,Asus,Laptop,25256982,22731283,10,4344,1053,4.8,3369,Tech Asus 63,Có,Hà Nội,4.8,2020
MacBook Air M2,Apple,Laptop,38532081,27743098,28,2461,746,4.1,751,Center Apple 35,Có,Cần Thơ,4.7,2023
iPhone 15,Apple,Điện thoại,28738940,19542479,32,57,735,4.8,50,Mobile Apple 15,Có,Đà Nẵng,4.0,2022
Zenbook OLED,Asus,Laptop,34227362,31831446,7,1323,1364,3.8,986,Smart Asus 35,Có,Cần Thơ,4.5,2023
EliteBook 840,HP,Laptop,59937268,52145423,13,2671,818,4.3,1597,Mobile HP 15,Có,TP.HCM,4.1,2021
Inspiron 15,Dell,Laptop,57931834,46345467,20,436,1389,4.7,224,Center Dell 95,Có,Cần Thơ,4.5,2020
ROG Strix G16,Asus,Laptop,40786477,32629181,20,1259,1493,4.3,515,Digital Asus 99,Có,Đà Nẵng,5.0,2019
PlayStation 5,Sony,Gaming,18315234,11904902,35,854,1435,4.6,630,Mobile Sony 25,Có,Hà Nội,4.1,2022
Galaxy A55,Samsung,Điện thoại,17896806,15391253,14,3502,36,4.4,377,Mega Samsung 7,Không,Cần Thơ,4.5,2019
MacBook Air M2,Apple,Laptop,40593466,26385752,35,512,1044,4.1,31,Digital Apple 15,Không,Đà Nẵng,4.3,2021
PlayStation 5,Sony,Gaming,21573784,16180338,25,399,372,3.6,31,Smart Sony 96,Không,Hà Nội,4.3,2020
Inspiron 15,Dell,Laptop,40917714,34370879,16,2076,1006,4.0,1251,Tech Dell 13,Có,Hải Phòng,4.8,2018
Xiaomi 14,Xiaomi,Điện thoại,29252134,18136323,38,4963,761,3.9,2265,Mobile Xiaomi 75,Không,TP.HCM,4.9,2018
Xperia 1 V,Sony,Điện thoại,13076843,12161463,7,4815,1340,4.7,1585,Smart Sony 58,Có,TP.HCM,4.9,2025
Xiaomi 14,Xiaomi,Điện thoại,36822923,30563026,17,4380,1476,3.7,1052,Mobile Xiaomi 54,Không,Hải Phòng,5.0,2021
Zenbook OLED,Asus,Laptop,19880522,13518754,32,564,988,4.1,520,Mega Asus 3,Có,Hải Phòng,4.3,2018
Redmi Note 13,Xiaomi,Điện thoại,9079775,7536213,17,3266,1013,4.5,2108,Tech Xiaomi 22,Không,Hải Phòng,4.4,2022
Zenbook OLED,Asus,Laptop,30219666,24780126,18,1517,7,3.7,451,Center Asus 90,Có,Hải Phòng,4.5,2024
Xiaomi 14,Xiaomi,Điện thoại,19786520,15235620,23,2209,1130,3.7,922,Tech Xiaomi 69,Có,Đà Nẵng,4.0,2018
Redmi Note 13,Xiaomi,Điện thoại,23148575,21296689,8,2049,430,4.3,7,Smart Xiaomi 45,Không,Đà Nẵng,4.1,2024
Redmi Buds 5,Xiaomi,Tai nghe,2541630,1753724,31,2425,664,5.0,47,Mega Xiaomi 46,Có,Đà Nẵng,4.2,2016
Alienware M16,Dell,Gaming,44141997,39286377,11,3139,1339,3.9,2570,Smart Dell 78,Có,Cần Thơ,4.2,2020
AirPods Pro 2,Apple,Tai nghe,10866301,7606410,30,1285,913,3.8,893,Digital Apple 19,Không,TP.HCM,4.5,2023
iPhone 15,Apple,Điện thoại,17674174,11311471,36,1487,1326,3.9,640,Mobile Apple 23,Không,Hải Phòng,4.2,2018
Galaxy A55,Samsung,Điện thoại,21458706,14162745,34,3307,205,4.6,567,Smart Samsung 97,Có,Hải Phòng,4.1,2022
Galaxy S24,Samsung,Điện thoại,5909463,5495800,7,1092,508,4.7,553,Mobile Samsung 81,Có,TP.HCM,5.0,2017
Alienware M16,Dell,Gaming,27708962,24938065,10,1667,285,4.2,1157,Store Dell 21,Không,Đà Nẵng,4.5,2019
Galaxy Z Fold5,Samsung,Điện thoại,22948711,13998713,39,1018,43,4.7,110,Center Samsung 38,Có,Hải Phòng,4.9,2022
iPhone 15,Apple,Điện thoại,20053373,18850170,6,1866,874,4.1,728,Smart Apple 37,Có,Cần Thơ,4.7,2017
ROG Strix G16,Asus,Laptop,19391078,15706773,19,843,577,4.0,635,Digital Asus 16,Không,TP.HCM,4.9,2025
iPhone 15,Apple,Điện thoại,33764765,20934154,38,2753,1228,3.8,1746,Mobile Apple 86,Không,Hải Phòng,4.8,2021
Galaxy A55,Samsung,Điện thoại,38504152,27722989,28,2184,1456,4.7,13,Mega Samsung 20,Có,Đà Nẵng,4.1,2023
PlayStation 5,Sony,Gaming,9517341,8375260,12,4743,875,4.9,2286,Mobile Sony 12,Không,Hà Nội,4.2,2022
Xiaomi 14,Xiaomi,Điện thoại,38165635,25952631,32,3952,1420,5.0,2469,Mega Xiaomi 82,Không,Hà Nội,4.8,2019
Vivobook 15,Asus,Laptop,48865533,31273941,36,4423,1093,4.2,4397,Mega Asus 30,Không,TP.HCM,4.6,2022
Alienware M16,Dell,Gaming,19719254,17747328,10,1936,740,3.5,1747,Tech Dell 47,Không,Hà Nội,4.9,2016
Xiaomi 14,Xiaomi,Điện thoại,14351571,11050709,23,3781,295,4.8,2263,Store Xiaomi 32,Có,Hà Nội,4.1,2018
Galaxy Z Fold5,Samsung,Điện thoại,14601706,10367211,29,225,1425,4.9,100,Tech Samsung 90,Có,Hải Phòng,4.1,2025
Pavilion 14,HP,Laptop,14025730,12062127,14,3002,289,3.6,320,Tech HP 73,Không,Hà Nội,4.8,2023
WH-1000XM5,Sony,Tai nghe,9149143,6953348,24,3861,842,4.6,1823,Mega Sony 83,Có,Đà Nẵng,4.1,2016
WH-1000XM5,Sony,Tai nghe,10436350,8766534,16,4132,328,3.5,3475,Smart Sony 59,Không,Hải Phòng,4.5,2019
ROG Strix G16,Asus,Laptop,30242041,27217836,10,4282,773,5.0,1030,Smart Asus 28,Không,Hải Phòng,4.1,2022
AirPods Pro 2,Apple,Tai nghe,9683401,8811894,9,3847,977,4.0,2634,Store Apple 49,Có,TP.HCM,4.8,2022
MacBook Air M2,Apple,Laptop,19274660,17154447,11,647,742,4.4,348,Tech Apple 31,Không,Hà Nội,4.5,2017
AirPods Pro 2,Apple,Tai nghe,484163,367963,24,1547,1129,3.8,71,Mobile Apple 35,Có,Hải Phòng,4.6,2025
Victus 16,HP,Laptop,15065574,13860328,8,2587,190,4.9,39,Digital HP 97,Không,Cần Thơ,4.5,2021
Victus 16,HP,Laptop,35879836,31215457,13,807,678,4.1,764,Center HP 13,Có,TP.HCM,4.6,2022
Zenbook OLED,Asus,Laptop,14510427,11173028,23,1330,310,4.5,166,Smart Asus 12,Có,Hà Nội,4.8,2018
EliteBook 840,HP,Laptop,22807682,14368839,37,4239,1492,4.4,2801,Store HP 17,Không,Đà Nẵng,4.4,2022
Galaxy Z Fold5,Samsung,Điện thoại,31013695,24810956,20,1720,1250,4.4,317,Center Samsung 81,Không,TP.HCM,4.8,2018
Victus 16,HP,Laptop,48717678,43845910,10,4097,192,4.2,700,Digital HP 21,Có,Đà Nẵng,4.6,2021
Galaxy S24,Samsung,Điện thoại,17024985,11236490,34,2123,969,5.0,1815,Smart Samsung 18,Có,Hải Phòng,4.5,2021
Victus 16,HP,Laptop,38906575,26845536,31,1066,902,4.1,647,Digital HP 11,Không,Hải Phòng,4.5,2016
Alienware M16,Dell,Gaming,8829142,7063313,20,4604,16,3.7,867,Digital Dell 49,Có,Hải Phòng,4.4,2017
MacBook Air M2,Apple,Laptop,43022989,38720690,10,2868,954,4.2,2196,Mega Apple 60,Có,TP.HCM,4.2,2017
Vivobook 15,Asus,Laptop,25386272,17770390,30,2702,132,4.0,2480,Store Asus 28,Không,TP.HCM,4.3,2016
Inspiron 15,Dell,Laptop,43538988,37443529,14,1758,655,4.4,1236,Mega Dell 49,Có,Đà Nẵng,4.8,2023
iPhone 15,Apple,Điện thoại,19193047,18041464,6,3474,552,3.9,726,Tech Apple 19,Có,Đà Nẵng,4.4,2020
EliteBook 840,HP,Laptop,42294345,29183098,31,4308,438,4.5,2130,Mobile HP 7,Có,Cần Thơ,4.3,2020
iPhone 15,Apple,Điện thoại,28439532,19623277,31,3955,973,4.3,3215,Mobile Apple 90,Không,Đà Nẵng,4.9,2025
ROG Strix G16,Asus,Laptop,49641928,41202800,17,647,1480,4.5,636,Mobile Asus 42,Không,TP.HCM,4.2,2023
MacBook Air M2,Apple,Laptop,33233770,29245717,12,3339,538,4.3,20,Store Apple 17,Không,Hải Phòng,4.1,2019
WH-1000XM5,Sony,Tai nghe,7349385,4483124,39,1370,1230,4.1,717,Mobile Sony 25,Có,Đà Nẵng,4.8,2016
Xiaomi 14,Xiaomi,Điện thoại,38694367,34051042,12,4098,1328,5.0,1700,Store Xiaomi 46,Không,Hải Phòng,4.4,2021
Galaxy S24,Samsung,Điện thoại,35791128,24337967,32,3066,362,4.3,671,Center Samsung 56,Không,Đà Nẵng,4.8,2022
PlayStation 5,Sony,Gaming,11658881,10492992,10,860,183,4.5,636,Store Sony 14,Không,Hải Phòng,4.9,2017
PlayStation 5,Sony,Gaming,38780019,36065417,7,2384,861,3.8,1867,Center Sony 49,Có,Hà Nội,4.9,2017
Xiaomi 14,Xiaomi,Điện thoại,32711581,22898106,30,72,767,4.7,69,Digital Xiaomi 35,Không,Đà Nẵng,4.8,2022
WH-1000XM5,Sony,Tai nghe,369752,255128,31,277,31,3.5,196,Mega Sony 67,Không,Đà Nẵng,4.2,2025
ROG Strix G16,Asus,Laptop,49295051,34506535,30,1588,1262,4.5,110,Mega Asus 74,Không,Hà Nội,4.9,2022
WH-1000XM5,Sony,Tai nghe,7063214,5297410,25,4247,324,4.2,820,Smart Sony 17,Có,Hải Phòng,4.8,2020
EliteBook 840,HP,Laptop,22673877,17005407,25,1679,190,3.6,900,Tech HP 81,Có,TP.HCM,4.6,2024
Galaxy Z Fold5,Samsung,Điện thoại,30662755,28822989,6,1079,929,4.5,738,Mobile Samsung 31,Có,Đà Nẵng,4.2,2019
PlayStation 5,Sony,Gaming,22480498,20682058,8,2262,169,4.9,99,Smart Sony 75,Có,TP.HCM,4.5,2025
Galaxy S24,Samsung,Điện thoại,14518411,11179176,23,2156,369,3.6,2029,Mega Samsung 47,Có,Cần Thơ,4.1,2016
ROG Strix G16,Asus,Laptop,44649622,40631156,9,1732,1407,4.1,647,Smart Asus 58,Có,Hà Nội,4.3,2018
Xperia 1 V,Sony,Điện thoại,7110605,6257332,12,2818,710,4.2,2519,Center Sony 70,Có,Hà Nội,4.5,2020
Galaxy S24,Samsung,Điện thoại,6983418,4259884,39,198,1060,4.3,44,Mobile Samsung 47,Có,Hà Nội,4.0,2018
iPhone 15,Apple,Điện thoại,13494656,10525831,22,2251,986,3.8,381,Digital Apple 91,Không,Cần Thơ,4.7,2023
Zenbook OLED,Asus,Laptop,38839663,32236920,17,2058,354,3.8,1156,Store Asus 14,Không,Hà Nội,4.8,2023
Vivobook 15,Asus,Laptop,40436530,31540493,22,2621,1275,3.7,1573,Store Asus 26,Không,Đà Nẵng,4.9,2017
ROG Strix G16,Asus,Laptop,14265595,8987324,37,2083,1201,4.1,1447,Store Asus 4,Có,Hà Nội,4.8,2022
Pavilion 14,HP,Laptop,36007828,28806262,20,605,440,4.5,385,Mobile HP 41,Có,TP.HCM,4.3,2016
PlayStation 5,Sony,Gaming,19346024,12768375,34,4658,658,4.8,4605,Tech Sony 50,Không,Hải Phòng,4.2,2019
Galaxy Z Fold5,Samsung,Điện thoại,23659516,21530159,9,4711,1323,4.1,3570,Digital Samsung 41,Có,Hà Nội,4.0,2023
ROG Strix G16,Asus,Laptop,30415709,20986839,31,986,254,4.2,620,Digital Asus 76,Không,Hà Nội,4.6,2020
Galaxy Z Fold5,Samsung,Điện thoại,5311855,3505824,34,2339,268,4.8,1654,Tech Samsung 69,Có,Đà Nẵng,4.6,2017
ROG Strix G16,Asus,Laptop,39855471,30290157,24,2260,649,4.6,1644,Tech Asus 72,Không,Cần Thơ,4.6,2022
Redmi Buds 5,Xiaomi,Tai nghe,7926616,5073034,36,1004,765,4.9,110,Tech Xiaomi 29,Có,TP.HCM,4.1,2021
EliteBook 840,HP,Laptop,41238155,33402905,19,1404,180,3.8,760,Mega HP 69,Có,TP.HCM,4.3,2016
Galaxy S24,Samsung,Điện thoại,25420562,23132711,9,2170,674,4.5,1559,Digital Samsung 90,Có,Hà Nội,4.6,2017
MacBook Air M2,Apple,Laptop,21932211,15133225,31,3670,1368,3.7,2166,Mobile Apple 74,Không,Cần Thơ,5.0,2021
EliteBook 840,HP,Laptop,44393872,35959036,19,762,540,4.6,733,Tech HP 46,Có,Hà Nội,4.7,2017
ROG Strix G16,Asus,Laptop,26258987,24946037,5,1780,958,4.7,389,Store Asus 14,Không,Hà Nội,4.8,2024
XPS 13,Dell,Laptop,32926250,21731325,34,1271,1033,3.7,271,Mobile Dell 47,Không,Cần Thơ,4.9,2024
MacBook Air M2,Apple,Laptop,24613344,22398143,9,2286,866,3.7,1263,Mega Apple 74,Có,Hà Nội,4.5,2017
WH-1000XM5,Sony,Tai nghe,4335968,4075809,6,3785,383,3.9,1955,Smart Sony 68,Không,Đà Nẵng,4.3,2024
Galaxy A55,Samsung,Điện thoại,33955705,27843678,18,1243,812,4.3,1045,Digital Samsung 7,Không,Đà Nẵng,4.4,2016
PlayStation 5,Sony,Gaming,33359425,27688322,17,2418,387,4.1,1135,Center Sony 78,Không,Hải Phòng,4.4,2016
WH-1000XM5,Sony,Tai nghe,2163660,1752564,19,953,108,4.8,594,Digital Sony 31,Có,Hải Phòng,4.1,2019
Alienware M16,Dell,Gaming,32149521,22504664,30,3228,207,3.8,2838,Digital Dell 64,Có,Hà Nội,4.8,2021
PlayStation 5,Sony,Gaming,24325918,23109622,5,782,379,4.3,722,Center Sony 62,Không,Hà Nội,4.2,2017
iPhone 15,Apple,Điện thoại,27290565,18011772,34,1171,26,4.5,881,Digital Apple 3,Có,Đà Nẵng,4.9,2018
WH-1000XM5,Sony,Tai nghe,10265752,7493998,27,3891,1194,3.5,3581,Mobile Sony 61,Có,TP.HCM,4.8,2025
PlayStation 5,Sony,Gaming,20320126,12598478,38,4131,342,4.6,774,Tech Sony 39,Không,Cần Thơ,4.5,2021
XPS 13,Dell,Laptop,56520592,36173178,36,2086,746,4.2,1449,Digital Dell 91,Không,Hải Phòng,4.8,2025
ROG Strix G16,Asus,Laptop,30115195,18671420,38,179,302,5.0,61,Smart Asus 19,Không,Cần Thơ,4.0,2025
Xperia 1 V,Sony,Điện thoại,33905164,24411718,28,1700,182,3.8,778,Smart Sony 14,Không,Hải Phòng,4.9,2023
Inspiron 15,Dell,Laptop,29804607,21757363,27,2723,800,4.4,1136,Digital Dell 25,Có,Hải Phòng,4.5,2021
EliteBook 840,HP,Laptop,20251790,13771217,32,3737,1160,5.0,3250,Digital HP 37,Có,TP.HCM,4.5,2018
Zenbook OLED,Asus,Laptop,22081613,13690600,38,2383,1277,4.3,671,Digital Asus 63,Không,TP.HCM,4.8,2016
ROG Strix G16,Asus,Laptop,26584454,20470029,23,4868,252,3.6,2510,Tech Asus 56,Không,TP.HCM,4.0,2018
Xiaomi 14,Xiaomi,Điện thoại,38688195,23212917,40,1280,176,4.6,297,Smart Xiaomi 26,Không,Hải Phòng,4.9,2020
iPhone 15,Apple,Điện thoại,36754422,26830728,27,2047,1389,4.5,870,Store Apple 13,Không,Đà Nẵng,4.6,2018
XPS 13,Dell,Laptop,57561765,43171323,25,4746,285,4.5,1639,Digital Dell 18,Không,Hải Phòng,4.2,2020
Galaxy A55,Samsung,Điện thoại,35947546,21928003,39,1512,769,4.7,899,Tech Samsung 18,Không,Đà Nẵng,4.5,2021
Vivobook 15,Asus,Laptop,40700392,26862258,34,3454,840,4.2,2294,Tech Asus 99,Không,TP.HCM,4.8,2025
Redmi Note 13,Xiaomi,Điện thoại,39373616,28349003,28,1052,1271,4.3,605,Tech Xiaomi 97,Không,Hà Nội,4.4,2016
Zenbook OLED,Asus,Laptop,42884891,39454099,8,703,112,3.9,670,Tech Asus 43,Có,Đà Nẵng,4.6,2021
Pavilion 14,HP,Laptop,20149880,12694424,37,444,1436,3.8,78,Center HP 95,Không,Hà Nội,4.2,2018
Redmi Buds 5,Xiaomi,Tai nghe,5515882,5240087,5,3982,1277,4.5,474,Tech Xiaomi 1,Có,Hải Phòng,4.9,2024
Galaxy S24,Samsung,Điện thoại,18709915,16651824,11,3890,50,4.7,1822,Store Samsung 8,Có,Đà Nẵng,4.4,2018
Pavilion 14,HP,Laptop,48689707,38464868,21,3607,1347,4.4,1775,Mobile HP 82,Có,Hà Nội,4.1,2019
AirPods Pro 2,Apple,Tai nghe,9471785,7861581,17,3910,983,3.9,2739,Tech Apple 76,Không,Đà Nẵng,4.7,2022
Zenbook OLED,Asus,Laptop,19203186,12674102,34,3425,870,3.7,1165,Store Asus 16,Không,TP.HCM,4.6,2016
Xperia 1 V,Sony,Điện thoại,34828506,32390510,7,2915,285,4.2,1882,Digital Sony 2,Có,Đà Nẵng,4.5,2024
MacBook Air M2,Apple,Laptop,59393931,36824237,38,3209,1050,3.6,2691,Mobile Apple 46,Không,Cần Thơ,4.7,2018
Redmi Buds 5,Xiaomi,Tai nghe,5382320,3767624,30,568,1321,4.2,488,Center Xiaomi 85,Có,Hải Phòng,4.7,2024
EliteBook 840,HP,Laptop,47261272,37336404,21,1070,1429,4.0,717,Center HP 80,Không,TP.HCM,4.0,2018
iPhone 15,Apple,Điện thoại,12128332,7762132,36,3912,662,4.6,3166,Mega Apple 94,Có,TP.HCM,4.9,2018
PlayStation 5,Sony,Gaming,33189491,30202436,9,517,1253,3.9,43,Mega Sony 96,Có,Cần Thơ,4.8,2025
WH-1000XM5,Sony,Tai nghe,3220363,2415272,25,891,1430,4.2,141,Smart Sony 74,Có,Hà Nội,4.3,2023
PlayStation 5,Sony,Gaming,20132816,16710237,17,1337,888,4.7,398,Tech Sony 75,Có,TP.HCM,4.2,2018
Galaxy A55,Samsung,Điện thoại,32382253,19753174,39,599,697,3.8,545,Store Samsung 25,Có,Hải Phòng,4.8,2024
Xiaomi 14,Xiaomi,Điện thoại,14252536,12969807,9,3605,875,4.4,3584,Tech Xiaomi 73,Có,Hà Nội,4.8,2020
Galaxy S24,Samsung,Điện thoại,38468012,31159089,19,431,1231,4.3,16,Mobile Samsung 38,Không,Cần Thơ,4.7,2017
Pavilion 14,HP,Laptop,31331983,28512104,9,4387,1178,3.9,4246,Center HP 65,Không,Cần Thơ,4.6,2024
WH-1000XM5,Sony,Tai nghe,10077300,6550245,35,2164,1337,3.5,1389,Store Sony 34,Có,Đà Nẵng,4.9,2016
iPhone 15,Apple,Điện thoại,27119696,24950120,8,1940,1010,3.6,1159,Center Apple 90,Có,Đà Nẵng,5.0,2022
Alienware M16,Dell,Gaming,10408537,6245122,40,3932,265,3.9,175,Tech Dell 5,Không,Hải Phòng,4.2,2021
Vivobook 15,Asus,Laptop,32362060,26213268,19,185,113,3.5,55,Center Asus 78,Không,TP.HCM,4.6,2016
Vivobook 15,Asus,Laptop,58670224,51043094,13,3530,1436,4.1,569,Tech Asus 57,Có,Hải Phòng,5.0,2021
Redmi Note 13,Xiaomi,Điện thoại,28026771,19058204,32,484,487,3.8,306,Tech Xiaomi 30,Không,Hải Phòng,4.6,2016
EliteBook 840,HP,Laptop,28772008,26470247,8,637,116,3.7,189,Digital HP 6,Không,Đà Nẵng,4.6,2019
Redmi Note 13,Xiaomi,Điện thoại,31697157,20603152,35,1012,1344,3.6,261,Center Xiaomi 27,Không,Đà Nẵng,4.9,2019
Zenbook OLED,Asus,Laptop,32315122,23266887,28,4527,599,4.8,2005,Center Asus 35,Không,Hải Phòng,4.5,2016
Xiaomi 14,Xiaomi,Điện thoại,37628846,29350499,22,652,416,4.9,538,Mobile Xiaomi 40,Có,TP.HCM,4.4,2018
Galaxy S24,Samsung,Điện thoại,34546516,22800700,34,945,43,4.2,39,Digital Samsung 36,Không,Đà Nẵng,4.8,2017
Galaxy A55,Samsung,Điện thoại,30765526,19689936,36,164,783,4.1,16,Mobile Samsung 27,Không,Hà Nội,4.7,2024
Galaxy Z Fold5,Samsung,Điện thoại,25478140,23694670,7,4446,712,4.9,2759,Mega Samsung 34,Có,TP.HCM,4.3,2025
Vivobook 15,Asus,Laptop,15833163,14091515,11,4542,794,4.9,2359,Mega Asus 69,Không,Cần Thơ,4.6,2025
EliteBook 840,HP,Laptop,29455063,25036803,15,3133,957,4.6,980,Mobile HP 2,Không,Đà Nẵng,4.1,2019
EliteBook 840,HP,Laptop,31852474,23570830,26,4688,808,3.6,2251,Digital HP 35,Không,Hải Phòng,4.0,2020
Alienware M16,Dell,Gaming,26541233,20967574,21,1474,908,4.2,905,Tech Dell 60,Có,Đà Nẵng,4.5,2024
MacBook Air M2,Apple,Laptop,15931561,14338404,10,2274,1249,4.3,267,Store Apple 24,Không,Đà Nẵng,4.3,2023
iPhone 15,Apple,Điện thoại,16710182,14370756,14,416,476,3.7,24,Mobile Apple 88,Không,Hải Phòng,4.3,2024
WH-1000XM5,Sony,Tai nghe,1320270,1043013,21,2118,33,4.5,1452,Center Sony 92,Có,Hải Phòng,4.2,2017
Galaxy Z Fold5,Samsung,Điện thoại,34783765,30609713,12,4196,158,3.9,2673,Center Samsung 48,Không,TP.HCM,4.6,2020
iPhone 15,Apple,Điện thoại,26913764,19377910,28,2754,835,4.8,1539,Store Apple 38,Có,Hà Nội,4.4,2020
AirPods Pro 2,Apple,Tai nghe,728411,648285,11,4999,433,4.7,4189,Smart Apple 95,Không,Hà Nội,4.4,2025
Galaxy Z Fold5,Samsung,Điện thoại,15071341,10700652,29,652,158,4.9,234,Center Samsung 65,Không,Hải Phòng,4.7,2024
Pavilion 14,HP,Laptop,52741926,34282251,35,4306,1065,4.2,2210,Mobile HP 74,Không,Hà Nội,4.3,2021
MacBook Air M2,Apple,Laptop,33126969,29151732,12,1984,911,4.6,1807,Store Apple 47,Có,Đà Nẵng,4.6,2017
Redmi Buds 5,Xiaomi,Tai nghe,8422764,6822438,19,3687,857,3.8,3395,Mega Xiaomi 17,Có,Cần Thơ,4.7,2018
XPS 13,Dell,Laptop,31252539,23126878,26,2581,241,3.6,1729,Center Dell 19,Không,Hà Nội,4.9,2023
Galaxy S24,Samsung,Điện thoại,13106002,9043141,31,2167,1135,4.6,1929,Smart Samsung 13,Có,TP.HCM,4.8,2016
WH-1000XM5,Sony,Tai nghe,1524983,1326735,13,4228,1084,4.9,3464,Digital Sony 17,Không,Hải Phòng,4.2,2020
Galaxy A55,Samsung,Điện thoại,27591560,24556488,11,380,151,4.6,186,Store Samsung 53,Không,Cần Thơ,4.3,2023
WH-1000XM5,Sony,Tai nghe,3377793,2128009,37,696,311,4.8,612,Center Sony 48,Không,Cần Thơ,4.3,2018
Alienware M16,Dell,Gaming,44465439,34683042,22,803,475,3.9,354,Tech Dell 73,Không,Đà Nẵng,4.3,2021
Pavilion 14,HP,Laptop,21609758,20097074,7,1735,881,4.3,1182,Center HP 41,Có,Đà Nẵng,4.3,2017
Xiaomi 14,Xiaomi,Điện thoại,37657570,25230571,33,1842,346,3.9,536,Center Xiaomi 97,Có,Hà Nội,4.7,2018
Galaxy S24,Samsung,Điện thoại,39138156,33267432,15,234,1225,4.9,233,Center Samsung 69,Có,TP.HCM,4.5,2016
Redmi Note 13,Xiaomi,Điện thoại,23913795,16261380,32,3654,1066,3.7,1863,Digital Xiaomi 15,Có,Cần Thơ,4.9,2023
Redmi Note 13,Xiaomi,Điện thoại,14181702,11061727,22,964,724,4.7,767,Mega Xiaomi 29,Có,Đà Nẵng,4.2,2021
Xiaomi 14,Xiaomi,Điện thoại,39416385,35868910,9,2588,78,4.2,2140,Digital Xiaomi 25,Có,TP.HCM,4.2,2025
ROG Strix G16,Asus,Laptop,57187594,47465703,17,2183,962,3.7,771,Smart Asus 64,Không,Hà Nội,4.2,2017
Alienware M16,Dell,Gaming,19373985,18405285,5,3567,137,4.2,2508,Mobile Dell 91,Có,TP.HCM,4.4,2020
XPS 13,Dell,Laptop,54347463,43477970,20,2866,991,4.3,742,Digital Dell 30,Không,Cần Thơ,4.5,2022
XPS 13,Dell,Laptop,48467850,31504102,35,2430,197,3.8,1181,Store Dell 58,Không,Hà Nội,4.7,2017
MacBook Air M2,Apple,Laptop,33401416,29393246,12,2857,1427,4.1,529,Mega Apple 62,Không,Hải Phòng,4.4,2019
Galaxy A55,Samsung,Điện thoại,22980066,14477441,37,1772,837,3.6,1585,Digital Samsung 34,Không,Cần Thơ,4.4,2023
Vivobook 15,Asus,Laptop,29495239,27135619,8,2208,994,4.6,1396,Smart Asus 6,Không,Cần Thơ,4.4,2025
AirPods Pro 2,Apple,Tai nghe,3759475,3308338,12,2710,264,4.4,86,Smart Apple 3,Không,TP.HCM,4.8,2021
Redmi Buds 5,Xiaomi,Tai nghe,1364762,1255581,8,4258,431,4.0,1630,Mobile Xiaomi 69,Không,Hà Nội,4.3,2018
Xiaomi 14,Xiaomi,Điện thoại,32742487,26848839,18,4539,509,4.9,300,Mega Xiaomi 3,Có,Hải Phòng,4.4,2023
Galaxy S24,Samsung,Điện thoại,23997829,18238350,24,208,471,4.4,181,Mobile Samsung 5,Không,TP.HCM,4.8,2022
PlayStation 5,Sony,Gaming,13804225,10767295,22,705,156,3.6,430,Tech Sony 2,Có,TP.HCM,4.7,2022
AirPods Pro 2,Apple,Tai nghe,5537674,4153255,25,3492,1049,4.6,1242,Digital Apple 59,Có,TP.HCM,4.3,2025
Vivobook 15,Asus,Laptop,31544695,21450392,32,772,455,5.0,579,Digital Asus 62,Không,Hải Phòng,4.5,2022
Galaxy A55,Samsung,Điện thoại,31417080,22620297,28,4487,1463,3.7,1840,Center Samsung 4,Không,Hà Nội,4.4,2023
Inspiron 15,Dell,Laptop,55138823,41905505,24,2733,294,4.7,347,Tech Dell 72,Có,Hà Nội,4.9,2023
Inspiron 15,Dell,Laptop,17629680,15161524,14,3312,1262,4.8,2148,Smart Dell 73,Có,TP.HCM,4.8,2020
Vivobook 15,Asus,Laptop,34673969,29819613,14,309,658,4.5,213,Mega Asus 1,Không,Hà Nội,4.8,2023
XPS 13,Dell,Laptop,33006159,26404927,20,2646,944,4.6,2112,Center Dell 95,Có,TP.HCM,4.4,2017
ROG Strix G16,Asus,Laptop,12914326,10977177,15,4269,248,3.7,3589,Mega Asus 15,Có,Cần Thơ,4.5,2024
ROG Strix G16,Asus,Laptop,48714256,33612836,31,3281,18,3.9,1788,Digital Asus 93,Không,Hải Phòng,4.3,2021
Alienware M16,Dell,Gaming,16136425,13877325,14,2387,1071,4.5,1525,Center Dell 78,Không,Cần Thơ,4.5,2021
Xperia 1 V,Sony,Điện thoại,14082463,11970093,15,4305,1464,4.7,85,Digital Sony 54,Có,Hà Nội,4.5,2016
Redmi Buds 5,Xiaomi,Tai nghe,3448654,2862382,17,778,1101,4.2,101,Tech Xiaomi 80,Không,Hải Phòng,4.2,2021
Xperia 1 V,Sony,Điện thoại,20168583,14723065,27,125,394,3.9,110,Mega Sony 55,Không,Đà Nẵng,4.6,2022
Redmi Buds 5,Xiaomi,Tai nghe,9376758,7782709,17,644,1213,3.7,226,Digital Xiaomi 23,Không,Hải Phòng,4.1,2024
Alienware M16,Dell,Gaming,30699105,22717337,26,4725,1212,4.4,3883,Mobile Dell 22,Có,Hà Nội,5.0,2017
EliteBook 840,HP,Laptop,21830888,18774563,14,1360,973,4.8,667,Tech HP 7,Có,Hải Phòng,4.8,2022
PlayStation 5,Sony,Gaming,26950595,20482452,24,4109,240,3.9,3226,Store Sony 50,Không,Đà Nẵng,4.3,2024
Redmi Buds 5,Xiaomi,Tai nghe,1611972,1321817,18,1370,1297,4.8,297,Mega Xiaomi 56,Không,Cần Thơ,4.7,2020
WH-1000XM5,Sony,Tai nghe,9660094,6568863,32,2862,364,3.5,1502,Mega Sony 60,Không,Cần Thơ,4.2,2024
MacBook Air M2,Apple,Laptop,37112530,31174525,16,97,401,4.2,72,Mobile Apple 1,Không,Đà Nẵng,4.1,2021
Redmi Buds 5,Xiaomi,Tai nghe,518011,404048,22,284,1325,3.9,250,Store Xiaomi 6,Không,Đà Nẵng,4.6,2025
Pavilion 14,HP,Laptop,43595476,28773014,34,4026,355,4.2,3588,Smart HP 97,Có,TP.HCM,4.4,2025
WH-1000XM5,Sony,Tai nghe,3268018,2843175,13,688,859,4.8,127,Tech Sony 57,Có,Đà Nẵng,4.1,2024
Redmi Note 13,Xiaomi,Điện thoại,6119003,4528062,26,2602,1452,3.8,2408,Smart Xiaomi 47,Có,Cần Thơ,4.4,2016
Galaxy S24,Samsung,Điện thoại,38656819,33244864,14,2194,171,3.8,187,Digital Samsung 78,Có,Hải Phòng,4.4,2016
Xiaomi 14,Xiaomi,Điện thoại,28534057,25109970,12,2807,954,4.4,357,Center Xiaomi 60,Có,TP.HCM,4.9,2018
WH-1000XM5,Sony,Tai nghe,3414839,2561129,25,4852,1283,4.9,1392,Mega Sony 2,Có,Đà Nẵng,4.5,2019
Redmi Buds 5,Xiaomi,Tai nghe,11076297,9193326,17,1097,635,3.6,592,Mobile Xiaomi 36,Có,Hải Phòng,4.3,2019
Pavilion 14,HP,Laptop,30307259,25155024,17,1460,604,3.9,905,Digital HP 12,Không,Đà Nẵng,4.6,2021
EliteBook 840,HP,Laptop,47100803,31557538,33,1406,75,4.9,1203,Store HP 20,Có,Cần Thơ,4.3,2020
MacBook Air M2,Apple,Laptop,58952973,37140372,37,4528,550,3.6,1731,Digital Apple 28,Không,Đà Nẵng,4.0,2017
Alienware M16,Dell,Gaming,17510804,11382022,35,1155,956,4.4,767,Center Dell 49,Có,Đà Nẵng,4.7,2021
Pavilion 14,HP,Laptop,22653565,15630959,31,3905,685,4.0,3703,Tech HP 24,Không,Đà Nẵng,4.2,2024
iPhone 15,Apple,Điện thoại,34461375,22744507,34,4872,1179,4.5,3276,Store Apple 32,Không,Đà Nẵng,4.6,2023
PlayStation 5,Sony,Gaming,25144289,23384188,7,1929,1038,3.7,877,Mega Sony 35,Không,Hải Phòng,4.0,2024
